tier,block_id,scenario_id,model_condition,branch,carrier,duplicate_index,branch_position,run_order,event_family,difficulty,season,location_id,activation_step,horizon_intervals,horizon_hours,canonical_soc_kwh,stale_soc_kwh,soc_gap_signed_kwh,soc_gap_abs_kwh,soc_gap_direction,divergence_kwh,parsed,action_digest,action_energy_kwh,exact_zero,nontrivial_1kwh,nontrivial_5kwh,nontrivial_10kwh,carrier_consistent_raw_feasible,authoritative_raw_feasible,carrier_power_violation_any,carrier_power_violation_peak_kw,carrier_power_violation_energy_kwh,carrier_soc_lower_violation_any,carrier_soc_lower_violation_peak_kwh,carrier_soc_lower_violation_sum_kwh_steps,carrier_soc_upper_violation_any,carrier_soc_upper_violation_peak_kwh,carrier_soc_upper_violation_sum_kwh_steps,carrier_export_violation_any,carrier_export_violation_peak_kw,carrier_export_violation_energy_kwh,carrier_terminal_violation_any,carrier_terminal_absolute_error_kwh,carrier_terminal_signed_error_kwh,carrier_violation_interval_count,carrier_total_violation_energy,carrier_dynamic_constraints_ok,carrier_engineering_feasible,carrier_physical_cost_usd,authoritative_power_violation_any,authoritative_power_violation_peak_kw,authoritative_power_violation_energy_kwh,authoritative_soc_lower_violation_any,authoritative_soc_lower_violation_peak_kwh,authoritative_soc_lower_violation_sum_kwh_steps,authoritative_soc_upper_violation_any,authoritative_soc_upper_violation_peak_kwh,authoritative_soc_upper_violation_sum_kwh_steps,authoritative_export_violation_any,authoritative_export_violation_peak_kw,authoritative_export_violation_energy_kwh,authoritative_terminal_violation_any,authoritative_terminal_absolute_error_kwh,authoritative_terminal_signed_error_kwh,authoritative_violation_interval_count,authoritative_total_violation_energy,authoritative_dynamic_constraints_ok,authoritative_engineering_feasible,authoritative_physical_cost_usd,returned_model,system_fingerprint,prompt_sha256,request_payload_sha256,attempt_count,latency_seconds,request_sent_utc,response_received_utc,request_start_epoch,response_end_epoch
F0,e2bv2f0_1644a95691ea5adfdc5f,v2e2_47a354a03084871e0ca3,deepseek_formal,S2,stale,2,1,16,export_limit_update,medium,autumn,san_diego,6,90,22.5,200.0,250.0,-50.0,50.0,canonical_lower,50.0,True,fe2f74a1e0b16a66452888eb4d734bc455cf1304481bb495d59afa8cf9cae93b,0.0,True,False,False,False,False,False,False,0.0,0.0,False,0.0,0.0,False,0.0,0.0,False,0.0,0.0,True,75.0,-75.0,0,0.0,True,False,234.0279184762247,False,0.0,0.0,False,0.0,0.0,False,0.0,0.0,False,0.0,0.0,True,125.0,-125.0,0,0.0,True,False,234.0279184762247,deepseek-v4-flash,a26a7955944dc5c60445bff77fac9c8e,2bb1a029e8e80e07338dc2aa31d7fefbd507a9ada6bbe33948aad762404444a9,645ae5cf6d9735c644cf49a5c9d31e449e0ec18b492ccdf1e3a0e8e8bfc4a47e,1,2.356929,2026-08-19T17:40:06.999552+00:00,2026-08-19T17:40:09.356481+00:00,1787161206.999552,1787161209.356481
F0,e2bv2f0_1644a95691ea5adfdc5f,v2e2_47a354a03084871e0ca3,deepseek_formal,C1,canonical,1,2,16,export_limit_update,medium,autumn,san_diego,6,90,22.5,200.0,250.0,-50.0,50.0,canonical_lower,50.0,True,fe2f74a1e0b16a66452888eb4d734bc455cf1304481bb495d59afa8cf9cae93b,0.0,True,False,False,False,False,False,False,0.0,0.0,False,0.0,0.0,False,0.0,0.0,False,0.0,0.0,True,125.0,-125.0,0,0.0,True,False,234.0279184762247,False,0.0,0.0,False,0.0,0.0,False,0.0,0.0,False,0.0,0.0,True,125.0,-125.0,0,0.0,True,False,234.0279184762247,deepseek-v4-flash,a26a7955944dc5c60445bff77fac9c8e,18c6fda720dd84e29ca2bfe538b574ed4020404d881954e9e2f707cad5e9c244,d64eaf2e365fa910e8b035bc7851d546b6dbc7c2f439278a0715fbb646f7088b,1,1.532105,2026-08-19T17:40:09.382542+00:00,2026-08-19T17:40:10.914647+00:00,1787161209.382542,1787161210.914647
F0,e2bv2f0_1644a95691ea5adfdc5f,v2e2_47a354a03084871e0ca3,deepseek_formal,S1,stale,1,3,16,export_limit_update,medium,autumn,san_diego,6,90,22.5,200.0,250.0,-50.0,50.0,canonical_lower,50.0,True,fe2f74a1e0b16a66452888eb4d734bc455cf1304481bb495d59afa8cf9cae93b,0.0,True,False,False,False,False,False,False,0.0,0.0,False,0.0,0.0,False,0.0,0.0,False,0.0,0.0,True,75.0,-75.0,0,0.0,True,False,234.0279184762247,False,0.0,0.0,False,0.0,0.0,False,0.0,0.0,False,0.0,0.0,True,125.0,-125.0,0,0.0,True,False,234.0279184762247,deepseek-v4-flash,a26a7955944dc5c60445bff77fac9c8e,2bb1a029e8e80e07338dc2aa31d7fefbd507a9ada6bbe33948aad762404444a9,645ae5cf6d9735c644cf49a5c9d31e449e0ec18b492ccdf1e3a0e8e8bfc4a47e,1,1.315102,2026-08-19T17:40:10.939412+00:00,2026-08-19T17:40:12.254514+00:00,1787161210.939412,1787161212.254514
F0,e2bv2f0_1644a95691ea5adfdc5f,v2e2_47a354a03084871e0ca3,deepseek_formal,C2,canonical,2,4,16,export_limit_update,medium,autumn,san_diego,6,90,22.5,200.0,250.0,-50.0,50.0,canonical_lower,50.0,True,fe2f74a1e0b16a66452888eb4d734bc455cf1304481bb495d59afa8cf9cae93b,0.0,True,False,False,False,False,False,False,0.0,0.0,False,0.0,0.0,False,0.0,0.0,False,0.0,0.0,True,125.0,-125.0,0,0.0,True,False,234.0279184762247,False,0.0,0.0,False,0.0,0.0,False,0.0,0.0,False,0.0,0.0,True,125.0,-125.0,0,0.0,True,False,234.0279184762247,deepseek-v4-flash,a26a7955944dc5c60445bff77fac9c8e,18c6fda720dd84e29ca2bfe538b574ed4020404d881954e9e2f707cad5e9c244,d64eaf2e365fa910e8b035bc7851d546b6dbc7c2f439278a0715fbb646f7088b,1,1.068869,2026-08-19T17:40:12.282306+00:00,2026-08-19T17:40:13.351175+00:00,1787161212.282306,1787161213.351175
F0,e2bv2f0_17c91b367fa71742f640,v2e2_16c288d882ac6a326385,deepseek_formal,C1,canonical,1,1,8,battery_capacity_derating,easy,spring,fresno,4,92,23.0,200.0,250.0,-50.0,50.0,canonical_lower,50.0,True,c6c9b8650bdf333e657353246bc6f5b02f61950d8990935e2f0e38a63197c80c,0.0,True,False,False,False,False,False,False,0.0,0.0,False,0.0,0.0,False,0.0,0.0,False,0.0,0.0,True,125.0,-125.0,0,0.0,True,False,403.92653301692224,False,0.0,0.0,False,0.0,0.0,False,0.0,0.0,False,0.0,0.0,True,125.0,-125.0,0,0.0,True,False,403.92653301692224,deepseek-v4-flash,a26a7955944dc5c60445bff77fac9c8e,f8528e3a094e13659d0d81703d7603f7be376948c3cbf91f2df873463a2ad4df,17cd31ac044da24769e158e3082ca667064f165005d2bfab4a79e860f840ccd7,1,3.816333,2026-08-19T17:40:00.312654+00:00,2026-08-19T17:40:04.128987+00:00,1787161200.312654,1787161204.128987
F0,e2bv2f0_17c91b367fa71742f640,v2e2_16c288d882ac6a326385,deepseek_formal,S1,stale,1,2,8,battery_capacity_derating,easy,spring,fresno,4,92,23.0,200.0,250.0,-50.0,50.0,canonical_lower,50.0,True,c6c9b8650bdf333e657353246bc6f5b02f61950d8990935e2f0e38a63197c80c,0.0,True,False,False,False,False,False,False,0.0,0.0,False,0.0,0.0,False,0.0,0.0,False,0.0,0.0,True,75.0,-75.0,0,0.0,True,False,403.92653301692224,False,0.0,0.0,False,0.0,0.0,False,0.0,0.0,False,0.0,0.0,True,125.0,-125.0,0,0.0,True,False,403.92653301692224,deepseek-v4-flash,a26a7955944dc5c60445bff77fac9c8e,c0a6244032f8bea3bb3f20b9d272b1187f96c45c1c626ad50aebd10c7ce1ed43,231c538471abbd559719fb43c564931098489ec5e9b97fbedf073cf9e97b16e6,1,1.490411,2026-08-19T17:40:04.153873+00:00,2026-08-19T17:40:05.644284+00:00,1787161204.153873,1787161205.644284
F0,e2bv2f0_17c91b367fa71742f640,v2e2_16c288d882ac6a326385,deepseek_formal,C2,canonical,2,3,8,battery_capacity_derating,easy,spring,fresno,4,92,23.0,200.0,250.0,-50.0,50.0,canonical_lower,50.0,True,c6c9b8650bdf333e657353246bc6f5b02f61950d8990935e2f0e38a63197c80c,0.0,True,False,False,False,False,False,False,0.0,0.0,False,0.0,0.0,False,0.0,0.0,False,0.0,0.0,True,125.0,-125.0,0,0.0,True,False,403.92653301692224,False,0.0,0.0,False,0.0,0.0,False,0.0,0.0,False,0.0,0.0,True,125.0,-125.0,0,0.0,True,False,403.92653301692224,deepseek-v4-flash,a26a7955944dc5c60445bff77fac9c8e,f8528e3a094e13659d0d81703d7603f7be376948c3cbf91f2df873463a2ad4df,17cd31ac044da24769e158e3082ca667064f165005d2bfab4a79e860f840ccd7,1,0.910177,2026-08-19T17:40:05.670068+00:00,2026-08-19T17:40:06.580245+00:00,1787161205.670068,1787161206.580245
F0,e2bv2f0_17c91b367fa71742f640,v2e2_16c288d882ac6a326385,deepseek_formal,S2,stale,2,4,8,battery_capacity_derating,easy,spring,fresno,4,92,23.0,200.0,250.0,-50.0,50.0,canonical_lower,50.0,True,c6c9b8650bdf333e657353246bc6f5b02f61950d8990935e2f0e38a63197c80c,0.0,True,False,False,False,False,False,False,0.0,0.0,False,0.0,0.0,False,0.0,0.0,False,0.0,0.0,True,75.0,-75.0,0,0.0,True,False,403.92653301692224,False,0.0,0.0,False,0.0,0.0,False,0.0,0.0,False,0.0,0.0,True,125.0,-125.0,0,0.0,True,False,403.92653301692224,deepseek-v4-flash,a26a7955944dc5c60445bff77fac9c8e,c0a6244032f8bea3bb3f20b9d272b1187f96c45c1c626ad50aebd10c7ce1ed43,231c538471abbd559719fb43c564931098489ec5e9b97fbedf073cf9e97b16e6,1,1.280174,2026-08-19T17:40:06.609834+00:00,2026-08-19T17:40:07.890008+00:00,1787161206.609834,1787161207.890008
F0,e2bv2f0_27a21545db40ecf737bb,v2e2_01647af4ab413aad9430,qwen_flash,C2,canonical,2,1,1,power_limit_derating,hard,winter,sacramento,5,91,22.75,175.0,250.0,-75.0,75.0,canonical_lower,75.0,True,4e28b1dfc57dae2a46fde2464b47f1a4cba72117012d6bab7739e1f246809fa4,3526.25,False,True,True,True,False,False,False,0.0,0.0,True,3611.842105263156,161722.36842105267,False,0.0,0.0,False,0.0,0.0,True,3861.842105263156,-3861.842105263156,89,161722.36842105267,False,False,449.46755415859536,False,0.0,0.0,True,3611.842105263156,161722.36842105267,False,0.0,0.0,False,0.0,0.0,True,3861.842105263156,-3861.842105263156,89,161722.36842105267,False,False,449.46755415859536,qwen3.6-flash-2026-04-16,,cd94ddfefbc2b632642e6b4267ec47ee9ebaa9229ca5cd400e149893650a67c7,8343d176f5eb3140821250a1e0d9b6e20fab2371219a7da64095e5660fb2e5b8,1,2.952142,2026-08-19T17:39:53.627805+00:00,2026-08-19T17:39:56.579947+00:00,1787161193.627805,1787161196.579947
F0,e2bv2f0_27a21545db40ecf737bb,v2e2_01647af4ab413aad9430,qwen_flash,S2,stale,2,2,1,power_limit_derating,hard,winter,sacramento,5,91,22.75,175.0,250.0,-75.0,75.0,canonical_lower,75.0,True,4e28b1dfc57dae2a46fde2464b47f1a4cba72117012d6bab7739e1f246809fa4,3526.25,False,True,True,True,False,False,False,0.0,0.0,True,3536.8421052631566,155111.8421052632,False,0.0,0.0,False,0.0,0.0,True,3786.8421052631566,-3786.8421052631566,87,155111.8421052632,False,False,449.46755415859536,False,0.0,0.0,True,3611.842105263156,161722.36842105267,False,0.0,0.0,False,0.0,0.0,True,3861.842105263156,-3861.842105263156,89,161722.36842105267,False,False,449.46755415859536,qwen3.6-flash-2026-04-16,,ee16c72384f956ac3fafe52c2b6c7b98368973d787b0bd248c103e5961d43942,fce7a315954faf3217ee24df7f7bef771cf9892499efe08bc6578c80d486c9c6,1,0.961125,2026-08-19T17:39:56.613574+00:00,2026-08-19T17:39:57.574699+00:00,1787161196.613574,1787161197.574699
F0,e2bv2f0_27a21545db40ecf737bb,v2e2_01647af4ab413aad9430,qwen_flash,C1,canonical,1,3,1,power_limit_derating,hard,winter,sacramento,5,91,22.75,175.0,250.0,-75.0,75.0,canonical_lower,75.0,True,4e28b1dfc57dae2a46fde2464b47f1a4cba72117012d6bab7739e1f246809fa4,3526.25,False,True,True,True,False,False,False,0.0,0.0,True,3611.842105263156,161722.36842105267,False,0.0,0.0,False,0.0,0.0,True,3861.842105263156,-3861.842105263156,89,161722.36842105267,False,False,449.46755415859536,False,0.0,0.0,True,3611.842105263156,161722.36842105267,False,0.0,0.0,False,0.0,0.0,True,3861.842105263156,-3861.842105263156,89,161722.36842105267,False,False,449.46755415859536,qwen3.6-flash-2026-04-16,,cd94ddfefbc2b632642e6b4267ec47ee9ebaa9229ca5cd400e149893650a67c7,8343d176f5eb3140821250a1e0d9b6e20fab2371219a7da64095e5660fb2e5b8,1,1.08153,2026-08-19T17:39:57.613141+00:00,2026-08-19T17:39:58.694671+00:00,1787161197.613141,1787161198.694671
F0,e2bv2f0_27a21545db40ecf737bb,v2e2_01647af4ab413aad9430,qwen_flash,S1,stale,1,4,1,power_limit_derating,hard,winter,sacramento,5,91,22.75,175.0,250.0,-75.0,75.0,canonical_lower,75.0,True,4e28b1dfc57dae2a46fde2464b47f1a4cba72117012d6bab7739e1f246809fa4,3526.25,False,True,True,True,False,False,False,0.0,0.0,True,3536.8421052631566,155111.8421052632,False,0.0,0.0,False,0.0,0.0,True,3786.8421052631566,-3786.8421052631566,87,155111.8421052632,False,False,449.46755415859536,False,0.0,0.0,True,3611.842105263156,161722.36842105267,False,0.0,0.0,False,0.0,0.0,True,3861.842105263156,-3861.842105263156,89,161722.36842105267,False,False,449.46755415859536,qwen3.6-flash-2026-04-16,,ee16c72384f956ac3fafe52c2b6c7b98368973d787b0bd248c103e5961d43942,fce7a315954faf3217ee24df7f7bef771cf9892499efe08bc6578c80d486c9c6,1,1.196136,2026-08-19T17:39:58.736459+00:00,2026-08-19T17:39:59.932595+00:00,1787161198.736459,1787161199.932595
F0,e2bv2f0_35ac77c2c0156fd6d953,v2e2_b7e962716394d888d563,deepseek_formal,C1,canonical,1,1,26,forecast_revision,easy,autumn,sacramento,5,91,22.75,150.0,250.0,-100.0,100.0,canonical_lower,100.0,True,e6ff459ebc86a128b3e37b46d41efd52eedbe5c955acf3d20dfbf99a33fb2557,0.0,True,False,False,False,False,False,False,0.0,0.0,False,0.0,0.0,False,0.0,0.0,False,0.0,0.0,True,175.0,-175.0,0,0.0,True,False,496.2207375762404,False,0.0,0.0,False,0.0,0.0,False,0.0,0.0,False,0.0,0.0,True,175.0,-175.0,0,0.0,True,False,496.2207375762404,deepseek-v4-flash,a26a7955944dc5c60445bff77fac9c8e,03af9d72aa8ede96a38f73a4efdcb6d9a8213debd1e3d469dbccae2a38c1bf03,4a907b5086ab451937e68600d68741ad4383ce988d383528f80ba3cd100f743e,1,2.530348,2026-08-19T17:40:14.139927+00:00,2026-08-19T17:40:16.670275+00:00,1787161214.139927,1787161216.670275
F0,e2bv2f0_35ac77c2c0156fd6d953,v2e2_b7e962716394d888d563,deepseek_formal,S1,stale,1,2,26,forecast_revision,easy,autumn,sacramento,5,91,22.75,150.0,250.0,-100.0,100.0,canonical_lower,100.0,True,e6ff459ebc86a128b3e37b46d41efd52eedbe5c955acf3d20dfbf99a33fb2557,0.0,True,False,False,False,False,False,False,0.0,0.0,False,0.0,0.0,False,0.0,0.0,False,0.0,0.0,True,75.0,-75.0,0,0.0,True,False,496.2207375762404,False,0.0,0.0,False,0.0,0.0,False,0.0,0.0,False,0.0,0.0,True,175.0,-175.0,0,0.0,True,False,496.2207375762404,deepseek-v4-flash,a26a7955944dc5c60445bff77fac9c8e,231d98336d163e414b9b628d16a6c7fc0a0908f1f366ac3f391b14626ccbad73,49ae781abea5b09abe06add91f056a20ec91fe9d6e5fef129ac0c2d5b81b9b7f,1,0.894689,2026-08-19T17:40:16.697183+00:00,2026-08-19T17:40:17.591872+00:00,1787161216.697183,1787161217.591872
F0,e2bv2f0_35ac77c2c0156fd6d953,v2e2_b7e962716394d888d563,deepseek_formal,C2,canonical,2,3,26,forecast_revision,easy,autumn,sacramento,5,91,22.75,150.0,250.0,-100.0,100.0,canonical_lower,100.0,True,e6ff459ebc86a128b3e37b46d41efd52eedbe5c955acf3d20dfbf99a33fb2557,0.0,True,False,False,False,False,False,False,0.0,0.0,False,0.0,0.0,False,0.0,0.0,False,0.0,0.0,True,175.0,-175.0,0,0.0,True,False,496.2207375762404,False,0.0,0.0,False,0.0,0.0,False,0.0,0.0,False,0.0,0.0,True,175.0,-175.0,0,0.0,True,False,496.2207375762404,deepseek-v4-flash,a26a7955944dc5c60445bff77fac9c8e,03af9d72aa8ede96a38f73a4efdcb6d9a8213debd1e3d469dbccae2a38c1bf03,4a907b5086ab451937e68600d68741ad4383ce988d383528f80ba3cd100f743e,1,1.075613,2026-08-19T17:40:17.617815+00:00,2026-08-19T17:40:18.693428+00:00,1787161217.617815,1787161218.693428
F0,e2bv2f0_35ac77c2c0156fd6d953,v2e2_b7e962716394d888d563,deepseek_formal,S2,stale,2,4,26,forecast_revision,easy,autumn,sacramento,5,91,22.75,150.0,250.0,-100.0,100.0,canonical_lower,100.0,True,e6ff459ebc86a128b3e37b46d41efd52eedbe5c955acf3d20dfbf99a33fb2557,0.0,True,False,False,False,False,False,False,0.0,0.0,False,0.0,0.0,False,0.0,0.0,False,0.0,0.0,True,75.0,-75.0,0,0.0,True,False,496.2207375762404,False,0.0,0.0,False,0.0,0.0,False,0.0,0.0,False,0.0,0.0,True,175.0,-175.0,0,0.0,True,False,496.2207375762404,deepseek-v4-flash,a26a7955944dc5c60445bff77fac9c8e,231d98336d163e414b9b628d16a6c7fc0a0908f1f366ac3f391b14626ccbad73,49ae781abea5b09abe06add91f056a20ec91fe9d6e5fef129ac0c2d5b81b9b7f,1,0.887635,2026-08-19T17:40:18.722380+00:00,2026-08-19T17:40:19.610015+00:00,1787161218.72238,1787161219.610015
F0,e2bv2f0_36ed3d417a3fc5be5e13,v2e2_7778cc641046e1b0a2cd,deepseek_formal,S2,stale,2,1,20,forecast_revision,hard,autumn,san_diego,14,82,20.5,175.0,250.0,-75.0,75.0,canonical_lower,75.0,True,e06e79cdfedfc6d6107b945613e65b2de3a209e40115b9b00ab048d2b91cd7d5,0.0,True,False,False,False,False,False,False,0.0,0.0,False,0.0,0.0,False,0.0,0.0,False,0.0,0.0,True,75.0,-75.0,0,0.0,True,False,418.6000925442784,False,0.0,0.0,False,0.0,0.0,False,0.0,0.0,False,0.0,0.0,True,150.0,-150.0,0,0.0,True,False,418.6000925442784,deepseek-v4-flash,a26a7955944dc5c60445bff77fac9c8e,1b73555a5b301dc3304af0964477b642712cef1fdf5e08304313e01c747cf529,e812412aac49746be9f634256e621ed6065b1e2c0e4afebc10614563f6c7bb11,1,2.109651,2026-08-19T17:40:08.585436+00:00,2026-08-19T17:40:10.695087+00:00,1787161208.585436,1787161210.695087
F0,e2bv2f0_36ed3d417a3fc5be5e13,v2e2_7778cc641046e1b0a2cd,deepseek_formal,C1,canonical,1,2,20,forecast_revision,hard,autumn,san_diego,14,82,20.5,175.0,250.0,-75.0,75.0,canonical_lower,75.0,True,e06e79cdfedfc6d6107b945613e65b2de3a209e40115b9b00ab048d2b91cd7d5,0.0,True,False,False,False,False,False,False,0.0,0.0,False,0.0,0.0,False,0.0,0.0,False,0.0,0.0,True,150.0,-150.0,0,0.0,True,False,418.6000925442784,False,0.0,0.0,False,0.0,0.0,False,0.0,0.0,False,0.0,0.0,True,150.0,-150.0,0,0.0,True,False,418.6000925442784,deepseek-v4-flash,a26a7955944dc5c60445bff77fac9c8e,1c3f9297c8d9aed52aee0398529bbfbc6085b8d07c1f3cb40da5ce3ba7d6d813,9c7791a10f4d2fdad0dd4f383b10c91c28aae733bfa5e07bb3505ed896310d45,1,0.892945,2026-08-19T17:40:10.720391+00:00,2026-08-19T17:40:11.613336+00:00,1787161210.720391,1787161211.613336
F0,e2bv2f0_36ed3d417a3fc5be5e13,v2e2_7778cc641046e1b0a2cd,deepseek_formal,S1,stale,1,3,20,forecast_revision,hard,autumn,san_diego,14,82,20.5,175.0,250.0,-75.0,75.0,canonical_lower,75.0,True,e06e79cdfedfc6d6107b945613e65b2de3a209e40115b9b00ab048d2b91cd7d5,0.0,True,False,False,False,False,False,False,0.0,0.0,False,0.0,0.0,False,0.0,0.0,False,0.0,0.0,True,75.0,-75.0,0,0.0,True,False,418.6000925442784,False,0.0,0.0,False,0.0,0.0,False,0.0,0.0,False,0.0,0.0,True,150.0,-150.0,0,0.0,True,False,418.6000925442784,deepseek-v4-flash,a26a7955944dc5c60445bff77fac9c8e,1b73555a5b301dc3304af0964477b642712cef1fdf5e08304313e01c747cf529,e812412aac49746be9f634256e621ed6065b1e2c0e4afebc10614563f6c7bb11,1,0.809051,2026-08-19T17:40:11.645767+00:00,2026-08-19T17:40:12.454818+00:00,1787161211.645767,1787161212.454818
F0,e2bv2f0_36ed3d417a3fc5be5e13,v2e2_7778cc641046e1b0a2cd,deepseek_formal,C2,canonical,2,4,20,forecast_revision,hard,autumn,san_diego,14,82,20.5,175.0,250.0,-75.0,75.0,canonical_lower,75.0,True,e06e79cdfedfc6d6107b945613e65b2de3a209e40115b9b00ab048d2b91cd7d5,0.0,True,False,False,False,False,False,False,0.0,0.0,False,0.0,0.0,False,0.0,0.0,False,0.0,0.0,True,150.0,-150.0,0,0.0,True,False,418.6000925442784,False,0.0,0.0,False,0.0,0.0,False,0.0,0.0,False,0.0,0.0,True,150.0,-150.0,0,0.0,True,False,418.6000925442784,deepseek-v4-flash,a26a7955944dc5c60445bff77fac9c8e,1c3f9297c8d9aed52aee0398529bbfbc6085b8d07c1f3cb40da5ce3ba7d6d813,9c7791a10f4d2fdad0dd4f383b10c91c28aae733bfa5e07bb3505ed896310d45,1,1.284581,2026-08-19T17:40:12.482291+00:00,2026-08-19T17:40:13.766872+00:00,1787161212.482291,1787161213.766872
F0,e2bv2f0_3e0d32b95f0e02d4742d,v2e2_7b2e0628b0d7b7a4badd,qwen_flash,S2,stale,2,1,23,power_limit_derating,medium,summer,fresno,4,92,23.0,350.0,250.0,100.0,100.0,canonical_higher,100.0,True,01835ca016b6607eda94cb8ff102b2cad69b4a1cb53b69f7d0ebcbc5963fd2b6,3450.0,False,True,True,True,False,False,False,0.0,0.0,True,3456.578947368417,153073.6842105262,False,0.0,0.0,False,0.0,0.0,True,3706.578947368417,-3706.578947368417,88,153073.68421052623,False,False,155.66222889442517,False,0.0,0.0,True,3356.578947368417,144389.4736842104,False,0.0,0.0,False,0.0,0.0,True,3606.578947368417,-3606.578947368417,86,144389.47368421042,False,False,155.66222889442517,qwen3.6-flash-2026-04-16,,e1f709aa3fac89434faa6c842c4c64b052c9026b3f7e975bee8c3092ceda8a6e,e4cdaf0639a62838278a070fdd3c3bb380efd5d03fff84be6ab2a31ea78550e4,1,1.241841,2026-08-19T17:40:09.746204+00:00,2026-08-19T17:40:10.988045+00:00,1787161209.746204,1787161210.988045
F0,e2bv2f0_3e0d32b95f0e02d4742d,v2e2_7b2e0628b0d7b7a4badd,qwen_flash,C1,canonical,1,2,23,power_limit_derating,medium,summer,fresno,4,92,23.0,350.0,250.0,100.0,100.0,canonical_higher,100.0,True,3fef08683efe971ba0b9ab6bf8cbf53be3cbba64b6f478940df4e72f0d09f801,34.5,False,True,True,True,False,False,False,0.0,0.0,False,0.0,0.0,False,0.0,0.0,False,0.0,0.0,True,11.315789473683935,-11.315789473683935,0,0.0,True,False,292.5134032994239,False,0.0,0.0,False,0.0,0.0,False,0.0,0.0,False,0.0,0.0,True,11.315789473683935,-11.315789473683935,0,0.0,True,False,292.5134032994239,qwen3.6-flash-2026-04-16,,442815f9a079d83beaf7de6666b51c1a3e5d1c8dc33fb7ed1a236e5c5181d112,b852ad60fe16f7bd54319d493f422f6a436e1cb47219c58006f18cfb26a3c0f2,1,0.976407,2026-08-19T17:40:11.014497+00:00,2026-08-19T17:40:11.990904+00:00,1787161211.014497,1787161211.990904
F0,e2bv2f0_3e0d32b95f0e02d4742d,v2e2_7b2e0628b0d7b7a4badd,qwen_flash,S1,stale,1,3,23,power_limit_derating,medium,summer,fresno,4,92,23.0,350.0,250.0,100.0,100.0,canonical_higher,100.0,True,01835ca016b6607eda94cb8ff102b2cad69b4a1cb53b69f7d0ebcbc5963fd2b6,3450.0,False,True,True,True,False,False,False,0.0,0.0,True,3456.578947368417,153073.6842105262,False,0.0,0.0,False,0.0,0.0,True,3706.578947368417,-3706.578947368417,88,153073.68421052623,False,False,155.66222889442517,False,0.0,0.0,True,3356.578947368417,144389.4736842104,False,0.0,0.0,False,0.0,0.0,True,3606.578947368417,-3606.578947368417,86,144389.47368421042,False,False,155.66222889442517,qwen3.6-flash-2026-04-16,,e1f709aa3fac89434faa6c842c4c64b052c9026b3f7e975bee8c3092ceda8a6e,e4cdaf0639a62838278a070fdd3c3bb380efd5d03fff84be6ab2a31ea78550e4,1,0.636758,2026-08-19T17:40:12.023195+00:00,2026-08-19T17:40:12.659953+00:00,1787161212.023195,1787161212.659953
F0,e2bv2f0_3e0d32b95f0e02d4742d,v2e2_7b2e0628b0d7b7a4badd,qwen_flash,C2,canonical,2,4,23,power_limit_derating,medium,summer,fresno,4,92,23.0,350.0,250.0,100.0,100.0,canonical_higher,100.0,True,420170ee8c542272c46050dad7cba4ba54a5efa4805af6c8e8953b0d2a1e57a2,42.2625,False,True,True,True,False,False,False,0.0,0.0,False,0.0,0.0,False,0.0,0.0,False,0.0,0.0,True,19.48684210526426,-19.48684210526426,0,0.0,True,False,292.20237790304884,False,0.0,0.0,False,0.0,0.0,False,0.0,0.0,False,0.0,0.0,True,19.48684210526426,-19.48684210526426,0,0.0,True,False,292.20237790304884,qwen3.6-flash-2026-04-16,,442815f9a079d83beaf7de6666b51c1a3e5d1c8dc33fb7ed1a236e5c5181d112,b852ad60fe16f7bd54319d493f422f6a436e1cb47219c58006f18cfb26a3c0f2,1,1.821835,2026-08-19T17:40:12.691322+00:00,2026-08-19T17:40:14.513157+00:00,1787161212.691322,1787161214.513157
F0,e2bv2f0_4fe8a17a967cb54e1d6b,v2e2_7f938d120000eec26457,deepseek_formal,S1,stale,1,1,24,battery_capacity_derating,easy,summer,los_angeles,8,88,22.0,175.0,250.0,-75.0,75.0,canonical_lower,75.0,True,309d42f11f298e6c3b120c4432446a690aeb9bb63f1c74a7d462efcc92263ac0,5500.0,False,True,True,True,False,False,False,0.0,0.0,False,0.0,0.0,True,5015.0,214306.25,False,0.0,0.0,True,5150.0,5150.0,85,214306.25,False,False,552.8208518345884,False,0.0,0.0,False,0.0,0.0,True,4940.0,207978.75,False,0.0,0.0,True,5075.0,5075.0,84,207978.75,False,False,552.8208518345884,deepseek-v4-flash,a26a7955944dc5c60445bff77fac9c8e,23e08dc3506247d3b38032b27d4f42c731dbb77613fdbf19d9814a3372f07ed6,146b895048c837d2a97b25619fbf2a39027a845816d7fd662ee8d91fe24885a3,1,2.70591,2026-08-19T17:40:13.278787+00:00,2026-08-19T17:40:15.984697+00:00,1787161213.278787,1787161215.984697
F0,e2bv2f0_4fe8a17a967cb54e1d6b,v2e2_7f938d120000eec26457,deepseek_formal,C2,canonical,2,2,24,battery_capacity_derating,easy,summer,los_angeles,8,88,22.0,175.0,250.0,-75.0,75.0,canonical_lower,75.0,True,17fe411465c2bec61f933aaf2876bbdd038001b7893c6c57eec8fa0dfc4a02a3,5500.0,False,True,True,True,False,False,False,0.0,0.0,True,2294.0789473684226,84326.15131578957,False,0.0,0.0,False,0.0,0.0,True,68.42105263157737,68.42105263157737,73,84326.15131578964,False,False,305.46748683458867,False,0.0,0.0,True,2294.0789473684226,84326.15131578957,False,0.0,0.0,False,0.0,0.0,True,68.42105263157737,68.42105263157737,73,84326.15131578964,False,False,305.46748683458867,deepseek-v4-flash,a26a7955944dc5c60445bff77fac9c8e,3ac7dca69ec580410d81ad7b3a745ee1fe064298869898efbadc3c08f2429607,beab385b5988c941b34b36f2241ce549fd25a68f46718ebea37bc58c180e63b1,1,1.183738,2026-08-19T17:40:16.019755+00:00,2026-08-19T17:40:17.203493+00:00,1787161216.019755,1787161217.203493
F0,e2bv2f0_4fe8a17a967cb54e1d6b,v2e2_7f938d120000eec26457,deepseek_formal,S2,stale,2,3,24,battery_capacity_derating,easy,summer,los_angeles,8,88,22.0,175.0,250.0,-75.0,75.0,canonical_lower,75.0,True,309d42f11f298e6c3b120c4432446a690aeb9bb63f1c74a7d462efcc92263ac0,5500.0,False,True,True,True,False,False,False,0.0,0.0,False,0.0,0.0,True,5015.0,214306.25,False,0.0,0.0,True,5150.0,5150.0,85,214306.25,False,False,552.8208518345884,False,0.0,0.0,False,0.0,0.0,True,4940.0,207978.75,False,0.0,0.0,True,5075.0,5075.0,84,207978.75,False,False,552.8208518345884,deepseek-v4-flash,a26a7955944dc5c60445bff77fac9c8e,23e08dc3506247d3b38032b27d4f42c731dbb77613fdbf19d9814a3372f07ed6,146b895048c837d2a97b25619fbf2a39027a845816d7fd662ee8d91fe24885a3,1,2.618989,2026-08-19T17:40:17.241530+00:00,2026-08-19T17:40:19.860519+00:00,1787161217.24153,1787161219.860519
F0,e2bv2f0_4fe8a17a967cb54e1d6b,v2e2_7f938d120000eec26457,deepseek_formal,C1,canonical,1,4,24,battery_capacity_derating,easy,summer,los_angeles,8,88,22.0,175.0,250.0,-75.0,75.0,canonical_lower,75.0,True,17fe411465c2bec61f933aaf2876bbdd038001b7893c6c57eec8fa0dfc4a02a3,5500.0,False,True,True,True,False,False,False,0.0,0.0,True,2294.0789473684226,84326.15131578957,False,0.0,0.0,False,0.0,0.0,True,68.42105263157737,68.42105263157737,73,84326.15131578964,False,False,305.46748683458867,False,0.0,0.0,True,2294.0789473684226,84326.15131578957,False,0.0,0.0,False,0.0,0.0,True,68.42105263157737,68.42105263157737,73,84326.15131578964,False,False,305.46748683458867,deepseek-v4-flash,a26a7955944dc5c60445bff77fac9c8e,3ac7dca69ec580410d81ad7b3a745ee1fe064298869898efbadc3c08f2429607,beab385b5988c941b34b36f2241ce549fd25a68f46718ebea37bc58c180e63b1,1,1.156979,2026-08-19T17:40:19.886825+00:00,2026-08-19T17:40:21.043804+00:00,1787161219.886825,1787161221.043804
F0,e2bv2f0_50a2a6abd01df20d7ad8,v2e2_16b5f26ad506f7afac02,deepseek_formal,C1,canonical,1,1,6,export_limit_update,medium,autumn,san_diego,15,81,20.25,175.0,250.0,-75.0,75.0,canonical_lower,75.0,True,f4bd841308415de6ed2727462cd66a7333ac8155b4e8e95de0220355189c785c,0.0,True,False,False,False,False,False,False,0.0,0.0,False,0.0,0.0,False,0.0,0.0,False,0.0,0.0,True,150.0,-150.0,0,0.0,True,False,228.69871247973637,False,0.0,0.0,False,0.0,0.0,False,0.0,0.0,False,0.0,0.0,True,150.0,-150.0,0,0.0,True,False,228.69871247973637,deepseek-v4-flash,a26a7955944dc5c60445bff77fac9c8e,e8b46a7e2784d841ed99dabee524da0abc10f4fedcb07d4ceaa289faa18c7817,dfa5eaa7620a810be10952eca5088fbb0787dd1ba0a5ebf55ff32711212ee447,1,1.839101,2026-08-19T17:39:55.220590+00:00,2026-08-19T17:39:57.059691+00:00,1787161195.22059,1787161197.059691
F0,e2bv2f0_50a2a6abd01df20d7ad8,v2e2_16b5f26ad506f7afac02,deepseek_formal,S1,stale,1,2,6,export_limit_update,medium,autumn,san_diego,15,81,20.25,175.0,250.0,-75.0,75.0,canonical_lower,75.0,True,f4bd841308415de6ed2727462cd66a7333ac8155b4e8e95de0220355189c785c,0.0,True,False,False,False,False,False,False,0.0,0.0,False,0.0,0.0,False,0.0,0.0,False,0.0,0.0,True,75.0,-75.0,0,0.0,True,False,228.69871247973637,False,0.0,0.0,False,0.0,0.0,False,0.0,0.0,False,0.0,0.0,True,150.0,-150.0,0,0.0,True,False,228.69871247973637,deepseek-v4-flash,a26a7955944dc5c60445bff77fac9c8e,2dc9ba47e7426fbb0cc7b713e578e401940b9ee709b03d3019b5fab93a32705b,05670059a2392ff8af8a40775d5a4d8340997753d37928a80be65497ff8848ee,1,1.003793,2026-08-19T17:39:57.096946+00:00,2026-08-19T17:39:58.100739+00:00,1787161197.096946,1787161198.100739
F0,e2bv2f0_50a2a6abd01df20d7ad8,v2e2_16b5f26ad506f7afac02,deepseek_formal,C2,canonical,2,3,6,export_limit_update,medium,autumn,san_diego,15,81,20.25,175.0,250.0,-75.0,75.0,canonical_lower,75.0,True,f4bd841308415de6ed2727462cd66a7333ac8155b4e8e95de0220355189c785c,0.0,True,False,False,False,False,False,False,0.0,0.0,False,0.0,0.0,False,0.0,0.0,False,0.0,0.0,True,150.0,-150.0,0,0.0,True,False,228.69871247973637,False,0.0,0.0,False,0.0,0.0,False,0.0,0.0,False,0.0,0.0,True,150.0,-150.0,0,0.0,True,False,228.69871247973637,deepseek-v4-flash,a26a7955944dc5c60445bff77fac9c8e,e8b46a7e2784d841ed99dabee524da0abc10f4fedcb07d4ceaa289faa18c7817,dfa5eaa7620a810be10952eca5088fbb0787dd1ba0a5ebf55ff32711212ee447,1,0.873272,2026-08-19T17:39:58.151267+00:00,2026-08-19T17:39:59.024539+00:00,1787161198.151267,1787161199.024539
F0,e2bv2f0_50a2a6abd01df20d7ad8,v2e2_16b5f26ad506f7afac02,deepseek_formal,S2,stale,2,4,6,export_limit_update,medium,autumn,san_diego,15,81,20.25,175.0,250.0,-75.0,75.0,canonical_lower,75.0,True,f4bd841308415de6ed2727462cd66a7333ac8155b4e8e95de0220355189c785c,0.0,True,False,False,False,False,False,False,0.0,0.0,False,0.0,0.0,False,0.0,0.0,False,0.0,0.0,True,75.0,-75.0,0,0.0,True,False,228.69871247973637,False,0.0,0.0,False,0.0,0.0,False,0.0,0.0,False,0.0,0.0,True,150.0,-150.0,0,0.0,True,False,228.69871247973637,deepseek-v4-flash,a26a7955944dc5c60445bff77fac9c8e,2dc9ba47e7426fbb0cc7b713e578e401940b9ee709b03d3019b5fab93a32705b,05670059a2392ff8af8a40775d5a4d8340997753d37928a80be65497ff8848ee,1,1.619079,2026-08-19T17:39:59.056082+00:00,2026-08-19T17:40:00.675161+00:00,1787161199.056082,1787161200.675161
F0,e2bv2f0_540944604cad868d5720,v2e2_b7e962716394d888d563,qwen_flash,C1,canonical,1,1,27,forecast_revision,easy,autumn,sacramento,5,91,22.75,150.0,250.0,-100.0,100.0,canonical_lower,100.0,True,359431def63e4accc9a1d47633a3ddb3ca4424654a7c667dd1cfd15872376319,5687.5,False,True,True,True,False,False,False,0.0,0.0,True,5911.842105263165,268578.9473684211,False,0.0,0.0,True,17.490355000000022,8.286225000000002,True,6161.842105263165,-6161.842105263165,90,268587.2335934211,False,False,215.42679507624064,False,0.0,0.0,True,5911.842105263165,268578.9473684211,False,0.0,0.0,True,17.490355000000022,8.286225000000002,True,6161.842105263165,-6161.842105263165,90,268587.2335934211,False,False,215.42679507624064,qwen3.6-flash-2026-04-16,,03af9d72aa8ede96a38f73a4efdcb6d9a8213debd1e3d469dbccae2a38c1bf03,d31f28fd35402d48c813ea5105a140533f722516b8af8f085ea132061f93a75d,1,1.773435,2026-08-19T17:40:14.512238+00:00,2026-08-19T17:40:16.285673+00:00,1787161214.512238,1787161216.285673
F0,e2bv2f0_540944604cad868d5720,v2e2_b7e962716394d888d563,qwen_flash,S1,stale,1,2,27,forecast_revision,easy,autumn,sacramento,5,91,22.75,150.0,250.0,-100.0,100.0,canonical_lower,100.0,True,359431def63e4accc9a1d47633a3ddb3ca4424654a7c667dd1cfd15872376319,5687.5,False,True,True,True,False,False,False,0.0,0.0,True,5811.842105263164,259622.36842105273,False,0.0,0.0,True,17.490355000000022,8.286225000000002,True,6061.842105263164,-6061.842105263164,89,259630.65464605266,False,False,215.42679507624064,False,0.0,0.0,True,5911.842105263165,268578.9473684211,False,0.0,0.0,True,17.490355000000022,8.286225000000002,True,6161.842105263165,-6161.842105263165,90,268587.2335934211,False,False,215.42679507624064,qwen3.6-flash-2026-04-16,,231d98336d163e414b9b628d16a6c7fc0a0908f1f366ac3f391b14626ccbad73,a3d7a15f2b0d8c7e0b3bc34ea3e7031059c9ec872c90ed528c3f0e7bb3ddd070,1,1.00146,2026-08-19T17:40:16.326948+00:00,2026-08-19T17:40:17.328408+00:00,1787161216.326948,1787161217.328408
F0,e2bv2f0_540944604cad868d5720,v2e2_b7e962716394d888d563,qwen_flash,C2,canonical,2,3,27,forecast_revision,easy,autumn,sacramento,5,91,22.75,150.0,250.0,-100.0,100.0,canonical_lower,100.0,True,359431def63e4accc9a1d47633a3ddb3ca4424654a7c667dd1cfd15872376319,5687.5,False,True,True,True,False,False,False,0.0,0.0,True,5911.842105263165,268578.9473684211,False,0.0,0.0,True,17.490355000000022,8.286225000000002,True,6161.842105263165,-6161.842105263165,90,268587.2335934211,False,False,215.42679507624064,False,0.0,0.0,True,5911.842105263165,268578.9473684211,False,0.0,0.0,True,17.490355000000022,8.286225000000002,True,6161.842105263165,-6161.842105263165,90,268587.2335934211,False,False,215.42679507624064,qwen3.6-flash-2026-04-16,,03af9d72aa8ede96a38f73a4efdcb6d9a8213debd1e3d469dbccae2a38c1bf03,d31f28fd35402d48c813ea5105a140533f722516b8af8f085ea132061f93a75d,1,0.904683,2026-08-19T17:40:17.363394+00:00,2026-08-19T17:40:18.268077+00:00,1787161217.363394,1787161218.268077
F0,e2bv2f0_540944604cad868d5720,v2e2_b7e962716394d888d563,qwen_flash,S2,stale,2,4,27,forecast_revision,easy,autumn,sacramento,5,91,22.75,150.0,250.0,-100.0,100.0,canonical_lower,100.0,True,359431def63e4accc9a1d47633a3ddb3ca4424654a7c667dd1cfd15872376319,5687.5,False,True,True,True,False,False,False,0.0,0.0,True,5811.842105263164,259622.36842105273,False,0.0,0.0,True,17.490355000000022,8.286225000000002,True,6061.842105263164,-6061.842105263164,89,259630.65464605266,False,False,215.42679507624064,False,0.0,0.0,True,5911.842105263165,268578.9473684211,False,0.0,0.0,True,17.490355000000022,8.286225000000002,True,6161.842105263165,-6161.842105263165,90,268587.2335934211,False,False,215.42679507624064,qwen3.6-flash-2026-04-16,,231d98336d163e414b9b628d16a6c7fc0a0908f1f366ac3f391b14626ccbad73,a3d7a15f2b0d8c7e0b3bc34ea3e7031059c9ec872c90ed528c3f0e7bb3ddd070,1,1.106786,2026-08-19T17:40:18.299036+00:00,2026-08-19T17:40:19.405822+00:00,1787161218.299036,1787161219.405822
F0,e2bv2f0_579d1e260de002e303e1,v2e2_16c288d882ac6a326385,qwen_flash,C1,canonical,1,1,9,battery_capacity_derating,easy,spring,fresno,4,92,23.0,200.0,250.0,-50.0,50.0,canonical_lower,50.0,True,01835ca016b6607eda94cb8ff102b2cad69b4a1cb53b69f7d0ebcbc5963fd2b6,3450.0,False,True,True,True,False,False,False,0.0,0.0,True,3506.578947368417,157506.5789473683,False,0.0,0.0,False,0.0,0.0,True,3756.578947368417,-3756.578947368417,89,157506.5789473683,False,False,272.3544800169227,False,0.0,0.0,True,3506.578947368417,157506.5789473683,False,0.0,0.0,False,0.0,0.0,True,3756.578947368417,-3756.578947368417,89,157506.5789473683,False,False,272.3544800169227,qwen3.6-flash-2026-04-16,,f8528e3a094e13659d0d81703d7603f7be376948c3cbf91f2df873463a2ad4df,6c558d98380b2731bfb0a69507d26774ceffe9c9c623fbc8b49c802583fbc1fc,1,2.857123,2026-08-19T17:40:00.672822+00:00,2026-08-19T17:40:03.529945+00:00,1787161200.672822,1787161203.529945
F0,e2bv2f0_579d1e260de002e303e1,v2e2_16c288d882ac6a326385,qwen_flash,S1,stale,1,2,9,battery_capacity_derating,easy,spring,fresno,4,92,23.0,200.0,250.0,-50.0,50.0,canonical_lower,50.0,True,d55b6a16f620dbabf4a34d97484bd9f0f538d06e0d296cc433a21c3aeaf1a9d4,5750.0,False,True,True,True,False,False,False,0.0,0.0,True,5877.631578947375,265500.0000000001,False,0.0,0.0,True,49.84798599999999,22.75546974999999,True,6127.631578947375,-6127.631578947375,90,265522.75546975003,False,False,184.63977801692224,False,0.0,0.0,True,5927.631578947376,270006.5789473685,False,0.0,0.0,True,49.84798599999999,22.75546974999999,True,6177.631578947376,-6177.631578947376,91,270029.33441711846,False,False,184.63977801692224,qwen3.6-flash-2026-04-16,,c0a6244032f8bea3bb3f20b9d272b1187f96c45c1c626ad50aebd10c7ce1ed43,64bae347df355ea9f139859f8a2768a8a04d3353dc499117a3b9f00233af2314,1,0.963147,2026-08-19T17:40:03.556839+00:00,2026-08-19T17:40:04.519986+00:00,1787161203.556839,1787161204.519986
F0,e2bv2f0_579d1e260de002e303e1,v2e2_16c288d882ac6a326385,qwen_flash,C2,canonical,2,3,9,battery_capacity_derating,easy,spring,fresno,4,92,23.0,200.0,250.0,-50.0,50.0,canonical_lower,50.0,True,d55b6a16f620dbabf4a34d97484bd9f0f538d06e0d296cc433a21c3aeaf1a9d4,5750.0,False,True,True,True,False,False,False,0.0,0.0,True,5927.631578947376,270006.5789473685,False,0.0,0.0,True,49.84798599999999,22.75546974999999,True,6177.631578947376,-6177.631578947376,91,270029.33441711846,False,False,184.63977801692224,False,0.0,0.0,True,5927.631578947376,270006.5789473685,False,0.0,0.0,True,49.84798599999999,22.75546974999999,True,6177.631578947376,-6177.631578947376,91,270029.33441711846,False,False,184.63977801692224,qwen3.6-flash-2026-04-16,,f8528e3a094e13659d0d81703d7603f7be376948c3cbf91f2df873463a2ad4df,6c558d98380b2731bfb0a69507d26774ceffe9c9c623fbc8b49c802583fbc1fc,1,0.953081,2026-08-19T17:40:04.559481+00:00,2026-08-19T17:40:05.512562+00:00,1787161204.559481,1787161205.512562
F0,e2bv2f0_579d1e260de002e303e1,v2e2_16c288d882ac6a326385,qwen_flash,S2,stale,2,4,9,battery_capacity_derating,easy,spring,fresno,4,92,23.0,200.0,250.0,-50.0,50.0,canonical_lower,50.0,True,d55b6a16f620dbabf4a34d97484bd9f0f538d06e0d296cc433a21c3aeaf1a9d4,5750.0,False,True,True,True,False,False,False,0.0,0.0,True,5877.631578947375,265500.0000000001,False,0.0,0.0,True,49.84798599999999,22.75546974999999,True,6127.631578947375,-6127.631578947375,90,265522.75546975003,False,False,184.63977801692224,False,0.0,0.0,True,5927.631578947376,270006.5789473685,False,0.0,0.0,True,49.84798599999999,22.75546974999999,True,6177.631578947376,-6177.631578947376,91,270029.33441711846,False,False,184.63977801692224,qwen3.6-flash-2026-04-16,,c0a6244032f8bea3bb3f20b9d272b1187f96c45c1c626ad50aebd10c7ce1ed43,64bae347df355ea9f139859f8a2768a8a04d3353dc499117a3b9f00233af2314,1,1.456065,2026-08-19T17:40:05.545354+00:00,2026-08-19T17:40:07.001419+00:00,1787161205.545354,1787161207.001419
F0,e2bv2f0_57f38807a7c6370f67c2,v2e2_28d9724eea09520d5cd7,qwen_flash,S1,stale,1,1,15,reserve_commitment_update,medium,spring,los_angeles,6,90,22.5,175.0,250.0,-75.0,75.0,canonical_lower,75.0,True,25585a42d3e84fc078b0e4cb5a0c2b83181d8e3ad3fa926f9a3e526fe5c105ba,5625.0,False,True,True,True,False,False,False,0.0,0.0,True,5831.052631578953,261332.10526315798,False,0.0,0.0,True,101.61321700000002,129.1919805,True,5996.052631578953,-5996.052631578953,89,261461.29724365793,False,False,157.20585860351287,False,0.0,0.0,True,5906.052631578954,268057.89473684214,False,0.0,0.0,True,101.61321700000002,129.1919805,True,6071.052631578954,-6071.052631578954,90,268187.0867173421,False,False,157.20585860351287,qwen3.6-flash-2026-04-16,,9ed33e5d7732c2f3830c42cfb38c36e6d2100681d82d840eafd90e2ce77a9247,9d29a62385f4917f62a36a17d45c3e806e4115a675a8bc96d6ce4feaee26b10b,1,1.078102,2026-08-19T17:40:04.048717+00:00,2026-08-19T17:40:05.126819+00:00,1787161204.048717,1787161205.126819
F0,e2bv2f0_57f38807a7c6370f67c2,v2e2_28d9724eea09520d5cd7,qwen_flash,C2,canonical,2,2,15,reserve_commitment_update,medium,spring,los_angeles,6,90,22.5,175.0,250.0,-75.0,75.0,canonical_lower,75.0,True,25585a42d3e84fc078b0e4cb5a0c2b83181d8e3ad3fa926f9a3e526fe5c105ba,5625.0,False,True,True,True,False,False,False,0.0,0.0,True,5906.052631578954,268057.89473684214,False,0.0,0.0,True,101.61321700000002,129.1919805,True,6071.052631578954,-6071.052631578954,90,268187.0867173421,False,False,157.20585860351287,False,0.0,0.0,True,5906.052631578954,268057.89473684214,False,0.0,0.0,True,101.61321700000002,129.1919805,True,6071.052631578954,-6071.052631578954,90,268187.0867173421,False,False,157.20585860351287,qwen3.6-flash-2026-04-16,,ab3b1a07312f4c1e81f81aa70dfedfdfde19f7ce285b9178e866e39648fbb8de,ce33b7196fc265d2f2ca71e783822b655c3959c5392d06a33bdc0d837d46304b,1,0.953513,2026-08-19T17:40:05.159084+00:00,2026-08-19T17:40:06.112597+00:00,1787161205.159084,1787161206.112597
F0,e2bv2f0_57f38807a7c6370f67c2,v2e2_28d9724eea09520d5cd7,qwen_flash,S2,stale,2,3,15,reserve_commitment_update,medium,spring,los_angeles,6,90,22.5,175.0,250.0,-75.0,75.0,canonical_lower,75.0,True,25585a42d3e84fc078b0e4cb5a0c2b83181d8e3ad3fa926f9a3e526fe5c105ba,5625.0,False,True,True,True,False,False,False,0.0,0.0,True,5831.052631578953,261332.10526315798,False,0.0,0.0,True,101.61321700000002,129.1919805,True,5996.052631578953,-5996.052631578953,89,261461.29724365793,False,False,157.20585860351287,False,0.0,0.0,True,5906.052631578954,268057.89473684214,False,0.0,0.0,True,101.61321700000002,129.1919805,True,6071.052631578954,-6071.052631578954,90,268187.0867173421,False,False,157.20585860351287,qwen3.6-flash-2026-04-16,,9ed33e5d7732c2f3830c42cfb38c36e6d2100681d82d840eafd90e2ce77a9247,9d29a62385f4917f62a36a17d45c3e806e4115a675a8bc96d6ce4feaee26b10b,1,1.280863,2026-08-19T17:40:06.145792+00:00,2026-08-19T17:40:07.426655+00:00,1787161206.145792,1787161207.426655
F0,e2bv2f0_57f38807a7c6370f67c2,v2e2_28d9724eea09520d5cd7,qwen_flash,C1,canonical,1,4,15,reserve_commitment_update,medium,spring,los_angeles,6,90,22.5,175.0,250.0,-75.0,75.0,canonical_lower,75.0,True,25585a42d3e84fc078b0e4cb5a0c2b83181d8e3ad3fa926f9a3e526fe5c105ba,5625.0,False,True,True,True,False,False,False,0.0,0.0,True,5906.052631578954,268057.89473684214,False,0.0,0.0,True,101.61321700000002,129.1919805,True,6071.052631578954,-6071.052631578954,90,268187.0867173421,False,False,157.20585860351287,False,0.0,0.0,True,5906.052631578954,268057.89473684214,False,0.0,0.0,True,101.61321700000002,129.1919805,True,6071.052631578954,-6071.052631578954,90,268187.0867173421,False,False,157.20585860351287,qwen3.6-flash-2026-04-16,,ab3b1a07312f4c1e81f81aa70dfedfdfde19f7ce285b9178e866e39648fbb8de,ce33b7196fc265d2f2ca71e783822b655c3959c5392d06a33bdc0d837d46304b,1,1.135178,2026-08-19T17:40:07.452449+00:00,2026-08-19T17:40:08.587627+00:00,1787161207.452449,1787161208.587627
F0,e2bv2f0_61483774ba7c77172be1,v2e2_16b5f26ad506f7afac02,qwen_flash,C1,canonical,1,1,7,export_limit_update,medium,autumn,san_diego,15,81,20.25,175.0,250.0,-75.0,75.0,canonical_lower,75.0,True,82e196fab5150c31f985efd8e360479bfb937eb11aa847a6a18921a145144db4,5062.5,False,True,True,True,False,False,False,0.0,0.0,True,5228.947368421056,210421.05263157896,False,0.0,0.0,True,183.890651,739.2236205,True,5478.947368421056,-5478.947368421056,80,211160.27625207897,False,False,13.367043729736414,False,0.0,0.0,True,5228.947368421056,210421.05263157896,False,0.0,0.0,True,183.890651,739.2236205,True,5478.947368421056,-5478.947368421056,80,211160.27625207897,False,False,13.367043729736414,qwen3.6-flash-2026-04-16,,e8b46a7e2784d841ed99dabee524da0abc10f4fedcb07d4ceaa289faa18c7817,8feee3f6f386ff226a47a0c3cc07b949b7f7bb3ca4da475590366b270fa30954,1,1.27672,2026-08-19T17:39:55.523785+00:00,2026-08-19T17:39:56.800505+00:00,1787161195.523785,1787161196.800505
F0,e2bv2f0_61483774ba7c77172be1,v2e2_16b5f26ad506f7afac02,qwen_flash,S1,stale,1,2,7,export_limit_update,medium,autumn,san_diego,15,81,20.25,175.0,250.0,-75.0,75.0,canonical_lower,75.0,True,39f4757169c6a5bd58e2828b19c14cd3e8d8536ba7b15137d921318400aafa03,5062.5,False,True,True,True,False,False,False,0.0,0.0,True,2775.822368421054,130742.5986842106,False,0.0,0.0,True,183.890651,640.903611,True,3025.822368421054,-3025.822368421054,79,131383.50229521055,False,False,155.9751387297364,False,0.0,0.0,True,2850.822368421053,136699.17763157896,False,0.0,0.0,True,183.890651,640.903611,True,3100.822368421053,-3100.822368421053,80,137340.08124257892,False,False,155.9751387297364,qwen3.6-flash-2026-04-16,,2dc9ba47e7426fbb0cc7b713e578e401940b9ee709b03d3019b5fab93a32705b,1a28476b24dbafe01f4eeb5d8ded38fd9935c30db88161575cafbc905cfbcd23,1,2.085162,2026-08-19T17:39:56.826585+00:00,2026-08-19T17:39:58.911747+00:00,1787161196.826585,1787161198.911747
F0,e2bv2f0_61483774ba7c77172be1,v2e2_16b5f26ad506f7afac02,qwen_flash,C2,canonical,2,3,7,export_limit_update,medium,autumn,san_diego,15,81,20.25,175.0,250.0,-75.0,75.0,canonical_lower,75.0,True,f68ea2014fb1ce59b54e36944b8b469f9a89ae73533529c883c148e0fb46fbe0,5062.5,False,True,True,True,False,False,False,0.0,0.0,True,2597.368421052632,107786.18421052633,False,0.0,0.0,False,0.0,0.0,True,472.36842105263213,-472.36842105263213,80,107786.18421052616,False,False,269.83907872973646,False,0.0,0.0,True,2597.368421052632,107786.18421052633,False,0.0,0.0,False,0.0,0.0,True,472.36842105263213,-472.36842105263213,80,107786.18421052616,False,False,269.83907872973646,qwen3.6-flash-2026-04-16,,e8b46a7e2784d841ed99dabee524da0abc10f4fedcb07d4ceaa289faa18c7817,8feee3f6f386ff226a47a0c3cc07b949b7f7bb3ca4da475590366b270fa30954,1,3.279999,2026-08-19T17:39:58.944451+00:00,2026-08-19T17:40:02.224450+00:00,1787161198.944451,1787161202.22445
F0,e2bv2f0_61483774ba7c77172be1,v2e2_16b5f26ad506f7afac02,qwen_flash,S2,stale,2,4,7,export_limit_update,medium,autumn,san_diego,15,81,20.25,175.0,250.0,-75.0,75.0,canonical_lower,75.0,True,82e196fab5150c31f985efd8e360479bfb937eb11aa847a6a18921a145144db4,5062.5,False,True,True,True,False,False,False,0.0,0.0,True,5153.947368421055,204464.47368421056,False,0.0,0.0,True,183.890651,739.2236205,True,5403.947368421055,-5403.947368421055,79,205203.69730471054,False,False,13.367043729736414,False,0.0,0.0,True,5228.947368421056,210421.05263157896,False,0.0,0.0,True,183.890651,739.2236205,True,5478.947368421056,-5478.947368421056,80,211160.27625207897,False,False,13.367043729736414,qwen3.6-flash-2026-04-16,,2dc9ba47e7426fbb0cc7b713e578e401940b9ee709b03d3019b5fab93a32705b,1a28476b24dbafe01f4eeb5d8ded38fd9935c30db88161575cafbc905cfbcd23,1,1.409401,2026-08-19T17:40:02.249916+00:00,2026-08-19T17:40:03.659317+00:00,1787161202.249916,1787161203.659317
F0,e2bv2f0_763bc376129653691f8c,v2e2_c9b994f593c92dd9efa9,qwen_flash,S1,stale,1,1,29,power_limit_derating,hard,autumn,san_diego,5,91,22.75,200.0,250.0,-50.0,50.0,canonical_lower,50.0,True,4e28b1dfc57dae2a46fde2464b47f1a4cba72117012d6bab7739e1f246809fa4,3526.25,False,True,True,True,False,False,False,0.0,0.0,True,3536.8421052631566,155111.8421052632,False,0.0,0.0,True,49.21385699999996,90.51959749999999,True,3786.8421052631566,-3786.8421052631566,87,155202.3617027632,False,False,134.33308600848363,False,0.0,0.0,True,3586.842105263156,159500.00000000003,False,0.0,0.0,True,49.21385699999996,90.51959749999999,True,3836.842105263156,-3836.842105263156,88,159590.51959750004,False,False,134.33308600848363,qwen3.6-flash-2026-04-16,,d9c9f091050d3aa310a770b35beafaa2bc81af7110c4fdef0b9af1808516d28f,733b0366c5fd263f870ab1cd86ad185e1911bd0fc094ad94cfe532baaba79f98,1,1.117806,2026-08-19T17:40:15.312828+00:00,2026-08-19T17:40:16.430634+00:00,1787161215.312828,1787161216.430634
F0,e2bv2f0_763bc376129653691f8c,v2e2_c9b994f593c92dd9efa9,qwen_flash,C2,canonical,2,2,29,power_limit_derating,hard,autumn,san_diego,5,91,22.75,200.0,250.0,-50.0,50.0,canonical_lower,50.0,True,4e28b1dfc57dae2a46fde2464b47f1a4cba72117012d6bab7739e1f246809fa4,3526.25,False,True,True,True,False,False,False,0.0,0.0,True,3586.842105263156,159500.00000000003,False,0.0,0.0,True,49.21385699999996,90.51959749999999,True,3836.842105263156,-3836.842105263156,88,159590.51959750004,False,False,134.33308600848363,False,0.0,0.0,True,3586.842105263156,159500.00000000003,False,0.0,0.0,True,49.21385699999996,90.51959749999999,True,3836.842105263156,-3836.842105263156,88,159590.51959750004,False,False,134.33308600848363,qwen3.6-flash-2026-04-16,,608e83971705c10aedbda64767fedb4b141af79ec9bba0bf50656128c61728dc,a9faa2990a430241ab91bd3a299e8f69d99b3466d2574d4794a55676e045d526,1,1.107387,2026-08-19T17:40:16.456840+00:00,2026-08-19T17:40:17.564227+00:00,1787161216.45684,1787161217.564227
F0,e2bv2f0_763bc376129653691f8c,v2e2_c9b994f593c92dd9efa9,qwen_flash,S2,stale,2,3,29,power_limit_derating,hard,autumn,san_diego,5,91,22.75,200.0,250.0,-50.0,50.0,canonical_lower,50.0,True,4e28b1dfc57dae2a46fde2464b47f1a4cba72117012d6bab7739e1f246809fa4,3526.25,False,True,True,True,False,False,False,0.0,0.0,True,3536.8421052631566,155111.8421052632,False,0.0,0.0,True,49.21385699999996,90.51959749999999,True,3786.8421052631566,-3786.8421052631566,87,155202.3617027632,False,False,134.33308600848363,False,0.0,0.0,True,3586.842105263156,159500.00000000003,False,0.0,0.0,True,49.21385699999996,90.51959749999999,True,3836.842105263156,-3836.842105263156,88,159590.51959750004,False,False,134.33308600848363,qwen3.6-flash-2026-04-16,,d9c9f091050d3aa310a770b35beafaa2bc81af7110c4fdef0b9af1808516d28f,733b0366c5fd263f870ab1cd86ad185e1911bd0fc094ad94cfe532baaba79f98,1,1.026058,2026-08-19T17:40:17.590493+00:00,2026-08-19T17:40:18.616551+00:00,1787161217.590493,1787161218.616551
F0,e2bv2f0_763bc376129653691f8c,v2e2_c9b994f593c92dd9efa9,qwen_flash,C1,canonical,1,4,29,power_limit_derating,hard,autumn,san_diego,5,91,22.75,200.0,250.0,-50.0,50.0,canonical_lower,50.0,True,4e28b1dfc57dae2a46fde2464b47f1a4cba72117012d6bab7739e1f246809fa4,3526.25,False,True,True,True,False,False,False,0.0,0.0,True,3586.842105263156,159500.00000000003,False,0.0,0.0,True,49.21385699999996,90.51959749999999,True,3836.842105263156,-3836.842105263156,88,159590.51959750004,False,False,134.33308600848363,False,0.0,0.0,True,3586.842105263156,159500.00000000003,False,0.0,0.0,True,49.21385699999996,90.51959749999999,True,3836.842105263156,-3836.842105263156,88,159590.51959750004,False,False,134.33308600848363,qwen3.6-flash-2026-04-16,,608e83971705c10aedbda64767fedb4b141af79ec9bba0bf50656128c61728dc,a9faa2990a430241ab91bd3a299e8f69d99b3466d2574d4794a55676e045d526,1,1.165205,2026-08-19T17:40:18.647588+00:00,2026-08-19T17:40:19.812793+00:00,1787161218.647588,1787161219.812793
F0,e2bv2f0_7910d2c9c4a8669c3d46,v2e2_1fd8536d13787e44dc17,deepseek_formal,C2,canonical,2,1,10,battery_capacity_derating,easy,spring,fresno,6,90,22.5,350.0,250.0,100.0,100.0,canonical_higher,100.0,True,fe2f74a1e0b16a66452888eb4d734bc455cf1304481bb495d59afa8cf9cae93b,0.0,True,False,False,False,False,False,False,0.0,0.0,False,0.0,0.0,False,0.0,0.0,False,0.0,0.0,True,25.0,25.0,0,0.0,True,False,286.2237116454133,False,0.0,0.0,False,0.0,0.0,False,0.0,0.0,False,0.0,0.0,True,25.0,25.0,0,0.0,True,False,286.2237116454133,deepseek-v4-flash,a26a7955944dc5c60445bff77fac9c8e,ae5fb65c62fb49cd4262f76835f5f7b6000542f977b03ea2947a487bd570a27c,2e9419bcc2629a6d9f458bedf48969779f62d4abb2839887caa0510e54471c9b,1,3.009613,2026-08-19T17:40:01.067101+00:00,2026-08-19T17:40:04.076714+00:00,1787161201.067101,1787161204.076714
F0,e2bv2f0_7910d2c9c4a8669c3d46,v2e2_1fd8536d13787e44dc17,deepseek_formal,S2,stale,2,2,10,battery_capacity_derating,easy,spring,fresno,6,90,22.5,350.0,250.0,100.0,100.0,canonical_higher,100.0,True,fe2f74a1e0b16a66452888eb4d734bc455cf1304481bb495d59afa8cf9cae93b,0.0,True,False,False,False,False,False,False,0.0,0.0,False,0.0,0.0,False,0.0,0.0,False,0.0,0.0,True,75.0,-75.0,0,0.0,True,False,286.2237116454133,False,0.0,0.0,False,0.0,0.0,False,0.0,0.0,False,0.0,0.0,True,25.0,25.0,0,0.0,True,False,286.2237116454133,deepseek-v4-flash,a26a7955944dc5c60445bff77fac9c8e,8857e190252c6d1a0e02d33ae020df07a920a3106604a437a5664c7d77675557,073b988f056d1131ba5f0200f4b281fc658670919e7a505ae2e629aba54177ce,1,1.582414,2026-08-19T17:40:04.102129+00:00,2026-08-19T17:40:05.684543+00:00,1787161204.102129,1787161205.684543
F0,e2bv2f0_7910d2c9c4a8669c3d46,v2e2_1fd8536d13787e44dc17,deepseek_formal,C1,canonical,1,3,10,battery_capacity_derating,easy,spring,fresno,6,90,22.5,350.0,250.0,100.0,100.0,canonical_higher,100.0,True,fe2f74a1e0b16a66452888eb4d734bc455cf1304481bb495d59afa8cf9cae93b,0.0,True,False,False,False,False,False,False,0.0,0.0,False,0.0,0.0,False,0.0,0.0,False,0.0,0.0,True,25.0,25.0,0,0.0,True,False,286.2237116454133,False,0.0,0.0,False,0.0,0.0,False,0.0,0.0,False,0.0,0.0,True,25.0,25.0,0,0.0,True,False,286.2237116454133,deepseek-v4-flash,a26a7955944dc5c60445bff77fac9c8e,ae5fb65c62fb49cd4262f76835f5f7b6000542f977b03ea2947a487bd570a27c,2e9419bcc2629a6d9f458bedf48969779f62d4abb2839887caa0510e54471c9b,1,0.793586,2026-08-19T17:40:05.711151+00:00,2026-08-19T17:40:06.504737+00:00,1787161205.711151,1787161206.504737
F0,e2bv2f0_7910d2c9c4a8669c3d46,v2e2_1fd8536d13787e44dc17,deepseek_formal,S1,stale,1,4,10,battery_capacity_derating,easy,spring,fresno,6,90,22.5,350.0,250.0,100.0,100.0,canonical_higher,100.0,True,fe2f74a1e0b16a66452888eb4d734bc455cf1304481bb495d59afa8cf9cae93b,0.0,True,False,False,False,False,False,False,0.0,0.0,False,0.0,0.0,False,0.0,0.0,False,0.0,0.0,True,75.0,-75.0,0,0.0,True,False,286.2237116454133,False,0.0,0.0,False,0.0,0.0,False,0.0,0.0,False,0.0,0.0,True,25.0,25.0,0,0.0,True,False,286.2237116454133,deepseek-v4-flash,a26a7955944dc5c60445bff77fac9c8e,8857e190252c6d1a0e02d33ae020df07a920a3106604a437a5664c7d77675557,073b988f056d1131ba5f0200f4b281fc658670919e7a505ae2e629aba54177ce,1,1.712838,2026-08-19T17:40:06.538278+00:00,2026-08-19T17:40:08.251116+00:00,1787161206.538278,1787161208.251116
F0,e2bv2f0_808d81b0f85717709978,v2e2_07ecea8c63a586f9fa3b,deepseek_formal,C2,canonical,2,1,2,reserve_commitment_update,hard,spring,fresno,9,87,21.75,350.0,250.0,100.0,100.0,canonical_higher,100.0,True,030dd256c2a1dda892b0e57157ec52f9ae5fd1e054d0c66380fae1cb6c09c477,0.0,True,False,False,False,False,False,False,0.0,0.0,False,0.0,0.0,False,0.0,0.0,False,0.0,0.0,True,25.0,25.0,0,0.0,True,False,476.1447830931509,False,0.0,0.0,False,0.0,0.0,False,0.0,0.0,False,0.0,0.0,True,25.0,25.0,0,0.0,True,False,476.1447830931509,deepseek-v4-flash,a26a7955944dc5c60445bff77fac9c8e,52cf34b9c4bcb83dc567eeefd5dc59b5140d5d65a4c88088884d2c56db729f37,947681b18468fc3844d20fdc33baeea47d670c63f3610a5ef5d7d26293dff557,1,3.250527,2026-08-19T17:39:53.937290+00:00,2026-08-19T17:39:57.187817+00:00,1787161193.93729,1787161197.187817
F0,e2bv2f0_808d81b0f85717709978,v2e2_07ecea8c63a586f9fa3b,deepseek_formal,S2,stale,2,2,2,reserve_commitment_update,hard,spring,fresno,9,87,21.75,350.0,250.0,100.0,100.0,canonical_higher,100.0,True,030dd256c2a1dda892b0e57157ec52f9ae5fd1e054d0c66380fae1cb6c09c477,0.0,True,False,False,False,False,False,False,0.0,0.0,False,0.0,0.0,False,0.0,0.0,False,0.0,0.0,True,75.0,-75.0,0,0.0,True,False,476.1447830931509,False,0.0,0.0,False,0.0,0.0,False,0.0,0.0,False,0.0,0.0,True,25.0,25.0,0,0.0,True,False,476.1447830931509,deepseek-v4-flash,a26a7955944dc5c60445bff77fac9c8e,11340ad322b45f30ae9f1ca21ec156c56ca94de6033549ceec7ba14caf5d7867,9dceaa43940d3dd29aba5ec618addbe4992e150fe940c27a2b9b1e6489205d70,1,1.176426,2026-08-19T17:39:57.217223+00:00,2026-08-19T17:39:58.393649+00:00,1787161197.217223,1787161198.393649
F0,e2bv2f0_808d81b0f85717709978,v2e2_07ecea8c63a586f9fa3b,deepseek_formal,C1,canonical,1,3,2,reserve_commitment_update,hard,spring,fresno,9,87,21.75,350.0,250.0,100.0,100.0,canonical_higher,100.0,True,030dd256c2a1dda892b0e57157ec52f9ae5fd1e054d0c66380fae1cb6c09c477,0.0,True,False,False,False,False,False,False,0.0,0.0,False,0.0,0.0,False,0.0,0.0,False,0.0,0.0,True,25.0,25.0,0,0.0,True,False,476.1447830931509,False,0.0,0.0,False,0.0,0.0,False,0.0,0.0,False,0.0,0.0,True,25.0,25.0,0,0.0,True,False,476.1447830931509,deepseek-v4-flash,a26a7955944dc5c60445bff77fac9c8e,52cf34b9c4bcb83dc567eeefd5dc59b5140d5d65a4c88088884d2c56db729f37,947681b18468fc3844d20fdc33baeea47d670c63f3610a5ef5d7d26293dff557,1,0.975473,2026-08-19T17:39:58.432239+00:00,2026-08-19T17:39:59.407712+00:00,1787161198.432239,1787161199.407712
F0,e2bv2f0_808d81b0f85717709978,v2e2_07ecea8c63a586f9fa3b,deepseek_formal,S1,stale,1,4,2,reserve_commitment_update,hard,spring,fresno,9,87,21.75,350.0,250.0,100.0,100.0,canonical_higher,100.0,True,030dd256c2a1dda892b0e57157ec52f9ae5fd1e054d0c66380fae1cb6c09c477,0.0,True,False,False,False,False,False,False,0.0,0.0,False,0.0,0.0,False,0.0,0.0,False,0.0,0.0,True,75.0,-75.0,0,0.0,True,False,476.1447830931509,False,0.0,0.0,False,0.0,0.0,False,0.0,0.0,False,0.0,0.0,True,25.0,25.0,0,0.0,True,False,476.1447830931509,deepseek-v4-flash,a26a7955944dc5c60445bff77fac9c8e,11340ad322b45f30ae9f1ca21ec156c56ca94de6033549ceec7ba14caf5d7867,9dceaa43940d3dd29aba5ec618addbe4992e150fe940c27a2b9b1e6489205d70,1,2.817275,2026-08-19T17:39:59.434854+00:00,2026-08-19T17:40:02.252129+00:00,1787161199.434854,1787161202.252129
F0,e2bv2f0_822a44de238adf0e8ad8,v2e2_47a354a03084871e0ca3,qwen_flash,S2,stale,2,1,17,export_limit_update,medium,autumn,san_diego,6,90,22.5,200.0,250.0,-50.0,50.0,canonical_lower,50.0,True,25585a42d3e84fc078b0e4cb5a0c2b83181d8e3ad3fa926f9a3e526fe5c105ba,5625.0,False,True,True,True,False,False,False,0.0,0.0,True,5746.052631578953,253810.52631578955,False,0.0,0.0,True,193.29605199999997,740.997847,True,5996.052631578953,-5996.052631578953,88,254551.5241627895,False,False,40.3816209762247,False,0.0,0.0,True,5796.052631578954,258217.10526315798,False,0.0,0.0,True,193.29605199999997,740.997847,True,6046.052631578954,-6046.052631578954,89,258958.10311015794,False,False,40.3816209762247,qwen3.6-flash-2026-04-16,,2bb1a029e8e80e07338dc2aa31d7fefbd507a9ada6bbe33948aad762404444a9,09855328065997e40ebcb3faad7cc94d42ad9be6fdb50defb5afb91ab87c764f,1,1.958449,2026-08-19T17:40:07.370795+00:00,2026-08-19T17:40:09.329244+00:00,1787161207.370795,1787161209.329244
F0,e2bv2f0_822a44de238adf0e8ad8,v2e2_47a354a03084871e0ca3,qwen_flash,C1,canonical,1,2,17,export_limit_update,medium,autumn,san_diego,6,90,22.5,200.0,250.0,-50.0,50.0,canonical_lower,50.0,True,25585a42d3e84fc078b0e4cb5a0c2b83181d8e3ad3fa926f9a3e526fe5c105ba,5625.0,False,True,True,True,False,False,False,0.0,0.0,True,5796.052631578954,258217.10526315798,False,0.0,0.0,True,193.29605199999997,740.997847,True,6046.052631578954,-6046.052631578954,89,258958.10311015794,False,False,40.3816209762247,False,0.0,0.0,True,5796.052631578954,258217.10526315798,False,0.0,0.0,True,193.29605199999997,740.997847,True,6046.052631578954,-6046.052631578954,89,258958.10311015794,False,False,40.3816209762247,qwen3.6-flash-2026-04-16,,18c6fda720dd84e29ca2bfe538b574ed4020404d881954e9e2f707cad5e9c244,6af4952159dc9c4a833796b0222452f08c7a9a9d4297e60f11c1de139620011c,1,1.585618,2026-08-19T17:40:09.355537+00:00,2026-08-19T17:40:10.941155+00:00,1787161209.355537,1787161210.941155
F0,e2bv2f0_822a44de238adf0e8ad8,v2e2_47a354a03084871e0ca3,qwen_flash,S1,stale,1,3,17,export_limit_update,medium,autumn,san_diego,6,90,22.5,200.0,250.0,-50.0,50.0,canonical_lower,50.0,True,25585a42d3e84fc078b0e4cb5a0c2b83181d8e3ad3fa926f9a3e526fe5c105ba,5625.0,False,True,True,True,False,False,False,0.0,0.0,True,5746.052631578953,253810.52631578955,False,0.0,0.0,True,193.29605199999997,740.997847,True,5996.052631578953,-5996.052631578953,88,254551.5241627895,False,False,40.3816209762247,False,0.0,0.0,True,5796.052631578954,258217.10526315798,False,0.0,0.0,True,193.29605199999997,740.997847,True,6046.052631578954,-6046.052631578954,89,258958.10311015794,False,False,40.3816209762247,qwen3.6-flash-2026-04-16,,2bb1a029e8e80e07338dc2aa31d7fefbd507a9ada6bbe33948aad762404444a9,09855328065997e40ebcb3faad7cc94d42ad9be6fdb50defb5afb91ab87c764f,1,0.957545,2026-08-19T17:40:10.967190+00:00,2026-08-19T17:40:11.924735+00:00,1787161210.96719,1787161211.924735
F0,e2bv2f0_822a44de238adf0e8ad8,v2e2_47a354a03084871e0ca3,qwen_flash,C2,canonical,2,4,17,export_limit_update,medium,autumn,san_diego,6,90,22.5,200.0,250.0,-50.0,50.0,canonical_lower,50.0,True,25585a42d3e84fc078b0e4cb5a0c2b83181d8e3ad3fa926f9a3e526fe5c105ba,5625.0,False,True,True,True,False,False,False,0.0,0.0,True,5796.052631578954,258217.10526315798,False,0.0,0.0,True,193.29605199999997,740.997847,True,6046.052631578954,-6046.052631578954,89,258958.10311015794,False,False,40.3816209762247,False,0.0,0.0,True,5796.052631578954,258217.10526315798,False,0.0,0.0,True,193.29605199999997,740.997847,True,6046.052631578954,-6046.052631578954,89,258958.10311015794,False,False,40.3816209762247,qwen3.6-flash-2026-04-16,,18c6fda720dd84e29ca2bfe538b574ed4020404d881954e9e2f707cad5e9c244,6af4952159dc9c4a833796b0222452f08c7a9a9d4297e60f11c1de139620011c,1,0.950514,2026-08-19T17:40:11.957522+00:00,2026-08-19T17:40:12.908036+00:00,1787161211.957522,1787161212.908036
F0,e2bv2f0_878d5f12eaa6bb4e1b3e,v2e2_12b72852882928644d40,deepseek_formal,C2,canonical,2,1,4,forecast_revision,easy,winter,los_angeles,10,86,21.5,300.0,250.0,50.0,50.0,canonical_higher,50.0,True,334e61fade598d87a35822d34aaa6adec70d9edb5a441ea134552eeb2afd813e,0.0,True,False,False,False,False,False,False,0.0,0.0,False,0.0,0.0,False,0.0,0.0,False,0.0,0.0,True,25.0,-25.0,0,0.0,True,False,239.05926461732224,False,0.0,0.0,False,0.0,0.0,False,0.0,0.0,False,0.0,0.0,True,25.0,-25.0,0,0.0,True,False,239.05926461732224,deepseek-v4-flash,a26a7955944dc5c60445bff77fac9c8e,457aebfe1bd793ad5b1d2db9d005117d64f8a4fa4f6ea3fbe425459ab5ce3a50,c2bc98873a45da7e4c85cc1caed740b6238c98fb6e505742b3f604d9b079bfd9,1,2.233417,2026-08-19T17:39:54.594484+00:00,2026-08-19T17:39:56.827901+00:00,1787161194.594484,1787161196.827901
F0,e2bv2f0_878d5f12eaa6bb4e1b3e,v2e2_12b72852882928644d40,deepseek_formal,S2,stale,2,2,4,forecast_revision,easy,winter,los_angeles,10,86,21.5,300.0,250.0,50.0,50.0,canonical_higher,50.0,True,334e61fade598d87a35822d34aaa6adec70d9edb5a441ea134552eeb2afd813e,0.0,True,False,False,False,False,False,False,0.0,0.0,False,0.0,0.0,False,0.0,0.0,False,0.0,0.0,True,75.0,-75.0,0,0.0,True,False,239.05926461732224,False,0.0,0.0,False,0.0,0.0,False,0.0,0.0,False,0.0,0.0,True,25.0,-25.0,0,0.0,True,False,239.05926461732224,deepseek-v4-flash,a26a7955944dc5c60445bff77fac9c8e,f893e14fe8f910556fc1c88a32438e5dcd2ac189d7b1750a1fce92622945844c,5911d0fe02e0cfb1dab09835180d3c6e5c7d21dc427e4e2d03aef91ecb40c5cd,1,1.2207,2026-08-19T17:39:56.853296+00:00,2026-08-19T17:39:58.073996+00:00,1787161196.853296,1787161198.073996
F0,e2bv2f0_878d5f12eaa6bb4e1b3e,v2e2_12b72852882928644d40,deepseek_formal,C1,canonical,1,3,4,forecast_revision,easy,winter,los_angeles,10,86,21.5,300.0,250.0,50.0,50.0,canonical_higher,50.0,True,334e61fade598d87a35822d34aaa6adec70d9edb5a441ea134552eeb2afd813e,0.0,True,False,False,False,False,False,False,0.0,0.0,False,0.0,0.0,False,0.0,0.0,False,0.0,0.0,True,25.0,-25.0,0,0.0,True,False,239.05926461732224,False,0.0,0.0,False,0.0,0.0,False,0.0,0.0,False,0.0,0.0,True,25.0,-25.0,0,0.0,True,False,239.05926461732224,deepseek-v4-flash,a26a7955944dc5c60445bff77fac9c8e,457aebfe1bd793ad5b1d2db9d005117d64f8a4fa4f6ea3fbe425459ab5ce3a50,c2bc98873a45da7e4c85cc1caed740b6238c98fb6e505742b3f604d9b079bfd9,1,1.209711,2026-08-19T17:39:58.100051+00:00,2026-08-19T17:39:59.309762+00:00,1787161198.100051,1787161199.309762
F0,e2bv2f0_878d5f12eaa6bb4e1b3e,v2e2_12b72852882928644d40,deepseek_formal,S1,stale,1,4,4,forecast_revision,easy,winter,los_angeles,10,86,21.5,300.0,250.0,50.0,50.0,canonical_higher,50.0,True,334e61fade598d87a35822d34aaa6adec70d9edb5a441ea134552eeb2afd813e,0.0,True,False,False,False,False,False,False,0.0,0.0,False,0.0,0.0,False,0.0,0.0,False,0.0,0.0,True,75.0,-75.0,0,0.0,True,False,239.05926461732224,False,0.0,0.0,False,0.0,0.0,False,0.0,0.0,False,0.0,0.0,True,25.0,-25.0,0,0.0,True,False,239.05926461732224,deepseek-v4-flash,a26a7955944dc5c60445bff77fac9c8e,f893e14fe8f910556fc1c88a32438e5dcd2ac189d7b1750a1fce92622945844c,5911d0fe02e0cfb1dab09835180d3c6e5c7d21dc427e4e2d03aef91ecb40c5cd,1,2.492925,2026-08-19T17:39:59.350960+00:00,2026-08-19T17:40:01.843885+00:00,1787161199.35096,1787161201.843885
F0,e2bv2f0_87c35364ffbbc8c093ca,v2e2_599ab783e7af2d598059,deepseek_formal,C1,canonical,1,1,18,reserve_commitment_update,hard,spring,los_angeles,5,91,22.75,300.0,250.0,50.0,50.0,canonical_higher,50.0,True,e6ff459ebc86a128b3e37b46d41efd52eedbe5c955acf3d20dfbf99a33fb2557,0.0,True,False,False,False,False,False,False,0.0,0.0,False,0.0,0.0,False,0.0,0.0,False,0.0,0.0,True,25.0,-25.0,0,0.0,True,False,331.80306340636486,False,0.0,0.0,False,0.0,0.0,False,0.0,0.0,False,0.0,0.0,True,25.0,-25.0,0,0.0,True,False,331.80306340636486,deepseek-v4-flash,a26a7955944dc5c60445bff77fac9c8e,f43ee7106985b33021b6cdca0501fab68f119fd367aee309090227e001eb9d44,37af6e8f854f02a9d262a5abee7715e4648b1f74754f9ef5938573f6f0d8e204,1,3.217636,2026-08-19T17:40:07.887924+00:00,2026-08-19T17:40:11.105560+00:00,1787161207.887924,1787161211.10556
F0,e2bv2f0_87c35364ffbbc8c093ca,v2e2_599ab783e7af2d598059,deepseek_formal,S1,stale,1,2,18,reserve_commitment_update,hard,spring,los_angeles,5,91,22.75,300.0,250.0,50.0,50.0,canonical_higher,50.0,True,e6ff459ebc86a128b3e37b46d41efd52eedbe5c955acf3d20dfbf99a33fb2557,0.0,True,False,False,False,False,False,False,0.0,0.0,False,0.0,0.0,False,0.0,0.0,False,0.0,0.0,True,75.0,-75.0,0,0.0,True,False,331.80306340636486,False,0.0,0.0,False,0.0,0.0,False,0.0,0.0,False,0.0,0.0,True,25.0,-25.0,0,0.0,True,False,331.80306340636486,deepseek-v4-flash,a26a7955944dc5c60445bff77fac9c8e,b0c312733b0bb5e58a7c7d62b8c74b5909508b6eb3f5ea9f75cedae778b6fd96,068fcacb4b3b66849aa7d06a09ba07d63d5ed318f65cf719396fc5cc29bbee4e,1,1.254185,2026-08-19T17:40:11.135954+00:00,2026-08-19T17:40:12.390139+00:00,1787161211.135954,1787161212.390139
F0,e2bv2f0_87c35364ffbbc8c093ca,v2e2_599ab783e7af2d598059,deepseek_formal,C2,canonical,2,3,18,reserve_commitment_update,hard,spring,los_angeles,5,91,22.75,300.0,250.0,50.0,50.0,canonical_higher,50.0,True,e6ff459ebc86a128b3e37b46d41efd52eedbe5c955acf3d20dfbf99a33fb2557,0.0,True,False,False,False,False,False,False,0.0,0.0,False,0.0,0.0,False,0.0,0.0,False,0.0,0.0,True,25.0,-25.0,0,0.0,True,False,331.80306340636486,False,0.0,0.0,False,0.0,0.0,False,0.0,0.0,False,0.0,0.0,True,25.0,-25.0,0,0.0,True,False,331.80306340636486,deepseek-v4-flash,a26a7955944dc5c60445bff77fac9c8e,f43ee7106985b33021b6cdca0501fab68f119fd367aee309090227e001eb9d44,37af6e8f854f02a9d262a5abee7715e4648b1f74754f9ef5938573f6f0d8e204,1,2.494908,2026-08-19T17:40:12.421292+00:00,2026-08-19T17:40:14.916200+00:00,1787161212.421292,1787161214.9162
F0,e2bv2f0_87c35364ffbbc8c093ca,v2e2_599ab783e7af2d598059,deepseek_formal,S2,stale,2,4,18,reserve_commitment_update,hard,spring,los_angeles,5,91,22.75,300.0,250.0,50.0,50.0,canonical_higher,50.0,True,e6ff459ebc86a128b3e37b46d41efd52eedbe5c955acf3d20dfbf99a33fb2557,0.0,True,False,False,False,False,False,False,0.0,0.0,False,0.0,0.0,False,0.0,0.0,False,0.0,0.0,True,75.0,-75.0,0,0.0,True,False,331.80306340636486,False,0.0,0.0,False,0.0,0.0,False,0.0,0.0,False,0.0,0.0,True,25.0,-25.0,0,0.0,True,False,331.80306340636486,deepseek-v4-flash,a26a7955944dc5c60445bff77fac9c8e,b0c312733b0bb5e58a7c7d62b8c74b5909508b6eb3f5ea9f75cedae778b6fd96,068fcacb4b3b66849aa7d06a09ba07d63d5ed318f65cf719396fc5cc29bbee4e,1,1.662281,2026-08-19T17:40:14.942304+00:00,2026-08-19T17:40:16.604585+00:00,1787161214.942304,1787161216.604585
F0,e2bv2f0_a71c38f29300edd14359,v2e2_20534de655a33fde87ca,deepseek_formal,S1,stale,1,1,12,export_limit_update,easy,summer,los_angeles,4,92,23.0,150.0,250.0,-100.0,100.0,canonical_lower,100.0,True,c6c9b8650bdf333e657353246bc6f5b02f61950d8990935e2f0e38a63197c80c,0.0,True,False,False,False,False,False,False,0.0,0.0,False,0.0,0.0,False,0.0,0.0,False,0.0,0.0,True,75.0,-75.0,0,0.0,True,False,292.12446556848863,False,0.0,0.0,False,0.0,0.0,False,0.0,0.0,False,0.0,0.0,True,175.0,-175.0,0,0.0,True,False,292.12446556848863,deepseek-v4-flash,a26a7955944dc5c60445bff77fac9c8e,7ea6855a1a1623864cb4fb3a53536cb09bbda62fa94448c2fc52f2547a6fece9,2943a08e96c87dbcd6470659e7bb9516ace7ff92f5a56e0abb5d3be181c420af,1,2.427051,2026-08-19T17:40:01.842934+00:00,2026-08-19T17:40:04.269985+00:00,1787161201.842934,1787161204.269985
F0,e2bv2f0_a71c38f29300edd14359,v2e2_20534de655a33fde87ca,deepseek_formal,C2,canonical,2,2,12,export_limit_update,easy,summer,los_angeles,4,92,23.0,150.0,250.0,-100.0,100.0,canonical_lower,100.0,True,c6c9b8650bdf333e657353246bc6f5b02f61950d8990935e2f0e38a63197c80c,0.0,True,False,False,False,False,False,False,0.0,0.0,False,0.0,0.0,False,0.0,0.0,False,0.0,0.0,True,175.0,-175.0,0,0.0,True,False,292.12446556848863,False,0.0,0.0,False,0.0,0.0,False,0.0,0.0,False,0.0,0.0,True,175.0,-175.0,0,0.0,True,False,292.12446556848863,deepseek-v4-flash,a26a7955944dc5c60445bff77fac9c8e,b631f883abf68d0eef58e652134ef7a2a544788885e29001ee2e20cce164c477,dd285f107801083583f0cf876b335cb7f26d9b30c6aef3697d298d2b2d8a71af,1,1.480651,2026-08-19T17:40:04.303208+00:00,2026-08-19T17:40:05.783859+00:00,1787161204.303208,1787161205.783859
F0,e2bv2f0_a71c38f29300edd14359,v2e2_20534de655a33fde87ca,deepseek_formal,S2,stale,2,3,12,export_limit_update,easy,summer,los_angeles,4,92,23.0,150.0,250.0,-100.0,100.0,canonical_lower,100.0,True,c6c9b8650bdf333e657353246bc6f5b02f61950d8990935e2f0e38a63197c80c,0.0,True,False,False,False,False,False,False,0.0,0.0,False,0.0,0.0,False,0.0,0.0,False,0.0,0.0,True,75.0,-75.0,0,0.0,True,False,292.12446556848863,False,0.0,0.0,False,0.0,0.0,False,0.0,0.0,False,0.0,0.0,True,175.0,-175.0,0,0.0,True,False,292.12446556848863,deepseek-v4-flash,a26a7955944dc5c60445bff77fac9c8e,7ea6855a1a1623864cb4fb3a53536cb09bbda62fa94448c2fc52f2547a6fece9,2943a08e96c87dbcd6470659e7bb9516ace7ff92f5a56e0abb5d3be181c420af,1,1.558216,2026-08-19T17:40:05.813345+00:00,2026-08-19T17:40:07.371561+00:00,1787161205.813345,1787161207.371561
F0,e2bv2f0_a71c38f29300edd14359,v2e2_20534de655a33fde87ca,deepseek_formal,C1,canonical,1,4,12,export_limit_update,easy,summer,los_angeles,4,92,23.0,150.0,250.0,-100.0,100.0,canonical_lower,100.0,True,c6c9b8650bdf333e657353246bc6f5b02f61950d8990935e2f0e38a63197c80c,0.0,True,False,False,False,False,False,False,0.0,0.0,False,0.0,0.0,False,0.0,0.0,False,0.0,0.0,True,175.0,-175.0,0,0.0,True,False,292.12446556848863,False,0.0,0.0,False,0.0,0.0,False,0.0,0.0,False,0.0,0.0,True,175.0,-175.0,0,0.0,True,False,292.12446556848863,deepseek-v4-flash,a26a7955944dc5c60445bff77fac9c8e,b631f883abf68d0eef58e652134ef7a2a544788885e29001ee2e20cce164c477,dd285f107801083583f0cf876b335cb7f26d9b30c6aef3697d298d2b2d8a71af,1,1.985877,2026-08-19T17:40:07.397487+00:00,2026-08-19T17:40:09.383364+00:00,1787161207.397487,1787161209.383364
F0,e2bv2f0_b500cd6c762b1feea5cd,v2e2_20534de655a33fde87ca,qwen_flash,S1,stale,1,1,13,export_limit_update,easy,summer,los_angeles,4,92,23.0,150.0,250.0,-100.0,100.0,canonical_lower,100.0,True,c8094771f88f8f61052b37442b19aeb1c6d50aff4e9aed31fc2d9c4858dbd60b,3174.0,False,True,True,True,False,False,False,0.0,0.0,True,3166.0526315789443,139595.78947368407,False,0.0,0.0,False,0.0,0.0,True,3416.0526315789443,-3416.0526315789443,88,139595.7894736841,False,False,164.949636828489,False,0.0,0.0,True,3266.0526315789443,148499.99999999985,False,0.0,0.0,False,0.0,0.0,True,3516.0526315789443,-3516.0526315789443,90,148499.99999999988,False,False,164.949636828489,qwen3.6-flash-2026-04-16,,7ea6855a1a1623864cb4fb3a53536cb09bbda62fa94448c2fc52f2547a6fece9,3025ebeeac5fba1a68e54f35e9190a560bd99b1e44c74898c9e6ca23b50f2d12,1,1.826975,2026-08-19T17:40:02.223515+00:00,2026-08-19T17:40:04.050490+00:00,1787161202.223515,1787161204.05049
F0,e2bv2f0_b500cd6c762b1feea5cd,v2e2_20534de655a33fde87ca,qwen_flash,C2,canonical,2,2,13,export_limit_update,easy,summer,los_angeles,4,92,23.0,150.0,250.0,-100.0,100.0,canonical_lower,100.0,True,01835ca016b6607eda94cb8ff102b2cad69b4a1cb53b69f7d0ebcbc5963fd2b6,3450.0,False,True,True,True,False,False,False,0.0,0.0,True,3556.578947368417,162003.94736842095,False,0.0,0.0,False,0.0,0.0,True,3806.578947368417,-3806.578947368417,91,162003.94736842098,False,False,153.890956068489,False,0.0,0.0,True,3556.578947368417,162003.94736842095,False,0.0,0.0,False,0.0,0.0,True,3806.578947368417,-3806.578947368417,91,162003.94736842098,False,False,153.890956068489,qwen3.6-flash-2026-04-16,,b631f883abf68d0eef58e652134ef7a2a544788885e29001ee2e20cce164c477,e5152a86abd7f83d16992103e84053188dcb6540ff7f60fd03d6059fdf68f90d,1,1.27312,2026-08-19T17:40:04.075965+00:00,2026-08-19T17:40:05.349085+00:00,1787161204.075965,1787161205.349085
F0,e2bv2f0_b500cd6c762b1feea5cd,v2e2_20534de655a33fde87ca,qwen_flash,S2,stale,2,3,13,export_limit_update,easy,summer,los_angeles,4,92,23.0,150.0,250.0,-100.0,100.0,canonical_lower,100.0,True,d55b6a16f620dbabf4a34d97484bd9f0f538d06e0d296cc433a21c3aeaf1a9d4,5750.0,False,True,True,True,False,False,False,0.0,0.0,True,5877.631578947375,265500.0000000001,False,0.0,0.0,True,78.62948399999999,214.65365025,True,6127.631578947375,-6127.631578947375,90,265714.65365025005,False,False,61.73528306848858,False,0.0,0.0,True,5977.631578947376,274556.5789473685,False,0.0,0.0,True,78.62948399999999,214.65365025,True,6227.631578947376,-6227.631578947376,91,274771.23259761854,False,False,61.73528306848858,qwen3.6-flash-2026-04-16,,7ea6855a1a1623864cb4fb3a53536cb09bbda62fa94448c2fc52f2547a6fece9,3025ebeeac5fba1a68e54f35e9190a560bd99b1e44c74898c9e6ca23b50f2d12,1,1.016804,2026-08-19T17:40:05.388906+00:00,2026-08-19T17:40:06.405710+00:00,1787161205.388906,1787161206.40571
F0,e2bv2f0_b500cd6c762b1feea5cd,v2e2_20534de655a33fde87ca,qwen_flash,C1,canonical,1,4,13,export_limit_update,easy,summer,los_angeles,4,92,23.0,150.0,250.0,-100.0,100.0,canonical_lower,100.0,True,01835ca016b6607eda94cb8ff102b2cad69b4a1cb53b69f7d0ebcbc5963fd2b6,3450.0,False,True,True,True,False,False,False,0.0,0.0,True,3556.578947368417,162003.94736842095,False,0.0,0.0,False,0.0,0.0,True,3806.578947368417,-3806.578947368417,91,162003.94736842098,False,False,153.890956068489,False,0.0,0.0,True,3556.578947368417,162003.94736842095,False,0.0,0.0,False,0.0,0.0,True,3806.578947368417,-3806.578947368417,91,162003.94736842098,False,False,153.890956068489,qwen3.6-flash-2026-04-16,,b631f883abf68d0eef58e652134ef7a2a544788885e29001ee2e20cce164c477,e5152a86abd7f83d16992103e84053188dcb6540ff7f60fd03d6059fdf68f90d,1,1.042682,2026-08-19T17:40:06.449749+00:00,2026-08-19T17:40:07.492431+00:00,1787161206.449749,1787161207.492431
F0,e2bv2f0_b8cb7de94c5b3b00907d,v2e2_01647af4ab413aad9430,deepseek_formal,C2,canonical,2,1,0,power_limit_derating,hard,winter,sacramento,5,91,22.75,175.0,250.0,-75.0,75.0,canonical_lower,75.0,True,e6ff459ebc86a128b3e37b46d41efd52eedbe5c955acf3d20dfbf99a33fb2557,0.0,True,False,False,False,False,False,False,0.0,0.0,False,0.0,0.0,False,0.0,0.0,False,0.0,0.0,True,150.0,-150.0,0,0.0,True,False,698.3381376210949,False,0.0,0.0,False,0.0,0.0,False,0.0,0.0,False,0.0,0.0,True,150.0,-150.0,0,0.0,True,False,698.3381376210949,deepseek-v4-flash,a26a7955944dc5c60445bff77fac9c8e,cd94ddfefbc2b632642e6b4267ec47ee9ebaa9229ca5cd400e149893650a67c7,575a4095e0f5b8062e0b064ba2f1ef2cfbfeedfb87bd3dbbc867049b65371dcd,1,3.830032,2026-08-19T17:39:53.268152+00:00,2026-08-19T17:39:57.098184+00:00,1787161193.268152,1787161197.098184
F0,e2bv2f0_b8cb7de94c5b3b00907d,v2e2_01647af4ab413aad9430,deepseek_formal,S2,stale,2,2,0,power_limit_derating,hard,winter,sacramento,5,91,22.75,175.0,250.0,-75.0,75.0,canonical_lower,75.0,True,e6ff459ebc86a128b3e37b46d41efd52eedbe5c955acf3d20dfbf99a33fb2557,0.0,True,False,False,False,False,False,False,0.0,0.0,False,0.0,0.0,False,0.0,0.0,False,0.0,0.0,True,75.0,-75.0,0,0.0,True,False,698.3381376210949,False,0.0,0.0,False,0.0,0.0,False,0.0,0.0,False,0.0,0.0,True,150.0,-150.0,0,0.0,True,False,698.3381376210949,deepseek-v4-flash,a26a7955944dc5c60445bff77fac9c8e,ee16c72384f956ac3fafe52c2b6c7b98368973d787b0bd248c103e5961d43942,fe09387ca951617023a65b6fd7f1566df06a1b244761046f57a02ccc3371172f,1,0.914369,2026-08-19T17:39:57.125973+00:00,2026-08-19T17:39:58.040342+00:00,1787161197.125973,1787161198.040342
F0,e2bv2f0_b8cb7de94c5b3b00907d,v2e2_01647af4ab413aad9430,deepseek_formal,C1,canonical,1,3,0,power_limit_derating,hard,winter,sacramento,5,91,22.75,175.0,250.0,-75.0,75.0,canonical_lower,75.0,True,e6ff459ebc86a128b3e37b46d41efd52eedbe5c955acf3d20dfbf99a33fb2557,0.0,True,False,False,False,False,False,False,0.0,0.0,False,0.0,0.0,False,0.0,0.0,False,0.0,0.0,True,150.0,-150.0,0,0.0,True,False,698.3381376210949,False,0.0,0.0,False,0.0,0.0,False,0.0,0.0,False,0.0,0.0,True,150.0,-150.0,0,0.0,True,False,698.3381376210949,deepseek-v4-flash,a26a7955944dc5c60445bff77fac9c8e,cd94ddfefbc2b632642e6b4267ec47ee9ebaa9229ca5cd400e149893650a67c7,575a4095e0f5b8062e0b064ba2f1ef2cfbfeedfb87bd3dbbc867049b65371dcd,1,1.279661,2026-08-19T17:39:58.072646+00:00,2026-08-19T17:39:59.352307+00:00,1787161198.072646,1787161199.352307
F0,e2bv2f0_b8cb7de94c5b3b00907d,v2e2_01647af4ab413aad9430,deepseek_formal,S1,stale,1,4,0,power_limit_derating,hard,winter,sacramento,5,91,22.75,175.0,250.0,-75.0,75.0,canonical_lower,75.0,True,e6ff459ebc86a128b3e37b46d41efd52eedbe5c955acf3d20dfbf99a33fb2557,0.0,True,False,False,False,False,False,False,0.0,0.0,False,0.0,0.0,False,0.0,0.0,False,0.0,0.0,True,75.0,-75.0,0,0.0,True,False,698.3381376210949,False,0.0,0.0,False,0.0,0.0,False,0.0,0.0,False,0.0,0.0,True,150.0,-150.0,0,0.0,True,False,698.3381376210949,deepseek-v4-flash,a26a7955944dc5c60445bff77fac9c8e,ee16c72384f956ac3fafe52c2b6c7b98368973d787b0bd248c103e5961d43942,fe09387ca951617023a65b6fd7f1566df06a1b244761046f57a02ccc3371172f,1,2.052928,2026-08-19T17:39:59.380809+00:00,2026-08-19T17:40:01.433737+00:00,1787161199.380809,1787161201.433737
F0,e2bv2f0_bdcdea7c8e40d95eb8f4,v2e2_599ab783e7af2d598059,qwen_flash,C1,canonical,1,1,19,reserve_commitment_update,hard,spring,los_angeles,5,91,22.75,300.0,250.0,50.0,50.0,canonical_higher,50.0,True,359431def63e4accc9a1d47633a3ddb3ca4424654a7c667dd1cfd15872376319,5687.5,False,True,True,True,False,False,False,0.0,0.0,True,5923.342105263164,269616.2368421053,False,0.0,0.0,True,62.45048300000002,47.386011249999996,True,6011.842105263164,-6011.842105263164,91,269663.62285335525,False,False,156.86907528136476,False,0.0,0.0,True,5923.342105263164,269616.2368421053,False,0.0,0.0,True,62.45048300000002,47.386011249999996,True,6011.842105263164,-6011.842105263164,91,269663.62285335525,False,False,156.86907528136476,qwen3.6-flash-2026-04-16,,f43ee7106985b33021b6cdca0501fab68f119fd367aee309090227e001eb9d44,c00406b211f25beff1e13ad7f01c6a91ca243a6efd9c987949c33f0894336b27,1,2.216732,2026-08-19T17:40:08.250345+00:00,2026-08-19T17:40:10.467077+00:00,1787161208.250345,1787161210.467077
F0,e2bv2f0_bdcdea7c8e40d95eb8f4,v2e2_599ab783e7af2d598059,qwen_flash,S1,stale,1,2,19,reserve_commitment_update,hard,spring,los_angeles,5,91,22.75,300.0,250.0,50.0,50.0,canonical_higher,50.0,True,359431def63e4accc9a1d47633a3ddb3ca4424654a7c667dd1cfd15872376319,5687.5,False,True,True,True,False,False,False,0.0,0.0,True,5973.342105263164,274166.2368421053,False,0.0,0.0,True,62.45048300000002,47.386011249999996,True,6061.842105263164,-6061.842105263164,91,274213.6228533552,False,False,156.86907528136476,False,0.0,0.0,True,5923.342105263164,269616.2368421053,False,0.0,0.0,True,62.45048300000002,47.386011249999996,True,6011.842105263164,-6011.842105263164,91,269663.62285335525,False,False,156.86907528136476,qwen3.6-flash-2026-04-16,,b0c312733b0bb5e58a7c7d62b8c74b5909508b6eb3f5ea9f75cedae778b6fd96,15463951b28b90e21f77a11e2bb3fd7eb588eb8edf3b94bd38a890eabfc50fb1,1,0.995392,2026-08-19T17:40:10.504471+00:00,2026-08-19T17:40:11.499863+00:00,1787161210.504471,1787161211.499863
F0,e2bv2f0_bdcdea7c8e40d95eb8f4,v2e2_599ab783e7af2d598059,qwen_flash,C2,canonical,2,3,19,reserve_commitment_update,hard,spring,los_angeles,5,91,22.75,300.0,250.0,50.0,50.0,canonical_higher,50.0,True,359431def63e4accc9a1d47633a3ddb3ca4424654a7c667dd1cfd15872376319,5687.5,False,True,True,True,False,False,False,0.0,0.0,True,5923.342105263164,269616.2368421053,False,0.0,0.0,True,62.45048300000002,47.386011249999996,True,6011.842105263164,-6011.842105263164,91,269663.62285335525,False,False,156.86907528136476,False,0.0,0.0,True,5923.342105263164,269616.2368421053,False,0.0,0.0,True,62.45048300000002,47.386011249999996,True,6011.842105263164,-6011.842105263164,91,269663.62285335525,False,False,156.86907528136476,qwen3.6-flash-2026-04-16,,f43ee7106985b33021b6cdca0501fab68f119fd367aee309090227e001eb9d44,c00406b211f25beff1e13ad7f01c6a91ca243a6efd9c987949c33f0894336b27,1,1.002846,2026-08-19T17:40:11.535897+00:00,2026-08-19T17:40:12.538743+00:00,1787161211.535897,1787161212.538743
F0,e2bv2f0_bdcdea7c8e40d95eb8f4,v2e2_599ab783e7af2d598059,qwen_flash,S2,stale,2,4,19,reserve_commitment_update,hard,spring,los_angeles,5,91,22.75,300.0,250.0,50.0,50.0,canonical_higher,50.0,True,359431def63e4accc9a1d47633a3ddb3ca4424654a7c667dd1cfd15872376319,5687.5,False,True,True,True,False,False,False,0.0,0.0,True,5973.342105263164,274166.2368421053,False,0.0,0.0,True,62.45048300000002,47.386011249999996,True,6061.842105263164,-6061.842105263164,91,274213.6228533552,False,False,156.86907528136476,False,0.0,0.0,True,5923.342105263164,269616.2368421053,False,0.0,0.0,True,62.45048300000002,47.386011249999996,True,6011.842105263164,-6011.842105263164,91,269663.62285335525,False,False,156.86907528136476,qwen3.6-flash-2026-04-16,,b0c312733b0bb5e58a7c7d62b8c74b5909508b6eb3f5ea9f75cedae778b6fd96,15463951b28b90e21f77a11e2bb3fd7eb588eb8edf3b94bd38a890eabfc50fb1,1,1.573998,2026-08-19T17:40:12.567879+00:00,2026-08-19T17:40:14.141877+00:00,1787161212.567879,1787161214.141877
F0,e2bv2f0_bf5f4cc90ad08ad815dc,v2e2_7778cc641046e1b0a2cd,qwen_flash,S2,stale,2,1,21,forecast_revision,hard,autumn,san_diego,14,82,20.5,175.0,250.0,-75.0,75.0,canonical_lower,75.0,True,224dfd5f87217678aa3dbcc7eb1673392848d77a2e60030a4038b59853d99975,3075.0,False,True,True,True,False,False,False,0.0,0.0,True,3061.8421052631547,120284.21052631573,False,0.0,0.0,False,0.0,0.0,True,3311.8421052631547,-3311.8421052631547,78,120284.21052631574,False,False,316.65142329427886,False,0.0,0.0,True,3136.8421052631547,126210.52631578941,False,0.0,0.0,False,0.0,0.0,True,3386.8421052631547,-3386.8421052631547,80,126210.52631578941,False,False,316.65142329427886,qwen3.6-flash-2026-04-16,,1b73555a5b301dc3304af0964477b642712cef1fdf5e08304313e01c747cf529,25e2ad805d27c7414994a789bb4284012312d3ff2437e06a43f982dd144c685c,1,1.872409,2026-08-19T17:40:08.958123+00:00,2026-08-19T17:40:10.830532+00:00,1787161208.958123,1787161210.830532
F0,e2bv2f0_bf5f4cc90ad08ad815dc,v2e2_7778cc641046e1b0a2cd,qwen_flash,C1,canonical,1,2,21,forecast_revision,hard,autumn,san_diego,14,82,20.5,175.0,250.0,-75.0,75.0,canonical_lower,75.0,True,224dfd5f87217678aa3dbcc7eb1673392848d77a2e60030a4038b59853d99975,3075.0,False,True,True,True,False,False,False,0.0,0.0,True,3136.8421052631547,126210.52631578941,False,0.0,0.0,False,0.0,0.0,True,3386.8421052631547,-3386.8421052631547,80,126210.52631578941,False,False,316.65142329427886,False,0.0,0.0,True,3136.8421052631547,126210.52631578941,False,0.0,0.0,False,0.0,0.0,True,3386.8421052631547,-3386.8421052631547,80,126210.52631578941,False,False,316.65142329427886,qwen3.6-flash-2026-04-16,,1c3f9297c8d9aed52aee0398529bbfbc6085b8d07c1f3cb40da5ce3ba7d6d813,d1a9f73433bc3c30c4bd4e2743195d2ddb994ab8dcc54f42c663625b5a36cdf0,1,1.213841,2026-08-19T17:40:10.858366+00:00,2026-08-19T17:40:12.072207+00:00,1787161210.858366,1787161212.072207
F0,e2bv2f0_bf5f4cc90ad08ad815dc,v2e2_7778cc641046e1b0a2cd,qwen_flash,S1,stale,1,3,21,forecast_revision,hard,autumn,san_diego,14,82,20.5,175.0,250.0,-75.0,75.0,canonical_lower,75.0,True,224dfd5f87217678aa3dbcc7eb1673392848d77a2e60030a4038b59853d99975,3075.0,False,True,True,True,False,False,False,0.0,0.0,True,3061.8421052631547,120284.21052631573,False,0.0,0.0,False,0.0,0.0,True,3311.8421052631547,-3311.8421052631547,78,120284.21052631574,False,False,316.65142329427886,False,0.0,0.0,True,3136.8421052631547,126210.52631578941,False,0.0,0.0,False,0.0,0.0,True,3386.8421052631547,-3386.8421052631547,80,126210.52631578941,False,False,316.65142329427886,qwen3.6-flash-2026-04-16,,1b73555a5b301dc3304af0964477b642712cef1fdf5e08304313e01c747cf529,25e2ad805d27c7414994a789bb4284012312d3ff2437e06a43f982dd144c685c,1,1.180263,2026-08-19T17:40:12.100010+00:00,2026-08-19T17:40:13.280273+00:00,1787161212.10001,1787161213.280273
F0,e2bv2f0_bf5f4cc90ad08ad815dc,v2e2_7778cc641046e1b0a2cd,qwen_flash,C2,canonical,2,4,21,forecast_revision,hard,autumn,san_diego,14,82,20.5,175.0,250.0,-75.0,75.0,canonical_lower,75.0,True,16a2936cdeba791552b0f26dbaf6e3b325e588fa4ba73ed399cb0ba7ea7b0f37,3587.5,False,True,True,True,False,False,False,0.0,0.0,True,3676.315789473688,148578.94736842107,False,0.0,0.0,False,0.0,0.0,True,3926.315789473688,-3926.315789473688,80,148578.94736842107,False,False,299.6599784192787,False,0.0,0.0,True,3676.315789473688,148578.94736842107,False,0.0,0.0,False,0.0,0.0,True,3926.315789473688,-3926.315789473688,80,148578.94736842107,False,False,299.6599784192787,qwen3.6-flash-2026-04-16,,1c3f9297c8d9aed52aee0398529bbfbc6085b8d07c1f3cb40da5ce3ba7d6d813,d1a9f73433bc3c30c4bd4e2743195d2ddb994ab8dcc54f42c663625b5a36cdf0,1,1.637776,2026-08-19T17:40:13.305960+00:00,2026-08-19T17:40:14.943736+00:00,1787161213.30596,1787161214.943736
F0,e2bv2f0_c0cf605fe84623c1d38d,v2e2_7b2e0628b0d7b7a4badd,deepseek_formal,S2,stale,2,1,22,power_limit_derating,medium,summer,fresno,4,92,23.0,350.0,250.0,100.0,100.0,canonical_higher,100.0,True,c6c9b8650bdf333e657353246bc6f5b02f61950d8990935e2f0e38a63197c80c,0.0,True,False,False,False,False,False,False,0.0,0.0,False,0.0,0.0,False,0.0,0.0,False,0.0,0.0,True,75.0,-75.0,0,0.0,True,False,293.89573839442465,False,0.0,0.0,False,0.0,0.0,False,0.0,0.0,False,0.0,0.0,True,25.0,25.0,0,0.0,True,False,293.89573839442465,deepseek-v4-flash,a26a7955944dc5c60445bff77fac9c8e,e1f709aa3fac89434faa6c842c4c64b052c9026b3f7e975bee8c3092ceda8a6e,ba3e156b6b10e83c8fa4e6f32ab43923db6f1eb68e75725d64b02d6d8e196060,1,1.532723,2026-08-19T17:40:09.327169+00:00,2026-08-19T17:40:10.859892+00:00,1787161209.327169,1787161210.859892
F0,e2bv2f0_c0cf605fe84623c1d38d,v2e2_7b2e0628b0d7b7a4badd,deepseek_formal,C1,canonical,1,2,22,power_limit_derating,medium,summer,fresno,4,92,23.0,350.0,250.0,100.0,100.0,canonical_higher,100.0,True,c6c9b8650bdf333e657353246bc6f5b02f61950d8990935e2f0e38a63197c80c,0.0,True,False,False,False,False,False,False,0.0,0.0,False,0.0,0.0,False,0.0,0.0,False,0.0,0.0,True,25.0,25.0,0,0.0,True,False,293.89573839442465,False,0.0,0.0,False,0.0,0.0,False,0.0,0.0,False,0.0,0.0,True,25.0,25.0,0,0.0,True,False,293.89573839442465,deepseek-v4-flash,a26a7955944dc5c60445bff77fac9c8e,442815f9a079d83beaf7de6666b51c1a3e5d1c8dc33fb7ed1a236e5c5181d112,eb6a6af6461f3146ba03bf2a1f0b126944ce22f4073fbd3f1efbc22fde62f5a2,1,1.285281,2026-08-19T17:40:10.913802+00:00,2026-08-19T17:40:12.199083+00:00,1787161210.913802,1787161212.199083
F0,e2bv2f0_c0cf605fe84623c1d38d,v2e2_7b2e0628b0d7b7a4badd,deepseek_formal,S1,stale,1,3,22,power_limit_derating,medium,summer,fresno,4,92,23.0,350.0,250.0,100.0,100.0,canonical_higher,100.0,True,c6c9b8650bdf333e657353246bc6f5b02f61950d8990935e2f0e38a63197c80c,0.0,True,False,False,False,False,False,False,0.0,0.0,False,0.0,0.0,False,0.0,0.0,False,0.0,0.0,True,75.0,-75.0,0,0.0,True,False,293.89573839442465,False,0.0,0.0,False,0.0,0.0,False,0.0,0.0,False,0.0,0.0,True,25.0,25.0,0,0.0,True,False,293.89573839442465,deepseek-v4-flash,a26a7955944dc5c60445bff77fac9c8e,e1f709aa3fac89434faa6c842c4c64b052c9026b3f7e975bee8c3092ceda8a6e,ba3e156b6b10e83c8fa4e6f32ab43923db6f1eb68e75725d64b02d6d8e196060,1,1.481549,2026-08-19T17:40:12.230776+00:00,2026-08-19T17:40:13.712325+00:00,1787161212.230776,1787161213.712325
F0,e2bv2f0_c0cf605fe84623c1d38d,v2e2_7b2e0628b0d7b7a4badd,deepseek_formal,C2,canonical,2,4,22,power_limit_derating,medium,summer,fresno,4,92,23.0,350.0,250.0,100.0,100.0,canonical_higher,100.0,True,c6c9b8650bdf333e657353246bc6f5b02f61950d8990935e2f0e38a63197c80c,0.0,True,False,False,False,False,False,False,0.0,0.0,False,0.0,0.0,False,0.0,0.0,False,0.0,0.0,True,25.0,25.0,0,0.0,True,False,293.89573839442465,False,0.0,0.0,False,0.0,0.0,False,0.0,0.0,False,0.0,0.0,True,25.0,25.0,0,0.0,True,False,293.89573839442465,deepseek-v4-flash,a26a7955944dc5c60445bff77fac9c8e,442815f9a079d83beaf7de6666b51c1a3e5d1c8dc33fb7ed1a236e5c5181d112,eb6a6af6461f3146ba03bf2a1f0b126944ce22f4073fbd3f1efbc22fde62f5a2,1,2.255116,2026-08-19T17:40:13.765638+00:00,2026-08-19T17:40:16.020754+00:00,1787161213.765638,1787161216.020754
F0,e2bv2f0_ca6db573b3e3a83d61ea,v2e2_07ecea8c63a586f9fa3b,qwen_flash,C2,canonical,2,1,3,reserve_commitment_update,hard,spring,fresno,9,87,21.75,350.0,250.0,100.0,100.0,canonical_higher,100.0,True,946a0200415e46c93a4f795f5ff250a9d95b30c7769d3b292e727e8886e1d8b0,5437.5,False,True,True,True,False,False,False,0.0,0.0,True,5610.18421052632,242015.3157894737,False,0.0,0.0,False,0.0,0.0,True,5698.68421052632,-5698.68421052632,86,242015.3157894737,False,False,263.650177468151,False,0.0,0.0,True,5610.18421052632,242015.3157894737,False,0.0,0.0,False,0.0,0.0,True,5698.68421052632,-5698.68421052632,86,242015.3157894737,False,False,263.650177468151,qwen3.6-flash-2026-04-16,,52cf34b9c4bcb83dc567eeefd5dc59b5140d5d65a4c88088884d2c56db729f37,8c739ff0991c9b0d049a7d4b9fb598e2374fbcd900f99dd88abb8840ed9c8c46,1,2.519994,2026-08-19T17:39:54.245710+00:00,2026-08-19T17:39:56.765704+00:00,1787161194.24571,1787161196.765704
F0,e2bv2f0_ca6db573b3e3a83d61ea,v2e2_07ecea8c63a586f9fa3b,qwen_flash,S2,stale,2,2,3,reserve_commitment_update,hard,spring,fresno,9,87,21.75,350.0,250.0,100.0,100.0,canonical_higher,100.0,True,946a0200415e46c93a4f795f5ff250a9d95b30c7769d3b292e727e8886e1d8b0,5437.5,False,True,True,True,False,False,False,0.0,0.0,True,5710.18421052632,250667.60526315792,False,0.0,0.0,False,0.0,0.0,True,5798.68421052632,-5798.68421052632,87,250667.60526315792,False,False,263.650177468151,False,0.0,0.0,True,5610.18421052632,242015.3157894737,False,0.0,0.0,False,0.0,0.0,True,5698.68421052632,-5698.68421052632,86,242015.3157894737,False,False,263.650177468151,qwen3.6-flash-2026-04-16,,11340ad322b45f30ae9f1ca21ec156c56ca94de6033549ceec7ba14caf5d7867,4e6ee93f1ca9b5202a9f67ce6451059077facbbabe901260ff167b943c938879,1,1.177537,2026-08-19T17:39:56.799789+00:00,2026-08-19T17:39:57.977326+00:00,1787161196.799789,1787161197.977326
F0,e2bv2f0_ca6db573b3e3a83d61ea,v2e2_07ecea8c63a586f9fa3b,qwen_flash,C1,canonical,1,3,3,reserve_commitment_update,hard,spring,fresno,9,87,21.75,350.0,250.0,100.0,100.0,canonical_higher,100.0,True,946a0200415e46c93a4f795f5ff250a9d95b30c7769d3b292e727e8886e1d8b0,5437.5,False,True,True,True,False,False,False,0.0,0.0,True,5610.18421052632,242015.3157894737,False,0.0,0.0,False,0.0,0.0,True,5698.68421052632,-5698.68421052632,86,242015.3157894737,False,False,263.650177468151,False,0.0,0.0,True,5610.18421052632,242015.3157894737,False,0.0,0.0,False,0.0,0.0,True,5698.68421052632,-5698.68421052632,86,242015.3157894737,False,False,263.650177468151,qwen3.6-flash-2026-04-16,,52cf34b9c4bcb83dc567eeefd5dc59b5140d5d65a4c88088884d2c56db729f37,8c739ff0991c9b0d049a7d4b9fb598e2374fbcd900f99dd88abb8840ed9c8c46,1,1.041511,2026-08-19T17:39:58.015919+00:00,2026-08-19T17:39:59.057430+00:00,1787161198.015919,1787161199.05743
F0,e2bv2f0_ca6db573b3e3a83d61ea,v2e2_07ecea8c63a586f9fa3b,qwen_flash,S1,stale,1,4,3,reserve_commitment_update,hard,spring,fresno,9,87,21.75,350.0,250.0,100.0,100.0,canonical_higher,100.0,True,946a0200415e46c93a4f795f5ff250a9d95b30c7769d3b292e727e8886e1d8b0,5437.5,False,True,True,True,False,False,False,0.0,0.0,True,5710.18421052632,250667.60526315792,False,0.0,0.0,False,0.0,0.0,True,5798.68421052632,-5798.68421052632,87,250667.60526315792,False,False,263.650177468151,False,0.0,0.0,True,5610.18421052632,242015.3157894737,False,0.0,0.0,False,0.0,0.0,True,5698.68421052632,-5698.68421052632,86,242015.3157894737,False,False,263.650177468151,qwen3.6-flash-2026-04-16,,11340ad322b45f30ae9f1ca21ec156c56ca94de6033549ceec7ba14caf5d7867,4e6ee93f1ca9b5202a9f67ce6451059077facbbabe901260ff167b943c938879,1,1.984572,2026-08-19T17:39:59.083397+00:00,2026-08-19T17:40:01.067969+00:00,1787161199.083397,1787161201.067969
F0,e2bv2f0_ecda0368068c6c42e61f,v2e2_28d9724eea09520d5cd7,deepseek_formal,S1,stale,1,1,14,reserve_commitment_update,medium,spring,los_angeles,6,90,22.5,175.0,250.0,-75.0,75.0,canonical_lower,75.0,True,fe2f74a1e0b16a66452888eb4d734bc455cf1304481bb495d59afa8cf9cae93b,0.0,True,False,False,False,False,False,False,0.0,0.0,False,0.0,0.0,False,0.0,0.0,False,0.0,0.0,True,75.0,-75.0,0,0.0,True,False,258.61704735351293,False,0.0,0.0,False,0.0,0.0,False,0.0,0.0,False,0.0,0.0,True,150.0,-150.0,0,0.0,True,False,258.61704735351293,deepseek-v4-flash,a26a7955944dc5c60445bff77fac9c8e,9ed33e5d7732c2f3830c42cfb38c36e6d2100681d82d840eafd90e2ce77a9247,816a588e05ad9d06ec050ae3683e9652704703ee2ff35ee7bf29e572d64d1ecc,1,1.492523,2026-08-19T17:40:02.610450+00:00,2026-08-19T17:40:04.102973+00:00,1787161202.61045,1787161204.102973
F0,e2bv2f0_ecda0368068c6c42e61f,v2e2_28d9724eea09520d5cd7,deepseek_formal,C2,canonical,2,2,14,reserve_commitment_update,medium,spring,los_angeles,6,90,22.5,175.0,250.0,-75.0,75.0,canonical_lower,75.0,True,fe2f74a1e0b16a66452888eb4d734bc455cf1304481bb495d59afa8cf9cae93b,0.0,True,False,False,False,False,False,False,0.0,0.0,False,0.0,0.0,False,0.0,0.0,False,0.0,0.0,True,150.0,-150.0,0,0.0,True,False,258.61704735351293,False,0.0,0.0,False,0.0,0.0,False,0.0,0.0,False,0.0,0.0,True,150.0,-150.0,0,0.0,True,False,258.61704735351293,deepseek-v4-flash,a26a7955944dc5c60445bff77fac9c8e,ab3b1a07312f4c1e81f81aa70dfedfdfde19f7ce285b9178e866e39648fbb8de,fd4a0a320b0e0e8e3af6b145d598b02fefe57d3ca8cd3326cbe98f39ffa04c40,1,1.869391,2026-08-19T17:40:04.128235+00:00,2026-08-19T17:40:05.997626+00:00,1787161204.128235,1787161205.997626
F0,e2bv2f0_ecda0368068c6c42e61f,v2e2_28d9724eea09520d5cd7,deepseek_formal,S2,stale,2,3,14,reserve_commitment_update,medium,spring,los_angeles,6,90,22.5,175.0,250.0,-75.0,75.0,canonical_lower,75.0,True,fe2f74a1e0b16a66452888eb4d734bc455cf1304481bb495d59afa8cf9cae93b,0.0,True,False,False,False,False,False,False,0.0,0.0,False,0.0,0.0,False,0.0,0.0,False,0.0,0.0,True,75.0,-75.0,0,0.0,True,False,258.61704735351293,False,0.0,0.0,False,0.0,0.0,False,0.0,0.0,False,0.0,0.0,True,150.0,-150.0,0,0.0,True,False,258.61704735351293,deepseek-v4-flash,a26a7955944dc5c60445bff77fac9c8e,9ed33e5d7732c2f3830c42cfb38c36e6d2100681d82d840eafd90e2ce77a9247,816a588e05ad9d06ec050ae3683e9652704703ee2ff35ee7bf29e572d64d1ecc,1,1.363678,2026-08-19T17:40:06.035618+00:00,2026-08-19T17:40:07.399296+00:00,1787161206.035618,1787161207.399296
F0,e2bv2f0_ecda0368068c6c42e61f,v2e2_28d9724eea09520d5cd7,deepseek_formal,C1,canonical,1,4,14,reserve_commitment_update,medium,spring,los_angeles,6,90,22.5,175.0,250.0,-75.0,75.0,canonical_lower,75.0,True,fe2f74a1e0b16a66452888eb4d734bc455cf1304481bb495d59afa8cf9cae93b,0.0,True,False,False,False,False,False,False,0.0,0.0,False,0.0,0.0,False,0.0,0.0,False,0.0,0.0,True,150.0,-150.0,0,0.0,True,False,258.61704735351293,False,0.0,0.0,False,0.0,0.0,False,0.0,0.0,False,0.0,0.0,True,150.0,-150.0,0,0.0,True,False,258.61704735351293,deepseek-v4-flash,a26a7955944dc5c60445bff77fac9c8e,ab3b1a07312f4c1e81f81aa70dfedfdfde19f7ce285b9178e866e39648fbb8de,fd4a0a320b0e0e8e3af6b145d598b02fefe57d3ca8cd3326cbe98f39ffa04c40,1,1.533299,2026-08-19T17:40:07.425897+00:00,2026-08-19T17:40:08.959196+00:00,1787161207.425897,1787161208.959196
F0,e2bv2f0_ef3291d9c117a649cf07,v2e2_12b72852882928644d40,qwen_flash,C2,canonical,2,1,5,forecast_revision,easy,winter,los_angeles,10,86,21.5,300.0,250.0,50.0,50.0,canonical_higher,50.0,True,a2d5f6c102f602525d094603fd261fb6b0de0975e03693c3bc17a31a2d4021ca,5375.0,False,True,True,True,False,False,False,0.0,0.0,True,5432.8947368421095,227048.68421052632,False,0.0,0.0,True,77.18390000000005,211.89827199999996,True,5682.8947368421095,-5682.8947368421095,83,227260.58248252628,False,False,42.835069617322354,False,0.0,0.0,True,5432.8947368421095,227048.68421052632,False,0.0,0.0,True,77.18390000000005,211.89827199999996,True,5682.8947368421095,-5682.8947368421095,83,227260.58248252628,False,False,42.835069617322354,qwen3.6-flash-2026-04-16,,457aebfe1bd793ad5b1d2db9d005117d64f8a4fa4f6ea3fbe425459ab5ce3a50,285c9f1b37ad24379a633acd93505539d77ff7ace32c0c8e20de7576738280dc,1,1.701067,2026-08-19T17:39:54.914158+00:00,2026-08-19T17:39:56.615225+00:00,1787161194.914158,1787161196.615225
F0,e2bv2f0_ef3291d9c117a649cf07,v2e2_12b72852882928644d40,qwen_flash,S2,stale,2,2,5,forecast_revision,easy,winter,los_angeles,10,86,21.5,300.0,250.0,50.0,50.0,canonical_higher,50.0,True,a2d5f6c102f602525d094603fd261fb6b0de0975e03693c3bc17a31a2d4021ca,5375.0,False,True,True,True,False,False,False,0.0,0.0,True,5482.8947368421095,231221.05263157896,False,0.0,0.0,True,77.18390000000005,211.89827199999996,True,5732.8947368421095,-5732.8947368421095,84,231432.95090357892,False,False,42.835069617322354,False,0.0,0.0,True,5432.8947368421095,227048.68421052632,False,0.0,0.0,True,77.18390000000005,211.89827199999996,True,5682.8947368421095,-5682.8947368421095,83,227260.58248252628,False,False,42.835069617322354,qwen3.6-flash-2026-04-16,,f893e14fe8f910556fc1c88a32438e5dcd2ac189d7b1750a1fce92622945844c,4c34b36efb9661888f90407b496cf82ae0d13b6d52d4e6afd2119d52341af91e,1,1.039017,2026-08-19T17:39:56.646660+00:00,2026-08-19T17:39:57.685677+00:00,1787161196.64666,1787161197.685677
F0,e2bv2f0_ef3291d9c117a649cf07,v2e2_12b72852882928644d40,qwen_flash,C1,canonical,1,3,5,forecast_revision,easy,winter,los_angeles,10,86,21.5,300.0,250.0,50.0,50.0,canonical_higher,50.0,True,a2d5f6c102f602525d094603fd261fb6b0de0975e03693c3bc17a31a2d4021ca,5375.0,False,True,True,True,False,False,False,0.0,0.0,True,5432.8947368421095,227048.68421052632,False,0.0,0.0,True,77.18390000000005,211.89827199999996,True,5682.8947368421095,-5682.8947368421095,83,227260.58248252628,False,False,42.835069617322354,False,0.0,0.0,True,5432.8947368421095,227048.68421052632,False,0.0,0.0,True,77.18390000000005,211.89827199999996,True,5682.8947368421095,-5682.8947368421095,83,227260.58248252628,False,False,42.835069617322354,qwen3.6-flash-2026-04-16,,457aebfe1bd793ad5b1d2db9d005117d64f8a4fa4f6ea3fbe425459ab5ce3a50,285c9f1b37ad24379a633acd93505539d77ff7ace32c0c8e20de7576738280dc,1,1.015787,2026-08-19T17:39:57.722124+00:00,2026-08-19T17:39:58.737911+00:00,1787161197.722124,1787161198.737911
F0,e2bv2f0_ef3291d9c117a649cf07,v2e2_12b72852882928644d40,qwen_flash,S1,stale,1,4,5,forecast_revision,easy,winter,los_angeles,10,86,21.5,300.0,250.0,50.0,50.0,canonical_higher,50.0,True,a2d5f6c102f602525d094603fd261fb6b0de0975e03693c3bc17a31a2d4021ca,5375.0,False,True,True,True,False,False,False,0.0,0.0,True,5482.8947368421095,231221.05263157896,False,0.0,0.0,True,77.18390000000005,211.89827199999996,True,5732.8947368421095,-5732.8947368421095,84,231432.95090357892,False,False,42.835069617322354,False,0.0,0.0,True,5432.8947368421095,227048.68421052632,False,0.0,0.0,True,77.18390000000005,211.89827199999996,True,5682.8947368421095,-5682.8947368421095,83,227260.58248252628,False,False,42.835069617322354,qwen3.6-flash-2026-04-16,,f893e14fe8f910556fc1c88a32438e5dcd2ac189d7b1750a1fce92622945844c,4c34b36efb9661888f90407b496cf82ae0d13b6d52d4e6afd2119d52341af91e,1,1.546206,2026-08-19T17:39:58.767244+00:00,2026-08-19T17:40:00.313450+00:00,1787161198.767244,1787161200.31345
F0,e2bv2f0_ef4b0536aeee7f77bc8c,v2e2_7f938d120000eec26457,qwen_flash,S1,stale,1,1,25,battery_capacity_derating,easy,summer,los_angeles,8,88,22.0,175.0,250.0,-75.0,75.0,canonical_lower,75.0,True,defe03250cd56fbc03a01b36cd77cb7f720aa0ac6411126baef0622ab7a9e7a9,5500.0,False,True,True,True,False,False,False,0.0,0.0,True,5614.473684210531,242384.21052631584,False,0.0,0.0,True,87.65684699999997,283.61018025,True,5864.473684210531,-5864.473684210531,86,242667.82070656584,False,False,76.30516183458862,False,0.0,0.0,True,5689.473684210532,248865.78947368427,False,0.0,0.0,True,87.65684699999997,283.61018025,True,5939.473684210532,-5939.473684210532,87,249149.39965393426,False,False,76.30516183458862,qwen3.6-flash-2026-04-16,,23e08dc3506247d3b38032b27d4f42c731dbb77613fdbf19d9814a3372f07ed6,454366ffd0de5ae92340ba336beb31bf45e76dd17a3a8fc838059dd3d9a7cb88,1,1.604082,2026-08-19T17:40:13.711001+00:00,2026-08-19T17:40:15.315083+00:00,1787161213.711001,1787161215.315083
F0,e2bv2f0_ef4b0536aeee7f77bc8c,v2e2_7f938d120000eec26457,qwen_flash,C2,canonical,2,2,25,battery_capacity_derating,easy,summer,los_angeles,8,88,22.0,175.0,250.0,-75.0,75.0,canonical_lower,75.0,True,defe03250cd56fbc03a01b36cd77cb7f720aa0ac6411126baef0622ab7a9e7a9,5500.0,False,True,True,True,False,False,False,0.0,0.0,True,5689.473684210532,248865.78947368427,False,0.0,0.0,True,87.65684699999997,283.61018025,True,5939.473684210532,-5939.473684210532,87,249149.39965393426,False,False,76.30516183458862,False,0.0,0.0,True,5689.473684210532,248865.78947368427,False,0.0,0.0,True,87.65684699999997,283.61018025,True,5939.473684210532,-5939.473684210532,87,249149.39965393426,False,False,76.30516183458862,qwen3.6-flash-2026-04-16,,3ac7dca69ec580410d81ad7b3a745ee1fe064298869898efbadc3c08f2429607,3d1c6cbfc723419f64aa9440543cd67fcfc2e24c0405abd682126cd0dfc63f0e,1,1.0551,2026-08-19T17:40:15.341044+00:00,2026-08-19T17:40:16.396144+00:00,1787161215.341044,1787161216.396144
F0,e2bv2f0_ef4b0536aeee7f77bc8c,v2e2_7f938d120000eec26457,qwen_flash,S2,stale,2,3,25,battery_capacity_derating,easy,summer,los_angeles,8,88,22.0,175.0,250.0,-75.0,75.0,canonical_lower,75.0,True,defe03250cd56fbc03a01b36cd77cb7f720aa0ac6411126baef0622ab7a9e7a9,5500.0,False,True,True,True,False,False,False,0.0,0.0,True,5614.473684210531,242384.21052631584,False,0.0,0.0,True,87.65684699999997,283.61018025,True,5864.473684210531,-5864.473684210531,86,242667.82070656584,False,False,76.30516183458862,False,0.0,0.0,True,5689.473684210532,248865.78947368427,False,0.0,0.0,True,87.65684699999997,283.61018025,True,5939.473684210532,-5939.473684210532,87,249149.39965393426,False,False,76.30516183458862,qwen3.6-flash-2026-04-16,,23e08dc3506247d3b38032b27d4f42c731dbb77613fdbf19d9814a3372f07ed6,454366ffd0de5ae92340ba336beb31bf45e76dd17a3a8fc838059dd3d9a7cb88,1,1.015054,2026-08-19T17:40:16.429229+00:00,2026-08-19T17:40:17.444283+00:00,1787161216.429229,1787161217.444283
F0,e2bv2f0_ef4b0536aeee7f77bc8c,v2e2_7f938d120000eec26457,qwen_flash,C1,canonical,1,4,25,battery_capacity_derating,easy,summer,los_angeles,8,88,22.0,175.0,250.0,-75.0,75.0,canonical_lower,75.0,True,ab41adf277f70c3453dca5f9338fdd54d7357ffe975641933a0594c15673b1f0,5500.0,False,True,True,True,False,False,False,0.0,0.0,True,3186.184210526314,172515.4605263158,False,0.0,0.0,True,87.65684699999997,272.76878,True,3436.184210526314,-3436.184210526314,87,172788.22930631586,False,False,149.6379568345885,False,0.0,0.0,True,3186.184210526314,172515.4605263158,False,0.0,0.0,True,87.65684699999997,272.76878,True,3436.184210526314,-3436.184210526314,87,172788.22930631586,False,False,149.6379568345885,qwen3.6-flash-2026-04-16,,3ac7dca69ec580410d81ad7b3a745ee1fe064298869898efbadc3c08f2429607,3d1c6cbfc723419f64aa9440543cd67fcfc2e24c0405abd682126cd0dfc63f0e,1,1.570638,2026-08-19T17:40:17.476259+00:00,2026-08-19T17:40:19.046897+00:00,1787161217.476259,1787161219.046897
F0,e2bv2f0_fa3f8fd8388973c136f6,v2e2_c9b994f593c92dd9efa9,deepseek_formal,S1,stale,1,1,28,power_limit_derating,hard,autumn,san_diego,5,91,22.75,200.0,250.0,-50.0,50.0,canonical_lower,50.0,True,e6ff459ebc86a128b3e37b46d41efd52eedbe5c955acf3d20dfbf99a33fb2557,0.0,True,False,False,False,False,False,False,0.0,0.0,False,0.0,0.0,False,0.0,0.0,False,0.0,0.0,True,75.0,-75.0,0,0.0,True,False,345.3372682834834,False,0.0,0.0,False,0.0,0.0,False,0.0,0.0,False,0.0,0.0,True,125.0,-125.0,0,0.0,True,False,345.3372682834834,deepseek-v4-flash,a26a7955944dc5c60445bff77fac9c8e,d9c9f091050d3aa310a770b35beafaa2bc81af7110c4fdef0b9af1808516d28f,4666fe59ecdbcba0b31774dba575e1ff56dfbcf042e6537f65a487b46a11829c,1,1.619129,2026-08-19T17:40:14.915269+00:00,2026-08-19T17:40:16.534398+00:00,1787161214.915269,1787161216.534398
F0,e2bv2f0_fa3f8fd8388973c136f6,v2e2_c9b994f593c92dd9efa9,deepseek_formal,C2,canonical,2,2,28,power_limit_derating,hard,autumn,san_diego,5,91,22.75,200.0,250.0,-50.0,50.0,canonical_lower,50.0,True,e6ff459ebc86a128b3e37b46d41efd52eedbe5c955acf3d20dfbf99a33fb2557,0.0,True,False,False,False,False,False,False,0.0,0.0,False,0.0,0.0,False,0.0,0.0,False,0.0,0.0,True,125.0,-125.0,0,0.0,True,False,345.3372682834834,False,0.0,0.0,False,0.0,0.0,False,0.0,0.0,False,0.0,0.0,True,125.0,-125.0,0,0.0,True,False,345.3372682834834,deepseek-v4-flash,a26a7955944dc5c60445bff77fac9c8e,608e83971705c10aedbda64767fedb4b141af79ec9bba0bf50656128c61728dc,b138d8b69e691ca123eb1e0d512419e1cd86f8a158812638e3b50d2bcc6a51e1,1,0.968717,2026-08-19T17:40:16.564687+00:00,2026-08-19T17:40:17.533404+00:00,1787161216.564687,1787161217.533404
F0,e2bv2f0_fa3f8fd8388973c136f6,v2e2_c9b994f593c92dd9efa9,deepseek_formal,S2,stale,2,3,28,power_limit_derating,hard,autumn,san_diego,5,91,22.75,200.0,250.0,-50.0,50.0,canonical_lower,50.0,True,e6ff459ebc86a128b3e37b46d41efd52eedbe5c955acf3d20dfbf99a33fb2557,0.0,True,False,False,False,False,False,False,0.0,0.0,False,0.0,0.0,False,0.0,0.0,False,0.0,0.0,True,75.0,-75.0,0,0.0,True,False,345.3372682834834,False,0.0,0.0,False,0.0,0.0,False,0.0,0.0,False,0.0,0.0,True,125.0,-125.0,0,0.0,True,False,345.3372682834834,deepseek-v4-flash,a26a7955944dc5c60445bff77fac9c8e,d9c9f091050d3aa310a770b35beafaa2bc81af7110c4fdef0b9af1808516d28f,4666fe59ecdbcba0b31774dba575e1ff56dfbcf042e6537f65a487b46a11829c,1,0.974078,2026-08-19T17:40:17.562914+00:00,2026-08-19T17:40:18.536992+00:00,1787161217.562914,1787161218.536992
F0,e2bv2f0_fa3f8fd8388973c136f6,v2e2_c9b994f593c92dd9efa9,deepseek_formal,C1,canonical,1,4,28,power_limit_derating,hard,autumn,san_diego,5,91,22.75,200.0,250.0,-50.0,50.0,canonical_lower,50.0,True,e6ff459ebc86a128b3e37b46d41efd52eedbe5c955acf3d20dfbf99a33fb2557,0.0,True,False,False,False,False,False,False,0.0,0.0,False,0.0,0.0,False,0.0,0.0,False,0.0,0.0,True,125.0,-125.0,0,0.0,True,False,345.3372682834834,False,0.0,0.0,False,0.0,0.0,False,0.0,0.0,False,0.0,0.0,True,125.0,-125.0,0,0.0,True,False,345.3372682834834,deepseek-v4-flash,a26a7955944dc5c60445bff77fac9c8e,608e83971705c10aedbda64767fedb4b141af79ec9bba0bf50656128c61728dc,b138d8b69e691ca123eb1e0d512419e1cd86f8a158812638e3b50d2bcc6a51e1,1,0.889072,2026-08-19T17:40:18.581943+00:00,2026-08-19T17:40:19.471015+00:00,1787161218.581943,1787161219.471015
F0,e2bv2f0_fa6a0707cfded0c748ad,v2e2_1fd8536d13787e44dc17,qwen_flash,C2,canonical,2,1,11,battery_capacity_derating,easy,spring,fresno,6,90,22.5,350.0,250.0,100.0,100.0,canonical_higher,100.0,True,25585a42d3e84fc078b0e4cb5a0c2b83181d8e3ad3fa926f9a3e526fe5c105ba,5625.0,False,True,True,True,False,False,False,0.0,0.0,True,5646.052631578953,245100.00000000006,False,0.0,0.0,True,119.95235200000002,357.38196275000007,True,5896.052631578953,-5896.052631578953,86,245457.38196275005,False,False,159.45065539541326,False,0.0,0.0,True,5646.052631578953,245100.00000000006,False,0.0,0.0,True,119.95235200000002,357.38196275000007,True,5896.052631578953,-5896.052631578953,86,245457.38196275005,False,False,159.45065539541326,qwen3.6-flash-2026-04-16,,ae5fb65c62fb49cd4262f76835f5f7b6000542f977b03ea2947a487bd570a27c,809bbdff04398c74833eb796ab1b8388a34b9bda81d50f7ab69d3b0955c5a43d,1,2.165882,2026-08-19T17:40:01.432886+00:00,2026-08-19T17:40:03.598768+00:00,1787161201.432886,1787161203.598768
F0,e2bv2f0_fa6a0707cfded0c748ad,v2e2_1fd8536d13787e44dc17,qwen_flash,S2,stale,2,2,11,battery_capacity_derating,easy,spring,fresno,6,90,22.5,350.0,250.0,100.0,100.0,canonical_higher,100.0,True,25585a42d3e84fc078b0e4cb5a0c2b83181d8e3ad3fa926f9a3e526fe5c105ba,5625.0,False,True,True,True,False,False,False,0.0,0.0,True,5746.052631578953,253810.52631578955,False,0.0,0.0,True,119.95235200000002,357.38196275000007,True,5996.052631578953,-5996.052631578953,88,254167.90827853954,False,False,159.45065539541326,False,0.0,0.0,True,5646.052631578953,245100.00000000006,False,0.0,0.0,True,119.95235200000002,357.38196275000007,True,5896.052631578953,-5896.052631578953,86,245457.38196275005,False,False,159.45065539541326,qwen3.6-flash-2026-04-16,,8857e190252c6d1a0e02d33ae020df07a920a3106604a437a5664c7d77675557,028a27bf76257be07e68c3bfdea0edd8ec5e803e4d2b5dc0a8ea0072e0c90d20,1,0.931307,2026-08-19T17:40:03.629605+00:00,2026-08-19T17:40:04.560912+00:00,1787161203.629605,1787161204.560912
F0,e2bv2f0_fa6a0707cfded0c748ad,v2e2_1fd8536d13787e44dc17,qwen_flash,C1,canonical,1,3,11,battery_capacity_derating,easy,spring,fresno,6,90,22.5,350.0,250.0,100.0,100.0,canonical_higher,100.0,True,25585a42d3e84fc078b0e4cb5a0c2b83181d8e3ad3fa926f9a3e526fe5c105ba,5625.0,False,True,True,True,False,False,False,0.0,0.0,True,5646.052631578953,245100.00000000006,False,0.0,0.0,True,119.95235200000002,357.38196275000007,True,5896.052631578953,-5896.052631578953,86,245457.38196275005,False,False,159.45065539541326,False,0.0,0.0,True,5646.052631578953,245100.00000000006,False,0.0,0.0,True,119.95235200000002,357.38196275000007,True,5896.052631578953,-5896.052631578953,86,245457.38196275005,False,False,159.45065539541326,qwen3.6-flash-2026-04-16,,ae5fb65c62fb49cd4262f76835f5f7b6000542f977b03ea2947a487bd570a27c,809bbdff04398c74833eb796ab1b8388a34b9bda81d50f7ab69d3b0955c5a43d,1,1.023737,2026-08-19T17:40:04.588648+00:00,2026-08-19T17:40:05.612385+00:00,1787161204.588648,1787161205.612385
F0,e2bv2f0_fa6a0707cfded0c748ad,v2e2_1fd8536d13787e44dc17,qwen_flash,S1,stale,1,4,11,battery_capacity_derating,easy,spring,fresno,6,90,22.5,350.0,250.0,100.0,100.0,canonical_higher,100.0,True,25585a42d3e84fc078b0e4cb5a0c2b83181d8e3ad3fa926f9a3e526fe5c105ba,5625.0,False,True,True,True,False,False,False,0.0,0.0,True,5746.052631578953,253810.52631578955,False,0.0,0.0,True,119.95235200000002,357.38196275000007,True,5996.052631578953,-5996.052631578953,88,254167.90827853954,False,False,159.45065539541326,False,0.0,0.0,True,5646.052631578953,245100.00000000006,False,0.0,0.0,True,119.95235200000002,357.38196275000007,True,5896.052631578953,-5896.052631578953,86,245457.38196275005,False,False,159.45065539541326,qwen3.6-flash-2026-04-16,,8857e190252c6d1a0e02d33ae020df07a920a3106604a437a5664c7d77675557,028a27bf76257be07e68c3bfdea0edd8ec5e803e4d2b5dc0a8ea0072e0c90d20,1,0.986945,2026-08-19T17:40:05.643070+00:00,2026-08-19T17:40:06.630015+00:00,1787161205.64307,1787161206.630015
