tier,block_id,scenario_id,model_condition,branch,carrier,duplicate_index,branch_position,run_order,event_family,difficulty,season,location_id,activation_step,horizon_intervals,horizon_hours,canonical_soc_kwh,stale_soc_kwh,soc_gap_signed_kwh,soc_gap_abs_kwh,soc_gap_direction,divergence_kwh,parsed,action_digest,action_energy_kwh,exact_zero,nontrivial_1kwh,nontrivial_5kwh,nontrivial_10kwh,carrier_consistent_raw_feasible,authoritative_raw_feasible,carrier_power_violation_any,carrier_power_violation_peak_kw,carrier_power_violation_energy_kwh,carrier_soc_lower_violation_any,carrier_soc_lower_violation_peak_kwh,carrier_soc_lower_violation_sum_kwh_steps,carrier_soc_upper_violation_any,carrier_soc_upper_violation_peak_kwh,carrier_soc_upper_violation_sum_kwh_steps,carrier_export_violation_any,carrier_export_violation_peak_kw,carrier_export_violation_energy_kwh,carrier_terminal_violation_any,carrier_terminal_absolute_error_kwh,carrier_terminal_signed_error_kwh,carrier_violation_interval_count,carrier_total_violation_energy,carrier_dynamic_constraints_ok,carrier_engineering_feasible,carrier_physical_cost_usd,authoritative_power_violation_any,authoritative_power_violation_peak_kw,authoritative_power_violation_energy_kwh,authoritative_soc_lower_violation_any,authoritative_soc_lower_violation_peak_kwh,authoritative_soc_lower_violation_sum_kwh_steps,authoritative_soc_upper_violation_any,authoritative_soc_upper_violation_peak_kwh,authoritative_soc_upper_violation_sum_kwh_steps,authoritative_export_violation_any,authoritative_export_violation_peak_kw,authoritative_export_violation_energy_kwh,authoritative_terminal_violation_any,authoritative_terminal_absolute_error_kwh,authoritative_terminal_signed_error_kwh,authoritative_violation_interval_count,authoritative_total_violation_energy,authoritative_dynamic_constraints_ok,authoritative_engineering_feasible,authoritative_physical_cost_usd,returned_model,system_fingerprint,prompt_sha256,request_payload_sha256,attempt_count,latency_seconds,request_sent_utc,response_received_utc,request_start_epoch,response_end_epoch
F1,e2bv2_02f8e9930d0e0232bdbc,v2e2_a7c71f5aa3db3e32fdd1,qwen_flash,C2,canonical,2,1,114,power_limit_derating,hard,spring,fresno,4,92,23.0,350.0,250.0,100.0,100.0,canonical_higher,100.0,True,472104ca527305691d2de1580fd6c2aed00f12dc0eeb755556a43ff731a2acdd,3565.0,False,True,True,True,False,False,False,0.0,0.0,True,3477.631578947367,149990.78947368424,False,0.0,0.0,False,0.0,0.0,True,3727.631578947367,-3727.631578947367,86,149990.78947368424,False,False,249.37727754460278,False,0.0,0.0,True,3477.631578947367,149990.78947368424,False,0.0,0.0,False,0.0,0.0,True,3727.631578947367,-3727.631578947367,86,149990.78947368424,False,False,249.37727754460278,qwen3.6-flash-2026-04-16,,29fde8a925870b86ed6c643468c9fe870dc4cc2ef7819de605486e8ddafcef69,da2ab6d965e9429ebe9f7a78cbdc743bff9a3c7ab4d0a542f06d96bbc4afc8d5,1,1.812715,2026-08-13T06:57:09.176345+00:00,2026-08-13T06:57:10.989060+00:00,1786604229.176345,1786604230.98906
F1,e2bv2_02f8e9930d0e0232bdbc,v2e2_a7c71f5aa3db3e32fdd1,qwen_flash,S2,stale,2,2,114,power_limit_derating,hard,spring,fresno,4,92,23.0,350.0,250.0,100.0,100.0,canonical_higher,100.0,True,472104ca527305691d2de1580fd6c2aed00f12dc0eeb755556a43ff731a2acdd,3565.0,False,True,True,True,False,False,False,0.0,0.0,True,3577.631578947367,158689.47368421056,False,0.0,0.0,False,0.0,0.0,True,3827.631578947367,-3827.631578947367,88,158689.47368421056,False,False,249.37727754460278,False,0.0,0.0,True,3477.631578947367,149990.78947368424,False,0.0,0.0,False,0.0,0.0,True,3727.631578947367,-3727.631578947367,86,149990.78947368424,False,False,249.37727754460278,qwen3.6-flash-2026-04-16,,d45e4845521ec557834a3eacb2a521c4d21c561afd17f635f6729032da66daa2,da23ab3c839b1604b919ecd55347c8c994d6d82b2c18b428e5d424e97a2d354e,1,0.947264,2026-08-13T06:57:11.014670+00:00,2026-08-13T06:57:11.961934+00:00,1786604231.01467,1786604231.961934
F1,e2bv2_02f8e9930d0e0232bdbc,v2e2_a7c71f5aa3db3e32fdd1,qwen_flash,C1,canonical,1,3,114,power_limit_derating,hard,spring,fresno,4,92,23.0,350.0,250.0,100.0,100.0,canonical_higher,100.0,True,472104ca527305691d2de1580fd6c2aed00f12dc0eeb755556a43ff731a2acdd,3565.0,False,True,True,True,False,False,False,0.0,0.0,True,3477.631578947367,149990.78947368424,False,0.0,0.0,False,0.0,0.0,True,3727.631578947367,-3727.631578947367,86,149990.78947368424,False,False,249.37727754460278,False,0.0,0.0,True,3477.631578947367,149990.78947368424,False,0.0,0.0,False,0.0,0.0,True,3727.631578947367,-3727.631578947367,86,149990.78947368424,False,False,249.37727754460278,qwen3.6-flash-2026-04-16,,29fde8a925870b86ed6c643468c9fe870dc4cc2ef7819de605486e8ddafcef69,da2ab6d965e9429ebe9f7a78cbdc743bff9a3c7ab4d0a542f06d96bbc4afc8d5,1,0.804482,2026-08-13T06:57:11.988374+00:00,2026-08-13T06:57:12.792856+00:00,1786604231.988374,1786604232.792856
F1,e2bv2_02f8e9930d0e0232bdbc,v2e2_a7c71f5aa3db3e32fdd1,qwen_flash,S1,stale,1,4,114,power_limit_derating,hard,spring,fresno,4,92,23.0,350.0,250.0,100.0,100.0,canonical_higher,100.0,True,472104ca527305691d2de1580fd6c2aed00f12dc0eeb755556a43ff731a2acdd,3565.0,False,True,True,True,False,False,False,0.0,0.0,True,3577.631578947367,158689.47368421056,False,0.0,0.0,False,0.0,0.0,True,3827.631578947367,-3827.631578947367,88,158689.47368421056,False,False,249.37727754460278,False,0.0,0.0,True,3477.631578947367,149990.78947368424,False,0.0,0.0,False,0.0,0.0,True,3727.631578947367,-3727.631578947367,86,149990.78947368424,False,False,249.37727754460278,qwen3.6-flash-2026-04-16,,d45e4845521ec557834a3eacb2a521c4d21c561afd17f635f6729032da66daa2,da23ab3c839b1604b919ecd55347c8c994d6d82b2c18b428e5d424e97a2d354e,1,1.384113,2026-08-13T06:57:12.821088+00:00,2026-08-13T06:57:14.205201+00:00,1786604232.821088,1786604234.205201
F1,e2bv2_063e4dae2070d79d92fc,v2e2_31906e8fff0262a0bd53,deepseek_formal,C2,canonical,2,1,3,power_limit_derating,medium,autumn,san_diego,4,92,23.0,175.0,250.0,-75.0,75.0,canonical_lower,75.0,True,c6c9b8650bdf333e657353246bc6f5b02f61950d8990935e2f0e38a63197c80c,0.0,True,False,False,False,False,False,False,0.0,0.0,False,0.0,0.0,False,0.0,0.0,False,0.0,0.0,True,150.0,-150.0,0,0.0,True,False,354.9615529990101,False,0.0,0.0,False,0.0,0.0,False,0.0,0.0,False,0.0,0.0,True,150.0,-150.0,0,0.0,True,False,354.9615529990101,deepseek-v4-flash,fp_a18b46594c_prod0820_fp8_kvcache_20260402,b57efde49f5ced3ab78375c7ea16bd7784d20cef7f3d38ec641fad1e33764848,200fe6e0087e28d0e94f17d8c7bed893013213ac32b348649e39cfc085126b0c,1,3.386563,2026-08-13T06:54:46.262210+00:00,2026-08-13T06:54:49.648773+00:00,1786604086.26221,1786604089.648773
F1,e2bv2_063e4dae2070d79d92fc,v2e2_31906e8fff0262a0bd53,deepseek_formal,S2,stale,2,2,3,power_limit_derating,medium,autumn,san_diego,4,92,23.0,175.0,250.0,-75.0,75.0,canonical_lower,75.0,True,c6c9b8650bdf333e657353246bc6f5b02f61950d8990935e2f0e38a63197c80c,0.0,True,False,False,False,False,False,False,0.0,0.0,False,0.0,0.0,False,0.0,0.0,False,0.0,0.0,True,75.0,-75.0,0,0.0,True,False,354.9615529990101,False,0.0,0.0,False,0.0,0.0,False,0.0,0.0,False,0.0,0.0,True,150.0,-150.0,0,0.0,True,False,354.9615529990101,deepseek-v4-flash,fp_a18b46594c_prod0820_fp8_kvcache_20260402,d7e65d9f47600576e386b91ab62b249c842ca4ebf921dd7317b61fa8be604f45,b9b242c34ce78492a22ee75d1bc798c0c9f2e969e59a9277971dbcd0b5f7ea76,1,2.133405,2026-08-13T06:54:49.677989+00:00,2026-08-13T06:54:51.811394+00:00,1786604089.677989,1786604091.811394
F1,e2bv2_063e4dae2070d79d92fc,v2e2_31906e8fff0262a0bd53,deepseek_formal,C1,canonical,1,3,3,power_limit_derating,medium,autumn,san_diego,4,92,23.0,175.0,250.0,-75.0,75.0,canonical_lower,75.0,True,c6c9b8650bdf333e657353246bc6f5b02f61950d8990935e2f0e38a63197c80c,0.0,True,False,False,False,False,False,False,0.0,0.0,False,0.0,0.0,False,0.0,0.0,False,0.0,0.0,True,150.0,-150.0,0,0.0,True,False,354.9615529990101,False,0.0,0.0,False,0.0,0.0,False,0.0,0.0,False,0.0,0.0,True,150.0,-150.0,0,0.0,True,False,354.9615529990101,deepseek-v4-flash,fp_a18b46594c_prod0820_fp8_kvcache_20260402,b57efde49f5ced3ab78375c7ea16bd7784d20cef7f3d38ec641fad1e33764848,200fe6e0087e28d0e94f17d8c7bed893013213ac32b348649e39cfc085126b0c,1,2.563769,2026-08-13T06:54:51.838038+00:00,2026-08-13T06:54:54.401807+00:00,1786604091.838038,1786604094.401807
F1,e2bv2_063e4dae2070d79d92fc,v2e2_31906e8fff0262a0bd53,deepseek_formal,S1,stale,1,4,3,power_limit_derating,medium,autumn,san_diego,4,92,23.0,175.0,250.0,-75.0,75.0,canonical_lower,75.0,True,c6c9b8650bdf333e657353246bc6f5b02f61950d8990935e2f0e38a63197c80c,0.0,True,False,False,False,False,False,False,0.0,0.0,False,0.0,0.0,False,0.0,0.0,False,0.0,0.0,True,75.0,-75.0,0,0.0,True,False,354.9615529990101,False,0.0,0.0,False,0.0,0.0,False,0.0,0.0,False,0.0,0.0,True,150.0,-150.0,0,0.0,True,False,354.9615529990101,deepseek-v4-flash,fp_a18b46594c_prod0820_fp8_kvcache_20260402,d7e65d9f47600576e386b91ab62b249c842ca4ebf921dd7317b61fa8be604f45,b9b242c34ce78492a22ee75d1bc798c0c9f2e969e59a9277971dbcd0b5f7ea76,1,2.185737,2026-08-13T06:54:54.433106+00:00,2026-08-13T06:54:56.618843+00:00,1786604094.433106,1786604096.618843
F1,e2bv2_074dcbf2a80e3ff78303,v2e2_28d9724eea09520d5cd7,qwen_flash,S1,stale,1,1,21,reserve_commitment_update,medium,spring,los_angeles,6,90,22.5,175.0,250.0,-75.0,75.0,canonical_lower,75.0,True,25585a42d3e84fc078b0e4cb5a0c2b83181d8e3ad3fa926f9a3e526fe5c105ba,5625.0,False,True,True,True,False,False,False,0.0,0.0,True,5831.052631578953,261332.10526315798,False,0.0,0.0,True,101.61321700000002,129.1919805,True,5996.052631578953,-5996.052631578953,89,261461.29724365793,False,False,157.20585860351287,False,0.0,0.0,True,5906.052631578954,268057.89473684214,False,0.0,0.0,True,101.61321700000002,129.1919805,True,6071.052631578954,-6071.052631578954,90,268187.0867173421,False,False,157.20585860351287,qwen3.6-flash-2026-04-16,,9ed33e5d7732c2f3830c42cfb38c36e6d2100681d82d840eafd90e2ce77a9247,9d29a62385f4917f62a36a17d45c3e806e4115a675a8bc96d6ce4feaee26b10b,1,1.380964,2026-08-13T06:55:12.044387+00:00,2026-08-13T06:55:13.425351+00:00,1786604112.044387,1786604113.425351
F1,e2bv2_074dcbf2a80e3ff78303,v2e2_28d9724eea09520d5cd7,qwen_flash,C2,canonical,2,2,21,reserve_commitment_update,medium,spring,los_angeles,6,90,22.5,175.0,250.0,-75.0,75.0,canonical_lower,75.0,True,25585a42d3e84fc078b0e4cb5a0c2b83181d8e3ad3fa926f9a3e526fe5c105ba,5625.0,False,True,True,True,False,False,False,0.0,0.0,True,5906.052631578954,268057.89473684214,False,0.0,0.0,True,101.61321700000002,129.1919805,True,6071.052631578954,-6071.052631578954,90,268187.0867173421,False,False,157.20585860351287,False,0.0,0.0,True,5906.052631578954,268057.89473684214,False,0.0,0.0,True,101.61321700000002,129.1919805,True,6071.052631578954,-6071.052631578954,90,268187.0867173421,False,False,157.20585860351287,qwen3.6-flash-2026-04-16,,ab3b1a07312f4c1e81f81aa70dfedfdfde19f7ce285b9178e866e39648fbb8de,ce33b7196fc265d2f2ca71e783822b655c3959c5392d06a33bdc0d837d46304b,1,1.298299,2026-08-13T06:55:13.451994+00:00,2026-08-13T06:55:14.750293+00:00,1786604113.451994,1786604114.750293
F1,e2bv2_074dcbf2a80e3ff78303,v2e2_28d9724eea09520d5cd7,qwen_flash,S2,stale,2,3,21,reserve_commitment_update,medium,spring,los_angeles,6,90,22.5,175.0,250.0,-75.0,75.0,canonical_lower,75.0,True,25585a42d3e84fc078b0e4cb5a0c2b83181d8e3ad3fa926f9a3e526fe5c105ba,5625.0,False,True,True,True,False,False,False,0.0,0.0,True,5831.052631578953,261332.10526315798,False,0.0,0.0,True,101.61321700000002,129.1919805,True,5996.052631578953,-5996.052631578953,89,261461.29724365793,False,False,157.20585860351287,False,0.0,0.0,True,5906.052631578954,268057.89473684214,False,0.0,0.0,True,101.61321700000002,129.1919805,True,6071.052631578954,-6071.052631578954,90,268187.0867173421,False,False,157.20585860351287,qwen3.6-flash-2026-04-16,,9ed33e5d7732c2f3830c42cfb38c36e6d2100681d82d840eafd90e2ce77a9247,9d29a62385f4917f62a36a17d45c3e806e4115a675a8bc96d6ce4feaee26b10b,1,1.215903,2026-08-13T06:55:14.786290+00:00,2026-08-13T06:55:16.002193+00:00,1786604114.78629,1786604116.002193
F1,e2bv2_074dcbf2a80e3ff78303,v2e2_28d9724eea09520d5cd7,qwen_flash,C1,canonical,1,4,21,reserve_commitment_update,medium,spring,los_angeles,6,90,22.5,175.0,250.0,-75.0,75.0,canonical_lower,75.0,True,25585a42d3e84fc078b0e4cb5a0c2b83181d8e3ad3fa926f9a3e526fe5c105ba,5625.0,False,True,True,True,False,False,False,0.0,0.0,True,5906.052631578954,268057.89473684214,False,0.0,0.0,True,101.61321700000002,129.1919805,True,6071.052631578954,-6071.052631578954,90,268187.0867173421,False,False,157.20585860351287,False,0.0,0.0,True,5906.052631578954,268057.89473684214,False,0.0,0.0,True,101.61321700000002,129.1919805,True,6071.052631578954,-6071.052631578954,90,268187.0867173421,False,False,157.20585860351287,qwen3.6-flash-2026-04-16,,ab3b1a07312f4c1e81f81aa70dfedfdfde19f7ce285b9178e866e39648fbb8de,ce33b7196fc265d2f2ca71e783822b655c3959c5392d06a33bdc0d837d46304b,1,1.005494,2026-08-13T06:55:16.030303+00:00,2026-08-13T06:55:17.035797+00:00,1786604116.030303,1786604117.035797
F1,e2bv2_0787415782c7e9d8edc2,v2e2_689fd81bd1f3eec1e27d,qwen_flash,C1,canonical,1,1,47,reserve_commitment_update,easy,autumn,san_diego,14,82,20.5,175.0,250.0,-75.0,75.0,canonical_lower,75.0,True,224dfd5f87217678aa3dbcc7eb1673392848d77a2e60030a4038b59853d99975,3075.0,False,True,True,True,False,False,False,0.0,0.0,True,3170.8421052631547,128943.47368421046,False,0.0,0.0,False,0.0,0.0,True,3386.8421052631547,-3386.8421052631547,81,128943.47368421046,False,False,264.97307742737706,False,0.0,0.0,True,3170.8421052631547,128943.47368421046,False,0.0,0.0,False,0.0,0.0,True,3386.8421052631547,-3386.8421052631547,81,128943.47368421046,False,False,264.97307742737706,qwen3.6-flash-2026-04-16,,0fe55a65eef391b2ea008b91ba8b82729a072ff557205e5b71ae5fc79980b019,9a4363d5c998d3311244d69aefcb42d0f47dc10d460ed9d7ee9c108725ac25f2,1,1.070748,2026-08-13T06:55:42.527091+00:00,2026-08-13T06:55:43.597839+00:00,1786604142.527091,1786604143.597839
F1,e2bv2_0787415782c7e9d8edc2,v2e2_689fd81bd1f3eec1e27d,qwen_flash,S1,stale,1,2,47,reserve_commitment_update,easy,autumn,san_diego,14,82,20.5,175.0,250.0,-75.0,75.0,canonical_lower,75.0,True,224dfd5f87217678aa3dbcc7eb1673392848d77a2e60030a4038b59853d99975,3075.0,False,True,True,True,False,False,False,0.0,0.0,True,3095.8421052631547,122953.10526315782,False,0.0,0.0,False,0.0,0.0,True,3311.8421052631547,-3311.8421052631547,79,122953.10526315782,False,False,264.97307742737706,False,0.0,0.0,True,3170.8421052631547,128943.47368421046,False,0.0,0.0,False,0.0,0.0,True,3386.8421052631547,-3386.8421052631547,81,128943.47368421046,False,False,264.97307742737706,qwen3.6-flash-2026-04-16,,75e05096ab868566c32ac54e9e9872c7a765dde2eae4292c7e37074333237582,1667ade813c79614b6f74ed8d2b7e549ac2aa889710bcecf79c6e0f162bac8f3,1,1.142132,2026-08-13T06:55:43.634353+00:00,2026-08-13T06:55:44.776485+00:00,1786604143.634353,1786604144.776485
F1,e2bv2_0787415782c7e9d8edc2,v2e2_689fd81bd1f3eec1e27d,qwen_flash,C2,canonical,2,3,47,reserve_commitment_update,easy,autumn,san_diego,14,82,20.5,175.0,250.0,-75.0,75.0,canonical_lower,75.0,True,224dfd5f87217678aa3dbcc7eb1673392848d77a2e60030a4038b59853d99975,3075.0,False,True,True,True,False,False,False,0.0,0.0,True,3170.8421052631547,128943.47368421046,False,0.0,0.0,False,0.0,0.0,True,3386.8421052631547,-3386.8421052631547,81,128943.47368421046,False,False,264.97307742737706,False,0.0,0.0,True,3170.8421052631547,128943.47368421046,False,0.0,0.0,False,0.0,0.0,True,3386.8421052631547,-3386.8421052631547,81,128943.47368421046,False,False,264.97307742737706,qwen3.6-flash-2026-04-16,,0fe55a65eef391b2ea008b91ba8b82729a072ff557205e5b71ae5fc79980b019,9a4363d5c998d3311244d69aefcb42d0f47dc10d460ed9d7ee9c108725ac25f2,1,0.937933,2026-08-13T06:55:44.807273+00:00,2026-08-13T06:55:45.745206+00:00,1786604144.807273,1786604145.745206
F1,e2bv2_0787415782c7e9d8edc2,v2e2_689fd81bd1f3eec1e27d,qwen_flash,S2,stale,2,4,47,reserve_commitment_update,easy,autumn,san_diego,14,82,20.5,175.0,250.0,-75.0,75.0,canonical_lower,75.0,True,224dfd5f87217678aa3dbcc7eb1673392848d77a2e60030a4038b59853d99975,3075.0,False,True,True,True,False,False,False,0.0,0.0,True,3095.8421052631547,122953.10526315782,False,0.0,0.0,False,0.0,0.0,True,3311.8421052631547,-3311.8421052631547,79,122953.10526315782,False,False,264.97307742737706,False,0.0,0.0,True,3170.8421052631547,128943.47368421046,False,0.0,0.0,False,0.0,0.0,True,3386.8421052631547,-3386.8421052631547,81,128943.47368421046,False,False,264.97307742737706,qwen3.6-flash-2026-04-16,,75e05096ab868566c32ac54e9e9872c7a765dde2eae4292c7e37074333237582,1667ade813c79614b6f74ed8d2b7e549ac2aa889710bcecf79c6e0f162bac8f3,1,0.938348,2026-08-13T06:55:45.773636+00:00,2026-08-13T06:55:46.711984+00:00,1786604145.773636,1786604146.711984
F1,e2bv2_07ea54043eaf99939dcb,v2e2_12b72852882928644d40,deepseek_formal,C2,canonical,2,1,92,forecast_revision,easy,winter,los_angeles,10,86,21.5,300.0,250.0,50.0,50.0,canonical_higher,50.0,True,334e61fade598d87a35822d34aaa6adec70d9edb5a441ea134552eeb2afd813e,0.0,True,False,False,False,False,False,False,0.0,0.0,False,0.0,0.0,False,0.0,0.0,False,0.0,0.0,True,25.0,-25.0,0,0.0,True,False,239.05926461732224,False,0.0,0.0,False,0.0,0.0,False,0.0,0.0,False,0.0,0.0,True,25.0,-25.0,0,0.0,True,False,239.05926461732224,deepseek-v4-flash,fp_a18b46594c_prod0820_fp8_kvcache_20260402,457aebfe1bd793ad5b1d2db9d005117d64f8a4fa4f6ea3fbe425459ab5ce3a50,c2bc98873a45da7e4c85cc1caed740b6238c98fb6e505742b3f604d9b079bfd9,1,4.744637,2026-08-13T06:56:38.563633+00:00,2026-08-13T06:56:43.308270+00:00,1786604198.563633,1786604203.30827
F1,e2bv2_07ea54043eaf99939dcb,v2e2_12b72852882928644d40,deepseek_formal,S2,stale,2,2,92,forecast_revision,easy,winter,los_angeles,10,86,21.5,300.0,250.0,50.0,50.0,canonical_higher,50.0,True,334e61fade598d87a35822d34aaa6adec70d9edb5a441ea134552eeb2afd813e,0.0,True,False,False,False,False,False,False,0.0,0.0,False,0.0,0.0,False,0.0,0.0,False,0.0,0.0,True,75.0,-75.0,0,0.0,True,False,239.05926461732224,False,0.0,0.0,False,0.0,0.0,False,0.0,0.0,False,0.0,0.0,True,25.0,-25.0,0,0.0,True,False,239.05926461732224,deepseek-v4-flash,fp_a18b46594c_prod0820_fp8_kvcache_20260402,f893e14fe8f910556fc1c88a32438e5dcd2ac189d7b1750a1fce92622945844c,5911d0fe02e0cfb1dab09835180d3c6e5c7d21dc427e4e2d03aef91ecb40c5cd,1,1.402965,2026-08-13T06:56:43.334215+00:00,2026-08-13T06:56:44.737180+00:00,1786604203.334215,1786604204.73718
F1,e2bv2_07ea54043eaf99939dcb,v2e2_12b72852882928644d40,deepseek_formal,C1,canonical,1,3,92,forecast_revision,easy,winter,los_angeles,10,86,21.5,300.0,250.0,50.0,50.0,canonical_higher,50.0,True,334e61fade598d87a35822d34aaa6adec70d9edb5a441ea134552eeb2afd813e,0.0,True,False,False,False,False,False,False,0.0,0.0,False,0.0,0.0,False,0.0,0.0,False,0.0,0.0,True,25.0,-25.0,0,0.0,True,False,239.05926461732224,False,0.0,0.0,False,0.0,0.0,False,0.0,0.0,False,0.0,0.0,True,25.0,-25.0,0,0.0,True,False,239.05926461732224,deepseek-v4-flash,fp_a18b46594c_prod0820_fp8_kvcache_20260402,457aebfe1bd793ad5b1d2db9d005117d64f8a4fa4f6ea3fbe425459ab5ce3a50,c2bc98873a45da7e4c85cc1caed740b6238c98fb6e505742b3f604d9b079bfd9,1,3.039972,2026-08-13T06:56:44.763984+00:00,2026-08-13T06:56:47.803956+00:00,1786604204.763984,1786604207.803956
F1,e2bv2_07ea54043eaf99939dcb,v2e2_12b72852882928644d40,deepseek_formal,S1,stale,1,4,92,forecast_revision,easy,winter,los_angeles,10,86,21.5,300.0,250.0,50.0,50.0,canonical_higher,50.0,True,334e61fade598d87a35822d34aaa6adec70d9edb5a441ea134552eeb2afd813e,0.0,True,False,False,False,False,False,False,0.0,0.0,False,0.0,0.0,False,0.0,0.0,False,0.0,0.0,True,75.0,-75.0,0,0.0,True,False,239.05926461732224,False,0.0,0.0,False,0.0,0.0,False,0.0,0.0,False,0.0,0.0,True,25.0,-25.0,0,0.0,True,False,239.05926461732224,deepseek-v4-flash,fp_a18b46594c_prod0820_fp8_kvcache_20260402,f893e14fe8f910556fc1c88a32438e5dcd2ac189d7b1750a1fce92622945844c,5911d0fe02e0cfb1dab09835180d3c6e5c7d21dc427e4e2d03aef91ecb40c5cd,1,3.102136,2026-08-13T06:56:47.830008+00:00,2026-08-13T06:56:50.932144+00:00,1786604207.830008,1786604210.932144
F1,e2bv2_08881e1bb8b31d73283a,v2e2_ade91af586194aa1b583,qwen_flash,S1,stale,1,1,22,battery_capacity_derating,medium,autumn,san_diego,5,91,22.75,300.0,250.0,50.0,50.0,canonical_higher,50.0,True,359431def63e4accc9a1d47633a3ddb3ca4424654a7c667dd1cfd15872376319,5687.5,False,True,True,True,False,False,False,0.0,0.0,True,5811.842105263164,259622.36842105273,False,0.0,0.0,True,64.13255900000001,129.65774575,True,6061.842105263164,-6061.842105263164,89,259752.02616680265,False,False,182.45983178836565,False,0.0,0.0,True,5761.842105263164,255200.0000000001,False,0.0,0.0,True,64.13255900000001,129.65774575,True,6011.842105263164,-6011.842105263164,88,255329.65774575,False,False,182.45983178836565,qwen3.6-flash-2026-04-16,,ef63d9497cb414140d02af4f4bfc3e31f2ab1940bf75ac63a5f572dbea386123,e112917c29069b11ff42672697666fe8be6168771fcf6d5d3355d93380d2cd0d,1,1.546692,2026-08-13T06:55:13.423474+00:00,2026-08-13T06:55:14.970166+00:00,1786604113.423474,1786604114.970166
F1,e2bv2_08881e1bb8b31d73283a,v2e2_ade91af586194aa1b583,qwen_flash,C2,canonical,2,2,22,battery_capacity_derating,medium,autumn,san_diego,5,91,22.75,300.0,250.0,50.0,50.0,canonical_higher,50.0,True,359431def63e4accc9a1d47633a3ddb3ca4424654a7c667dd1cfd15872376319,5687.5,False,True,True,True,False,False,False,0.0,0.0,True,5761.842105263164,255200.0000000001,False,0.0,0.0,True,64.13255900000001,129.65774575,True,6011.842105263164,-6011.842105263164,88,255329.65774575,False,False,182.45983178836565,False,0.0,0.0,True,5761.842105263164,255200.0000000001,False,0.0,0.0,True,64.13255900000001,129.65774575,True,6011.842105263164,-6011.842105263164,88,255329.65774575,False,False,182.45983178836565,qwen3.6-flash-2026-04-16,,5dbd15f884d7b5ca33b48b3d5d8651850d8f00ce4efa3843ecf8c190ebd297a0,7304add3f89aa0eae5a7c44619a954f96cf88cc0fe085d31b4a19ab3108b9077,1,0.962509,2026-08-13T06:55:15.003111+00:00,2026-08-13T06:55:15.965620+00:00,1786604115.003111,1786604115.96562
F1,e2bv2_08881e1bb8b31d73283a,v2e2_ade91af586194aa1b583,qwen_flash,S2,stale,2,3,22,battery_capacity_derating,medium,autumn,san_diego,5,91,22.75,300.0,250.0,50.0,50.0,canonical_higher,50.0,True,359431def63e4accc9a1d47633a3ddb3ca4424654a7c667dd1cfd15872376319,5687.5,False,True,True,True,False,False,False,0.0,0.0,True,5811.842105263164,259622.36842105273,False,0.0,0.0,True,64.13255900000001,129.65774575,True,6061.842105263164,-6061.842105263164,89,259752.02616680265,False,False,182.45983178836565,False,0.0,0.0,True,5761.842105263164,255200.0000000001,False,0.0,0.0,True,64.13255900000001,129.65774575,True,6011.842105263164,-6011.842105263164,88,255329.65774575,False,False,182.45983178836565,qwen3.6-flash-2026-04-16,,ef63d9497cb414140d02af4f4bfc3e31f2ab1940bf75ac63a5f572dbea386123,e112917c29069b11ff42672697666fe8be6168771fcf6d5d3355d93380d2cd0d,1,0.921264,2026-08-13T06:55:16.000075+00:00,2026-08-13T06:55:16.921339+00:00,1786604116.000075,1786604116.921339
F1,e2bv2_08881e1bb8b31d73283a,v2e2_ade91af586194aa1b583,qwen_flash,C1,canonical,1,4,22,battery_capacity_derating,medium,autumn,san_diego,5,91,22.75,300.0,250.0,50.0,50.0,canonical_higher,50.0,True,359431def63e4accc9a1d47633a3ddb3ca4424654a7c667dd1cfd15872376319,5687.5,False,True,True,True,False,False,False,0.0,0.0,True,5761.842105263164,255200.0000000001,False,0.0,0.0,True,64.13255900000001,129.65774575,True,6011.842105263164,-6011.842105263164,88,255329.65774575,False,False,182.45983178836565,False,0.0,0.0,True,5761.842105263164,255200.0000000001,False,0.0,0.0,True,64.13255900000001,129.65774575,True,6011.842105263164,-6011.842105263164,88,255329.65774575,False,False,182.45983178836565,qwen3.6-flash-2026-04-16,,5dbd15f884d7b5ca33b48b3d5d8651850d8f00ce4efa3843ecf8c190ebd297a0,7304add3f89aa0eae5a7c44619a954f96cf88cc0fe085d31b4a19ab3108b9077,1,1.122638,2026-08-13T06:55:16.952287+00:00,2026-08-13T06:55:18.074925+00:00,1786604116.952287,1786604118.074925
F1,e2bv2_096aba26d125a00ae3fa,v2e2_a49aba98f0f44c8c6622,deepseek_formal,S2,stale,2,1,37,reserve_commitment_update,hard,autumn,los_angeles,15,81,20.25,300.0,250.0,50.0,50.0,canonical_higher,50.0,True,f4bd841308415de6ed2727462cd66a7333ac8155b4e8e95de0220355189c785c,0.0,True,False,False,False,False,False,False,0.0,0.0,False,0.0,0.0,False,0.0,0.0,False,0.0,0.0,True,75.0,-75.0,0,0.0,True,False,271.44806946002984,False,0.0,0.0,False,0.0,0.0,False,0.0,0.0,False,0.0,0.0,True,25.0,-25.0,0,0.0,True,False,271.44806946002984,deepseek-v4-flash,fp_a18b46594c_prod0820_fp8_kvcache_20260402,dc52d9d9e70967306ce513a1a737898666028ca2439d2c7ca4f7f008c35fc83e,ba4b133d016c0033a982270043f8b9303c514d110f868509f65675405541ee61,1,1.452392,2026-08-13T06:55:33.167342+00:00,2026-08-13T06:55:34.619734+00:00,1786604133.167342,1786604134.619734
F1,e2bv2_096aba26d125a00ae3fa,v2e2_a49aba98f0f44c8c6622,deepseek_formal,C1,canonical,1,2,37,reserve_commitment_update,hard,autumn,los_angeles,15,81,20.25,300.0,250.0,50.0,50.0,canonical_higher,50.0,True,f4bd841308415de6ed2727462cd66a7333ac8155b4e8e95de0220355189c785c,0.0,True,False,False,False,False,False,False,0.0,0.0,False,0.0,0.0,False,0.0,0.0,False,0.0,0.0,True,25.0,-25.0,0,0.0,True,False,271.44806946002984,False,0.0,0.0,False,0.0,0.0,False,0.0,0.0,False,0.0,0.0,True,25.0,-25.0,0,0.0,True,False,271.44806946002984,deepseek-v4-flash,fp_a18b46594c_prod0820_fp8_kvcache_20260402,c9e0b0f4d60e31f9f7d3cdfccc5219267017139a8e1c2571ce7784926d61c977,029005500f22e4909ac893333e30d3f07712792d59ee647b89ceef6244fb4282,1,2.657355,2026-08-13T06:55:34.645827+00:00,2026-08-13T06:55:37.303182+00:00,1786604134.645827,1786604137.303182
F1,e2bv2_096aba26d125a00ae3fa,v2e2_a49aba98f0f44c8c6622,deepseek_formal,S1,stale,1,3,37,reserve_commitment_update,hard,autumn,los_angeles,15,81,20.25,300.0,250.0,50.0,50.0,canonical_higher,50.0,True,f4bd841308415de6ed2727462cd66a7333ac8155b4e8e95de0220355189c785c,0.0,True,False,False,False,False,False,False,0.0,0.0,False,0.0,0.0,False,0.0,0.0,False,0.0,0.0,True,75.0,-75.0,0,0.0,True,False,271.44806946002984,False,0.0,0.0,False,0.0,0.0,False,0.0,0.0,False,0.0,0.0,True,25.0,-25.0,0,0.0,True,False,271.44806946002984,deepseek-v4-flash,fp_a18b46594c_prod0820_fp8_kvcache_20260402,dc52d9d9e70967306ce513a1a737898666028ca2439d2c7ca4f7f008c35fc83e,ba4b133d016c0033a982270043f8b9303c514d110f868509f65675405541ee61,1,3.78412,2026-08-13T06:55:37.329805+00:00,2026-08-13T06:55:41.113925+00:00,1786604137.329805,1786604141.113925
F1,e2bv2_096aba26d125a00ae3fa,v2e2_a49aba98f0f44c8c6622,deepseek_formal,C2,canonical,2,4,37,reserve_commitment_update,hard,autumn,los_angeles,15,81,20.25,300.0,250.0,50.0,50.0,canonical_higher,50.0,True,f4bd841308415de6ed2727462cd66a7333ac8155b4e8e95de0220355189c785c,0.0,True,False,False,False,False,False,False,0.0,0.0,False,0.0,0.0,False,0.0,0.0,False,0.0,0.0,True,25.0,-25.0,0,0.0,True,False,271.44806946002984,False,0.0,0.0,False,0.0,0.0,False,0.0,0.0,False,0.0,0.0,True,25.0,-25.0,0,0.0,True,False,271.44806946002984,deepseek-v4-flash,fp_a18b46594c_prod0820_fp8_kvcache_20260402,c9e0b0f4d60e31f9f7d3cdfccc5219267017139a8e1c2571ce7784926d61c977,029005500f22e4909ac893333e30d3f07712792d59ee647b89ceef6244fb4282,1,1.547016,2026-08-13T06:55:41.140238+00:00,2026-08-13T06:55:42.687254+00:00,1786604141.140238,1786604142.687254
F1,e2bv2_0a0eaab54b0649123a14,v2e2_581afa30a65d6a5d08a5,deepseek_formal,S1,stale,1,1,94,export_limit_update,hard,spring,fresno,6,90,22.5,350.0,250.0,100.0,100.0,canonical_higher,100.0,True,fe2f74a1e0b16a66452888eb4d734bc455cf1304481bb495d59afa8cf9cae93b,0.0,True,False,False,False,False,False,False,0.0,0.0,False,0.0,0.0,False,0.0,0.0,False,0.0,0.0,True,75.0,-75.0,0,0.0,True,False,260.8212914646476,False,0.0,0.0,False,0.0,0.0,False,0.0,0.0,False,0.0,0.0,True,25.0,25.0,0,0.0,True,False,260.8212914646476,deepseek-v4-flash,fp_a18b46594c_prod0820_fp8_kvcache_20260402,830ae7789b587003f6c74bd89c8faf736bcecf3e4b6d5cc50a6384e20f6ea5d2,f9e86f33c3c1bb47da3090d414b4dcd5eb268da7e43a59f98fbfeb933a205174,1,0.95806,2026-08-13T06:56:40.910214+00:00,2026-08-13T06:56:41.868274+00:00,1786604200.910214,1786604201.868274
F1,e2bv2_0a0eaab54b0649123a14,v2e2_581afa30a65d6a5d08a5,deepseek_formal,C2,canonical,2,2,94,export_limit_update,hard,spring,fresno,6,90,22.5,350.0,250.0,100.0,100.0,canonical_higher,100.0,True,dcc7ca47c5766b3c8e729b1449cb91c520e2665e169f908c349bc14454a68b7a,6.249999999999999,False,True,True,False,False,False,False,0.0,0.0,False,0.0,0.0,False,0.0,0.0,False,0.0,0.0,True,18.42105263157748,18.42105263157748,0,0.0,True,False,260.7086123660363,False,0.0,0.0,False,0.0,0.0,False,0.0,0.0,False,0.0,0.0,True,18.42105263157748,18.42105263157748,0,0.0,True,False,260.7086123660363,deepseek-v4-flash,fp_a18b46594c_prod0820_fp8_kvcache_20260402,50ba93e0e89a49909647ae1f5503eaec44486b4c7f4893d8a65a11d9296f3be5,ff318b4bd7c852fc34195f8b0a14efa74f8bc3005681388b43801ba8afb163c9,1,1.691375,2026-08-13T06:56:41.895338+00:00,2026-08-13T06:56:43.586713+00:00,1786604201.895338,1786604203.586713
F1,e2bv2_0a0eaab54b0649123a14,v2e2_581afa30a65d6a5d08a5,deepseek_formal,S2,stale,2,3,94,export_limit_update,hard,spring,fresno,6,90,22.5,350.0,250.0,100.0,100.0,canonical_higher,100.0,True,fe2f74a1e0b16a66452888eb4d734bc455cf1304481bb495d59afa8cf9cae93b,0.0,True,False,False,False,False,False,False,0.0,0.0,False,0.0,0.0,False,0.0,0.0,False,0.0,0.0,True,75.0,-75.0,0,0.0,True,False,260.8212914646476,False,0.0,0.0,False,0.0,0.0,False,0.0,0.0,False,0.0,0.0,True,25.0,25.0,0,0.0,True,False,260.8212914646476,deepseek-v4-flash,fp_a18b46594c_prod0820_fp8_kvcache_20260402,830ae7789b587003f6c74bd89c8faf736bcecf3e4b6d5cc50a6384e20f6ea5d2,f9e86f33c3c1bb47da3090d414b4dcd5eb268da7e43a59f98fbfeb933a205174,1,1.097485,2026-08-13T06:56:43.613322+00:00,2026-08-13T06:56:44.710807+00:00,1786604203.613322,1786604204.710807
F1,e2bv2_0a0eaab54b0649123a14,v2e2_581afa30a65d6a5d08a5,deepseek_formal,C1,canonical,1,4,94,export_limit_update,hard,spring,fresno,6,90,22.5,350.0,250.0,100.0,100.0,canonical_higher,100.0,True,fe2f74a1e0b16a66452888eb4d734bc455cf1304481bb495d59afa8cf9cae93b,0.0,True,False,False,False,False,False,False,0.0,0.0,False,0.0,0.0,False,0.0,0.0,False,0.0,0.0,True,25.0,25.0,0,0.0,True,False,260.8212914646476,False,0.0,0.0,False,0.0,0.0,False,0.0,0.0,False,0.0,0.0,True,25.0,25.0,0,0.0,True,False,260.8212914646476,deepseek-v4-flash,fp_a18b46594c_prod0820_fp8_kvcache_20260402,50ba93e0e89a49909647ae1f5503eaec44486b4c7f4893d8a65a11d9296f3be5,ff318b4bd7c852fc34195f8b0a14efa74f8bc3005681388b43801ba8afb163c9,1,1.31911,2026-08-13T06:56:44.736160+00:00,2026-08-13T06:56:46.055270+00:00,1786604204.73616,1786604206.05527
F1,e2bv2_0a17bfd746dc8ad8a01e,v2e2_ff7d4d179a2e6d483137,qwen_flash,S2,stale,2,1,27,export_limit_update,easy,winter,fresno,5,91,22.75,350.0,250.0,100.0,100.0,canonical_higher,100.0,True,359431def63e4accc9a1d47633a3ddb3ca4424654a7c667dd1cfd15872376319,5687.5,False,True,True,True,False,False,False,0.0,0.0,True,5811.842105263164,259622.36842105273,False,0.0,0.0,True,25.392470000000003,11.269757999999996,True,6061.842105263164,-6061.842105263164,89,259633.63817905268,False,False,271.46336088158307,False,0.0,0.0,True,5711.842105263164,250811.84210526323,False,0.0,0.0,True,25.392470000000003,11.269757999999996,True,5961.842105263164,-5961.842105263164,87,250823.11186326318,False,False,271.46336088158307,qwen3.6-flash-2026-04-16,,aa847d5bd33f78a7f9baa04b45e6444d0f8d9725ed7604970eb8903c1da3dbd6,95d171daf163d8c2d30b7cd1254e0512c517c7f12f3af2fb379d17f06e34e3cf,1,0.873842,2026-08-13T06:55:20.381644+00:00,2026-08-13T06:55:21.255486+00:00,1786604120.381644,1786604121.255486
F1,e2bv2_0a17bfd746dc8ad8a01e,v2e2_ff7d4d179a2e6d483137,qwen_flash,C1,canonical,1,2,27,export_limit_update,easy,winter,fresno,5,91,22.75,350.0,250.0,100.0,100.0,canonical_higher,100.0,True,359431def63e4accc9a1d47633a3ddb3ca4424654a7c667dd1cfd15872376319,5687.5,False,True,True,True,False,False,False,0.0,0.0,True,5711.842105263164,250811.84210526323,False,0.0,0.0,True,25.392470000000003,11.269757999999996,True,5961.842105263164,-5961.842105263164,87,250823.11186326318,False,False,271.46336088158307,False,0.0,0.0,True,5711.842105263164,250811.84210526323,False,0.0,0.0,True,25.392470000000003,11.269757999999996,True,5961.842105263164,-5961.842105263164,87,250823.11186326318,False,False,271.46336088158307,qwen3.6-flash-2026-04-16,,3a041f4116076bf6975d20f2e4acb8c1fed9c205b3ca5079fef810eb46b2ce9c,7cc8b5ecb74f205e2d3eead076484fd3b8e896ce71fedf264c6ee20167f531a0,1,1.026787,2026-08-13T06:55:21.288404+00:00,2026-08-13T06:55:22.315191+00:00,1786604121.288404,1786604122.315191
F1,e2bv2_0a17bfd746dc8ad8a01e,v2e2_ff7d4d179a2e6d483137,qwen_flash,S1,stale,1,3,27,export_limit_update,easy,winter,fresno,5,91,22.75,350.0,250.0,100.0,100.0,canonical_higher,100.0,True,359431def63e4accc9a1d47633a3ddb3ca4424654a7c667dd1cfd15872376319,5687.5,False,True,True,True,False,False,False,0.0,0.0,True,5811.842105263164,259622.36842105273,False,0.0,0.0,True,25.392470000000003,11.269757999999996,True,6061.842105263164,-6061.842105263164,89,259633.63817905268,False,False,271.46336088158307,False,0.0,0.0,True,5711.842105263164,250811.84210526323,False,0.0,0.0,True,25.392470000000003,11.269757999999996,True,5961.842105263164,-5961.842105263164,87,250823.11186326318,False,False,271.46336088158307,qwen3.6-flash-2026-04-16,,aa847d5bd33f78a7f9baa04b45e6444d0f8d9725ed7604970eb8903c1da3dbd6,95d171daf163d8c2d30b7cd1254e0512c517c7f12f3af2fb379d17f06e34e3cf,1,0.95763,2026-08-13T06:55:22.340624+00:00,2026-08-13T06:55:23.298254+00:00,1786604122.340624,1786604123.298254
F1,e2bv2_0a17bfd746dc8ad8a01e,v2e2_ff7d4d179a2e6d483137,qwen_flash,C2,canonical,2,4,27,export_limit_update,easy,winter,fresno,5,91,22.75,350.0,250.0,100.0,100.0,canonical_higher,100.0,True,359431def63e4accc9a1d47633a3ddb3ca4424654a7c667dd1cfd15872376319,5687.5,False,True,True,True,False,False,False,0.0,0.0,True,5711.842105263164,250811.84210526323,False,0.0,0.0,True,25.392470000000003,11.269757999999996,True,5961.842105263164,-5961.842105263164,87,250823.11186326318,False,False,271.46336088158307,False,0.0,0.0,True,5711.842105263164,250811.84210526323,False,0.0,0.0,True,25.392470000000003,11.269757999999996,True,5961.842105263164,-5961.842105263164,87,250823.11186326318,False,False,271.46336088158307,qwen3.6-flash-2026-04-16,,3a041f4116076bf6975d20f2e4acb8c1fed9c205b3ca5079fef810eb46b2ce9c,7cc8b5ecb74f205e2d3eead076484fd3b8e896ce71fedf264c6ee20167f531a0,1,1.358058,2026-08-13T06:55:23.333950+00:00,2026-08-13T06:55:24.692008+00:00,1786604123.33395,1786604124.692008
F1,e2bv2_0bd240f8d29b9618cf8b,v2e2_c4d42554da4b1f44862b,qwen_flash,C2,canonical,2,1,109,power_limit_derating,hard,winter,fresno,5,91,22.75,350.0,250.0,100.0,100.0,canonical_higher,100.0,True,4e28b1dfc57dae2a46fde2464b47f1a4cba72117012d6bab7739e1f246809fa4,3526.25,False,True,True,True,False,False,False,0.0,0.0,True,3436.8421052631566,146513.15789473688,False,0.0,0.0,False,0.0,0.0,True,3686.8421052631566,-3686.8421052631566,85,146513.15789473688,False,False,402.96354343607226,False,0.0,0.0,True,3436.8421052631566,146513.15789473688,False,0.0,0.0,False,0.0,0.0,True,3686.8421052631566,-3686.8421052631566,85,146513.15789473688,False,False,402.96354343607226,qwen3.6-flash-2026-04-16,,341b4deb82531759077945903cf3386480134f80e85faba0105c3f113a075843,bab765ef7f6897e7381b89007063a38b872cf5d638376c58f70ae2a3b7c8385a,1,1.276755,2026-08-13T06:57:03.705322+00:00,2026-08-13T06:57:04.982077+00:00,1786604223.705322,1786604224.982077
F1,e2bv2_0bd240f8d29b9618cf8b,v2e2_c4d42554da4b1f44862b,qwen_flash,S2,stale,2,2,109,power_limit_derating,hard,winter,fresno,5,91,22.75,350.0,250.0,100.0,100.0,canonical_higher,100.0,True,4e28b1dfc57dae2a46fde2464b47f1a4cba72117012d6bab7739e1f246809fa4,3526.25,False,True,True,True,False,False,False,0.0,0.0,True,3536.8421052631566,155111.8421052632,False,0.0,0.0,False,0.0,0.0,True,3786.8421052631566,-3786.8421052631566,87,155111.8421052632,False,False,402.96354343607226,False,0.0,0.0,True,3436.8421052631566,146513.15789473688,False,0.0,0.0,False,0.0,0.0,True,3686.8421052631566,-3686.8421052631566,85,146513.15789473688,False,False,402.96354343607226,qwen3.6-flash-2026-04-16,,d968a292838dbda4679e26a67054c737a4783d700dde4a563058772c82b6ad08,4d6ed822b70bbb61a25fc650ad8183c7a4bbe029680aa02cd8e925881decbfbd,1,0.945357,2026-08-13T06:57:05.008315+00:00,2026-08-13T06:57:05.953672+00:00,1786604225.008315,1786604225.953672
F1,e2bv2_0bd240f8d29b9618cf8b,v2e2_c4d42554da4b1f44862b,qwen_flash,C1,canonical,1,3,109,power_limit_derating,hard,winter,fresno,5,91,22.75,350.0,250.0,100.0,100.0,canonical_higher,100.0,True,4e28b1dfc57dae2a46fde2464b47f1a4cba72117012d6bab7739e1f246809fa4,3526.25,False,True,True,True,False,False,False,0.0,0.0,True,3436.8421052631566,146513.15789473688,False,0.0,0.0,False,0.0,0.0,True,3686.8421052631566,-3686.8421052631566,85,146513.15789473688,False,False,402.96354343607226,False,0.0,0.0,True,3436.8421052631566,146513.15789473688,False,0.0,0.0,False,0.0,0.0,True,3686.8421052631566,-3686.8421052631566,85,146513.15789473688,False,False,402.96354343607226,qwen3.6-flash-2026-04-16,,341b4deb82531759077945903cf3386480134f80e85faba0105c3f113a075843,bab765ef7f6897e7381b89007063a38b872cf5d638376c58f70ae2a3b7c8385a,1,0.458442,2026-08-13T06:57:05.982097+00:00,2026-08-13T06:57:06.440539+00:00,1786604225.982097,1786604226.440539
F1,e2bv2_0bd240f8d29b9618cf8b,v2e2_c4d42554da4b1f44862b,qwen_flash,S1,stale,1,4,109,power_limit_derating,hard,winter,fresno,5,91,22.75,350.0,250.0,100.0,100.0,canonical_higher,100.0,True,4e28b1dfc57dae2a46fde2464b47f1a4cba72117012d6bab7739e1f246809fa4,3526.25,False,True,True,True,False,False,False,0.0,0.0,True,3536.8421052631566,155111.8421052632,False,0.0,0.0,False,0.0,0.0,True,3786.8421052631566,-3786.8421052631566,87,155111.8421052632,False,False,402.96354343607226,False,0.0,0.0,True,3436.8421052631566,146513.15789473688,False,0.0,0.0,False,0.0,0.0,True,3686.8421052631566,-3686.8421052631566,85,146513.15789473688,False,False,402.96354343607226,qwen3.6-flash-2026-04-16,,d968a292838dbda4679e26a67054c737a4783d700dde4a563058772c82b6ad08,4d6ed822b70bbb61a25fc650ad8183c7a4bbe029680aa02cd8e925881decbfbd,1,0.980473,2026-08-13T06:57:06.467133+00:00,2026-08-13T06:57:07.447606+00:00,1786604226.467133,1786604227.447606
F1,e2bv2_102ef74ca08fac905cd5,v2e2_a49aba98f0f44c8c6622,qwen_flash,S2,stale,2,1,48,reserve_commitment_update,hard,autumn,los_angeles,15,81,20.25,300.0,250.0,50.0,50.0,canonical_higher,50.0,True,82e196fab5150c31f985efd8e360479bfb937eb11aa847a6a18921a145144db4,5062.5,False,True,True,True,False,False,False,0.0,0.0,True,5315.447368421055,217393.3421052632,False,0.0,0.0,True,136.09507000000002,483.5182175,True,5403.947368421055,-5403.947368421055,81,217876.86032276315,False,False,-2.903742414970269,False,0.0,0.0,True,5265.447368421055,213343.3421052632,False,0.0,0.0,True,136.09507000000002,483.5182175,True,5353.947368421055,-5353.947368421055,81,213826.86032276315,False,False,-2.903742414970269,qwen3.6-flash-2026-04-16,,dc52d9d9e70967306ce513a1a737898666028ca2439d2c7ca4f7f008c35fc83e,b5f4b5f7e0f6e6b01cb5e6e58af8ee4998403fc24306edc2397de41c3fa36ba4,1,0.886576,2026-08-13T06:55:43.037069+00:00,2026-08-13T06:55:43.923645+00:00,1786604143.037069,1786604143.923645
F1,e2bv2_102ef74ca08fac905cd5,v2e2_a49aba98f0f44c8c6622,qwen_flash,C1,canonical,1,2,48,reserve_commitment_update,hard,autumn,los_angeles,15,81,20.25,300.0,250.0,50.0,50.0,canonical_higher,50.0,True,82e196fab5150c31f985efd8e360479bfb937eb11aa847a6a18921a145144db4,5062.5,False,True,True,True,False,False,False,0.0,0.0,True,5265.447368421055,213343.3421052632,False,0.0,0.0,True,136.09507000000002,483.5182175,True,5353.947368421055,-5353.947368421055,81,213826.86032276315,False,False,-2.903742414970269,False,0.0,0.0,True,5265.447368421055,213343.3421052632,False,0.0,0.0,True,136.09507000000002,483.5182175,True,5353.947368421055,-5353.947368421055,81,213826.86032276315,False,False,-2.903742414970269,qwen3.6-flash-2026-04-16,,c9e0b0f4d60e31f9f7d3cdfccc5219267017139a8e1c2571ce7784926d61c977,91c2ec21adabc8e99b2184f918192ef5396731f49ff6766212641c098b237b27,1,0.87969,2026-08-13T06:55:43.958306+00:00,2026-08-13T06:55:44.837996+00:00,1786604143.958306,1786604144.837996
F1,e2bv2_102ef74ca08fac905cd5,v2e2_a49aba98f0f44c8c6622,qwen_flash,S1,stale,1,3,48,reserve_commitment_update,hard,autumn,los_angeles,15,81,20.25,300.0,250.0,50.0,50.0,canonical_higher,50.0,True,82e196fab5150c31f985efd8e360479bfb937eb11aa847a6a18921a145144db4,5062.5,False,True,True,True,False,False,False,0.0,0.0,True,5315.447368421055,217393.3421052632,False,0.0,0.0,True,136.09507000000002,483.5182175,True,5403.947368421055,-5403.947368421055,81,217876.86032276315,False,False,-2.903742414970269,False,0.0,0.0,True,5265.447368421055,213343.3421052632,False,0.0,0.0,True,136.09507000000002,483.5182175,True,5353.947368421055,-5353.947368421055,81,213826.86032276315,False,False,-2.903742414970269,qwen3.6-flash-2026-04-16,,dc52d9d9e70967306ce513a1a737898666028ca2439d2c7ca4f7f008c35fc83e,b5f4b5f7e0f6e6b01cb5e6e58af8ee4998403fc24306edc2397de41c3fa36ba4,1,0.93069,2026-08-13T06:55:44.865704+00:00,2026-08-13T06:55:45.796394+00:00,1786604144.865704,1786604145.796394
F1,e2bv2_102ef74ca08fac905cd5,v2e2_a49aba98f0f44c8c6622,qwen_flash,C2,canonical,2,4,48,reserve_commitment_update,hard,autumn,los_angeles,15,81,20.25,300.0,250.0,50.0,50.0,canonical_higher,50.0,True,82e196fab5150c31f985efd8e360479bfb937eb11aa847a6a18921a145144db4,5062.5,False,True,True,True,False,False,False,0.0,0.0,True,5265.447368421055,213343.3421052632,False,0.0,0.0,True,136.09507000000002,483.5182175,True,5353.947368421055,-5353.947368421055,81,213826.86032276315,False,False,-2.903742414970269,False,0.0,0.0,True,5265.447368421055,213343.3421052632,False,0.0,0.0,True,136.09507000000002,483.5182175,True,5353.947368421055,-5353.947368421055,81,213826.86032276315,False,False,-2.903742414970269,qwen3.6-flash-2026-04-16,,c9e0b0f4d60e31f9f7d3cdfccc5219267017139a8e1c2571ce7784926d61c977,91c2ec21adabc8e99b2184f918192ef5396731f49ff6766212641c098b237b27,1,1.33285,2026-08-13T06:55:45.823254+00:00,2026-08-13T06:55:47.156104+00:00,1786604145.823254,1786604147.156104
F1,e2bv2_106f78fe39b79a37486f,v2e2_16b5f26ad506f7afac02,deepseek_formal,S2,stale,2,1,13,export_limit_update,medium,autumn,san_diego,15,81,20.25,175.0,250.0,-75.0,75.0,canonical_lower,75.0,True,f4bd841308415de6ed2727462cd66a7333ac8155b4e8e95de0220355189c785c,0.0,True,False,False,False,False,False,False,0.0,0.0,False,0.0,0.0,False,0.0,0.0,False,0.0,0.0,True,75.0,-75.0,0,0.0,True,False,228.69871247973637,False,0.0,0.0,False,0.0,0.0,False,0.0,0.0,False,0.0,0.0,True,150.0,-150.0,0,0.0,True,False,228.69871247973637,deepseek-v4-flash,fp_a18b46594c_prod0820_fp8_kvcache_20260402,2dc9ba47e7426fbb0cc7b713e578e401940b9ee709b03d3019b5fab93a32705b,05670059a2392ff8af8a40775d5a4d8340997753d37928a80be65497ff8848ee,1,1.524088,2026-08-13T06:54:57.006736+00:00,2026-08-13T06:54:58.530824+00:00,1786604097.006736,1786604098.530824
F1,e2bv2_106f78fe39b79a37486f,v2e2_16b5f26ad506f7afac02,deepseek_formal,C1,canonical,1,2,13,export_limit_update,medium,autumn,san_diego,15,81,20.25,175.0,250.0,-75.0,75.0,canonical_lower,75.0,True,f4bd841308415de6ed2727462cd66a7333ac8155b4e8e95de0220355189c785c,0.0,True,False,False,False,False,False,False,0.0,0.0,False,0.0,0.0,False,0.0,0.0,False,0.0,0.0,True,150.0,-150.0,0,0.0,True,False,228.69871247973637,False,0.0,0.0,False,0.0,0.0,False,0.0,0.0,False,0.0,0.0,True,150.0,-150.0,0,0.0,True,False,228.69871247973637,deepseek-v4-flash,fp_a18b46594c_prod0820_fp8_kvcache_20260402,e8b46a7e2784d841ed99dabee524da0abc10f4fedcb07d4ceaa289faa18c7817,dfa5eaa7620a810be10952eca5088fbb0787dd1ba0a5ebf55ff32711212ee447,1,3.253996,2026-08-13T06:54:58.564658+00:00,2026-08-13T06:55:01.818654+00:00,1786604098.564658,1786604101.818654
F1,e2bv2_106f78fe39b79a37486f,v2e2_16b5f26ad506f7afac02,deepseek_formal,S1,stale,1,3,13,export_limit_update,medium,autumn,san_diego,15,81,20.25,175.0,250.0,-75.0,75.0,canonical_lower,75.0,True,f4bd841308415de6ed2727462cd66a7333ac8155b4e8e95de0220355189c785c,0.0,True,False,False,False,False,False,False,0.0,0.0,False,0.0,0.0,False,0.0,0.0,False,0.0,0.0,True,75.0,-75.0,0,0.0,True,False,228.69871247973637,False,0.0,0.0,False,0.0,0.0,False,0.0,0.0,False,0.0,0.0,True,150.0,-150.0,0,0.0,True,False,228.69871247973637,deepseek-v4-flash,fp_a18b46594c_prod0820_fp8_kvcache_20260402,2dc9ba47e7426fbb0cc7b713e578e401940b9ee709b03d3019b5fab93a32705b,05670059a2392ff8af8a40775d5a4d8340997753d37928a80be65497ff8848ee,1,1.345411,2026-08-13T06:55:01.854049+00:00,2026-08-13T06:55:03.199460+00:00,1786604101.854049,1786604103.19946
F1,e2bv2_106f78fe39b79a37486f,v2e2_16b5f26ad506f7afac02,deepseek_formal,C2,canonical,2,4,13,export_limit_update,medium,autumn,san_diego,15,81,20.25,175.0,250.0,-75.0,75.0,canonical_lower,75.0,True,f4bd841308415de6ed2727462cd66a7333ac8155b4e8e95de0220355189c785c,0.0,True,False,False,False,False,False,False,0.0,0.0,False,0.0,0.0,False,0.0,0.0,False,0.0,0.0,True,150.0,-150.0,0,0.0,True,False,228.69871247973637,False,0.0,0.0,False,0.0,0.0,False,0.0,0.0,False,0.0,0.0,True,150.0,-150.0,0,0.0,True,False,228.69871247973637,deepseek-v4-flash,fp_a18b46594c_prod0820_fp8_kvcache_20260402,e8b46a7e2784d841ed99dabee524da0abc10f4fedcb07d4ceaa289faa18c7817,dfa5eaa7620a810be10952eca5088fbb0787dd1ba0a5ebf55ff32711212ee447,1,1.118441,2026-08-13T06:55:03.228064+00:00,2026-08-13T06:55:04.346505+00:00,1786604103.228064,1786604104.346505
F1,e2bv2_13bd328dd30210a825ec,v2e2_a614c009acc530c12890,deepseek_formal,C1,canonical,1,1,30,reserve_commitment_update,easy,autumn,los_angeles,5,91,22.75,300.0,250.0,50.0,50.0,canonical_higher,50.0,True,e6ff459ebc86a128b3e37b46d41efd52eedbe5c955acf3d20dfbf99a33fb2557,0.0,True,False,False,False,False,False,False,0.0,0.0,False,0.0,0.0,False,0.0,0.0,False,0.0,0.0,True,25.0,-25.0,0,0.0,True,False,351.6358813853461,False,0.0,0.0,False,0.0,0.0,False,0.0,0.0,False,0.0,0.0,True,25.0,-25.0,0,0.0,True,False,351.6358813853461,deepseek-v4-flash,fp_a18b46594c_prod0820_fp8_kvcache_20260402,8de38929850bfa3d6084c4822dfa9b3442e620e54d0a70f8d88714c57a6fae6b,cf2cdc67f0ec5d3db9a8a888179c6284844e37c840a19f5317a5bc62b124313d,1,13.616571,2026-08-13T06:55:23.714217+00:00,2026-08-13T06:55:37.330788+00:00,1786604123.714217,1786604137.330788
F1,e2bv2_13bd328dd30210a825ec,v2e2_a614c009acc530c12890,deepseek_formal,S1,stale,1,2,30,reserve_commitment_update,easy,autumn,los_angeles,5,91,22.75,300.0,250.0,50.0,50.0,canonical_higher,50.0,True,e6ff459ebc86a128b3e37b46d41efd52eedbe5c955acf3d20dfbf99a33fb2557,0.0,True,False,False,False,False,False,False,0.0,0.0,False,0.0,0.0,False,0.0,0.0,False,0.0,0.0,True,75.0,-75.0,0,0.0,True,False,351.6358813853461,False,0.0,0.0,False,0.0,0.0,False,0.0,0.0,False,0.0,0.0,True,25.0,-25.0,0,0.0,True,False,351.6358813853461,deepseek-v4-flash,fp_a18b46594c_prod0820_fp8_kvcache_20260402,bca780b4301e60b06f231557a40e15a7060e895d5a55f5e18934e9ffda6c7a06,a45dc618ceb28c9da8e1e2afa0d0fc3b2ff08118d005e799fe018e0275d5f07c,1,1.017438,2026-08-13T06:55:37.357112+00:00,2026-08-13T06:55:38.374550+00:00,1786604137.357112,1786604138.37455
F1,e2bv2_13bd328dd30210a825ec,v2e2_a614c009acc530c12890,deepseek_formal,C2,canonical,2,3,30,reserve_commitment_update,easy,autumn,los_angeles,5,91,22.75,300.0,250.0,50.0,50.0,canonical_higher,50.0,True,e6ff459ebc86a128b3e37b46d41efd52eedbe5c955acf3d20dfbf99a33fb2557,0.0,True,False,False,False,False,False,False,0.0,0.0,False,0.0,0.0,False,0.0,0.0,False,0.0,0.0,True,25.0,-25.0,0,0.0,True,False,351.6358813853461,False,0.0,0.0,False,0.0,0.0,False,0.0,0.0,False,0.0,0.0,True,25.0,-25.0,0,0.0,True,False,351.6358813853461,deepseek-v4-flash,fp_a18b46594c_prod0820_fp8_kvcache_20260402,8de38929850bfa3d6084c4822dfa9b3442e620e54d0a70f8d88714c57a6fae6b,cf2cdc67f0ec5d3db9a8a888179c6284844e37c840a19f5317a5bc62b124313d,1,1.069551,2026-08-13T06:55:38.405751+00:00,2026-08-13T06:55:39.475302+00:00,1786604138.405751,1786604139.475302
F1,e2bv2_13bd328dd30210a825ec,v2e2_a614c009acc530c12890,deepseek_formal,S2,stale,2,4,30,reserve_commitment_update,easy,autumn,los_angeles,5,91,22.75,300.0,250.0,50.0,50.0,canonical_higher,50.0,True,e6ff459ebc86a128b3e37b46d41efd52eedbe5c955acf3d20dfbf99a33fb2557,0.0,True,False,False,False,False,False,False,0.0,0.0,False,0.0,0.0,False,0.0,0.0,False,0.0,0.0,True,75.0,-75.0,0,0.0,True,False,351.6358813853461,False,0.0,0.0,False,0.0,0.0,False,0.0,0.0,False,0.0,0.0,True,25.0,-25.0,0,0.0,True,False,351.6358813853461,deepseek-v4-flash,fp_a18b46594c_prod0820_fp8_kvcache_20260402,bca780b4301e60b06f231557a40e15a7060e895d5a55f5e18934e9ffda6c7a06,a45dc618ceb28c9da8e1e2afa0d0fc3b2ff08118d005e799fe018e0275d5f07c,1,1.217709,2026-08-13T06:55:39.500322+00:00,2026-08-13T06:55:40.718031+00:00,1786604139.500322,1786604140.718031
F1,e2bv2_1627c6ac82f892173eaf,v2e2_c4d42554da4b1f44862b,deepseek_formal,C2,canonical,2,1,31,power_limit_derating,hard,winter,fresno,5,91,22.75,350.0,250.0,100.0,100.0,canonical_higher,100.0,True,b7bce814d6332233a360010ea55e493b83eaafba0f4ffe2feed2219c089bde6b,0.0,True,False,False,False,False,False,False,0.0,0.0,False,0.0,0.0,False,0.0,0.0,False,0.0,0.0,True,25.0,25.0,0,0.0,True,False,668.7972958985722,False,0.0,0.0,False,0.0,0.0,False,0.0,0.0,False,0.0,0.0,True,25.0,25.0,0,0.0,True,False,668.7972958985722,deepseek-v4-flash,fp_a18b46594c_prod0820_fp8_kvcache_20260402,341b4deb82531759077945903cf3386480134f80e85faba0105c3f113a075843,be2797a0f0ca8ec2cdd674184b350d367b5ab2963b71077df3d6105555fe8244,1,1.601702,2026-08-13T06:55:25.121383+00:00,2026-08-13T06:55:26.723085+00:00,1786604125.121383,1786604126.723085
F1,e2bv2_1627c6ac82f892173eaf,v2e2_c4d42554da4b1f44862b,deepseek_formal,S2,stale,2,2,31,power_limit_derating,hard,winter,fresno,5,91,22.75,350.0,250.0,100.0,100.0,canonical_higher,100.0,True,e6ff459ebc86a128b3e37b46d41efd52eedbe5c955acf3d20dfbf99a33fb2557,0.0,True,False,False,False,False,False,False,0.0,0.0,False,0.0,0.0,False,0.0,0.0,False,0.0,0.0,True,75.0,-75.0,0,0.0,True,False,668.7972958985722,False,0.0,0.0,False,0.0,0.0,False,0.0,0.0,False,0.0,0.0,True,25.0,25.0,0,0.0,True,False,668.7972958985722,deepseek-v4-flash,fp_a18b46594c_prod0820_fp8_kvcache_20260402,d968a292838dbda4679e26a67054c737a4783d700dde4a563058772c82b6ad08,e7d0f020b42d7b7e11b114de774ec642d88b11b77143bbdf7416d4390a9a8d38,1,1.881812,2026-08-13T06:55:26.750774+00:00,2026-08-13T06:55:28.632586+00:00,1786604126.750774,1786604128.632586
F1,e2bv2_1627c6ac82f892173eaf,v2e2_c4d42554da4b1f44862b,deepseek_formal,C1,canonical,1,3,31,power_limit_derating,hard,winter,fresno,5,91,22.75,350.0,250.0,100.0,100.0,canonical_higher,100.0,True,b7bce814d6332233a360010ea55e493b83eaafba0f4ffe2feed2219c089bde6b,0.0,True,False,False,False,False,False,False,0.0,0.0,False,0.0,0.0,False,0.0,0.0,False,0.0,0.0,True,25.0,25.0,0,0.0,True,False,668.7972958985722,False,0.0,0.0,False,0.0,0.0,False,0.0,0.0,False,0.0,0.0,True,25.0,25.0,0,0.0,True,False,668.7972958985722,deepseek-v4-flash,fp_a18b46594c_prod0820_fp8_kvcache_20260402,341b4deb82531759077945903cf3386480134f80e85faba0105c3f113a075843,be2797a0f0ca8ec2cdd674184b350d367b5ab2963b71077df3d6105555fe8244,1,0.97509,2026-08-13T06:55:28.658669+00:00,2026-08-13T06:55:29.633759+00:00,1786604128.658669,1786604129.633759
F1,e2bv2_1627c6ac82f892173eaf,v2e2_c4d42554da4b1f44862b,deepseek_formal,S1,stale,1,4,31,power_limit_derating,hard,winter,fresno,5,91,22.75,350.0,250.0,100.0,100.0,canonical_higher,100.0,True,e6ff459ebc86a128b3e37b46d41efd52eedbe5c955acf3d20dfbf99a33fb2557,0.0,True,False,False,False,False,False,False,0.0,0.0,False,0.0,0.0,False,0.0,0.0,False,0.0,0.0,True,75.0,-75.0,0,0.0,True,False,668.7972958985722,False,0.0,0.0,False,0.0,0.0,False,0.0,0.0,False,0.0,0.0,True,25.0,25.0,0,0.0,True,False,668.7972958985722,deepseek-v4-flash,fp_a18b46594c_prod0820_fp8_kvcache_20260402,d968a292838dbda4679e26a67054c737a4783d700dde4a563058772c82b6ad08,e7d0f020b42d7b7e11b114de774ec642d88b11b77143bbdf7416d4390a9a8d38,1,1.213172,2026-08-13T06:55:29.672504+00:00,2026-08-13T06:55:30.885676+00:00,1786604129.672504,1786604130.885676
F1,e2bv2_16cf0baa917b3889276e,v2e2_babe8da2420b974ae448,deepseek_formal,S2,stale,2,1,50,battery_capacity_derating,medium,autumn,sacramento,6,90,22.5,200.0,250.0,-50.0,50.0,canonical_lower,50.0,True,fe2f74a1e0b16a66452888eb4d734bc455cf1304481bb495d59afa8cf9cae93b,0.0,True,False,False,False,False,False,False,0.0,0.0,False,0.0,0.0,False,0.0,0.0,False,0.0,0.0,True,75.0,-75.0,0,0.0,True,False,224.05968312915275,False,0.0,0.0,False,0.0,0.0,False,0.0,0.0,False,0.0,0.0,True,125.0,-125.0,0,0.0,True,False,224.05968312915275,deepseek-v4-flash,fp_a18b46594c_prod0820_fp8_kvcache_20260402,b5c368aea385fddeb511dde4ffdf5924be46e04ddeba4e868503f25316445d56,30eb41fe82c5a7ec6c5926d728f8b482e99a8856e5589b5ea2edecfea69627ef,1,2.712251,2026-08-13T06:55:45.574840+00:00,2026-08-13T06:55:48.287091+00:00,1786604145.57484,1786604148.287091
F1,e2bv2_16cf0baa917b3889276e,v2e2_babe8da2420b974ae448,deepseek_formal,C1,canonical,1,2,50,battery_capacity_derating,medium,autumn,sacramento,6,90,22.5,200.0,250.0,-50.0,50.0,canonical_lower,50.0,True,fe2f74a1e0b16a66452888eb4d734bc455cf1304481bb495d59afa8cf9cae93b,0.0,True,False,False,False,False,False,False,0.0,0.0,False,0.0,0.0,False,0.0,0.0,False,0.0,0.0,True,125.0,-125.0,0,0.0,True,False,224.05968312915275,False,0.0,0.0,False,0.0,0.0,False,0.0,0.0,False,0.0,0.0,True,125.0,-125.0,0,0.0,True,False,224.05968312915275,deepseek-v4-flash,fp_a18b46594c_prod0820_fp8_kvcache_20260402,0e0f453a9dacb55f45147c4de018afcfb3d74358adf7028ce1c740b9d94004bb,03c7153661375d8cc1ca3fee9c7a6716ae6813329640e99dbe0ef24f1fa6ab36,1,1.713246,2026-08-13T06:55:48.319794+00:00,2026-08-13T06:55:50.033040+00:00,1786604148.319794,1786604150.03304
F1,e2bv2_16cf0baa917b3889276e,v2e2_babe8da2420b974ae448,deepseek_formal,S1,stale,1,3,50,battery_capacity_derating,medium,autumn,sacramento,6,90,22.5,200.0,250.0,-50.0,50.0,canonical_lower,50.0,True,fe2f74a1e0b16a66452888eb4d734bc455cf1304481bb495d59afa8cf9cae93b,0.0,True,False,False,False,False,False,False,0.0,0.0,False,0.0,0.0,False,0.0,0.0,False,0.0,0.0,True,75.0,-75.0,0,0.0,True,False,224.05968312915275,False,0.0,0.0,False,0.0,0.0,False,0.0,0.0,False,0.0,0.0,True,125.0,-125.0,0,0.0,True,False,224.05968312915275,deepseek-v4-flash,fp_a18b46594c_prod0820_fp8_kvcache_20260402,b5c368aea385fddeb511dde4ffdf5924be46e04ddeba4e868503f25316445d56,30eb41fe82c5a7ec6c5926d728f8b482e99a8856e5589b5ea2edecfea69627ef,1,1.354166,2026-08-13T06:55:50.065457+00:00,2026-08-13T06:55:51.419623+00:00,1786604150.065457,1786604151.419623
F1,e2bv2_16cf0baa917b3889276e,v2e2_babe8da2420b974ae448,deepseek_formal,C2,canonical,2,4,50,battery_capacity_derating,medium,autumn,sacramento,6,90,22.5,200.0,250.0,-50.0,50.0,canonical_lower,50.0,True,fe2f74a1e0b16a66452888eb4d734bc455cf1304481bb495d59afa8cf9cae93b,0.0,True,False,False,False,False,False,False,0.0,0.0,False,0.0,0.0,False,0.0,0.0,False,0.0,0.0,True,125.0,-125.0,0,0.0,True,False,224.05968312915275,False,0.0,0.0,False,0.0,0.0,False,0.0,0.0,False,0.0,0.0,True,125.0,-125.0,0,0.0,True,False,224.05968312915275,deepseek-v4-flash,fp_a18b46594c_prod0820_fp8_kvcache_20260402,0e0f453a9dacb55f45147c4de018afcfb3d74358adf7028ce1c740b9d94004bb,03c7153661375d8cc1ca3fee9c7a6716ae6813329640e99dbe0ef24f1fa6ab36,1,1.458952,2026-08-13T06:55:51.446451+00:00,2026-08-13T06:55:52.905403+00:00,1786604151.446451,1786604152.905403
F1,e2bv2_17ed2261ecd19dec6230,v2e2_a26fd019af93d45104b8,deepseek_formal,C2,canonical,2,1,14,export_limit_update,medium,spring,sacramento,13,83,20.75,300.0,250.0,50.0,50.0,canonical_higher,50.0,True,a9696dcbc2bef81a08d6b1a798091d2b1a49654218d3ebdb12f9b255cbb1476f,0.0,True,False,False,False,False,False,False,0.0,0.0,False,0.0,0.0,False,0.0,0.0,False,0.0,0.0,True,25.0,-25.0,0,0.0,True,False,159.99639056510802,False,0.0,0.0,False,0.0,0.0,False,0.0,0.0,False,0.0,0.0,True,25.0,-25.0,0,0.0,True,False,159.99639056510802,deepseek-v4-flash,fp_a18b46594c_prod0820_fp8_kvcache_20260402,eb060adae8385ead84af032bfeec05ab6bf4e30aa723930a39ad8e9fdf6c76a7,f9de1a4948c4ada3220ac5f8c0886964135ce4d14fd4ffc945ec8c3de5bba6a0,1,1.520156,2026-08-13T06:54:58.010915+00:00,2026-08-13T06:54:59.531071+00:00,1786604098.010915,1786604099.531071
F1,e2bv2_17ed2261ecd19dec6230,v2e2_a26fd019af93d45104b8,deepseek_formal,S2,stale,2,2,14,export_limit_update,medium,spring,sacramento,13,83,20.75,300.0,250.0,50.0,50.0,canonical_higher,50.0,True,a9696dcbc2bef81a08d6b1a798091d2b1a49654218d3ebdb12f9b255cbb1476f,0.0,True,False,False,False,False,False,False,0.0,0.0,False,0.0,0.0,False,0.0,0.0,False,0.0,0.0,True,75.0,-75.0,0,0.0,True,False,159.99639056510802,False,0.0,0.0,False,0.0,0.0,False,0.0,0.0,False,0.0,0.0,True,25.0,-25.0,0,0.0,True,False,159.99639056510802,deepseek-v4-flash,fp_a18b46594c_prod0820_fp8_kvcache_20260402,a6da8108519a93a3b5829b2f2563afc8458b217c9d1140c079a19355a4b22f91,ef377fd56405f2680a2fe91f1d00455d5bd07c08b818f00c979828d9d52d8e61,1,1.917587,2026-08-13T06:54:59.563881+00:00,2026-08-13T06:55:01.481468+00:00,1786604099.563881,1786604101.481468
F1,e2bv2_17ed2261ecd19dec6230,v2e2_a26fd019af93d45104b8,deepseek_formal,C1,canonical,1,3,14,export_limit_update,medium,spring,sacramento,13,83,20.75,300.0,250.0,50.0,50.0,canonical_higher,50.0,True,a9696dcbc2bef81a08d6b1a798091d2b1a49654218d3ebdb12f9b255cbb1476f,0.0,True,False,False,False,False,False,False,0.0,0.0,False,0.0,0.0,False,0.0,0.0,False,0.0,0.0,True,25.0,-25.0,0,0.0,True,False,159.99639056510802,False,0.0,0.0,False,0.0,0.0,False,0.0,0.0,False,0.0,0.0,True,25.0,-25.0,0,0.0,True,False,159.99639056510802,deepseek-v4-flash,fp_a18b46594c_prod0820_fp8_kvcache_20260402,eb060adae8385ead84af032bfeec05ab6bf4e30aa723930a39ad8e9fdf6c76a7,f9de1a4948c4ada3220ac5f8c0886964135ce4d14fd4ffc945ec8c3de5bba6a0,1,15.32102,2026-08-13T06:55:01.507841+00:00,2026-08-13T06:55:16.828861+00:00,1786604101.507841,1786604116.828861
F1,e2bv2_17ed2261ecd19dec6230,v2e2_a26fd019af93d45104b8,deepseek_formal,S1,stale,1,4,14,export_limit_update,medium,spring,sacramento,13,83,20.75,300.0,250.0,50.0,50.0,canonical_higher,50.0,True,a9696dcbc2bef81a08d6b1a798091d2b1a49654218d3ebdb12f9b255cbb1476f,0.0,True,False,False,False,False,False,False,0.0,0.0,False,0.0,0.0,False,0.0,0.0,False,0.0,0.0,True,75.0,-75.0,0,0.0,True,False,159.99639056510802,False,0.0,0.0,False,0.0,0.0,False,0.0,0.0,False,0.0,0.0,True,25.0,-25.0,0,0.0,True,False,159.99639056510802,deepseek-v4-flash,fp_a18b46594c_prod0820_fp8_kvcache_20260402,a6da8108519a93a3b5829b2f2563afc8458b217c9d1140c079a19355a4b22f91,ef377fd56405f2680a2fe91f1d00455d5bd07c08b818f00c979828d9d52d8e61,1,1.607215,2026-08-13T06:55:16.863249+00:00,2026-08-13T06:55:18.470464+00:00,1786604116.863249,1786604118.470464
F1,e2bv2_18157d185d442405c6ee,v2e2_16b5f26ad506f7afac02,qwen_flash,S2,stale,2,1,5,export_limit_update,medium,autumn,san_diego,15,81,20.25,175.0,250.0,-75.0,75.0,canonical_lower,75.0,True,82e196fab5150c31f985efd8e360479bfb937eb11aa847a6a18921a145144db4,5062.5,False,True,True,True,False,False,False,0.0,0.0,True,5153.947368421055,204464.47368421056,False,0.0,0.0,True,183.890651,739.2236205,True,5403.947368421055,-5403.947368421055,79,205203.69730471054,False,False,13.367043729736414,False,0.0,0.0,True,5228.947368421056,210421.05263157896,False,0.0,0.0,True,183.890651,739.2236205,True,5478.947368421056,-5478.947368421056,80,211160.27625207897,False,False,13.367043729736414,qwen3.6-flash-2026-04-16,,2dc9ba47e7426fbb0cc7b713e578e401940b9ee709b03d3019b5fab93a32705b,1a28476b24dbafe01f4eeb5d8ded38fd9935c30db88161575cafbc905cfbcd23,1,1.696393,2026-08-13T06:54:46.948181+00:00,2026-08-13T06:54:48.644574+00:00,1786604086.948181,1786604088.644574
F1,e2bv2_18157d185d442405c6ee,v2e2_16b5f26ad506f7afac02,qwen_flash,C1,canonical,1,2,5,export_limit_update,medium,autumn,san_diego,15,81,20.25,175.0,250.0,-75.0,75.0,canonical_lower,75.0,True,82e196fab5150c31f985efd8e360479bfb937eb11aa847a6a18921a145144db4,5062.5,False,True,True,True,False,False,False,0.0,0.0,True,5228.947368421056,210421.05263157896,False,0.0,0.0,True,183.890651,739.2236205,True,5478.947368421056,-5478.947368421056,80,211160.27625207897,False,False,13.367043729736414,False,0.0,0.0,True,5228.947368421056,210421.05263157896,False,0.0,0.0,True,183.890651,739.2236205,True,5478.947368421056,-5478.947368421056,80,211160.27625207897,False,False,13.367043729736414,qwen3.6-flash-2026-04-16,,e8b46a7e2784d841ed99dabee524da0abc10f4fedcb07d4ceaa289faa18c7817,8feee3f6f386ff226a47a0c3cc07b949b7f7bb3ca4da475590366b270fa30954,1,0.904117,2026-08-13T06:54:48.680410+00:00,2026-08-13T06:54:49.584527+00:00,1786604088.68041,1786604089.584527
F1,e2bv2_18157d185d442405c6ee,v2e2_16b5f26ad506f7afac02,qwen_flash,S1,stale,1,3,5,export_limit_update,medium,autumn,san_diego,15,81,20.25,175.0,250.0,-75.0,75.0,canonical_lower,75.0,True,82e196fab5150c31f985efd8e360479bfb937eb11aa847a6a18921a145144db4,5062.5,False,True,True,True,False,False,False,0.0,0.0,True,5153.947368421055,204464.47368421056,False,0.0,0.0,True,183.890651,739.2236205,True,5403.947368421055,-5403.947368421055,79,205203.69730471054,False,False,13.367043729736414,False,0.0,0.0,True,5228.947368421056,210421.05263157896,False,0.0,0.0,True,183.890651,739.2236205,True,5478.947368421056,-5478.947368421056,80,211160.27625207897,False,False,13.367043729736414,qwen3.6-flash-2026-04-16,,2dc9ba47e7426fbb0cc7b713e578e401940b9ee709b03d3019b5fab93a32705b,1a28476b24dbafe01f4eeb5d8ded38fd9935c30db88161575cafbc905cfbcd23,1,0.853514,2026-08-13T06:54:49.623650+00:00,2026-08-13T06:54:50.477164+00:00,1786604089.62365,1786604090.477164
F1,e2bv2_18157d185d442405c6ee,v2e2_16b5f26ad506f7afac02,qwen_flash,C2,canonical,2,4,5,export_limit_update,medium,autumn,san_diego,15,81,20.25,175.0,250.0,-75.0,75.0,canonical_lower,75.0,True,82e196fab5150c31f985efd8e360479bfb937eb11aa847a6a18921a145144db4,5062.5,False,True,True,True,False,False,False,0.0,0.0,True,5228.947368421056,210421.05263157896,False,0.0,0.0,True,183.890651,739.2236205,True,5478.947368421056,-5478.947368421056,80,211160.27625207897,False,False,13.367043729736414,False,0.0,0.0,True,5228.947368421056,210421.05263157896,False,0.0,0.0,True,183.890651,739.2236205,True,5478.947368421056,-5478.947368421056,80,211160.27625207897,False,False,13.367043729736414,qwen3.6-flash-2026-04-16,,e8b46a7e2784d841ed99dabee524da0abc10f4fedcb07d4ceaa289faa18c7817,8feee3f6f386ff226a47a0c3cc07b949b7f7bb3ca4da475590366b270fa30954,1,0.921174,2026-08-13T06:54:50.509131+00:00,2026-08-13T06:54:51.430305+00:00,1786604090.509131,1786604091.430305
F1,e2bv2_18a7375daa96cf6a350e,v2e2_d6ba00286f170447ebbf,qwen_flash,S1,stale,1,1,105,forecast_revision,hard,summer,sacramento,4,92,23.0,175.0,250.0,-75.0,75.0,canonical_lower,75.0,True,01835ca016b6607eda94cb8ff102b2cad69b4a1cb53b69f7d0ebcbc5963fd2b6,3450.0,False,True,True,True,False,False,False,0.0,0.0,True,3456.578947368417,153073.6842105262,False,0.0,0.0,False,0.0,0.0,True,3706.578947368417,-3706.578947368417,88,153073.68421052623,False,False,259.4502829094997,False,0.0,0.0,True,3531.578947368417,159749.99999999988,False,0.0,0.0,False,0.0,0.0,True,3781.578947368417,-3781.578947368417,90,159749.9999999999,False,False,259.4502829094997,qwen3.6-flash-2026-04-16,,e1755f93d3d34a9ec2d180a155927a5d6f9786019f41c11f67b7f5aee392ec8b,4619ea01706683c8506896cc348c90831eaf8fb99bbbe0c6f522778e4939cda6,1,1.816801,2026-08-13T06:56:58.932435+00:00,2026-08-13T06:57:00.749236+00:00,1786604218.932435,1786604220.749236
F1,e2bv2_18a7375daa96cf6a350e,v2e2_d6ba00286f170447ebbf,qwen_flash,C2,canonical,2,2,105,forecast_revision,hard,summer,sacramento,4,92,23.0,175.0,250.0,-75.0,75.0,canonical_lower,75.0,True,01835ca016b6607eda94cb8ff102b2cad69b4a1cb53b69f7d0ebcbc5963fd2b6,3450.0,False,True,True,True,False,False,False,0.0,0.0,True,3531.578947368417,159749.99999999988,False,0.0,0.0,False,0.0,0.0,True,3781.578947368417,-3781.578947368417,90,159749.9999999999,False,False,259.4502829094997,False,0.0,0.0,True,3531.578947368417,159749.99999999988,False,0.0,0.0,False,0.0,0.0,True,3781.578947368417,-3781.578947368417,90,159749.9999999999,False,False,259.4502829094997,qwen3.6-flash-2026-04-16,,d898fd153fd7c46e1d77314b30a66ec47848b7869ef2c9d7c2d8eb265921983d,19a3b2cec4c1ad39b7bdde44551f41d97238f11cc0f641cd159c81f62a60e1ea,1,0.962367,2026-08-13T06:57:00.775433+00:00,2026-08-13T06:57:01.737800+00:00,1786604220.775433,1786604221.7378
F1,e2bv2_18a7375daa96cf6a350e,v2e2_d6ba00286f170447ebbf,qwen_flash,S2,stale,2,3,105,forecast_revision,hard,summer,sacramento,4,92,23.0,175.0,250.0,-75.0,75.0,canonical_lower,75.0,True,01835ca016b6607eda94cb8ff102b2cad69b4a1cb53b69f7d0ebcbc5963fd2b6,3450.0,False,True,True,True,False,False,False,0.0,0.0,True,3456.578947368417,153073.6842105262,False,0.0,0.0,False,0.0,0.0,True,3706.578947368417,-3706.578947368417,88,153073.68421052623,False,False,259.4502829094997,False,0.0,0.0,True,3531.578947368417,159749.99999999988,False,0.0,0.0,False,0.0,0.0,True,3781.578947368417,-3781.578947368417,90,159749.9999999999,False,False,259.4502829094997,qwen3.6-flash-2026-04-16,,e1755f93d3d34a9ec2d180a155927a5d6f9786019f41c11f67b7f5aee392ec8b,4619ea01706683c8506896cc348c90831eaf8fb99bbbe0c6f522778e4939cda6,1,0.952129,2026-08-13T06:57:01.768257+00:00,2026-08-13T06:57:02.720386+00:00,1786604221.768257,1786604222.720386
F1,e2bv2_18a7375daa96cf6a350e,v2e2_d6ba00286f170447ebbf,qwen_flash,C1,canonical,1,4,105,forecast_revision,hard,summer,sacramento,4,92,23.0,175.0,250.0,-75.0,75.0,canonical_lower,75.0,True,01835ca016b6607eda94cb8ff102b2cad69b4a1cb53b69f7d0ebcbc5963fd2b6,3450.0,False,True,True,True,False,False,False,0.0,0.0,True,3531.578947368417,159749.99999999988,False,0.0,0.0,False,0.0,0.0,True,3781.578947368417,-3781.578947368417,90,159749.9999999999,False,False,259.4502829094997,False,0.0,0.0,True,3531.578947368417,159749.99999999988,False,0.0,0.0,False,0.0,0.0,True,3781.578947368417,-3781.578947368417,90,159749.9999999999,False,False,259.4502829094997,qwen3.6-flash-2026-04-16,,d898fd153fd7c46e1d77314b30a66ec47848b7869ef2c9d7c2d8eb265921983d,19a3b2cec4c1ad39b7bdde44551f41d97238f11cc0f641cd159c81f62a60e1ea,1,1.337832,2026-08-13T06:57:02.779508+00:00,2026-08-13T06:57:04.117340+00:00,1786604222.779508,1786604224.11734
F1,e2bv2_1982c6e473319f2a8a6b,v2e2_aa86ae40329fa58392a5,qwen_flash,S2,stale,2,1,60,battery_capacity_derating,medium,spring,sacramento,13,83,20.75,350.0,250.0,100.0,100.0,canonical_higher,100.0,True,17d476114167a1c0bc9d2c2c8b50648412fb019586a84eccf17e07613d4c4bf4,5187.5,False,True,True,True,False,False,False,0.0,0.0,True,5285.526315789477,214969.73684210528,False,0.0,0.0,True,108.22296,301.50896425,True,5535.526315789477,-5535.526315789477,81,215271.24580635532,False,False,144.2347349378074,False,0.0,0.0,True,5185.526315789477,206959.2105263158,False,0.0,0.0,True,108.22296,301.50896425,True,5435.526315789477,-5435.526315789477,79,207260.71949056583,False,False,144.2347349378074,qwen3.6-flash-2026-04-16,,e8ae2029fa8af0a39d00bc1010bdc6e1fd9ddacbc504565a1b10a172988fc3f0,55d1d51856f42be65852a56ba05a34d637f294bebfe7fe543ad2fa52493608a5,1,1.097536,2026-08-13T06:55:57.724503+00:00,2026-08-13T06:55:58.822039+00:00,1786604157.724503,1786604158.822039
F1,e2bv2_1982c6e473319f2a8a6b,v2e2_aa86ae40329fa58392a5,qwen_flash,C1,canonical,1,2,60,battery_capacity_derating,medium,spring,sacramento,13,83,20.75,350.0,250.0,100.0,100.0,canonical_higher,100.0,True,17d476114167a1c0bc9d2c2c8b50648412fb019586a84eccf17e07613d4c4bf4,5187.5,False,True,True,True,False,False,False,0.0,0.0,True,5185.526315789477,206959.2105263158,False,0.0,0.0,True,108.22296,301.50896425,True,5435.526315789477,-5435.526315789477,79,207260.71949056583,False,False,144.2347349378074,False,0.0,0.0,True,5185.526315789477,206959.2105263158,False,0.0,0.0,True,108.22296,301.50896425,True,5435.526315789477,-5435.526315789477,79,207260.71949056583,False,False,144.2347349378074,qwen3.6-flash-2026-04-16,,22cc670d768eb52d5bfae1eb100443abd2c9619fc09f4c880cbf081b674e41a3,b2899fddfa23c9108abc32ce03bc3d6789c660e12a7fc84257230b101bc25ab7,1,0.969484,2026-08-13T06:55:58.849382+00:00,2026-08-13T06:55:59.818866+00:00,1786604158.849382,1786604159.818866
F1,e2bv2_1982c6e473319f2a8a6b,v2e2_aa86ae40329fa58392a5,qwen_flash,S1,stale,1,3,60,battery_capacity_derating,medium,spring,sacramento,13,83,20.75,350.0,250.0,100.0,100.0,canonical_higher,100.0,True,17d476114167a1c0bc9d2c2c8b50648412fb019586a84eccf17e07613d4c4bf4,5187.5,False,True,True,True,False,False,False,0.0,0.0,True,5285.526315789477,214969.73684210528,False,0.0,0.0,True,108.22296,301.50896425,True,5535.526315789477,-5535.526315789477,81,215271.24580635532,False,False,144.2347349378074,False,0.0,0.0,True,5185.526315789477,206959.2105263158,False,0.0,0.0,True,108.22296,301.50896425,True,5435.526315789477,-5435.526315789477,79,207260.71949056583,False,False,144.2347349378074,qwen3.6-flash-2026-04-16,,e8ae2029fa8af0a39d00bc1010bdc6e1fd9ddacbc504565a1b10a172988fc3f0,55d1d51856f42be65852a56ba05a34d637f294bebfe7fe543ad2fa52493608a5,1,1.150569,2026-08-13T06:55:59.848260+00:00,2026-08-13T06:56:00.998829+00:00,1786604159.84826,1786604160.998829
F1,e2bv2_1982c6e473319f2a8a6b,v2e2_aa86ae40329fa58392a5,qwen_flash,C2,canonical,2,4,60,battery_capacity_derating,medium,spring,sacramento,13,83,20.75,350.0,250.0,100.0,100.0,canonical_higher,100.0,True,17d476114167a1c0bc9d2c2c8b50648412fb019586a84eccf17e07613d4c4bf4,5187.5,False,True,True,True,False,False,False,0.0,0.0,True,5185.526315789477,206959.2105263158,False,0.0,0.0,True,108.22296,301.50896425,True,5435.526315789477,-5435.526315789477,79,207260.71949056583,False,False,144.2347349378074,False,0.0,0.0,True,5185.526315789477,206959.2105263158,False,0.0,0.0,True,108.22296,301.50896425,True,5435.526315789477,-5435.526315789477,79,207260.71949056583,False,False,144.2347349378074,qwen3.6-flash-2026-04-16,,22cc670d768eb52d5bfae1eb100443abd2c9619fc09f4c880cbf081b674e41a3,b2899fddfa23c9108abc32ce03bc3d6789c660e12a7fc84257230b101bc25ab7,1,1.439411,2026-08-13T06:56:01.027544+00:00,2026-08-13T06:56:02.466955+00:00,1786604161.027544,1786604162.466955
F1,e2bv2_1a5a7a43da5111b0cfaa,v2e2_20534de655a33fde87ca,deepseek_formal,S2,stale,2,1,106,export_limit_update,easy,summer,los_angeles,4,92,23.0,150.0,250.0,-100.0,100.0,canonical_lower,100.0,True,c6c9b8650bdf333e657353246bc6f5b02f61950d8990935e2f0e38a63197c80c,0.0,True,False,False,False,False,False,False,0.0,0.0,False,0.0,0.0,False,0.0,0.0,False,0.0,0.0,True,75.0,-75.0,0,0.0,True,False,292.12446556848863,False,0.0,0.0,False,0.0,0.0,False,0.0,0.0,False,0.0,0.0,True,175.0,-175.0,0,0.0,True,False,292.12446556848863,deepseek-v4-flash,fp_a18b46594c_prod0820_fp8_kvcache_20260402,7ea6855a1a1623864cb4fb3a53536cb09bbda62fa94448c2fc52f2547a6fece9,2943a08e96c87dbcd6470659e7bb9516ace7ff92f5a56e0abb5d3be181c420af,1,1.763664,2026-08-13T06:56:59.363025+00:00,2026-08-13T06:57:01.126689+00:00,1786604219.363025,1786604221.126689
F1,e2bv2_1a5a7a43da5111b0cfaa,v2e2_20534de655a33fde87ca,deepseek_formal,C1,canonical,1,2,106,export_limit_update,easy,summer,los_angeles,4,92,23.0,150.0,250.0,-100.0,100.0,canonical_lower,100.0,True,c6c9b8650bdf333e657353246bc6f5b02f61950d8990935e2f0e38a63197c80c,0.0,True,False,False,False,False,False,False,0.0,0.0,False,0.0,0.0,False,0.0,0.0,False,0.0,0.0,True,175.0,-175.0,0,0.0,True,False,292.12446556848863,False,0.0,0.0,False,0.0,0.0,False,0.0,0.0,False,0.0,0.0,True,175.0,-175.0,0,0.0,True,False,292.12446556848863,deepseek-v4-flash,fp_a18b46594c_prod0820_fp8_kvcache_20260402,b631f883abf68d0eef58e652134ef7a2a544788885e29001ee2e20cce164c477,dd285f107801083583f0cf876b335cb7f26d9b30c6aef3697d298d2b2d8a71af,1,2.552438,2026-08-13T06:57:01.153953+00:00,2026-08-13T06:57:03.706391+00:00,1786604221.153953,1786604223.706391
F1,e2bv2_1a5a7a43da5111b0cfaa,v2e2_20534de655a33fde87ca,deepseek_formal,S1,stale,1,3,106,export_limit_update,easy,summer,los_angeles,4,92,23.0,150.0,250.0,-100.0,100.0,canonical_lower,100.0,True,c6c9b8650bdf333e657353246bc6f5b02f61950d8990935e2f0e38a63197c80c,0.0,True,False,False,False,False,False,False,0.0,0.0,False,0.0,0.0,False,0.0,0.0,False,0.0,0.0,True,75.0,-75.0,0,0.0,True,False,292.12446556848863,False,0.0,0.0,False,0.0,0.0,False,0.0,0.0,False,0.0,0.0,True,175.0,-175.0,0,0.0,True,False,292.12446556848863,deepseek-v4-flash,fp_a18b46594c_prod0820_fp8_kvcache_20260402,7ea6855a1a1623864cb4fb3a53536cb09bbda62fa94448c2fc52f2547a6fece9,2943a08e96c87dbcd6470659e7bb9516ace7ff92f5a56e0abb5d3be181c420af,1,1.587011,2026-08-13T06:57:03.732193+00:00,2026-08-13T06:57:05.319204+00:00,1786604223.732193,1786604225.319204
F1,e2bv2_1a5a7a43da5111b0cfaa,v2e2_20534de655a33fde87ca,deepseek_formal,C2,canonical,2,4,106,export_limit_update,easy,summer,los_angeles,4,92,23.0,150.0,250.0,-100.0,100.0,canonical_lower,100.0,True,c6c9b8650bdf333e657353246bc6f5b02f61950d8990935e2f0e38a63197c80c,0.0,True,False,False,False,False,False,False,0.0,0.0,False,0.0,0.0,False,0.0,0.0,False,0.0,0.0,True,175.0,-175.0,0,0.0,True,False,292.12446556848863,False,0.0,0.0,False,0.0,0.0,False,0.0,0.0,False,0.0,0.0,True,175.0,-175.0,0,0.0,True,False,292.12446556848863,deepseek-v4-flash,fp_a18b46594c_prod0820_fp8_kvcache_20260402,b631f883abf68d0eef58e652134ef7a2a544788885e29001ee2e20cce164c477,dd285f107801083583f0cf876b335cb7f26d9b30c6aef3697d298d2b2d8a71af,1,1.547651,2026-08-13T06:57:05.346234+00:00,2026-08-13T06:57:06.893885+00:00,1786604225.346234,1786604226.893885
F1,e2bv2_1cf79f85c896ff137766,v2e2_ea69a5744fe4489919e6,deepseek_formal,S1,stale,1,1,10,export_limit_update,hard,summer,los_angeles,13,83,20.75,350.0,250.0,100.0,100.0,canonical_higher,100.0,True,a9696dcbc2bef81a08d6b1a798091d2b1a49654218d3ebdb12f9b255cbb1476f,0.0,True,False,False,False,False,False,False,0.0,0.0,False,0.0,0.0,False,0.0,0.0,False,0.0,0.0,True,75.0,-75.0,0,0.0,True,False,334.7433228930337,False,0.0,0.0,False,0.0,0.0,False,0.0,0.0,False,0.0,0.0,True,25.0,25.0,0,0.0,True,False,334.7433228930337,deepseek-v4-flash,fp_a18b46594c_prod0820_fp8_kvcache_20260402,2e41183bed2b33aba739052d74ddf14be4df333ea8ac6e063c793c93171fbcec,8d910c8761315da68c5287efe34ad76fe3147a199c3f60149e961fe99eb4d82a,1,2.644217,2026-08-13T06:54:52.587392+00:00,2026-08-13T06:54:55.231609+00:00,1786604092.587392,1786604095.231609
F1,e2bv2_1cf79f85c896ff137766,v2e2_ea69a5744fe4489919e6,deepseek_formal,C2,canonical,2,2,10,export_limit_update,hard,summer,los_angeles,13,83,20.75,350.0,250.0,100.0,100.0,canonical_higher,100.0,True,a9696dcbc2bef81a08d6b1a798091d2b1a49654218d3ebdb12f9b255cbb1476f,0.0,True,False,False,False,False,False,False,0.0,0.0,False,0.0,0.0,False,0.0,0.0,False,0.0,0.0,True,25.0,25.0,0,0.0,True,False,334.7433228930337,False,0.0,0.0,False,0.0,0.0,False,0.0,0.0,False,0.0,0.0,True,25.0,25.0,0,0.0,True,False,334.7433228930337,deepseek-v4-flash,fp_a18b46594c_prod0820_fp8_kvcache_20260402,42bcbc0bd43e2f18755812b0b3db707a28653f9097ef6f47011137f2f3daa962,4e7510937c155483941f3a4d9a2cf70744e93b82591a0d22447aca0b7e95e160,1,2.754899,2026-08-13T06:54:55.257811+00:00,2026-08-13T06:54:58.012710+00:00,1786604095.257811,1786604098.01271
F1,e2bv2_1cf79f85c896ff137766,v2e2_ea69a5744fe4489919e6,deepseek_formal,S2,stale,2,3,10,export_limit_update,hard,summer,los_angeles,13,83,20.75,350.0,250.0,100.0,100.0,canonical_higher,100.0,True,a9696dcbc2bef81a08d6b1a798091d2b1a49654218d3ebdb12f9b255cbb1476f,0.0,True,False,False,False,False,False,False,0.0,0.0,False,0.0,0.0,False,0.0,0.0,False,0.0,0.0,True,75.0,-75.0,0,0.0,True,False,334.7433228930337,False,0.0,0.0,False,0.0,0.0,False,0.0,0.0,False,0.0,0.0,True,25.0,25.0,0,0.0,True,False,334.7433228930337,deepseek-v4-flash,fp_a18b46594c_prod0820_fp8_kvcache_20260402,2e41183bed2b33aba739052d74ddf14be4df333ea8ac6e063c793c93171fbcec,8d910c8761315da68c5287efe34ad76fe3147a199c3f60149e961fe99eb4d82a,1,7.784955,2026-08-13T06:54:58.038340+00:00,2026-08-13T06:55:05.823295+00:00,1786604098.03834,1786604105.823295
F1,e2bv2_1cf79f85c896ff137766,v2e2_ea69a5744fe4489919e6,deepseek_formal,C1,canonical,1,4,10,export_limit_update,hard,summer,los_angeles,13,83,20.75,350.0,250.0,100.0,100.0,canonical_higher,100.0,True,72b89e9568a91ed4a1080d4498a644f2dadfff1e68846bff4e2649cc3098a717,0.0,True,False,False,False,False,False,False,0.0,0.0,False,0.0,0.0,False,0.0,0.0,False,0.0,0.0,True,25.0,25.0,0,0.0,True,False,334.7433228930337,False,0.0,0.0,False,0.0,0.0,False,0.0,0.0,False,0.0,0.0,True,25.0,25.0,0,0.0,True,False,334.7433228930337,deepseek-v4-flash,fp_a18b46594c_prod0820_fp8_kvcache_20260402,42bcbc0bd43e2f18755812b0b3db707a28653f9097ef6f47011137f2f3daa962,4e7510937c155483941f3a4d9a2cf70744e93b82591a0d22447aca0b7e95e160,1,14.645782,2026-08-13T06:55:05.863839+00:00,2026-08-13T06:55:20.509621+00:00,1786604105.863839,1786604120.509621
F1,e2bv2_1d70637db8f666877223,v2e2_57ed2833756fcc2a81f4,deepseek_formal,C1,canonical,1,1,54,export_limit_update,easy,winter,los_angeles,7,89,22.25,150.0,250.0,-100.0,100.0,canonical_lower,100.0,True,6692ab5eb7bd7a690989ac89467fd68175f79262a2bd3e61eadf8459fa4d4405,5562.5,False,True,True,True,False,False,False,0.0,0.0,True,19.57236842105354,19.57236842105354,True,1930.4276315789466,52978.94736842101,False,0.0,0.0,True,2105.4276315789466,2105.4276315789466,71,52998.51973684207,False,False,1552.4651295022795,False,0.0,0.0,True,19.57236842105354,19.57236842105354,True,1930.4276315789466,52978.94736842101,False,0.0,0.0,True,2105.4276315789466,2105.4276315789466,71,52998.51973684207,False,False,1552.4651295022795,deepseek-v4-flash,fp_a18b46594c_prod0820_fp8_kvcache_20260402,9b8e51db42d73df367f1d5a14f79376b879521a04fbc6bc0811c06df735fd1b4,068f67a2097af618e2618549933ed5dd03ed6acc8d8c323791812851427b3dca,1,4.063602,2026-08-13T06:55:51.389747+00:00,2026-08-13T06:55:55.453349+00:00,1786604151.389747,1786604155.453349
F1,e2bv2_1d70637db8f666877223,v2e2_57ed2833756fcc2a81f4,deepseek_formal,S1,stale,1,2,54,export_limit_update,easy,winter,los_angeles,7,89,22.25,150.0,250.0,-100.0,100.0,canonical_lower,100.0,True,943557cdc82460703740646406771ff381295e8b82b2cc4e57834664d31197ce,1500.0,False,True,True,True,False,False,False,0.0,0.0,True,1403.9473684210532,71847.36842105266,False,0.0,0.0,False,0.0,0.0,True,1653.9473684210532,-1653.9473684210532,62,71847.36842105266,False,False,970.6824895022802,False,0.0,0.0,True,1503.9473684210534,78103.94736842108,False,0.0,0.0,False,0.0,0.0,True,1753.9473684210534,-1753.9473684210534,63,78103.94736842108,False,False,970.6824895022802,deepseek-v4-flash,fp_a18b46594c_prod0820_fp8_kvcache_20260402,c0330a05e986a19dd5426b1b4d4f266520fd47eade08e58910b1c89a88b318f9,cbe3297d6d53fcbbdc4d6d6658361d05231c0aad105593bc7d4de776d9fd5d3d,1,3.201829,2026-08-13T06:55:55.483197+00:00,2026-08-13T06:55:58.685026+00:00,1786604155.483197,1786604158.685026
F1,e2bv2_1d70637db8f666877223,v2e2_57ed2833756fcc2a81f4,deepseek_formal,C2,canonical,2,3,54,export_limit_update,easy,winter,los_angeles,7,89,22.25,150.0,250.0,-100.0,100.0,canonical_lower,100.0,True,6692ab5eb7bd7a690989ac89467fd68175f79262a2bd3e61eadf8459fa4d4405,5562.5,False,True,True,True,False,False,False,0.0,0.0,True,19.57236842105354,19.57236842105354,True,1930.4276315789466,52978.94736842101,False,0.0,0.0,True,2105.4276315789466,2105.4276315789466,71,52998.51973684207,False,False,1552.4651295022795,False,0.0,0.0,True,19.57236842105354,19.57236842105354,True,1930.4276315789466,52978.94736842101,False,0.0,0.0,True,2105.4276315789466,2105.4276315789466,71,52998.51973684207,False,False,1552.4651295022795,deepseek-v4-flash,fp_a18b46594c_prod0820_fp8_kvcache_20260402,9b8e51db42d73df367f1d5a14f79376b879521a04fbc6bc0811c06df735fd1b4,068f67a2097af618e2618549933ed5dd03ed6acc8d8c323791812851427b3dca,1,1.633166,2026-08-13T06:55:58.711077+00:00,2026-08-13T06:56:00.344243+00:00,1786604158.711077,1786604160.344243
F1,e2bv2_1d70637db8f666877223,v2e2_57ed2833756fcc2a81f4,deepseek_formal,S2,stale,2,4,54,export_limit_update,easy,winter,los_angeles,7,89,22.25,150.0,250.0,-100.0,100.0,canonical_lower,100.0,True,943557cdc82460703740646406771ff381295e8b82b2cc4e57834664d31197ce,1500.0,False,True,True,True,False,False,False,0.0,0.0,True,1403.9473684210532,71847.36842105266,False,0.0,0.0,False,0.0,0.0,True,1653.9473684210532,-1653.9473684210532,62,71847.36842105266,False,False,970.6824895022802,False,0.0,0.0,True,1503.9473684210534,78103.94736842108,False,0.0,0.0,False,0.0,0.0,True,1753.9473684210534,-1753.9473684210534,63,78103.94736842108,False,False,970.6824895022802,deepseek-v4-flash,fp_a18b46594c_prod0820_fp8_kvcache_20260402,c0330a05e986a19dd5426b1b4d4f266520fd47eade08e58910b1c89a88b318f9,cbe3297d6d53fcbbdc4d6d6658361d05231c0aad105593bc7d4de776d9fd5d3d,1,1.300488,2026-08-13T06:56:00.372527+00:00,2026-08-13T06:56:01.673015+00:00,1786604160.372527,1786604161.673015
F1,e2bv2_23fc96e4a29a7c7a9cd1,v2e2_aa86ae40329fa58392a5,deepseek_formal,S2,stale,2,1,24,battery_capacity_derating,medium,spring,sacramento,13,83,20.75,350.0,250.0,100.0,100.0,canonical_higher,100.0,True,a9696dcbc2bef81a08d6b1a798091d2b1a49654218d3ebdb12f9b255cbb1476f,0.0,True,False,False,False,False,False,False,0.0,0.0,False,0.0,0.0,False,0.0,0.0,False,0.0,0.0,True,75.0,-75.0,0,0.0,True,False,249.05939493780735,False,0.0,0.0,False,0.0,0.0,False,0.0,0.0,False,0.0,0.0,True,25.0,25.0,0,0.0,True,False,249.05939493780735,deepseek-v4-flash,fp_a18b46594c_prod0820_fp8_kvcache_20260402,e8ae2029fa8af0a39d00bc1010bdc6e1fd9ddacbc504565a1b10a172988fc3f0,9a00616f72ec62663cda2967ee090efbc93533a9fcb7aa6cf142eade26d4306c,1,6.347107,2026-08-13T06:55:17.395826+00:00,2026-08-13T06:55:23.742933+00:00,1786604117.395826,1786604123.742933
F1,e2bv2_23fc96e4a29a7c7a9cd1,v2e2_aa86ae40329fa58392a5,deepseek_formal,C1,canonical,1,2,24,battery_capacity_derating,medium,spring,sacramento,13,83,20.75,350.0,250.0,100.0,100.0,canonical_higher,100.0,True,a9696dcbc2bef81a08d6b1a798091d2b1a49654218d3ebdb12f9b255cbb1476f,0.0,True,False,False,False,False,False,False,0.0,0.0,False,0.0,0.0,False,0.0,0.0,False,0.0,0.0,True,25.0,25.0,0,0.0,True,False,249.05939493780735,False,0.0,0.0,False,0.0,0.0,False,0.0,0.0,False,0.0,0.0,True,25.0,25.0,0,0.0,True,False,249.05939493780735,deepseek-v4-flash,fp_a18b46594c_prod0820_fp8_kvcache_20260402,22cc670d768eb52d5bfae1eb100443abd2c9619fc09f4c880cbf081b674e41a3,bf4b3672eb5e96594053ca38534c00e7032b38ea07a4d4c41db6d57fca99c908,1,7.086978,2026-08-13T06:55:23.768637+00:00,2026-08-13T06:55:30.855615+00:00,1786604123.768637,1786604130.855615
F1,e2bv2_23fc96e4a29a7c7a9cd1,v2e2_aa86ae40329fa58392a5,deepseek_formal,S1,stale,1,3,24,battery_capacity_derating,medium,spring,sacramento,13,83,20.75,350.0,250.0,100.0,100.0,canonical_higher,100.0,True,a9696dcbc2bef81a08d6b1a798091d2b1a49654218d3ebdb12f9b255cbb1476f,0.0,True,False,False,False,False,False,False,0.0,0.0,False,0.0,0.0,False,0.0,0.0,False,0.0,0.0,True,75.0,-75.0,0,0.0,True,False,249.05939493780735,False,0.0,0.0,False,0.0,0.0,False,0.0,0.0,False,0.0,0.0,True,25.0,25.0,0,0.0,True,False,249.05939493780735,deepseek-v4-flash,fp_a18b46594c_prod0820_fp8_kvcache_20260402,e8ae2029fa8af0a39d00bc1010bdc6e1fd9ddacbc504565a1b10a172988fc3f0,9a00616f72ec62663cda2967ee090efbc93533a9fcb7aa6cf142eade26d4306c,1,2.285817,2026-08-13T06:55:30.883757+00:00,2026-08-13T06:55:33.169574+00:00,1786604130.883757,1786604133.169574
F1,e2bv2_23fc96e4a29a7c7a9cd1,v2e2_aa86ae40329fa58392a5,deepseek_formal,C2,canonical,2,4,24,battery_capacity_derating,medium,spring,sacramento,13,83,20.75,350.0,250.0,100.0,100.0,canonical_higher,100.0,True,a9696dcbc2bef81a08d6b1a798091d2b1a49654218d3ebdb12f9b255cbb1476f,0.0,True,False,False,False,False,False,False,0.0,0.0,False,0.0,0.0,False,0.0,0.0,False,0.0,0.0,True,25.0,25.0,0,0.0,True,False,249.05939493780735,False,0.0,0.0,False,0.0,0.0,False,0.0,0.0,False,0.0,0.0,True,25.0,25.0,0,0.0,True,False,249.05939493780735,deepseek-v4-flash,fp_a18b46594c_prod0820_fp8_kvcache_20260402,22cc670d768eb52d5bfae1eb100443abd2c9619fc09f4c880cbf081b674e41a3,bf4b3672eb5e96594053ca38534c00e7032b38ea07a4d4c41db6d57fca99c908,1,2.076952,2026-08-13T06:55:33.195774+00:00,2026-08-13T06:55:35.272726+00:00,1786604133.195774,1786604135.272726
F1,e2bv2_24e2ae5e5c519929b6c8,v2e2_c577765fa5c45c1fea7a,qwen_flash,S2,stale,2,1,71,battery_capacity_derating,medium,autumn,san_diego,8,88,22.0,200.0,250.0,-50.0,50.0,canonical_lower,50.0,True,defe03250cd56fbc03a01b36cd77cb7f720aa0ac6411126baef0622ab7a9e7a9,5500.0,False,True,True,True,False,False,False,0.0,0.0,True,5614.473684210531,242384.21052631584,False,0.0,0.0,True,40.02850699999999,67.08464050000002,True,5864.473684210531,-5864.473684210531,86,242451.29516681578,False,False,153.08200211776608,False,0.0,0.0,True,5664.473684210532,246690.78947368427,False,0.0,0.0,True,40.02850699999999,67.08464050000002,True,5914.473684210532,-5914.473684210532,87,246757.87411418426,False,False,153.08200211776608,qwen3.6-flash-2026-04-16,,a491dbf4b6260efea02b9f064cd08f76454a227ab11b65a6d51ffdcbb637308f,e4ce6594c42cd9a0c9c1ac0c0b9bab180930bed77f79d462c7f5d6f97b688977,1,1.336763,2026-08-13T06:56:11.589854+00:00,2026-08-13T06:56:12.926617+00:00,1786604171.589854,1786604172.926617
F1,e2bv2_24e2ae5e5c519929b6c8,v2e2_c577765fa5c45c1fea7a,qwen_flash,C1,canonical,1,2,71,battery_capacity_derating,medium,autumn,san_diego,8,88,22.0,200.0,250.0,-50.0,50.0,canonical_lower,50.0,True,defe03250cd56fbc03a01b36cd77cb7f720aa0ac6411126baef0622ab7a9e7a9,5500.0,False,True,True,True,False,False,False,0.0,0.0,True,5664.473684210532,246690.78947368427,False,0.0,0.0,True,40.02850699999999,67.08464050000002,True,5914.473684210532,-5914.473684210532,87,246757.87411418426,False,False,153.08200211776608,False,0.0,0.0,True,5664.473684210532,246690.78947368427,False,0.0,0.0,True,40.02850699999999,67.08464050000002,True,5914.473684210532,-5914.473684210532,87,246757.87411418426,False,False,153.08200211776608,qwen3.6-flash-2026-04-16,,c157cbcdccf7e1107701fb2fce197733d96cbd17c304c8362a1848eedbed0f31,904c6f5efb89c5bb6f74aa8782d4a09c29c671cb1d17a942d62e6a76cdf8505b,1,0.844508,2026-08-13T06:56:12.964942+00:00,2026-08-13T06:56:13.809450+00:00,1786604172.964942,1786604173.80945
F1,e2bv2_24e2ae5e5c519929b6c8,v2e2_c577765fa5c45c1fea7a,qwen_flash,S1,stale,1,3,71,battery_capacity_derating,medium,autumn,san_diego,8,88,22.0,200.0,250.0,-50.0,50.0,canonical_lower,50.0,True,309d42f11f298e6c3b120c4432446a690aeb9bb63f1c74a7d462efcc92263ac0,5500.0,False,True,True,True,False,False,False,0.0,0.0,False,0.0,0.0,True,5075.0,219434.375,False,0.0,0.0,True,5150.0,5150.0,86,219434.375,False,False,541.0367321177662,False,0.0,0.0,False,0.0,0.0,True,5025.0,215156.25,False,0.0,0.0,True,5100.0,5100.0,85,215156.25,False,False,541.0367321177662,qwen3.6-flash-2026-04-16,,a491dbf4b6260efea02b9f064cd08f76454a227ab11b65a6d51ffdcbb637308f,e4ce6594c42cd9a0c9c1ac0c0b9bab180930bed77f79d462c7f5d6f97b688977,1,0.873911,2026-08-13T06:56:13.837686+00:00,2026-08-13T06:56:14.711597+00:00,1786604173.837686,1786604174.711597
F1,e2bv2_24e2ae5e5c519929b6c8,v2e2_c577765fa5c45c1fea7a,qwen_flash,C2,canonical,2,4,71,battery_capacity_derating,medium,autumn,san_diego,8,88,22.0,200.0,250.0,-50.0,50.0,canonical_lower,50.0,True,defe03250cd56fbc03a01b36cd77cb7f720aa0ac6411126baef0622ab7a9e7a9,5500.0,False,True,True,True,False,False,False,0.0,0.0,True,5664.473684210532,246690.78947368427,False,0.0,0.0,True,40.02850699999999,67.08464050000002,True,5914.473684210532,-5914.473684210532,87,246757.87411418426,False,False,153.08200211776608,False,0.0,0.0,True,5664.473684210532,246690.78947368427,False,0.0,0.0,True,40.02850699999999,67.08464050000002,True,5914.473684210532,-5914.473684210532,87,246757.87411418426,False,False,153.08200211776608,qwen3.6-flash-2026-04-16,,c157cbcdccf7e1107701fb2fce197733d96cbd17c304c8362a1848eedbed0f31,904c6f5efb89c5bb6f74aa8782d4a09c29c671cb1d17a942d62e6a76cdf8505b,1,1.068496,2026-08-13T06:56:14.740188+00:00,2026-08-13T06:56:15.808684+00:00,1786604174.740188,1786604175.808684
F1,e2bv2_2c6257569fb5f1aff24d,v2e2_d6701d548a93409fed9a,deepseek_formal,C1,canonical,1,1,40,forecast_revision,hard,summer,los_angeles,4,92,23.0,200.0,250.0,-50.0,50.0,canonical_lower,50.0,True,c6c9b8650bdf333e657353246bc6f5b02f61950d8990935e2f0e38a63197c80c,0.0,True,False,False,False,False,False,False,0.0,0.0,False,0.0,0.0,False,0.0,0.0,False,0.0,0.0,True,125.0,-125.0,0,0.0,True,False,400.2381672917081,False,0.0,0.0,False,0.0,0.0,False,0.0,0.0,False,0.0,0.0,True,125.0,-125.0,0,0.0,True,False,400.2381672917081,deepseek-v4-flash,fp_a18b46594c_prod0820_fp8_kvcache_20260402,8c5a976251f17dbaef34b34ea83286cffaacc2e56d50209c74c5b6c181a8d3cf,30745be86a1da7b4bc5e63417213a39d9af28b06e8f176a9f660aed2af5ab25f,1,3.291171,2026-08-13T06:55:36.406122+00:00,2026-08-13T06:55:39.697293+00:00,1786604136.406122,1786604139.697293
F1,e2bv2_2c6257569fb5f1aff24d,v2e2_d6701d548a93409fed9a,deepseek_formal,S1,stale,1,2,40,forecast_revision,hard,summer,los_angeles,4,92,23.0,200.0,250.0,-50.0,50.0,canonical_lower,50.0,True,c6c9b8650bdf333e657353246bc6f5b02f61950d8990935e2f0e38a63197c80c,0.0,True,False,False,False,False,False,False,0.0,0.0,False,0.0,0.0,False,0.0,0.0,False,0.0,0.0,True,75.0,-75.0,0,0.0,True,False,400.2381672917081,False,0.0,0.0,False,0.0,0.0,False,0.0,0.0,False,0.0,0.0,True,125.0,-125.0,0,0.0,True,False,400.2381672917081,deepseek-v4-flash,fp_a18b46594c_prod0820_fp8_kvcache_20260402,d3a017570c7cacfcbc23cd3e87b678cae650b9f87eb3d4d1ad04a16a6fb97684,345ef9fd044af32384dd42b17d788a99dee2c78219eba947e655332f5edaa5f9,1,4.011658,2026-08-13T06:55:39.729789+00:00,2026-08-13T06:55:43.741447+00:00,1786604139.729789,1786604143.741447
F1,e2bv2_2c6257569fb5f1aff24d,v2e2_d6701d548a93409fed9a,deepseek_formal,C2,canonical,2,3,40,forecast_revision,hard,summer,los_angeles,4,92,23.0,200.0,250.0,-50.0,50.0,canonical_lower,50.0,True,c6c9b8650bdf333e657353246bc6f5b02f61950d8990935e2f0e38a63197c80c,0.0,True,False,False,False,False,False,False,0.0,0.0,False,0.0,0.0,False,0.0,0.0,False,0.0,0.0,True,125.0,-125.0,0,0.0,True,False,400.2381672917081,False,0.0,0.0,False,0.0,0.0,False,0.0,0.0,False,0.0,0.0,True,125.0,-125.0,0,0.0,True,False,400.2381672917081,deepseek-v4-flash,fp_a18b46594c_prod0820_fp8_kvcache_20260402,8c5a976251f17dbaef34b34ea83286cffaacc2e56d50209c74c5b6c181a8d3cf,30745be86a1da7b4bc5e63417213a39d9af28b06e8f176a9f660aed2af5ab25f,1,3.350827,2026-08-13T06:55:43.777312+00:00,2026-08-13T06:55:47.128139+00:00,1786604143.777312,1786604147.128139
F1,e2bv2_2c6257569fb5f1aff24d,v2e2_d6701d548a93409fed9a,deepseek_formal,S2,stale,2,4,40,forecast_revision,hard,summer,los_angeles,4,92,23.0,200.0,250.0,-50.0,50.0,canonical_lower,50.0,True,c6c9b8650bdf333e657353246bc6f5b02f61950d8990935e2f0e38a63197c80c,0.0,True,False,False,False,False,False,False,0.0,0.0,False,0.0,0.0,False,0.0,0.0,False,0.0,0.0,True,75.0,-75.0,0,0.0,True,False,400.2381672917081,False,0.0,0.0,False,0.0,0.0,False,0.0,0.0,False,0.0,0.0,True,125.0,-125.0,0,0.0,True,False,400.2381672917081,deepseek-v4-flash,fp_a18b46594c_prod0820_fp8_kvcache_20260402,d3a017570c7cacfcbc23cd3e87b678cae650b9f87eb3d4d1ad04a16a6fb97684,345ef9fd044af32384dd42b17d788a99dee2c78219eba947e655332f5edaa5f9,1,2.982882,2026-08-13T06:55:47.155048+00:00,2026-08-13T06:55:50.137930+00:00,1786604147.155048,1786604150.13793
F1,e2bv2_2f0883e2ab2a12912abc,v2e2_a614c009acc530c12890,qwen_flash,C1,canonical,1,1,17,reserve_commitment_update,easy,autumn,los_angeles,5,91,22.75,300.0,250.0,50.0,50.0,canonical_higher,50.0,True,359431def63e4accc9a1d47633a3ddb3ca4424654a7c667dd1cfd15872376319,5687.5,False,True,True,True,False,False,False,0.0,0.0,True,5795.842105263164,258198.36842105273,False,0.0,0.0,True,136.09507000000002,483.5182175,True,6011.842105263164,-6011.842105263164,89,258681.8866385527,False,False,11.306555135346034,False,0.0,0.0,True,5795.842105263164,258198.36842105273,False,0.0,0.0,True,136.09507000000002,483.5182175,True,6011.842105263164,-6011.842105263164,89,258681.8866385527,False,False,11.306555135346034,qwen3.6-flash-2026-04-16,,8de38929850bfa3d6084c4822dfa9b3442e620e54d0a70f8d88714c57a6fae6b,c394fccb9ae43e28416dcfce794f693b2e4fd0c93f280b8a54da89ae5c764d7c,1,1.294384,2026-08-13T06:55:04.735379+00:00,2026-08-13T06:55:06.029763+00:00,1786604104.735379,1786604106.029763
F1,e2bv2_2f0883e2ab2a12912abc,v2e2_a614c009acc530c12890,qwen_flash,S1,stale,1,2,17,reserve_commitment_update,easy,autumn,los_angeles,5,91,22.75,300.0,250.0,50.0,50.0,canonical_higher,50.0,True,359431def63e4accc9a1d47633a3ddb3ca4424654a7c667dd1cfd15872376319,5687.5,False,True,True,True,False,False,False,0.0,0.0,True,5845.842105263164,262648.3684210527,False,0.0,0.0,True,136.09507000000002,483.5182175,True,6061.842105263164,-6061.842105263164,89,263131.8866385527,False,False,11.306555135346034,False,0.0,0.0,True,5795.842105263164,258198.36842105273,False,0.0,0.0,True,136.09507000000002,483.5182175,True,6011.842105263164,-6011.842105263164,89,258681.8866385527,False,False,11.306555135346034,qwen3.6-flash-2026-04-16,,bca780b4301e60b06f231557a40e15a7060e895d5a55f5e18934e9ffda6c7a06,84d01a25065eb0c8529f4269ab971eb9b2d8388334fd1339dd4a40b5374183c8,1,0.905175,2026-08-13T06:55:06.066825+00:00,2026-08-13T06:55:06.972000+00:00,1786604106.066825,1786604106.972
F1,e2bv2_2f0883e2ab2a12912abc,v2e2_a614c009acc530c12890,qwen_flash,C2,canonical,2,3,17,reserve_commitment_update,easy,autumn,los_angeles,5,91,22.75,300.0,250.0,50.0,50.0,canonical_higher,50.0,True,359431def63e4accc9a1d47633a3ddb3ca4424654a7c667dd1cfd15872376319,5687.5,False,True,True,True,False,False,False,0.0,0.0,True,5795.842105263164,258198.36842105273,False,0.0,0.0,True,136.09507000000002,483.5182175,True,6011.842105263164,-6011.842105263164,89,258681.8866385527,False,False,11.306555135346034,False,0.0,0.0,True,5795.842105263164,258198.36842105273,False,0.0,0.0,True,136.09507000000002,483.5182175,True,6011.842105263164,-6011.842105263164,89,258681.8866385527,False,False,11.306555135346034,qwen3.6-flash-2026-04-16,,8de38929850bfa3d6084c4822dfa9b3442e620e54d0a70f8d88714c57a6fae6b,c394fccb9ae43e28416dcfce794f693b2e4fd0c93f280b8a54da89ae5c764d7c,1,0.912155,2026-08-13T06:55:07.011548+00:00,2026-08-13T06:55:07.923703+00:00,1786604107.011548,1786604107.923703
F1,e2bv2_2f0883e2ab2a12912abc,v2e2_a614c009acc530c12890,qwen_flash,S2,stale,2,4,17,reserve_commitment_update,easy,autumn,los_angeles,5,91,22.75,300.0,250.0,50.0,50.0,canonical_higher,50.0,True,359431def63e4accc9a1d47633a3ddb3ca4424654a7c667dd1cfd15872376319,5687.5,False,True,True,True,False,False,False,0.0,0.0,True,5845.842105263164,262648.3684210527,False,0.0,0.0,True,136.09507000000002,483.5182175,True,6061.842105263164,-6061.842105263164,89,263131.8866385527,False,False,11.306555135346034,False,0.0,0.0,True,5795.842105263164,258198.36842105273,False,0.0,0.0,True,136.09507000000002,483.5182175,True,6011.842105263164,-6011.842105263164,89,258681.8866385527,False,False,11.306555135346034,qwen3.6-flash-2026-04-16,,bca780b4301e60b06f231557a40e15a7060e895d5a55f5e18934e9ffda6c7a06,84d01a25065eb0c8529f4269ab971eb9b2d8388334fd1339dd4a40b5374183c8,1,0.524011,2026-08-13T06:55:07.961239+00:00,2026-08-13T06:55:08.485250+00:00,1786604107.961239,1786604108.48525
F1,e2bv2_32930730a64400f50094,v2e2_cd47662d04581b339960,qwen_flash,S1,stale,1,1,78,power_limit_derating,medium,spring,los_angeles,6,90,22.5,200.0,250.0,-50.0,50.0,canonical_lower,50.0,True,c1d5713b8266c33b9f676a974365332e134e3022500b97ecf17ec667669f4cb5,3375.0,False,True,True,True,False,False,False,0.0,0.0,True,3377.6315789473647,146199.99999999988,False,0.0,0.0,True,25.969537000000003,19.691529000000017,True,3627.6315789473647,-3627.6315789473647,86,146219.69152899992,False,False,208.35105091953363,False,0.0,0.0,True,3427.6315789473647,150532.894736842,False,0.0,0.0,True,25.969537000000003,19.691529000000017,True,3677.6315789473647,-3677.6315789473647,87,150552.586265842,False,False,208.35105091953363,qwen3.6-flash-2026-04-16,,ee1435ec0cb60fb530095bc6f60ba6898c6be70d44cbf5146693336c7bd6db22,5b2869624e2c8b977ef628216507bc5f6b40af944f093388d120eb69204adf99,1,1.253946,2026-08-13T06:56:19.608528+00:00,2026-08-13T06:56:20.862474+00:00,1786604179.608528,1786604180.862474
F1,e2bv2_32930730a64400f50094,v2e2_cd47662d04581b339960,qwen_flash,C2,canonical,2,2,78,power_limit_derating,medium,spring,los_angeles,6,90,22.5,200.0,250.0,-50.0,50.0,canonical_lower,50.0,True,a509cef6ada863e036debd317eea520bbd7f03c2becb2fefc9de8ea7fe2f2eaa,4500.0,False,True,True,True,False,False,False,0.0,0.0,True,4611.842105263152,204368.4210526314,False,0.0,0.0,True,75.969537,143.32294425000003,True,4861.842105263152,-4861.842105263152,88,204511.7439968814,False,False,182.99643966953343,False,0.0,0.0,True,4611.842105263152,204368.4210526314,False,0.0,0.0,True,75.969537,143.32294425000003,True,4861.842105263152,-4861.842105263152,88,204511.7439968814,False,False,182.99643966953343,qwen3.6-flash-2026-04-16,,0b56f6d245215c263d5023df395df4e3889dbc730b6024736a6a2bfd39649bd7,1d548f008f1ac045b8ec178bb8b426208f0336148b6f84caede1b213a223093b,1,0.94842,2026-08-13T06:56:20.889984+00:00,2026-08-13T06:56:21.838404+00:00,1786604180.889984,1786604181.838404
F1,e2bv2_32930730a64400f50094,v2e2_cd47662d04581b339960,qwen_flash,S2,stale,2,3,78,power_limit_derating,medium,spring,los_angeles,6,90,22.5,200.0,250.0,-50.0,50.0,canonical_lower,50.0,True,c1d5713b8266c33b9f676a974365332e134e3022500b97ecf17ec667669f4cb5,3375.0,False,True,True,True,False,False,False,0.0,0.0,True,3377.6315789473647,146199.99999999988,False,0.0,0.0,True,25.969537000000003,19.691529000000017,True,3627.6315789473647,-3627.6315789473647,86,146219.69152899992,False,False,208.35105091953363,False,0.0,0.0,True,3427.6315789473647,150532.894736842,False,0.0,0.0,True,25.969537000000003,19.691529000000017,True,3677.6315789473647,-3677.6315789473647,87,150552.586265842,False,False,208.35105091953363,qwen3.6-flash-2026-04-16,,ee1435ec0cb60fb530095bc6f60ba6898c6be70d44cbf5146693336c7bd6db22,5b2869624e2c8b977ef628216507bc5f6b40af944f093388d120eb69204adf99,1,1.02285,2026-08-13T06:56:21.865482+00:00,2026-08-13T06:56:22.888332+00:00,1786604181.865482,1786604182.888332
F1,e2bv2_32930730a64400f50094,v2e2_cd47662d04581b339960,qwen_flash,C1,canonical,1,4,78,power_limit_derating,medium,spring,los_angeles,6,90,22.5,200.0,250.0,-50.0,50.0,canonical_lower,50.0,True,c1d5713b8266c33b9f676a974365332e134e3022500b97ecf17ec667669f4cb5,3375.0,False,True,True,True,False,False,False,0.0,0.0,True,3427.6315789473647,150532.894736842,False,0.0,0.0,True,25.969537000000003,19.691529000000017,True,3677.6315789473647,-3677.6315789473647,87,150552.586265842,False,False,208.35105091953363,False,0.0,0.0,True,3427.6315789473647,150532.894736842,False,0.0,0.0,True,25.969537000000003,19.691529000000017,True,3677.6315789473647,-3677.6315789473647,87,150552.586265842,False,False,208.35105091953363,qwen3.6-flash-2026-04-16,,0b56f6d245215c263d5023df395df4e3889dbc730b6024736a6a2bfd39649bd7,1d548f008f1ac045b8ec178bb8b426208f0336148b6f84caede1b213a223093b,1,1.130969,2026-08-13T06:56:22.915801+00:00,2026-08-13T06:56:24.046770+00:00,1786604182.915801,1786604184.04677
F1,e2bv2_330204dda0af85f3081c,v2e2_e6c8a896df3972a400a6,qwen_flash,C2,canonical,2,1,86,reserve_commitment_update,medium,summer,fresno,4,92,23.0,175.0,250.0,-75.0,75.0,canonical_lower,75.0,True,01835ca016b6607eda94cb8ff102b2cad69b4a1cb53b69f7d0ebcbc5963fd2b6,3450.0,False,True,True,True,False,False,False,0.0,0.0,True,3616.578947368417,167488.42105263146,False,0.0,0.0,False,0.0,0.0,True,3781.578947368417,-3781.578947368417,92,167488.4210526315,False,False,259.3400550796701,False,0.0,0.0,True,3616.578947368417,167488.42105263146,False,0.0,0.0,False,0.0,0.0,True,3781.578947368417,-3781.578947368417,92,167488.4210526315,False,False,259.3400550796701,qwen3.6-flash-2026-04-16,,5479e040a60840168028fb34be147c09e7d1ec4225a7c5f47e6a9409923577ee,3c00cfcd96d8c1e375810e5f3ce50959fe43c9de60e9d381a0b2b72b18f5669e,1,1.22282,2026-08-13T06:56:29.338023+00:00,2026-08-13T06:56:30.560843+00:00,1786604189.338023,1786604190.560843
F1,e2bv2_330204dda0af85f3081c,v2e2_e6c8a896df3972a400a6,qwen_flash,S2,stale,2,2,86,reserve_commitment_update,medium,summer,fresno,4,92,23.0,175.0,250.0,-75.0,75.0,canonical_lower,75.0,True,326487469a33980196e4690ed24a8cc8aad86ae014a41bd0f24a4ab118d2a150,5750.0,False,True,True,True,False,False,False,0.0,0.0,True,3067.8947368421054,149278.75000000006,False,0.0,0.0,False,0.0,0.0,True,620.3947368421054,-620.3947368421054,91,149278.7500000001,False,False,360.42073907966966,False,0.0,0.0,True,3142.894736842105,156154.53947368424,False,0.0,0.0,False,0.0,0.0,True,695.394736842105,-695.394736842105,92,156154.5394736843,False,False,360.42073907966966,qwen3.6-flash-2026-04-16,,cbf7f41cb9381ef30100559326da80bd02feec3041738ecb5298d1dc947044eb,9cd894f4a75f3ea3d4f360bf8a98b9a437ab5fa33a2a4cfb3dd504a905ec0d35,1,1.406237,2026-08-13T06:56:30.589370+00:00,2026-08-13T06:56:31.995607+00:00,1786604190.58937,1786604191.995607
F1,e2bv2_330204dda0af85f3081c,v2e2_e6c8a896df3972a400a6,qwen_flash,C1,canonical,1,3,86,reserve_commitment_update,medium,summer,fresno,4,92,23.0,175.0,250.0,-75.0,75.0,canonical_lower,75.0,True,01835ca016b6607eda94cb8ff102b2cad69b4a1cb53b69f7d0ebcbc5963fd2b6,3450.0,False,True,True,True,False,False,False,0.0,0.0,True,3616.578947368417,167488.42105263146,False,0.0,0.0,False,0.0,0.0,True,3781.578947368417,-3781.578947368417,92,167488.4210526315,False,False,259.3400550796701,False,0.0,0.0,True,3616.578947368417,167488.42105263146,False,0.0,0.0,False,0.0,0.0,True,3781.578947368417,-3781.578947368417,92,167488.4210526315,False,False,259.3400550796701,qwen3.6-flash-2026-04-16,,5479e040a60840168028fb34be147c09e7d1ec4225a7c5f47e6a9409923577ee,3c00cfcd96d8c1e375810e5f3ce50959fe43c9de60e9d381a0b2b72b18f5669e,1,1.028059,2026-08-13T06:56:32.022191+00:00,2026-08-13T06:56:33.050250+00:00,1786604192.022191,1786604193.05025
F1,e2bv2_330204dda0af85f3081c,v2e2_e6c8a896df3972a400a6,qwen_flash,S1,stale,1,4,86,reserve_commitment_update,medium,summer,fresno,4,92,23.0,175.0,250.0,-75.0,75.0,canonical_lower,75.0,True,01835ca016b6607eda94cb8ff102b2cad69b4a1cb53b69f7d0ebcbc5963fd2b6,3450.0,False,True,True,True,False,False,False,0.0,0.0,True,3541.578947368417,160649.99999999988,False,0.0,0.0,False,0.0,0.0,True,3706.578947368417,-3706.578947368417,90,160649.9999999999,False,False,259.3400550796701,False,0.0,0.0,True,3616.578947368417,167488.42105263146,False,0.0,0.0,False,0.0,0.0,True,3781.578947368417,-3781.578947368417,92,167488.4210526315,False,False,259.3400550796701,qwen3.6-flash-2026-04-16,,cbf7f41cb9381ef30100559326da80bd02feec3041738ecb5298d1dc947044eb,9cd894f4a75f3ea3d4f360bf8a98b9a437ab5fa33a2a4cfb3dd504a905ec0d35,1,1.715221,2026-08-13T06:56:33.078414+00:00,2026-08-13T06:56:34.793635+00:00,1786604193.078414,1786604194.793635
F1,e2bv2_36c9ee18183bf93dcc42,v2e2_689fd81bd1f3eec1e27d,deepseek_formal,C1,canonical,1,1,57,reserve_commitment_update,easy,autumn,san_diego,14,82,20.5,175.0,250.0,-75.0,75.0,canonical_lower,75.0,True,e06e79cdfedfc6d6107b945613e65b2de3a209e40115b9b00ab048d2b91cd7d5,0.0,True,False,False,False,False,False,False,0.0,0.0,False,0.0,0.0,False,0.0,0.0,False,0.0,0.0,True,150.0,-150.0,0,0.0,True,False,363.98028042737644,False,0.0,0.0,False,0.0,0.0,False,0.0,0.0,False,0.0,0.0,True,150.0,-150.0,0,0.0,True,False,363.98028042737644,deepseek-v4-flash,fp_a18b46594c_prod0820_fp8_kvcache_20260402,0fe55a65eef391b2ea008b91ba8b82729a072ff557205e5b71ae5fc79980b019,5639462da28881a667cdd898ad89bc5576888d62bb774dcdb3fb55e1c9c75f4a,1,2.714426,2026-08-13T06:55:55.331505+00:00,2026-08-13T06:55:58.045931+00:00,1786604155.331505,1786604158.045931
F1,e2bv2_36c9ee18183bf93dcc42,v2e2_689fd81bd1f3eec1e27d,deepseek_formal,S1,stale,1,2,57,reserve_commitment_update,easy,autumn,san_diego,14,82,20.5,175.0,250.0,-75.0,75.0,canonical_lower,75.0,True,e06e79cdfedfc6d6107b945613e65b2de3a209e40115b9b00ab048d2b91cd7d5,0.0,True,False,False,False,False,False,False,0.0,0.0,False,0.0,0.0,False,0.0,0.0,False,0.0,0.0,True,75.0,-75.0,0,0.0,True,False,363.98028042737644,False,0.0,0.0,False,0.0,0.0,False,0.0,0.0,False,0.0,0.0,True,150.0,-150.0,0,0.0,True,False,363.98028042737644,deepseek-v4-flash,fp_a18b46594c_prod0820_fp8_kvcache_20260402,75e05096ab868566c32ac54e9e9872c7a765dde2eae4292c7e37074333237582,94ed55bff9c20afcf025881ced9ef024da4f73e8f2b89f522f062134ef5e2b69,1,11.881334,2026-08-13T06:55:58.078008+00:00,2026-08-13T06:56:09.959342+00:00,1786604158.078008,1786604169.959342
F1,e2bv2_36c9ee18183bf93dcc42,v2e2_689fd81bd1f3eec1e27d,deepseek_formal,C2,canonical,2,3,57,reserve_commitment_update,easy,autumn,san_diego,14,82,20.5,175.0,250.0,-75.0,75.0,canonical_lower,75.0,True,e06e79cdfedfc6d6107b945613e65b2de3a209e40115b9b00ab048d2b91cd7d5,0.0,True,False,False,False,False,False,False,0.0,0.0,False,0.0,0.0,False,0.0,0.0,False,0.0,0.0,True,150.0,-150.0,0,0.0,True,False,363.98028042737644,False,0.0,0.0,False,0.0,0.0,False,0.0,0.0,False,0.0,0.0,True,150.0,-150.0,0,0.0,True,False,363.98028042737644,deepseek-v4-flash,fp_a18b46594c_prod0820_fp8_kvcache_20260402,0fe55a65eef391b2ea008b91ba8b82729a072ff557205e5b71ae5fc79980b019,5639462da28881a667cdd898ad89bc5576888d62bb774dcdb3fb55e1c9c75f4a,1,12.188102,2026-08-13T06:56:09.999526+00:00,2026-08-13T06:56:22.187628+00:00,1786604169.999526,1786604182.187628
F1,e2bv2_36c9ee18183bf93dcc42,v2e2_689fd81bd1f3eec1e27d,deepseek_formal,S2,stale,2,4,57,reserve_commitment_update,easy,autumn,san_diego,14,82,20.5,175.0,250.0,-75.0,75.0,canonical_lower,75.0,True,e06e79cdfedfc6d6107b945613e65b2de3a209e40115b9b00ab048d2b91cd7d5,0.0,True,False,False,False,False,False,False,0.0,0.0,False,0.0,0.0,False,0.0,0.0,False,0.0,0.0,True,75.0,-75.0,0,0.0,True,False,363.98028042737644,False,0.0,0.0,False,0.0,0.0,False,0.0,0.0,False,0.0,0.0,True,150.0,-150.0,0,0.0,True,False,363.98028042737644,deepseek-v4-flash,fp_a18b46594c_prod0820_fp8_kvcache_20260402,75e05096ab868566c32ac54e9e9872c7a765dde2eae4292c7e37074333237582,94ed55bff9c20afcf025881ced9ef024da4f73e8f2b89f522f062134ef5e2b69,1,5.915158,2026-08-13T06:56:22.213580+00:00,2026-08-13T06:56:28.128738+00:00,1786604182.21358,1786604188.128738
F1,e2bv2_385ceed2777d1604128f,v2e2_20534de655a33fde87ca,qwen_flash,S2,stale,2,1,43,export_limit_update,easy,summer,los_angeles,4,92,23.0,150.0,250.0,-100.0,100.0,canonical_lower,100.0,True,c8094771f88f8f61052b37442b19aeb1c6d50aff4e9aed31fc2d9c4858dbd60b,3174.0,False,True,True,True,False,False,False,0.0,0.0,True,3166.0526315789443,139595.78947368407,False,0.0,0.0,False,0.0,0.0,True,3416.0526315789443,-3416.0526315789443,88,139595.7894736841,False,False,164.949636828489,False,0.0,0.0,True,3266.0526315789443,148499.99999999985,False,0.0,0.0,False,0.0,0.0,True,3516.0526315789443,-3516.0526315789443,90,148499.99999999988,False,False,164.949636828489,qwen3.6-flash-2026-04-16,,7ea6855a1a1623864cb4fb3a53536cb09bbda62fa94448c2fc52f2547a6fece9,3025ebeeac5fba1a68e54f35e9190a560bd99b1e44c74898c9e6ca23b50f2d12,1,1.248387,2026-08-13T06:55:39.442292+00:00,2026-08-13T06:55:40.690679+00:00,1786604139.442292,1786604140.690679
F1,e2bv2_385ceed2777d1604128f,v2e2_20534de655a33fde87ca,qwen_flash,C1,canonical,1,2,43,export_limit_update,easy,summer,los_angeles,4,92,23.0,150.0,250.0,-100.0,100.0,canonical_lower,100.0,True,01835ca016b6607eda94cb8ff102b2cad69b4a1cb53b69f7d0ebcbc5963fd2b6,3450.0,False,True,True,True,False,False,False,0.0,0.0,True,3556.578947368417,162003.94736842095,False,0.0,0.0,False,0.0,0.0,True,3806.578947368417,-3806.578947368417,91,162003.94736842098,False,False,153.890956068489,False,0.0,0.0,True,3556.578947368417,162003.94736842095,False,0.0,0.0,False,0.0,0.0,True,3806.578947368417,-3806.578947368417,91,162003.94736842098,False,False,153.890956068489,qwen3.6-flash-2026-04-16,,b631f883abf68d0eef58e652134ef7a2a544788885e29001ee2e20cce164c477,e5152a86abd7f83d16992103e84053188dcb6540ff7f60fd03d6059fdf68f90d,1,1.811822,2026-08-13T06:55:40.717126+00:00,2026-08-13T06:55:42.528948+00:00,1786604140.717126,1786604142.528948
F1,e2bv2_385ceed2777d1604128f,v2e2_20534de655a33fde87ca,qwen_flash,S1,stale,1,3,43,export_limit_update,easy,summer,los_angeles,4,92,23.0,150.0,250.0,-100.0,100.0,canonical_lower,100.0,True,c8094771f88f8f61052b37442b19aeb1c6d50aff4e9aed31fc2d9c4858dbd60b,3174.0,False,True,True,True,False,False,False,0.0,0.0,True,3166.0526315789443,139595.78947368407,False,0.0,0.0,False,0.0,0.0,True,3416.0526315789443,-3416.0526315789443,88,139595.7894736841,False,False,164.949636828489,False,0.0,0.0,True,3266.0526315789443,148499.99999999985,False,0.0,0.0,False,0.0,0.0,True,3516.0526315789443,-3516.0526315789443,90,148499.99999999988,False,False,164.949636828489,qwen3.6-flash-2026-04-16,,7ea6855a1a1623864cb4fb3a53536cb09bbda62fa94448c2fc52f2547a6fece9,3025ebeeac5fba1a68e54f35e9190a560bd99b1e44c74898c9e6ca23b50f2d12,1,0.49055,2026-08-13T06:55:42.556055+00:00,2026-08-13T06:55:43.046605+00:00,1786604142.556055,1786604143.046605
F1,e2bv2_385ceed2777d1604128f,v2e2_20534de655a33fde87ca,qwen_flash,C2,canonical,2,4,43,export_limit_update,easy,summer,los_angeles,4,92,23.0,150.0,250.0,-100.0,100.0,canonical_lower,100.0,True,01835ca016b6607eda94cb8ff102b2cad69b4a1cb53b69f7d0ebcbc5963fd2b6,3450.0,False,True,True,True,False,False,False,0.0,0.0,True,3556.578947368417,162003.94736842095,False,0.0,0.0,False,0.0,0.0,True,3806.578947368417,-3806.578947368417,91,162003.94736842098,False,False,153.890956068489,False,0.0,0.0,True,3556.578947368417,162003.94736842095,False,0.0,0.0,False,0.0,0.0,True,3806.578947368417,-3806.578947368417,91,162003.94736842098,False,False,153.890956068489,qwen3.6-flash-2026-04-16,,b631f883abf68d0eef58e652134ef7a2a544788885e29001ee2e20cce164c477,e5152a86abd7f83d16992103e84053188dcb6540ff7f60fd03d6059fdf68f90d,1,1.105017,2026-08-13T06:55:43.073641+00:00,2026-08-13T06:55:44.178658+00:00,1786604143.073641,1786604144.178658
F1,e2bv2_398c1bf0d35d9c1f454a,v2e2_1a991ca6b21c0ed79241,qwen_flash,S1,stale,1,1,81,forecast_revision,hard,spring,sacramento,14,82,20.5,300.0,250.0,50.0,50.0,canonical_higher,50.0,True,f4a4b81835e6e7565b7f2302089f1ec2ac95da18ee5c3abe3884de159a6ad559,5125.0,False,True,True,True,False,False,False,0.0,0.0,True,5219.736842105266,209684.21052631582,False,0.0,0.0,False,0.0,0.0,True,5469.736842105266,-5469.736842105266,80,209684.21052631582,False,False,208.91559144848557,False,0.0,0.0,True,5169.736842105266,205711.84210526317,False,0.0,0.0,False,0.0,0.0,True,5419.736842105266,-5419.736842105266,79,205711.84210526317,False,False,208.91559144848557,qwen3.6-flash-2026-04-16,,e5da5f26ba0fd02d48bcd646e6d238a7300b3bc9b8c807b16a83deb66eeaae99,76c0031518e35b9abe634e19b74e8405cb1c87aa5ce6fa795bbd26ab4ae1f05f,1,1.249905,2026-08-13T06:56:24.397651+00:00,2026-08-13T06:56:25.647556+00:00,1786604184.397651,1786604185.647556
F1,e2bv2_398c1bf0d35d9c1f454a,v2e2_1a991ca6b21c0ed79241,qwen_flash,C2,canonical,2,2,81,forecast_revision,hard,spring,sacramento,14,82,20.5,300.0,250.0,50.0,50.0,canonical_higher,50.0,True,224dfd5f87217678aa3dbcc7eb1673392848d77a2e60030a4038b59853d99975,3075.0,False,True,True,True,False,False,False,0.0,0.0,True,3011.8421052631547,116411.84210526309,False,0.0,0.0,False,0.0,0.0,True,3261.8421052631547,-3261.8421052631547,77,116411.84210526309,False,False,268.398964948486,False,0.0,0.0,True,3011.8421052631547,116411.84210526309,False,0.0,0.0,False,0.0,0.0,True,3261.8421052631547,-3261.8421052631547,77,116411.84210526309,False,False,268.398964948486,qwen3.6-flash-2026-04-16,,bd943b5cff961afb854e7e0ba4bf0f510ab5f01a26cb93df01397fae24d17c0a,2224c78a585ecd2371c9afd48983426c5a61c67c42478c738a216c2cce0bf605,1,0.88407,2026-08-13T06:56:25.673653+00:00,2026-08-13T06:56:26.557723+00:00,1786604185.673653,1786604186.557723
F1,e2bv2_398c1bf0d35d9c1f454a,v2e2_1a991ca6b21c0ed79241,qwen_flash,S2,stale,2,3,81,forecast_revision,hard,spring,sacramento,14,82,20.5,300.0,250.0,50.0,50.0,canonical_higher,50.0,True,224dfd5f87217678aa3dbcc7eb1673392848d77a2e60030a4038b59853d99975,3075.0,False,True,True,True,False,False,False,0.0,0.0,True,3061.8421052631547,120284.21052631573,False,0.0,0.0,False,0.0,0.0,True,3311.8421052631547,-3311.8421052631547,78,120284.21052631574,False,False,268.398964948486,False,0.0,0.0,True,3011.8421052631547,116411.84210526309,False,0.0,0.0,False,0.0,0.0,True,3261.8421052631547,-3261.8421052631547,77,116411.84210526309,False,False,268.398964948486,qwen3.6-flash-2026-04-16,,e5da5f26ba0fd02d48bcd646e6d238a7300b3bc9b8c807b16a83deb66eeaae99,76c0031518e35b9abe634e19b74e8405cb1c87aa5ce6fa795bbd26ab4ae1f05f,1,0.975697,2026-08-13T06:56:26.583201+00:00,2026-08-13T06:56:27.558898+00:00,1786604186.583201,1786604187.558898
F1,e2bv2_398c1bf0d35d9c1f454a,v2e2_1a991ca6b21c0ed79241,qwen_flash,C1,canonical,1,4,81,forecast_revision,hard,spring,sacramento,14,82,20.5,300.0,250.0,50.0,50.0,canonical_higher,50.0,True,224dfd5f87217678aa3dbcc7eb1673392848d77a2e60030a4038b59853d99975,3075.0,False,True,True,True,False,False,False,0.0,0.0,True,3011.8421052631547,116411.84210526309,False,0.0,0.0,False,0.0,0.0,True,3261.8421052631547,-3261.8421052631547,77,116411.84210526309,False,False,268.398964948486,False,0.0,0.0,True,3011.8421052631547,116411.84210526309,False,0.0,0.0,False,0.0,0.0,True,3261.8421052631547,-3261.8421052631547,77,116411.84210526309,False,False,268.398964948486,qwen3.6-flash-2026-04-16,,bd943b5cff961afb854e7e0ba4bf0f510ab5f01a26cb93df01397fae24d17c0a,2224c78a585ecd2371c9afd48983426c5a61c67c42478c738a216c2cce0bf605,1,0.919023,2026-08-13T06:56:27.586134+00:00,2026-08-13T06:56:28.505157+00:00,1786604187.586134,1786604188.505157
F1,e2bv2_3da8226505438a5134d6,v2e2_c9b994f593c92dd9efa9,qwen_flash,C1,canonical,1,1,0,power_limit_derating,hard,autumn,san_diego,5,91,22.75,200.0,250.0,-50.0,50.0,canonical_lower,50.0,True,4e28b1dfc57dae2a46fde2464b47f1a4cba72117012d6bab7739e1f246809fa4,3526.25,False,True,True,True,False,False,False,0.0,0.0,True,3586.842105263156,159500.00000000003,False,0.0,0.0,True,49.21385699999996,90.51959749999999,True,3836.842105263156,-3836.842105263156,88,159590.51959750004,False,False,134.33308600848363,False,0.0,0.0,True,3586.842105263156,159500.00000000003,False,0.0,0.0,True,49.21385699999996,90.51959749999999,True,3836.842105263156,-3836.842105263156,88,159590.51959750004,False,False,134.33308600848363,qwen3.6-flash-2026-04-16,,608e83971705c10aedbda64767fedb4b141af79ec9bba0bf50656128c61728dc,a9faa2990a430241ab91bd3a299e8f69d99b3466d2574d4794a55676e045d526,1,3.631086,2026-08-13T06:54:45.210925+00:00,2026-08-13T06:54:48.842011+00:00,1786604085.210925,1786604088.842011
F1,e2bv2_3da8226505438a5134d6,v2e2_c9b994f593c92dd9efa9,qwen_flash,S1,stale,1,2,0,power_limit_derating,hard,autumn,san_diego,5,91,22.75,200.0,250.0,-50.0,50.0,canonical_lower,50.0,True,4e28b1dfc57dae2a46fde2464b47f1a4cba72117012d6bab7739e1f246809fa4,3526.25,False,True,True,True,False,False,False,0.0,0.0,True,3536.8421052631566,155111.8421052632,False,0.0,0.0,True,49.21385699999996,90.51959749999999,True,3786.8421052631566,-3786.8421052631566,87,155202.3617027632,False,False,134.33308600848363,False,0.0,0.0,True,3586.842105263156,159500.00000000003,False,0.0,0.0,True,49.21385699999996,90.51959749999999,True,3836.842105263156,-3836.842105263156,88,159590.51959750004,False,False,134.33308600848363,qwen3.6-flash-2026-04-16,,d9c9f091050d3aa310a770b35beafaa2bc81af7110c4fdef0b9af1808516d28f,733b0366c5fd263f870ab1cd86ad185e1911bd0fc094ad94cfe532baaba79f98,1,0.941775,2026-08-13T06:54:48.868498+00:00,2026-08-13T06:54:49.810273+00:00,1786604088.868498,1786604089.810273
F1,e2bv2_3da8226505438a5134d6,v2e2_c9b994f593c92dd9efa9,qwen_flash,C2,canonical,2,3,0,power_limit_derating,hard,autumn,san_diego,5,91,22.75,200.0,250.0,-50.0,50.0,canonical_lower,50.0,True,4e28b1dfc57dae2a46fde2464b47f1a4cba72117012d6bab7739e1f246809fa4,3526.25,False,True,True,True,False,False,False,0.0,0.0,True,3586.842105263156,159500.00000000003,False,0.0,0.0,True,49.21385699999996,90.51959749999999,True,3836.842105263156,-3836.842105263156,88,159590.51959750004,False,False,134.33308600848363,False,0.0,0.0,True,3586.842105263156,159500.00000000003,False,0.0,0.0,True,49.21385699999996,90.51959749999999,True,3836.842105263156,-3836.842105263156,88,159590.51959750004,False,False,134.33308600848363,qwen3.6-flash-2026-04-16,,608e83971705c10aedbda64767fedb4b141af79ec9bba0bf50656128c61728dc,a9faa2990a430241ab91bd3a299e8f69d99b3466d2574d4794a55676e045d526,1,1.004244,2026-08-13T06:54:49.835374+00:00,2026-08-13T06:54:50.839618+00:00,1786604089.835374,1786604090.839618
F1,e2bv2_3da8226505438a5134d6,v2e2_c9b994f593c92dd9efa9,qwen_flash,S2,stale,2,4,0,power_limit_derating,hard,autumn,san_diego,5,91,22.75,200.0,250.0,-50.0,50.0,canonical_lower,50.0,True,4e28b1dfc57dae2a46fde2464b47f1a4cba72117012d6bab7739e1f246809fa4,3526.25,False,True,True,True,False,False,False,0.0,0.0,True,3536.8421052631566,155111.8421052632,False,0.0,0.0,True,49.21385699999996,90.51959749999999,True,3786.8421052631566,-3786.8421052631566,87,155202.3617027632,False,False,134.33308600848363,False,0.0,0.0,True,3586.842105263156,159500.00000000003,False,0.0,0.0,True,49.21385699999996,90.51959749999999,True,3836.842105263156,-3836.842105263156,88,159590.51959750004,False,False,134.33308600848363,qwen3.6-flash-2026-04-16,,d9c9f091050d3aa310a770b35beafaa2bc81af7110c4fdef0b9af1808516d28f,733b0366c5fd263f870ab1cd86ad185e1911bd0fc094ad94cfe532baaba79f98,1,1.750912,2026-08-13T06:54:50.868135+00:00,2026-08-13T06:54:52.619047+00:00,1786604090.868135,1786604092.619047
F1,e2bv2_424b6f1c95155ed9ff19,v2e2_e87de31d325befcf7b51,qwen_flash,S2,stale,2,1,28,forecast_revision,hard,summer,sacramento,7,89,22.25,300.0,250.0,50.0,50.0,canonical_higher,50.0,True,025588c77ce30f8a823a982033052f1ed2a2d39c76db39ed20982ca9e17a6a8b,5562.5,False,True,True,True,False,False,False,0.0,0.0,True,5680.263157894742,248064.4736842106,False,0.0,0.0,False,0.0,0.0,True,5930.263157894742,-5930.263157894742,87,248064.47368421056,False,False,200.12341175235704,False,0.0,0.0,True,5630.263157894742,243742.10526315795,False,0.0,0.0,False,0.0,0.0,True,5880.263157894742,-5880.263157894742,86,243742.10526315792,False,False,200.12341175235704,qwen3.6-flash-2026-04-16,,887c2f0837ebb4054b438748c0e0153a1d8d0a9bcdad81572ceb6e6296182d8f,1d11f31eb6a96a7a4c64d6d686c95b54605b3bd318877d50c09ba6b2e19a7d4f,1,1.409024,2026-08-13T06:55:20.878124+00:00,2026-08-13T06:55:22.287148+00:00,1786604120.878124,1786604122.287148
F1,e2bv2_424b6f1c95155ed9ff19,v2e2_e87de31d325befcf7b51,qwen_flash,C1,canonical,1,2,28,forecast_revision,hard,summer,sacramento,7,89,22.25,300.0,250.0,50.0,50.0,canonical_higher,50.0,True,025588c77ce30f8a823a982033052f1ed2a2d39c76db39ed20982ca9e17a6a8b,5562.5,False,True,True,True,False,False,False,0.0,0.0,True,5630.263157894742,243742.10526315795,False,0.0,0.0,False,0.0,0.0,True,5880.263157894742,-5880.263157894742,86,243742.10526315792,False,False,200.12341175235704,False,0.0,0.0,True,5630.263157894742,243742.10526315795,False,0.0,0.0,False,0.0,0.0,True,5880.263157894742,-5880.263157894742,86,243742.10526315792,False,False,200.12341175235704,qwen3.6-flash-2026-04-16,,3bb6c90b2cb7639a8120670f864b940c35d2c32b4197664a1e74cb3b7e78fc27,4061346f59d1548af22586b98ed9fcfd873c47b811c8509e9d2b673114b2fdcc,1,1.402494,2026-08-13T06:55:22.314040+00:00,2026-08-13T06:55:23.716534+00:00,1786604122.31404,1786604123.716534
F1,e2bv2_424b6f1c95155ed9ff19,v2e2_e87de31d325befcf7b51,qwen_flash,S1,stale,1,3,28,forecast_revision,hard,summer,sacramento,7,89,22.25,300.0,250.0,50.0,50.0,canonical_higher,50.0,True,025588c77ce30f8a823a982033052f1ed2a2d39c76db39ed20982ca9e17a6a8b,5562.5,False,True,True,True,False,False,False,0.0,0.0,True,5680.263157894742,248064.4736842106,False,0.0,0.0,False,0.0,0.0,True,5930.263157894742,-5930.263157894742,87,248064.47368421056,False,False,200.12341175235704,False,0.0,0.0,True,5630.263157894742,243742.10526315795,False,0.0,0.0,False,0.0,0.0,True,5880.263157894742,-5880.263157894742,86,243742.10526315792,False,False,200.12341175235704,qwen3.6-flash-2026-04-16,,887c2f0837ebb4054b438748c0e0153a1d8d0a9bcdad81572ceb6e6296182d8f,1d11f31eb6a96a7a4c64d6d686c95b54605b3bd318877d50c09ba6b2e19a7d4f,1,1.381475,2026-08-13T06:55:23.742051+00:00,2026-08-13T06:55:25.123526+00:00,1786604123.742051,1786604125.123526
F1,e2bv2_424b6f1c95155ed9ff19,v2e2_e87de31d325befcf7b51,qwen_flash,C2,canonical,2,4,28,forecast_revision,hard,summer,sacramento,7,89,22.25,300.0,250.0,50.0,50.0,canonical_higher,50.0,True,025588c77ce30f8a823a982033052f1ed2a2d39c76db39ed20982ca9e17a6a8b,5562.5,False,True,True,True,False,False,False,0.0,0.0,True,5630.263157894742,243742.10526315795,False,0.0,0.0,False,0.0,0.0,True,5880.263157894742,-5880.263157894742,86,243742.10526315792,False,False,200.12341175235704,False,0.0,0.0,True,5630.263157894742,243742.10526315795,False,0.0,0.0,False,0.0,0.0,True,5880.263157894742,-5880.263157894742,86,243742.10526315792,False,False,200.12341175235704,qwen3.6-flash-2026-04-16,,3bb6c90b2cb7639a8120670f864b940c35d2c32b4197664a1e74cb3b7e78fc27,4061346f59d1548af22586b98ed9fcfd873c47b811c8509e9d2b673114b2fdcc,1,1.122195,2026-08-13T06:55:25.149439+00:00,2026-08-13T06:55:26.271634+00:00,1786604125.149439,1786604126.271634
F1,e2bv2_42d0ed676d84fe8872c3,v2e2_a26fd019af93d45104b8,qwen_flash,C2,canonical,2,1,7,export_limit_update,medium,spring,sacramento,13,83,20.75,300.0,250.0,50.0,50.0,canonical_higher,50.0,True,17d476114167a1c0bc9d2c2c8b50648412fb019586a84eccf17e07613d4c4bf4,5187.5,False,True,True,True,False,False,False,0.0,0.0,True,5235.526315789477,210947.36842105264,False,0.0,0.0,True,221.512765,1114.2013382500002,True,5485.526315789477,-5485.526315789477,80,212061.56975930269,False,False,53.22216556510793,False,0.0,0.0,True,5235.526315789477,210947.36842105264,False,0.0,0.0,True,221.512765,1114.2013382500002,True,5485.526315789477,-5485.526315789477,80,212061.56975930269,False,False,53.22216556510793,qwen3.6-flash-2026-04-16,,eb060adae8385ead84af032bfeec05ab6bf4e30aa723930a39ad8e9fdf6c76a7,c5d1399b6d18da64a66ffb3e36f734f4756e5e291a040533d9827bd04122b5af,1,1.141868,2026-08-13T06:54:47.623418+00:00,2026-08-13T06:54:48.765286+00:00,1786604087.623418,1786604088.765286
F1,e2bv2_42d0ed676d84fe8872c3,v2e2_a26fd019af93d45104b8,qwen_flash,S2,stale,2,2,7,export_limit_update,medium,spring,sacramento,13,83,20.75,300.0,250.0,50.0,50.0,canonical_higher,50.0,True,17d476114167a1c0bc9d2c2c8b50648412fb019586a84eccf17e07613d4c4bf4,5187.5,False,True,True,True,False,False,False,0.0,0.0,True,5285.526315789477,214969.73684210528,False,0.0,0.0,True,221.512765,1114.2013382500002,True,5535.526315789477,-5535.526315789477,81,216083.93818035533,False,False,53.22216556510793,False,0.0,0.0,True,5235.526315789477,210947.36842105264,False,0.0,0.0,True,221.512765,1114.2013382500002,True,5485.526315789477,-5485.526315789477,80,212061.56975930269,False,False,53.22216556510793,qwen3.6-flash-2026-04-16,,a6da8108519a93a3b5829b2f2563afc8458b217c9d1140c079a19355a4b22f91,c476eabd34a232f759d11f27b4fe335422bb57cd790bdb8a3893d4fa81544d71,1,0.956842,2026-08-13T06:54:48.795065+00:00,2026-08-13T06:54:49.751907+00:00,1786604088.795065,1786604089.751907
F1,e2bv2_42d0ed676d84fe8872c3,v2e2_a26fd019af93d45104b8,qwen_flash,C1,canonical,1,3,7,export_limit_update,medium,spring,sacramento,13,83,20.75,300.0,250.0,50.0,50.0,canonical_higher,50.0,True,17d476114167a1c0bc9d2c2c8b50648412fb019586a84eccf17e07613d4c4bf4,5187.5,False,True,True,True,False,False,False,0.0,0.0,True,5235.526315789477,210947.36842105264,False,0.0,0.0,True,221.512765,1114.2013382500002,True,5485.526315789477,-5485.526315789477,80,212061.56975930269,False,False,53.22216556510793,False,0.0,0.0,True,5235.526315789477,210947.36842105264,False,0.0,0.0,True,221.512765,1114.2013382500002,True,5485.526315789477,-5485.526315789477,80,212061.56975930269,False,False,53.22216556510793,qwen3.6-flash-2026-04-16,,eb060adae8385ead84af032bfeec05ab6bf4e30aa723930a39ad8e9fdf6c76a7,c5d1399b6d18da64a66ffb3e36f734f4756e5e291a040533d9827bd04122b5af,1,1.023192,2026-08-13T06:54:49.780059+00:00,2026-08-13T06:54:50.803251+00:00,1786604089.780059,1786604090.803251
F1,e2bv2_42d0ed676d84fe8872c3,v2e2_a26fd019af93d45104b8,qwen_flash,S1,stale,1,4,7,export_limit_update,medium,spring,sacramento,13,83,20.75,300.0,250.0,50.0,50.0,canonical_higher,50.0,True,17d476114167a1c0bc9d2c2c8b50648412fb019586a84eccf17e07613d4c4bf4,5187.5,False,True,True,True,False,False,False,0.0,0.0,True,5285.526315789477,214969.73684210528,False,0.0,0.0,True,221.512765,1114.2013382500002,True,5535.526315789477,-5535.526315789477,81,216083.93818035533,False,False,53.22216556510793,False,0.0,0.0,True,5235.526315789477,210947.36842105264,False,0.0,0.0,True,221.512765,1114.2013382500002,True,5485.526315789477,-5485.526315789477,80,212061.56975930269,False,False,53.22216556510793,qwen3.6-flash-2026-04-16,,a6da8108519a93a3b5829b2f2563afc8458b217c9d1140c079a19355a4b22f91,c476eabd34a232f759d11f27b4fe335422bb57cd790bdb8a3893d4fa81544d71,1,1.000857,2026-08-13T06:54:50.838644+00:00,2026-08-13T06:54:51.839501+00:00,1786604090.838644,1786604091.839501
F1,e2bv2_473314a8a15ab0e70264,v2e2_7b2e0628b0d7b7a4badd,qwen_flash,C1,canonical,1,1,59,power_limit_derating,medium,summer,fresno,4,92,23.0,350.0,250.0,100.0,100.0,canonical_higher,100.0,True,01835ca016b6607eda94cb8ff102b2cad69b4a1cb53b69f7d0ebcbc5963fd2b6,3450.0,False,True,True,True,False,False,False,0.0,0.0,True,3356.578947368417,144389.4736842104,False,0.0,0.0,False,0.0,0.0,True,3606.578947368417,-3606.578947368417,86,144389.47368421042,False,False,155.66222889442517,False,0.0,0.0,True,3356.578947368417,144389.4736842104,False,0.0,0.0,False,0.0,0.0,True,3606.578947368417,-3606.578947368417,86,144389.47368421042,False,False,155.66222889442517,qwen3.6-flash-2026-04-16,,442815f9a079d83beaf7de6666b51c1a3e5d1c8dc33fb7ed1a236e5c5181d112,b852ad60fe16f7bd54319d493f422f6a436e1cb47219c58006f18cfb26a3c0f2,1,1.683777,2026-08-13T06:55:56.973799+00:00,2026-08-13T06:55:58.657576+00:00,1786604156.973799,1786604158.657576
F1,e2bv2_473314a8a15ab0e70264,v2e2_7b2e0628b0d7b7a4badd,qwen_flash,S1,stale,1,2,59,power_limit_derating,medium,summer,fresno,4,92,23.0,350.0,250.0,100.0,100.0,canonical_higher,100.0,True,01835ca016b6607eda94cb8ff102b2cad69b4a1cb53b69f7d0ebcbc5963fd2b6,3450.0,False,True,True,True,False,False,False,0.0,0.0,True,3456.578947368417,153073.6842105262,False,0.0,0.0,False,0.0,0.0,True,3706.578947368417,-3706.578947368417,88,153073.68421052623,False,False,155.66222889442517,False,0.0,0.0,True,3356.578947368417,144389.4736842104,False,0.0,0.0,False,0.0,0.0,True,3606.578947368417,-3606.578947368417,86,144389.47368421042,False,False,155.66222889442517,qwen3.6-flash-2026-04-16,,e1f709aa3fac89434faa6c842c4c64b052c9026b3f7e975bee8c3092ceda8a6e,e4cdaf0639a62838278a070fdd3c3bb380efd5d03fff84be6ab2a31ea78550e4,1,1.166326,2026-08-13T06:55:58.683946+00:00,2026-08-13T06:55:59.850272+00:00,1786604158.683946,1786604159.850272
F1,e2bv2_473314a8a15ab0e70264,v2e2_7b2e0628b0d7b7a4badd,qwen_flash,C2,canonical,2,3,59,power_limit_derating,medium,summer,fresno,4,92,23.0,350.0,250.0,100.0,100.0,canonical_higher,100.0,True,01835ca016b6607eda94cb8ff102b2cad69b4a1cb53b69f7d0ebcbc5963fd2b6,3450.0,False,True,True,True,False,False,False,0.0,0.0,True,3356.578947368417,144389.4736842104,False,0.0,0.0,False,0.0,0.0,True,3606.578947368417,-3606.578947368417,86,144389.47368421042,False,False,155.66222889442517,False,0.0,0.0,True,3356.578947368417,144389.4736842104,False,0.0,0.0,False,0.0,0.0,True,3606.578947368417,-3606.578947368417,86,144389.47368421042,False,False,155.66222889442517,qwen3.6-flash-2026-04-16,,442815f9a079d83beaf7de6666b51c1a3e5d1c8dc33fb7ed1a236e5c5181d112,b852ad60fe16f7bd54319d493f422f6a436e1cb47219c58006f18cfb26a3c0f2,1,0.808174,2026-08-13T06:55:59.876561+00:00,2026-08-13T06:56:00.684735+00:00,1786604159.876561,1786604160.684735
F1,e2bv2_473314a8a15ab0e70264,v2e2_7b2e0628b0d7b7a4badd,qwen_flash,S2,stale,2,4,59,power_limit_derating,medium,summer,fresno,4,92,23.0,350.0,250.0,100.0,100.0,canonical_higher,100.0,True,01835ca016b6607eda94cb8ff102b2cad69b4a1cb53b69f7d0ebcbc5963fd2b6,3450.0,False,True,True,True,False,False,False,0.0,0.0,True,3456.578947368417,153073.6842105262,False,0.0,0.0,False,0.0,0.0,True,3706.578947368417,-3706.578947368417,88,153073.68421052623,False,False,155.66222889442517,False,0.0,0.0,True,3356.578947368417,144389.4736842104,False,0.0,0.0,False,0.0,0.0,True,3606.578947368417,-3606.578947368417,86,144389.47368421042,False,False,155.66222889442517,qwen3.6-flash-2026-04-16,,e1f709aa3fac89434faa6c842c4c64b052c9026b3f7e975bee8c3092ceda8a6e,e4cdaf0639a62838278a070fdd3c3bb380efd5d03fff84be6ab2a31ea78550e4,1,1.335789,2026-08-13T06:56:00.723543+00:00,2026-08-13T06:56:02.059332+00:00,1786604160.723543,1786604162.059332
F1,e2bv2_4765d96a6c9ce28ab185,v2e2_c049d4bc657bdc82a484,qwen_flash,S1,stale,1,1,19,reserve_commitment_update,hard,autumn,san_diego,5,91,22.75,300.0,250.0,50.0,50.0,canonical_higher,50.0,True,359431def63e4accc9a1d47633a3ddb3ca4424654a7c667dd1cfd15872376319,5687.5,False,True,True,True,False,False,False,0.0,0.0,True,5973.342105263164,274166.2368421053,False,0.0,0.0,True,64.13255900000001,129.65774575,True,6061.842105263164,-6061.842105263164,91,274295.8945878552,False,False,182.45983178836565,False,0.0,0.0,True,5923.342105263164,269616.2368421053,False,0.0,0.0,True,64.13255900000001,129.65774575,True,6011.842105263164,-6011.842105263164,91,269745.89458785526,False,False,182.45983178836565,qwen3.6-flash-2026-04-16,,de980cb150e95e2111bf755afc2a51cbbc69f1c2399bb1726220eff50a0238c1,cafd7dcfa79684550c32e277ee1f77e350947ac6736b24ca8e442af7773b711f,1,1.533077,2026-08-13T06:55:08.482922+00:00,2026-08-13T06:55:10.015999+00:00,1786604108.482922,1786604110.015999
F1,e2bv2_4765d96a6c9ce28ab185,v2e2_c049d4bc657bdc82a484,qwen_flash,C2,canonical,2,2,19,reserve_commitment_update,hard,autumn,san_diego,5,91,22.75,300.0,250.0,50.0,50.0,canonical_higher,50.0,True,359431def63e4accc9a1d47633a3ddb3ca4424654a7c667dd1cfd15872376319,5687.5,False,True,True,True,False,False,False,0.0,0.0,True,5923.342105263164,269616.2368421053,False,0.0,0.0,True,64.13255900000001,129.65774575,True,6011.842105263164,-6011.842105263164,91,269745.89458785526,False,False,182.45983178836565,False,0.0,0.0,True,5923.342105263164,269616.2368421053,False,0.0,0.0,True,64.13255900000001,129.65774575,True,6011.842105263164,-6011.842105263164,91,269745.89458785526,False,False,182.45983178836565,qwen3.6-flash-2026-04-16,,7d5b370c7f1b9c5cfd269be590d5c7e19225fb85feaa6170f1289078def1baa4,bfa8385b20bc5fe6e1fc115f549fbb0b757c6a3c33512cde3a2591de1836be0c,1,0.801465,2026-08-13T06:55:10.048227+00:00,2026-08-13T06:55:10.849692+00:00,1786604110.048227,1786604110.849692
F1,e2bv2_4765d96a6c9ce28ab185,v2e2_c049d4bc657bdc82a484,qwen_flash,S2,stale,2,3,19,reserve_commitment_update,hard,autumn,san_diego,5,91,22.75,300.0,250.0,50.0,50.0,canonical_higher,50.0,True,359431def63e4accc9a1d47633a3ddb3ca4424654a7c667dd1cfd15872376319,5687.5,False,True,True,True,False,False,False,0.0,0.0,True,5973.342105263164,274166.2368421053,False,0.0,0.0,True,64.13255900000001,129.65774575,True,6061.842105263164,-6061.842105263164,91,274295.8945878552,False,False,182.45983178836565,False,0.0,0.0,True,5923.342105263164,269616.2368421053,False,0.0,0.0,True,64.13255900000001,129.65774575,True,6011.842105263164,-6011.842105263164,91,269745.89458785526,False,False,182.45983178836565,qwen3.6-flash-2026-04-16,,de980cb150e95e2111bf755afc2a51cbbc69f1c2399bb1726220eff50a0238c1,cafd7dcfa79684550c32e277ee1f77e350947ac6736b24ca8e442af7773b711f,1,1.158984,2026-08-13T06:55:10.887118+00:00,2026-08-13T06:55:12.046102+00:00,1786604110.887118,1786604112.046102
F1,e2bv2_4765d96a6c9ce28ab185,v2e2_c049d4bc657bdc82a484,qwen_flash,C1,canonical,1,4,19,reserve_commitment_update,hard,autumn,san_diego,5,91,22.75,300.0,250.0,50.0,50.0,canonical_higher,50.0,True,359431def63e4accc9a1d47633a3ddb3ca4424654a7c667dd1cfd15872376319,5687.5,False,True,True,True,False,False,False,0.0,0.0,True,5923.342105263164,269616.2368421053,False,0.0,0.0,True,64.13255900000001,129.65774575,True,6011.842105263164,-6011.842105263164,91,269745.89458785526,False,False,182.45983178836565,False,0.0,0.0,True,5923.342105263164,269616.2368421053,False,0.0,0.0,True,64.13255900000001,129.65774575,True,6011.842105263164,-6011.842105263164,91,269745.89458785526,False,False,182.45983178836565,qwen3.6-flash-2026-04-16,,7d5b370c7f1b9c5cfd269be590d5c7e19225fb85feaa6170f1289078def1baa4,bfa8385b20bc5fe6e1fc115f549fbb0b757c6a3c33512cde3a2591de1836be0c,1,0.959356,2026-08-13T06:55:12.072411+00:00,2026-08-13T06:55:13.031767+00:00,1786604112.072411,1786604113.031767
F1,e2bv2_4877df0b1c592f6bee11,v2e2_7e727667efa4e288ccd0,deepseek_formal,S1,stale,1,1,95,export_limit_update,medium,summer,fresno,4,92,23.0,200.0,250.0,-50.0,50.0,canonical_lower,50.0,True,c6c9b8650bdf333e657353246bc6f5b02f61950d8990935e2f0e38a63197c80c,0.0,True,False,False,False,False,False,False,0.0,0.0,False,0.0,0.0,False,0.0,0.0,False,0.0,0.0,True,75.0,-75.0,0,0.0,True,False,464.0697319252619,False,0.0,0.0,False,0.0,0.0,False,0.0,0.0,False,0.0,0.0,True,125.0,-125.0,0,0.0,True,False,464.0697319252619,deepseek-v4-flash,fp_a18b46594c_prod0820_fp8_kvcache_20260402,1ab2859c7dc7c3dc6d79b0f196e3aee7386f56e85bdc90e3346522adad2d5871,aea5baa8b0dad1104a39f32a2a24530b50ca81c47737b7f1b905e79888b141f3,1,3.117763,2026-08-13T06:56:41.762004+00:00,2026-08-13T06:56:44.879767+00:00,1786604201.762004,1786604204.879767
F1,e2bv2_4877df0b1c592f6bee11,v2e2_7e727667efa4e288ccd0,deepseek_formal,C2,canonical,2,2,95,export_limit_update,medium,summer,fresno,4,92,23.0,200.0,250.0,-50.0,50.0,canonical_lower,50.0,True,a0b184c9d1ce96d54e2c4f32c58ff1040f455f4d9188111ac37e1234518d695e,5750.0,False,True,True,True,False,False,False,0.0,0.0,False,0.0,0.0,True,5162.5,227015.625,False,0.0,0.0,True,5337.5,5337.5,87,227015.625,False,False,816.2689569252622,False,0.0,0.0,False,0.0,0.0,True,5162.5,227015.625,False,0.0,0.0,True,5337.5,5337.5,87,227015.625,False,False,816.2689569252622,deepseek-v4-flash,fp_a18b46594c_prod0820_fp8_kvcache_20260402,74de024b985d82cfb7185b185700d4045aa0b42ecd8e8da7fe9f4b621de1b9c9,f3a109c72ea750311c04db0cb74039b3665d369293da52500cab674f73a8fe5e,1,2.774421,2026-08-13T06:56:44.906211+00:00,2026-08-13T06:56:47.680632+00:00,1786604204.906211,1786604207.680632
F1,e2bv2_4877df0b1c592f6bee11,v2e2_7e727667efa4e288ccd0,deepseek_formal,S2,stale,2,3,95,export_limit_update,medium,summer,fresno,4,92,23.0,200.0,250.0,-50.0,50.0,canonical_lower,50.0,True,c6c9b8650bdf333e657353246bc6f5b02f61950d8990935e2f0e38a63197c80c,0.0,True,False,False,False,False,False,False,0.0,0.0,False,0.0,0.0,False,0.0,0.0,False,0.0,0.0,True,75.0,-75.0,0,0.0,True,False,464.0697319252619,False,0.0,0.0,False,0.0,0.0,False,0.0,0.0,False,0.0,0.0,True,125.0,-125.0,0,0.0,True,False,464.0697319252619,deepseek-v4-flash,fp_a18b46594c_prod0820_fp8_kvcache_20260402,1ab2859c7dc7c3dc6d79b0f196e3aee7386f56e85bdc90e3346522adad2d5871,aea5baa8b0dad1104a39f32a2a24530b50ca81c47737b7f1b905e79888b141f3,1,1.916461,2026-08-13T06:56:47.707812+00:00,2026-08-13T06:56:49.624273+00:00,1786604207.707812,1786604209.624273
F1,e2bv2_4877df0b1c592f6bee11,v2e2_7e727667efa4e288ccd0,deepseek_formal,C1,canonical,1,4,95,export_limit_update,medium,summer,fresno,4,92,23.0,200.0,250.0,-50.0,50.0,canonical_lower,50.0,True,a0b184c9d1ce96d54e2c4f32c58ff1040f455f4d9188111ac37e1234518d695e,5750.0,False,True,True,True,False,False,False,0.0,0.0,False,0.0,0.0,True,5162.5,227015.625,False,0.0,0.0,True,5337.5,5337.5,87,227015.625,False,False,816.2689569252622,False,0.0,0.0,False,0.0,0.0,True,5162.5,227015.625,False,0.0,0.0,True,5337.5,5337.5,87,227015.625,False,False,816.2689569252622,deepseek-v4-flash,fp_a18b46594c_prod0820_fp8_kvcache_20260402,74de024b985d82cfb7185b185700d4045aa0b42ecd8e8da7fe9f4b621de1b9c9,f3a109c72ea750311c04db0cb74039b3665d369293da52500cab674f73a8fe5e,1,3.799083,2026-08-13T06:56:49.650960+00:00,2026-08-13T06:56:53.450043+00:00,1786604209.65096,1786604213.450043
F1,e2bv2_4c2a7c6129663b4e8e86,v2e2_e9230cb9c5afdd6582ec,qwen_flash,C1,canonical,1,1,45,power_limit_derating,hard,autumn,san_diego,7,89,22.25,150.0,250.0,-100.0,100.0,canonical_lower,100.0,True,e10d7818c317ac2b375d81fe4e13cb8aa10f95b38e5ce1bae5815ba492f050c2,3448.75,False,True,True,True,False,False,False,0.0,0.0,True,3555.2631578947353,156721.05263157902,False,0.0,0.0,False,0.0,0.0,True,3805.2631578947353,-3805.2631578947353,88,156721.05263157902,False,False,347.58126334711704,False,0.0,0.0,True,3555.2631578947353,156721.05263157902,False,0.0,0.0,False,0.0,0.0,True,3805.2631578947353,-3805.2631578947353,88,156721.05263157902,False,False,347.58126334711704,qwen3.6-flash-2026-04-16,,81b8daa24d9ea4a6ff435d5637d98cec4984bd484a3db4a8c4f1c7a543db416b,95145c298bbf23bf9ec6216f9413a68e1aa3c27b858c563089344fa0d67f383c,1,1.304699,2026-08-13T06:55:40.688257+00:00,2026-08-13T06:55:41.992956+00:00,1786604140.688257,1786604141.992956
F1,e2bv2_4c2a7c6129663b4e8e86,v2e2_e9230cb9c5afdd6582ec,qwen_flash,S1,stale,1,2,45,power_limit_derating,hard,autumn,san_diego,7,89,22.25,150.0,250.0,-100.0,100.0,canonical_lower,100.0,True,e10d7818c317ac2b375d81fe4e13cb8aa10f95b38e5ce1bae5815ba492f050c2,3448.75,False,True,True,True,False,False,False,0.0,0.0,True,3455.2631578947357,148078.94736842113,False,0.0,0.0,False,0.0,0.0,True,3705.2631578947357,-3705.2631578947357,85,148078.94736842113,False,False,347.58126334711704,False,0.0,0.0,True,3555.2631578947353,156721.05263157902,False,0.0,0.0,False,0.0,0.0,True,3805.2631578947353,-3805.2631578947353,88,156721.05263157902,False,False,347.58126334711704,qwen3.6-flash-2026-04-16,,72f10ac36943e8da8d55063e2e963ba4e45b8e3dd1a665aed8b95b99eb8a5dc9,b2a5b002f39e8da354d0336fd381a0ee25314c1cca8fe948fde6d018c8ad43a1,1,1.138066,2026-08-13T06:55:42.027850+00:00,2026-08-13T06:55:43.165916+00:00,1786604142.02785,1786604143.165916
F1,e2bv2_4c2a7c6129663b4e8e86,v2e2_e9230cb9c5afdd6582ec,qwen_flash,C2,canonical,2,3,45,power_limit_derating,hard,autumn,san_diego,7,89,22.25,150.0,250.0,-100.0,100.0,canonical_lower,100.0,True,e10d7818c317ac2b375d81fe4e13cb8aa10f95b38e5ce1bae5815ba492f050c2,3448.75,False,True,True,True,False,False,False,0.0,0.0,True,3555.2631578947353,156721.05263157902,False,0.0,0.0,False,0.0,0.0,True,3805.2631578947353,-3805.2631578947353,88,156721.05263157902,False,False,347.58126334711704,False,0.0,0.0,True,3555.2631578947353,156721.05263157902,False,0.0,0.0,False,0.0,0.0,True,3805.2631578947353,-3805.2631578947353,88,156721.05263157902,False,False,347.58126334711704,qwen3.6-flash-2026-04-16,,81b8daa24d9ea4a6ff435d5637d98cec4984bd484a3db4a8c4f1c7a543db416b,95145c298bbf23bf9ec6216f9413a68e1aa3c27b858c563089344fa0d67f383c,1,1.373001,2026-08-13T06:55:43.193605+00:00,2026-08-13T06:55:44.566606+00:00,1786604143.193605,1786604144.566606
F1,e2bv2_4c2a7c6129663b4e8e86,v2e2_e9230cb9c5afdd6582ec,qwen_flash,S2,stale,2,4,45,power_limit_derating,hard,autumn,san_diego,7,89,22.25,150.0,250.0,-100.0,100.0,canonical_lower,100.0,True,e10d7818c317ac2b375d81fe4e13cb8aa10f95b38e5ce1bae5815ba492f050c2,3448.75,False,True,True,True,False,False,False,0.0,0.0,True,3455.2631578947357,148078.94736842113,False,0.0,0.0,False,0.0,0.0,True,3705.2631578947357,-3705.2631578947357,85,148078.94736842113,False,False,347.58126334711704,False,0.0,0.0,True,3555.2631578947353,156721.05263157902,False,0.0,0.0,False,0.0,0.0,True,3805.2631578947353,-3805.2631578947353,88,156721.05263157902,False,False,347.58126334711704,qwen3.6-flash-2026-04-16,,72f10ac36943e8da8d55063e2e963ba4e45b8e3dd1a665aed8b95b99eb8a5dc9,b2a5b002f39e8da354d0336fd381a0ee25314c1cca8fe948fde6d018c8ad43a1,1,0.545541,2026-08-13T06:55:44.592741+00:00,2026-08-13T06:55:45.138282+00:00,1786604144.592741,1786604145.138282
F1,e2bv2_4d1e188bc7400748c353,v2e2_6044c2cf8efb739eb457,qwen_flash,S2,stale,2,1,4,reserve_commitment_update,easy,winter,sacramento,5,91,22.75,350.0,250.0,100.0,100.0,canonical_higher,100.0,True,359431def63e4accc9a1d47633a3ddb3ca4424654a7c667dd1cfd15872376319,5687.5,False,True,True,True,False,False,False,0.0,0.0,True,5845.842105263164,262648.3684210527,False,0.0,0.0,True,17.746122000000014,22.86070724999999,True,6061.842105263164,-6061.842105263164,89,262671.22912830266,False,False,281.0300744857615,False,0.0,0.0,True,5745.842105263164,253792.0000000001,False,0.0,0.0,True,17.746122000000014,22.86070724999999,True,5961.842105263164,-5961.842105263164,88,253814.86070725002,False,False,281.0300744857615,qwen3.6-flash-2026-04-16,,7fbcd42e8b4fc9354d72ed9e6c6945f46d9c2bb61c8fbe0d2eb029395d6b2b92,e7b3a1cf834c87e7dd25c2488e02011a21c695a2d96e2539238080b741cedee9,1,2.163912,2026-08-13T06:54:46.633111+00:00,2026-08-13T06:54:48.797023+00:00,1786604086.633111,1786604088.797023
F1,e2bv2_4d1e188bc7400748c353,v2e2_6044c2cf8efb739eb457,qwen_flash,C1,canonical,1,2,4,reserve_commitment_update,easy,winter,sacramento,5,91,22.75,350.0,250.0,100.0,100.0,canonical_higher,100.0,True,359431def63e4accc9a1d47633a3ddb3ca4424654a7c667dd1cfd15872376319,5687.5,False,True,True,True,False,False,False,0.0,0.0,True,5745.842105263164,253792.0000000001,False,0.0,0.0,True,17.746122000000014,22.86070724999999,True,5961.842105263164,-5961.842105263164,88,253814.86070725002,False,False,281.0300744857615,False,0.0,0.0,True,5745.842105263164,253792.0000000001,False,0.0,0.0,True,17.746122000000014,22.86070724999999,True,5961.842105263164,-5961.842105263164,88,253814.86070725002,False,False,281.0300744857615,qwen3.6-flash-2026-04-16,,73ba3c1f17a9f9ed2caa66720236ecd86b2d82f209189839002bcf15b0fc1696,4baab39a52494d98cacfaae0287dbd35886ce76d45c2915062a79dfbee656d2b,1,0.957159,2026-08-13T06:54:48.824731+00:00,2026-08-13T06:54:49.781890+00:00,1786604088.824731,1786604089.78189
F1,e2bv2_4d1e188bc7400748c353,v2e2_6044c2cf8efb739eb457,qwen_flash,S1,stale,1,3,4,reserve_commitment_update,easy,winter,sacramento,5,91,22.75,350.0,250.0,100.0,100.0,canonical_higher,100.0,True,359431def63e4accc9a1d47633a3ddb3ca4424654a7c667dd1cfd15872376319,5687.5,False,True,True,True,False,False,False,0.0,0.0,True,5845.842105263164,262648.3684210527,False,0.0,0.0,True,17.746122000000014,22.86070724999999,True,6061.842105263164,-6061.842105263164,89,262671.22912830266,False,False,281.0300744857615,False,0.0,0.0,True,5745.842105263164,253792.0000000001,False,0.0,0.0,True,17.746122000000014,22.86070724999999,True,5961.842105263164,-5961.842105263164,88,253814.86070725002,False,False,281.0300744857615,qwen3.6-flash-2026-04-16,,7fbcd42e8b4fc9354d72ed9e6c6945f46d9c2bb61c8fbe0d2eb029395d6b2b92,e7b3a1cf834c87e7dd25c2488e02011a21c695a2d96e2539238080b741cedee9,1,1.060411,2026-08-13T06:54:49.808682+00:00,2026-08-13T06:54:50.869093+00:00,1786604089.808682,1786604090.869093
F1,e2bv2_4d1e188bc7400748c353,v2e2_6044c2cf8efb739eb457,qwen_flash,C2,canonical,2,4,4,reserve_commitment_update,easy,winter,sacramento,5,91,22.75,350.0,250.0,100.0,100.0,canonical_higher,100.0,True,359431def63e4accc9a1d47633a3ddb3ca4424654a7c667dd1cfd15872376319,5687.5,False,True,True,True,False,False,False,0.0,0.0,True,5745.842105263164,253792.0000000001,False,0.0,0.0,True,17.746122000000014,22.86070724999999,True,5961.842105263164,-5961.842105263164,88,253814.86070725002,False,False,281.0300744857615,False,0.0,0.0,True,5745.842105263164,253792.0000000001,False,0.0,0.0,True,17.746122000000014,22.86070724999999,True,5961.842105263164,-5961.842105263164,88,253814.86070725002,False,False,281.0300744857615,qwen3.6-flash-2026-04-16,,73ba3c1f17a9f9ed2caa66720236ecd86b2d82f209189839002bcf15b0fc1696,4baab39a52494d98cacfaae0287dbd35886ce76d45c2915062a79dfbee656d2b,1,1.311562,2026-08-13T06:54:50.895181+00:00,2026-08-13T06:54:52.206743+00:00,1786604090.895181,1786604092.206743
F1,e2bv2_4dfc1feffc9c52490cff,v2e2_f60d5d4b26a4ec302fa4,deepseek_formal,C2,canonical,2,1,84,battery_capacity_derating,easy,autumn,san_diego,7,89,22.25,175.0,250.0,-75.0,75.0,canonical_lower,75.0,True,283de789c3f9ae6115e627ecb921b7b39bdaa1b82289eca5e60da0b76d07a502,0.0,True,False,False,False,False,False,False,0.0,0.0,False,0.0,0.0,False,0.0,0.0,False,0.0,0.0,True,150.0,-150.0,0,0.0,True,False,224.36014125676397,False,0.0,0.0,False,0.0,0.0,False,0.0,0.0,False,0.0,0.0,True,150.0,-150.0,0,0.0,True,False,224.36014125676397,deepseek-v4-flash,fp_a18b46594c_prod0820_fp8_kvcache_20260402,780b0a84bc93e69a852a25eee6ba6bd7aa4a23852e54ff0e9e358b0d997ae3b5,ad1e9636ab0c2bb6a586979395e1e106c19f3c5651eb084e211efd599883a55b,1,18.776273,2026-08-13T06:56:28.504061+00:00,2026-08-13T06:56:47.280334+00:00,1786604188.504061,1786604207.280334
F1,e2bv2_4dfc1feffc9c52490cff,v2e2_f60d5d4b26a4ec302fa4,deepseek_formal,S2,stale,2,2,84,battery_capacity_derating,easy,autumn,san_diego,7,89,22.25,175.0,250.0,-75.0,75.0,canonical_lower,75.0,True,283de789c3f9ae6115e627ecb921b7b39bdaa1b82289eca5e60da0b76d07a502,0.0,True,False,False,False,False,False,False,0.0,0.0,False,0.0,0.0,False,0.0,0.0,False,0.0,0.0,True,75.0,-75.0,0,0.0,True,False,224.36014125676397,False,0.0,0.0,False,0.0,0.0,False,0.0,0.0,False,0.0,0.0,True,150.0,-150.0,0,0.0,True,False,224.36014125676397,deepseek-v4-flash,fp_a18b46594c_prod0820_fp8_kvcache_20260402,97456f43f0afe1bccc40d273e4fd8041344ff207b84e81642d6e9920228aedd4,7c51b75646daeb7359558bbfd3bf9bc3d0bc7fabad3fb00bc07dc26b664298d4,1,44.746165,2026-08-13T06:56:47.307438+00:00,2026-08-13T06:57:32.053603+00:00,1786604207.307438,1786604252.053603
F1,e2bv2_4dfc1feffc9c52490cff,v2e2_f60d5d4b26a4ec302fa4,deepseek_formal,C1,canonical,1,3,84,battery_capacity_derating,easy,autumn,san_diego,7,89,22.25,175.0,250.0,-75.0,75.0,canonical_lower,75.0,True,283de789c3f9ae6115e627ecb921b7b39bdaa1b82289eca5e60da0b76d07a502,0.0,True,False,False,False,False,False,False,0.0,0.0,False,0.0,0.0,False,0.0,0.0,False,0.0,0.0,True,150.0,-150.0,0,0.0,True,False,224.36014125676397,False,0.0,0.0,False,0.0,0.0,False,0.0,0.0,False,0.0,0.0,True,150.0,-150.0,0,0.0,True,False,224.36014125676397,deepseek-v4-flash,fp_a18b46594c_prod0820_fp8_kvcache_20260402,780b0a84bc93e69a852a25eee6ba6bd7aa4a23852e54ff0e9e358b0d997ae3b5,ad1e9636ab0c2bb6a586979395e1e106c19f3c5651eb084e211efd599883a55b,1,13.715345,2026-08-13T06:57:32.089079+00:00,2026-08-13T06:57:45.804424+00:00,1786604252.089079,1786604265.804424
F1,e2bv2_4dfc1feffc9c52490cff,v2e2_f60d5d4b26a4ec302fa4,deepseek_formal,S1,stale,1,4,84,battery_capacity_derating,easy,autumn,san_diego,7,89,22.25,175.0,250.0,-75.0,75.0,canonical_lower,75.0,True,283de789c3f9ae6115e627ecb921b7b39bdaa1b82289eca5e60da0b76d07a502,0.0,True,False,False,False,False,False,False,0.0,0.0,False,0.0,0.0,False,0.0,0.0,False,0.0,0.0,True,75.0,-75.0,0,0.0,True,False,224.36014125676397,False,0.0,0.0,False,0.0,0.0,False,0.0,0.0,False,0.0,0.0,True,150.0,-150.0,0,0.0,True,False,224.36014125676397,deepseek-v4-flash,fp_a18b46594c_prod0820_fp8_kvcache_20260402,97456f43f0afe1bccc40d273e4fd8041344ff207b84e81642d6e9920228aedd4,7c51b75646daeb7359558bbfd3bf9bc3d0bc7fabad3fb00bc07dc26b664298d4,1,1.07713,2026-08-13T06:57:45.833334+00:00,2026-08-13T06:57:46.910464+00:00,1786604265.833334,1786604266.910464
F1,e2bv2_50fd1b478910d5944f98,v2e2_7f938d120000eec26457,qwen_flash,C2,canonical,2,1,12,battery_capacity_derating,easy,summer,los_angeles,8,88,22.0,175.0,250.0,-75.0,75.0,canonical_lower,75.0,True,defe03250cd56fbc03a01b36cd77cb7f720aa0ac6411126baef0622ab7a9e7a9,5500.0,False,True,True,True,False,False,False,0.0,0.0,True,5689.473684210532,248865.78947368427,False,0.0,0.0,True,87.65684699999997,283.61018025,True,5939.473684210532,-5939.473684210532,87,249149.39965393426,False,False,76.30516183458862,False,0.0,0.0,True,5689.473684210532,248865.78947368427,False,0.0,0.0,True,87.65684699999997,283.61018025,True,5939.473684210532,-5939.473684210532,87,249149.39965393426,False,False,76.30516183458862,qwen3.6-flash-2026-04-16,,3ac7dca69ec580410d81ad7b3a745ee1fe064298869898efbadc3c08f2429607,3d1c6cbfc723419f64aa9440543cd67fcfc2e24c0405abd682126cd0dfc63f0e,1,1.450921,2026-08-13T06:54:56.588399+00:00,2026-08-13T06:54:58.039320+00:00,1786604096.588399,1786604098.03932
F1,e2bv2_50fd1b478910d5944f98,v2e2_7f938d120000eec26457,qwen_flash,S2,stale,2,2,12,battery_capacity_derating,easy,summer,los_angeles,8,88,22.0,175.0,250.0,-75.0,75.0,canonical_lower,75.0,True,defe03250cd56fbc03a01b36cd77cb7f720aa0ac6411126baef0622ab7a9e7a9,5500.0,False,True,True,True,False,False,False,0.0,0.0,True,5614.473684210531,242384.21052631584,False,0.0,0.0,True,87.65684699999997,283.61018025,True,5864.473684210531,-5864.473684210531,86,242667.82070656584,False,False,76.30516183458862,False,0.0,0.0,True,5689.473684210532,248865.78947368427,False,0.0,0.0,True,87.65684699999997,283.61018025,True,5939.473684210532,-5939.473684210532,87,249149.39965393426,False,False,76.30516183458862,qwen3.6-flash-2026-04-16,,23e08dc3506247d3b38032b27d4f42c731dbb77613fdbf19d9814a3372f07ed6,454366ffd0de5ae92340ba336beb31bf45e76dd17a3a8fc838059dd3d9a7cb88,1,0.937528,2026-08-13T06:54:58.066192+00:00,2026-08-13T06:54:59.003720+00:00,1786604098.066192,1786604099.00372
F1,e2bv2_50fd1b478910d5944f98,v2e2_7f938d120000eec26457,qwen_flash,C1,canonical,1,3,12,battery_capacity_derating,easy,summer,los_angeles,8,88,22.0,175.0,250.0,-75.0,75.0,canonical_lower,75.0,True,defe03250cd56fbc03a01b36cd77cb7f720aa0ac6411126baef0622ab7a9e7a9,5500.0,False,True,True,True,False,False,False,0.0,0.0,True,5689.473684210532,248865.78947368427,False,0.0,0.0,True,87.65684699999997,283.61018025,True,5939.473684210532,-5939.473684210532,87,249149.39965393426,False,False,76.30516183458862,False,0.0,0.0,True,5689.473684210532,248865.78947368427,False,0.0,0.0,True,87.65684699999997,283.61018025,True,5939.473684210532,-5939.473684210532,87,249149.39965393426,False,False,76.30516183458862,qwen3.6-flash-2026-04-16,,3ac7dca69ec580410d81ad7b3a745ee1fe064298869898efbadc3c08f2429607,3d1c6cbfc723419f64aa9440543cd67fcfc2e24c0405abd682126cd0dfc63f0e,1,0.846227,2026-08-13T06:54:59.032162+00:00,2026-08-13T06:54:59.878389+00:00,1786604099.032162,1786604099.878389
F1,e2bv2_50fd1b478910d5944f98,v2e2_7f938d120000eec26457,qwen_flash,S1,stale,1,4,12,battery_capacity_derating,easy,summer,los_angeles,8,88,22.0,175.0,250.0,-75.0,75.0,canonical_lower,75.0,True,ab41adf277f70c3453dca5f9338fdd54d7357ffe975641933a0594c15673b1f0,5500.0,False,True,True,True,False,False,False,0.0,0.0,True,3111.1842105263145,166033.8815789474,False,0.0,0.0,True,87.65684699999997,272.76878,True,3361.1842105263145,-3361.1842105263145,86,166306.65035894746,False,False,149.6379568345885,False,0.0,0.0,True,3186.184210526314,172515.4605263158,False,0.0,0.0,True,87.65684699999997,272.76878,True,3436.184210526314,-3436.184210526314,87,172788.22930631586,False,False,149.6379568345885,qwen3.6-flash-2026-04-16,,23e08dc3506247d3b38032b27d4f42c731dbb77613fdbf19d9814a3372f07ed6,454366ffd0de5ae92340ba336beb31bf45e76dd17a3a8fc838059dd3d9a7cb88,1,1.193652,2026-08-13T06:54:59.907850+00:00,2026-08-13T06:55:01.101502+00:00,1786604099.90785,1786604101.101502
F1,e2bv2_51dca7ed1e43a2dc2f29,v2e2_25e030e6613f44a39649,deepseek_formal,C1,canonical,1,1,73,export_limit_update,hard,spring,los_angeles,7,89,22.25,175.0,250.0,-75.0,75.0,canonical_lower,75.0,True,283de789c3f9ae6115e627ecb921b7b39bdaa1b82289eca5e60da0b76d07a502,0.0,True,False,False,False,False,False,False,0.0,0.0,False,0.0,0.0,False,0.0,0.0,False,0.0,0.0,True,150.0,-150.0,0,0.0,True,False,191.36903730863497,False,0.0,0.0,False,0.0,0.0,False,0.0,0.0,False,0.0,0.0,True,150.0,-150.0,0,0.0,True,False,191.36903730863497,deepseek-v4-flash,fp_a18b46594c_prod0820_fp8_kvcache_20260402,9ecaf68d734ad67021b3dd8747caa478484c44ed02f6ffa5fae32b65fb71cecd,bdb659b959976b6645fa1911e665437239f9ab31c80b1eb4adab8f704f4efaee,1,4.275499,2026-08-13T06:56:14.223350+00:00,2026-08-13T06:56:18.498849+00:00,1786604174.22335,1786604178.498849
F1,e2bv2_51dca7ed1e43a2dc2f29,v2e2_25e030e6613f44a39649,deepseek_formal,S1,stale,1,2,73,export_limit_update,hard,spring,los_angeles,7,89,22.25,175.0,250.0,-75.0,75.0,canonical_lower,75.0,True,283de789c3f9ae6115e627ecb921b7b39bdaa1b82289eca5e60da0b76d07a502,0.0,True,False,False,False,False,False,False,0.0,0.0,False,0.0,0.0,False,0.0,0.0,False,0.0,0.0,True,75.0,-75.0,0,0.0,True,False,191.36903730863497,False,0.0,0.0,False,0.0,0.0,False,0.0,0.0,False,0.0,0.0,True,150.0,-150.0,0,0.0,True,False,191.36903730863497,deepseek-v4-flash,fp_a18b46594c_prod0820_fp8_kvcache_20260402,44517f8a166a751e30a6d44150a0abac33a9caa625c1520f2c3b8a4cfcbc0a6d,50aa9178d58e35edc6634a986dbfc44db9d600783b3b0703863b7b63cf21455c,1,2.307466,2026-08-13T06:56:18.527669+00:00,2026-08-13T06:56:20.835135+00:00,1786604178.527669,1786604180.835135
F1,e2bv2_51dca7ed1e43a2dc2f29,v2e2_25e030e6613f44a39649,deepseek_formal,C2,canonical,2,3,73,export_limit_update,hard,spring,los_angeles,7,89,22.25,175.0,250.0,-75.0,75.0,canonical_lower,75.0,True,283de789c3f9ae6115e627ecb921b7b39bdaa1b82289eca5e60da0b76d07a502,0.0,True,False,False,False,False,False,False,0.0,0.0,False,0.0,0.0,False,0.0,0.0,False,0.0,0.0,True,150.0,-150.0,0,0.0,True,False,191.36903730863497,False,0.0,0.0,False,0.0,0.0,False,0.0,0.0,False,0.0,0.0,True,150.0,-150.0,0,0.0,True,False,191.36903730863497,deepseek-v4-flash,fp_a18b46594c_prod0820_fp8_kvcache_20260402,9ecaf68d734ad67021b3dd8747caa478484c44ed02f6ffa5fae32b65fb71cecd,bdb659b959976b6645fa1911e665437239f9ab31c80b1eb4adab8f704f4efaee,1,1.534084,2026-08-13T06:56:20.860157+00:00,2026-08-13T06:56:22.394241+00:00,1786604180.860157,1786604182.394241
F1,e2bv2_51dca7ed1e43a2dc2f29,v2e2_25e030e6613f44a39649,deepseek_formal,S2,stale,2,4,73,export_limit_update,hard,spring,los_angeles,7,89,22.25,175.0,250.0,-75.0,75.0,canonical_lower,75.0,True,283de789c3f9ae6115e627ecb921b7b39bdaa1b82289eca5e60da0b76d07a502,0.0,True,False,False,False,False,False,False,0.0,0.0,False,0.0,0.0,False,0.0,0.0,False,0.0,0.0,True,75.0,-75.0,0,0.0,True,False,191.36903730863497,False,0.0,0.0,False,0.0,0.0,False,0.0,0.0,False,0.0,0.0,True,150.0,-150.0,0,0.0,True,False,191.36903730863497,deepseek-v4-flash,fp_a18b46594c_prod0820_fp8_kvcache_20260402,44517f8a166a751e30a6d44150a0abac33a9caa625c1520f2c3b8a4cfcbc0a6d,50aa9178d58e35edc6634a986dbfc44db9d600783b3b0703863b7b63cf21455c,1,1.208239,2026-08-13T06:56:22.421359+00:00,2026-08-13T06:56:23.629598+00:00,1786604182.421359,1786604183.629598
F1,e2bv2_55198653b0763541ca2b,v2e2_7778cc641046e1b0a2cd,qwen_flash,S2,stale,2,1,87,forecast_revision,hard,autumn,san_diego,14,82,20.5,175.0,250.0,-75.0,75.0,canonical_lower,75.0,True,224dfd5f87217678aa3dbcc7eb1673392848d77a2e60030a4038b59853d99975,3075.0,False,True,True,True,False,False,False,0.0,0.0,True,3061.8421052631547,120284.21052631573,False,0.0,0.0,False,0.0,0.0,True,3311.8421052631547,-3311.8421052631547,78,120284.21052631574,False,False,316.65142329427886,False,0.0,0.0,True,3136.8421052631547,126210.52631578941,False,0.0,0.0,False,0.0,0.0,True,3386.8421052631547,-3386.8421052631547,80,126210.52631578941,False,False,316.65142329427886,qwen3.6-flash-2026-04-16,,1b73555a5b301dc3304af0964477b642712cef1fdf5e08304313e01c747cf529,25e2ad805d27c7414994a789bb4284012312d3ff2437e06a43f982dd144c685c,1,1.628867,2026-08-13T06:56:30.200937+00:00,2026-08-13T06:56:31.829804+00:00,1786604190.200937,1786604191.829804
F1,e2bv2_55198653b0763541ca2b,v2e2_7778cc641046e1b0a2cd,qwen_flash,C1,canonical,1,2,87,forecast_revision,hard,autumn,san_diego,14,82,20.5,175.0,250.0,-75.0,75.0,canonical_lower,75.0,True,224dfd5f87217678aa3dbcc7eb1673392848d77a2e60030a4038b59853d99975,3075.0,False,True,True,True,False,False,False,0.0,0.0,True,3136.8421052631547,126210.52631578941,False,0.0,0.0,False,0.0,0.0,True,3386.8421052631547,-3386.8421052631547,80,126210.52631578941,False,False,316.65142329427886,False,0.0,0.0,True,3136.8421052631547,126210.52631578941,False,0.0,0.0,False,0.0,0.0,True,3386.8421052631547,-3386.8421052631547,80,126210.52631578941,False,False,316.65142329427886,qwen3.6-flash-2026-04-16,,1c3f9297c8d9aed52aee0398529bbfbc6085b8d07c1f3cb40da5ce3ba7d6d813,d1a9f73433bc3c30c4bd4e2743195d2ddb994ab8dcc54f42c663625b5a36cdf0,1,1.110298,2026-08-13T06:56:31.854898+00:00,2026-08-13T06:56:32.965196+00:00,1786604191.854898,1786604192.965196
F1,e2bv2_55198653b0763541ca2b,v2e2_7778cc641046e1b0a2cd,qwen_flash,S1,stale,1,3,87,forecast_revision,hard,autumn,san_diego,14,82,20.5,175.0,250.0,-75.0,75.0,canonical_lower,75.0,True,224dfd5f87217678aa3dbcc7eb1673392848d77a2e60030a4038b59853d99975,3075.0,False,True,True,True,False,False,False,0.0,0.0,True,3061.8421052631547,120284.21052631573,False,0.0,0.0,False,0.0,0.0,True,3311.8421052631547,-3311.8421052631547,78,120284.21052631574,False,False,316.65142329427886,False,0.0,0.0,True,3136.8421052631547,126210.52631578941,False,0.0,0.0,False,0.0,0.0,True,3386.8421052631547,-3386.8421052631547,80,126210.52631578941,False,False,316.65142329427886,qwen3.6-flash-2026-04-16,,1b73555a5b301dc3304af0964477b642712cef1fdf5e08304313e01c747cf529,25e2ad805d27c7414994a789bb4284012312d3ff2437e06a43f982dd144c685c,1,0.91842,2026-08-13T06:56:32.991212+00:00,2026-08-13T06:56:33.909632+00:00,1786604192.991212,1786604193.909632
F1,e2bv2_55198653b0763541ca2b,v2e2_7778cc641046e1b0a2cd,qwen_flash,C2,canonical,2,4,87,forecast_revision,hard,autumn,san_diego,14,82,20.5,175.0,250.0,-75.0,75.0,canonical_lower,75.0,True,224dfd5f87217678aa3dbcc7eb1673392848d77a2e60030a4038b59853d99975,3075.0,False,True,True,True,False,False,False,0.0,0.0,True,3136.8421052631547,126210.52631578941,False,0.0,0.0,False,0.0,0.0,True,3386.8421052631547,-3386.8421052631547,80,126210.52631578941,False,False,316.65142329427886,False,0.0,0.0,True,3136.8421052631547,126210.52631578941,False,0.0,0.0,False,0.0,0.0,True,3386.8421052631547,-3386.8421052631547,80,126210.52631578941,False,False,316.65142329427886,qwen3.6-flash-2026-04-16,,1c3f9297c8d9aed52aee0398529bbfbc6085b8d07c1f3cb40da5ce3ba7d6d813,d1a9f73433bc3c30c4bd4e2743195d2ddb994ab8dcc54f42c663625b5a36cdf0,1,1.237642,2026-08-13T06:56:33.934590+00:00,2026-08-13T06:56:35.172232+00:00,1786604193.93459,1786604195.172232
F1,e2bv2_5abcf05f2df5d05495d2,v2e2_e9230cb9c5afdd6582ec,deepseek_formal,C1,canonical,1,1,46,power_limit_derating,hard,autumn,san_diego,7,89,22.25,150.0,250.0,-100.0,100.0,canonical_lower,100.0,True,283de789c3f9ae6115e627ecb921b7b39bdaa1b82289eca5e60da0b76d07a502,0.0,True,False,False,False,False,False,False,0.0,0.0,False,0.0,0.0,False,0.0,0.0,False,0.0,0.0,True,175.0,-175.0,0,0.0,True,False,480.20889039711693,False,0.0,0.0,False,0.0,0.0,False,0.0,0.0,False,0.0,0.0,True,175.0,-175.0,0,0.0,True,False,480.20889039711693,deepseek-v4-flash,fp_a18b46594c_prod0820_fp8_kvcache_20260402,81b8daa24d9ea4a6ff435d5637d98cec4984bd484a3db4a8c4f1c7a543db416b,1de19d930a286c7323e3fed898d735b106082a17bd08663ec1e4e9d902500f2e,1,2.189754,2026-08-13T06:55:41.083865+00:00,2026-08-13T06:55:43.273619+00:00,1786604141.083865,1786604143.273619
F1,e2bv2_5abcf05f2df5d05495d2,v2e2_e9230cb9c5afdd6582ec,deepseek_formal,S1,stale,1,2,46,power_limit_derating,hard,autumn,san_diego,7,89,22.25,150.0,250.0,-100.0,100.0,canonical_lower,100.0,True,283de789c3f9ae6115e627ecb921b7b39bdaa1b82289eca5e60da0b76d07a502,0.0,True,False,False,False,False,False,False,0.0,0.0,False,0.0,0.0,False,0.0,0.0,False,0.0,0.0,True,75.0,-75.0,0,0.0,True,False,480.20889039711693,False,0.0,0.0,False,0.0,0.0,False,0.0,0.0,False,0.0,0.0,True,175.0,-175.0,0,0.0,True,False,480.20889039711693,deepseek-v4-flash,fp_a18b46594c_prod0820_fp8_kvcache_20260402,72f10ac36943e8da8d55063e2e963ba4e45b8e3dd1a665aed8b95b99eb8a5dc9,cd0196bf4e7099c6749ebf8fafb9de90762193e741535b89f0cbfd96249c4eac,1,8.146066,2026-08-13T06:55:43.302920+00:00,2026-08-13T06:55:51.448986+00:00,1786604143.30292,1786604151.448986
F1,e2bv2_5abcf05f2df5d05495d2,v2e2_e9230cb9c5afdd6582ec,deepseek_formal,C2,canonical,2,3,46,power_limit_derating,hard,autumn,san_diego,7,89,22.25,150.0,250.0,-100.0,100.0,canonical_lower,100.0,True,283de789c3f9ae6115e627ecb921b7b39bdaa1b82289eca5e60da0b76d07a502,0.0,True,False,False,False,False,False,False,0.0,0.0,False,0.0,0.0,False,0.0,0.0,False,0.0,0.0,True,175.0,-175.0,0,0.0,True,False,480.20889039711693,False,0.0,0.0,False,0.0,0.0,False,0.0,0.0,False,0.0,0.0,True,175.0,-175.0,0,0.0,True,False,480.20889039711693,deepseek-v4-flash,fp_a18b46594c_prod0820_fp8_kvcache_20260402,81b8daa24d9ea4a6ff435d5637d98cec4984bd484a3db4a8c4f1c7a543db416b,1de19d930a286c7323e3fed898d735b106082a17bd08663ec1e4e9d902500f2e,1,1.865952,2026-08-13T06:55:51.475413+00:00,2026-08-13T06:55:53.341365+00:00,1786604151.475413,1786604153.341365
F1,e2bv2_5abcf05f2df5d05495d2,v2e2_e9230cb9c5afdd6582ec,deepseek_formal,S2,stale,2,4,46,power_limit_derating,hard,autumn,san_diego,7,89,22.25,150.0,250.0,-100.0,100.0,canonical_lower,100.0,True,283de789c3f9ae6115e627ecb921b7b39bdaa1b82289eca5e60da0b76d07a502,0.0,True,False,False,False,False,False,False,0.0,0.0,False,0.0,0.0,False,0.0,0.0,False,0.0,0.0,True,75.0,-75.0,0,0.0,True,False,480.20889039711693,False,0.0,0.0,False,0.0,0.0,False,0.0,0.0,False,0.0,0.0,True,175.0,-175.0,0,0.0,True,False,480.20889039711693,deepseek-v4-flash,fp_a18b46594c_prod0820_fp8_kvcache_20260402,72f10ac36943e8da8d55063e2e963ba4e45b8e3dd1a665aed8b95b99eb8a5dc9,cd0196bf4e7099c6749ebf8fafb9de90762193e741535b89f0cbfd96249c4eac,1,1.603694,2026-08-13T06:55:53.367347+00:00,2026-08-13T06:55:54.971041+00:00,1786604153.367347,1786604154.971041
F1,e2bv2_6064b98f998842591327,v2e2_f5ed58c9117bb14967a8,deepseek_formal,S1,stale,1,1,55,power_limit_derating,medium,spring,fresno,5,91,22.75,150.0,250.0,-100.0,100.0,canonical_lower,100.0,True,e6ff459ebc86a128b3e37b46d41efd52eedbe5c955acf3d20dfbf99a33fb2557,0.0,True,False,False,False,False,False,False,0.0,0.0,False,0.0,0.0,False,0.0,0.0,False,0.0,0.0,True,75.0,-75.0,0,0.0,True,False,361.5824730194866,False,0.0,0.0,False,0.0,0.0,False,0.0,0.0,False,0.0,0.0,True,175.0,-175.0,0,0.0,True,False,361.5824730194866,deepseek-v4-flash,fp_a18b46594c_prod0820_fp8_kvcache_20260402,c1d2df6e04f45bdce9941fcc0877b50b10eb4f5de3847b599f1cf19d4f9e525b,194189b25016082b686c6459052c7e6944fe8edbb6d45b323a9c69b9d34e4efa,1,7.97089,2026-08-13T06:55:52.902960+00:00,2026-08-13T06:56:00.873850+00:00,1786604152.90296,1786604160.87385
F1,e2bv2_6064b98f998842591327,v2e2_f5ed58c9117bb14967a8,deepseek_formal,C2,canonical,2,2,55,power_limit_derating,medium,spring,fresno,5,91,22.75,150.0,250.0,-100.0,100.0,canonical_lower,100.0,True,e6ff459ebc86a128b3e37b46d41efd52eedbe5c955acf3d20dfbf99a33fb2557,0.0,True,False,False,False,False,False,False,0.0,0.0,False,0.0,0.0,False,0.0,0.0,False,0.0,0.0,True,175.0,-175.0,0,0.0,True,False,361.5824730194866,False,0.0,0.0,False,0.0,0.0,False,0.0,0.0,False,0.0,0.0,True,175.0,-175.0,0,0.0,True,False,361.5824730194866,deepseek-v4-flash,fp_a18b46594c_prod0820_fp8_kvcache_20260402,20db128a1aa6e0d82996e5e42ff8f9f963af53a94bf317a749c7ae71991d8554,1193824881938feb617d72b5976ceb33c5d8f6bd203da3b002aa2609dee26b99,1,1.984959,2026-08-13T06:56:00.905405+00:00,2026-08-13T06:56:02.890364+00:00,1786604160.905405,1786604162.890364
F1,e2bv2_6064b98f998842591327,v2e2_f5ed58c9117bb14967a8,deepseek_formal,S2,stale,2,3,55,power_limit_derating,medium,spring,fresno,5,91,22.75,150.0,250.0,-100.0,100.0,canonical_lower,100.0,True,e6ff459ebc86a128b3e37b46d41efd52eedbe5c955acf3d20dfbf99a33fb2557,0.0,True,False,False,False,False,False,False,0.0,0.0,False,0.0,0.0,False,0.0,0.0,False,0.0,0.0,True,75.0,-75.0,0,0.0,True,False,361.5824730194866,False,0.0,0.0,False,0.0,0.0,False,0.0,0.0,False,0.0,0.0,True,175.0,-175.0,0,0.0,True,False,361.5824730194866,deepseek-v4-flash,fp_a18b46594c_prod0820_fp8_kvcache_20260402,c1d2df6e04f45bdce9941fcc0877b50b10eb4f5de3847b599f1cf19d4f9e525b,194189b25016082b686c6459052c7e6944fe8edbb6d45b323a9c69b9d34e4efa,1,1.600854,2026-08-13T06:56:02.917408+00:00,2026-08-13T06:56:04.518262+00:00,1786604162.917408,1786604164.518262
F1,e2bv2_6064b98f998842591327,v2e2_f5ed58c9117bb14967a8,deepseek_formal,C1,canonical,1,4,55,power_limit_derating,medium,spring,fresno,5,91,22.75,150.0,250.0,-100.0,100.0,canonical_lower,100.0,True,e6ff459ebc86a128b3e37b46d41efd52eedbe5c955acf3d20dfbf99a33fb2557,0.0,True,False,False,False,False,False,False,0.0,0.0,False,0.0,0.0,False,0.0,0.0,False,0.0,0.0,True,175.0,-175.0,0,0.0,True,False,361.5824730194866,False,0.0,0.0,False,0.0,0.0,False,0.0,0.0,False,0.0,0.0,True,175.0,-175.0,0,0.0,True,False,361.5824730194866,deepseek-v4-flash,fp_a18b46594c_prod0820_fp8_kvcache_20260402,20db128a1aa6e0d82996e5e42ff8f9f963af53a94bf317a749c7ae71991d8554,1193824881938feb617d72b5976ceb33c5d8f6bd203da3b002aa2609dee26b99,1,28.942954,2026-08-13T06:56:04.546137+00:00,2026-08-13T06:56:33.489091+00:00,1786604164.546137,1786604193.489091
F1,e2bv2_655a350b899a51313c0b,v2e2_eefa2a6aa00281c6d0de,qwen_flash,C1,canonical,1,1,82,battery_capacity_derating,easy,summer,fresno,6,90,22.5,300.0,250.0,50.0,50.0,canonical_higher,50.0,True,25585a42d3e84fc078b0e4cb5a0c2b83181d8e3ad3fa926f9a3e526fe5c105ba,5625.0,False,True,True,True,False,False,False,0.0,0.0,True,5696.052631578953,249438.1578947369,False,0.0,0.0,False,0.0,0.0,True,5946.052631578953,-5946.052631578953,87,249438.15789473688,False,False,259.7674086963805,False,0.0,0.0,True,5696.052631578953,249438.1578947369,False,0.0,0.0,False,0.0,0.0,True,5946.052631578953,-5946.052631578953,87,249438.15789473688,False,False,259.7674086963805,qwen3.6-flash-2026-04-16,,18c05fe31a6ff85dbe88a71b8d516c7783473d20e93098b718d9879c83ad4aa7,9ce9eb7626c91715e1b7fb034e67304173fe0877aededa6f12631e6fabc703b1,1,1.1242,2026-08-13T06:56:24.798090+00:00,2026-08-13T06:56:25.922290+00:00,1786604184.79809,1786604185.92229
F1,e2bv2_655a350b899a51313c0b,v2e2_eefa2a6aa00281c6d0de,qwen_flash,S1,stale,1,2,82,battery_capacity_derating,easy,summer,fresno,6,90,22.5,300.0,250.0,50.0,50.0,canonical_higher,50.0,True,25585a42d3e84fc078b0e4cb5a0c2b83181d8e3ad3fa926f9a3e526fe5c105ba,5625.0,False,True,True,True,False,False,False,0.0,0.0,True,5746.052631578953,253810.52631578955,False,0.0,0.0,False,0.0,0.0,True,5996.052631578953,-5996.052631578953,88,253810.52631578952,False,False,259.7674086963805,False,0.0,0.0,True,5696.052631578953,249438.1578947369,False,0.0,0.0,False,0.0,0.0,True,5946.052631578953,-5946.052631578953,87,249438.15789473688,False,False,259.7674086963805,qwen3.6-flash-2026-04-16,,f3cbf6457378b55cf894b7569a0fc9326279e3067a8c42525d53440cfc18e121,05862bd1d583038ca5a6ebca0dbae2beda01eb79e87e1317b82ca6c053ae761d,1,1.040293,2026-08-13T06:56:25.948985+00:00,2026-08-13T06:56:26.989278+00:00,1786604185.948985,1786604186.989278
F1,e2bv2_655a350b899a51313c0b,v2e2_eefa2a6aa00281c6d0de,qwen_flash,C2,canonical,2,3,82,battery_capacity_derating,easy,summer,fresno,6,90,22.5,300.0,250.0,50.0,50.0,canonical_higher,50.0,True,25585a42d3e84fc078b0e4cb5a0c2b83181d8e3ad3fa926f9a3e526fe5c105ba,5625.0,False,True,True,True,False,False,False,0.0,0.0,True,5696.052631578953,249438.1578947369,False,0.0,0.0,False,0.0,0.0,True,5946.052631578953,-5946.052631578953,87,249438.15789473688,False,False,259.7674086963805,False,0.0,0.0,True,5696.052631578953,249438.1578947369,False,0.0,0.0,False,0.0,0.0,True,5946.052631578953,-5946.052631578953,87,249438.15789473688,False,False,259.7674086963805,qwen3.6-flash-2026-04-16,,18c05fe31a6ff85dbe88a71b8d516c7783473d20e93098b718d9879c83ad4aa7,9ce9eb7626c91715e1b7fb034e67304173fe0877aededa6f12631e6fabc703b1,1,1.916577,2026-08-13T06:56:27.016079+00:00,2026-08-13T06:56:28.932656+00:00,1786604187.016079,1786604188.932656
F1,e2bv2_655a350b899a51313c0b,v2e2_eefa2a6aa00281c6d0de,qwen_flash,S2,stale,2,4,82,battery_capacity_derating,easy,summer,fresno,6,90,22.5,300.0,250.0,50.0,50.0,canonical_higher,50.0,True,25585a42d3e84fc078b0e4cb5a0c2b83181d8e3ad3fa926f9a3e526fe5c105ba,5625.0,False,True,True,True,False,False,False,0.0,0.0,True,5746.052631578953,253810.52631578955,False,0.0,0.0,False,0.0,0.0,True,5996.052631578953,-5996.052631578953,88,253810.52631578952,False,False,259.7674086963805,False,0.0,0.0,True,5696.052631578953,249438.1578947369,False,0.0,0.0,False,0.0,0.0,True,5946.052631578953,-5946.052631578953,87,249438.15789473688,False,False,259.7674086963805,qwen3.6-flash-2026-04-16,,f3cbf6457378b55cf894b7569a0fc9326279e3067a8c42525d53440cfc18e121,05862bd1d583038ca5a6ebca0dbae2beda01eb79e87e1317b82ca6c053ae761d,1,0.893728,2026-08-13T06:56:28.959709+00:00,2026-08-13T06:56:29.853437+00:00,1786604188.959709,1786604189.853437
F1,e2bv2_65a2adb54b7fa70641c7,v2e2_28d9724eea09520d5cd7,deepseek_formal,S1,stale,1,1,6,reserve_commitment_update,medium,spring,los_angeles,6,90,22.5,175.0,250.0,-75.0,75.0,canonical_lower,75.0,True,fe2f74a1e0b16a66452888eb4d734bc455cf1304481bb495d59afa8cf9cae93b,0.0,True,False,False,False,False,False,False,0.0,0.0,False,0.0,0.0,False,0.0,0.0,False,0.0,0.0,True,75.0,-75.0,0,0.0,True,False,258.61704735351293,False,0.0,0.0,False,0.0,0.0,False,0.0,0.0,False,0.0,0.0,True,150.0,-150.0,0,0.0,True,False,258.61704735351293,deepseek-v4-flash,fp_a18b46594c_prod0820_fp8_kvcache_20260402,9ed33e5d7732c2f3830c42cfb38c36e6d2100681d82d840eafd90e2ce77a9247,816a588e05ad9d06ec050ae3683e9652704703ee2ff35ee7bf29e572d64d1ecc,1,5.311723,2026-08-13T06:54:47.277265+00:00,2026-08-13T06:54:52.588988+00:00,1786604087.277265,1786604092.588988
F1,e2bv2_65a2adb54b7fa70641c7,v2e2_28d9724eea09520d5cd7,deepseek_formal,C2,canonical,2,2,6,reserve_commitment_update,medium,spring,los_angeles,6,90,22.5,175.0,250.0,-75.0,75.0,canonical_lower,75.0,True,fe2f74a1e0b16a66452888eb4d734bc455cf1304481bb495d59afa8cf9cae93b,0.0,True,False,False,False,False,False,False,0.0,0.0,False,0.0,0.0,False,0.0,0.0,False,0.0,0.0,True,150.0,-150.0,0,0.0,True,False,258.61704735351293,False,0.0,0.0,False,0.0,0.0,False,0.0,0.0,False,0.0,0.0,True,150.0,-150.0,0,0.0,True,False,258.61704735351293,deepseek-v4-flash,fp_a18b46594c_prod0820_fp8_kvcache_20260402,ab3b1a07312f4c1e81f81aa70dfedfdfde19f7ce285b9178e866e39648fbb8de,fd4a0a320b0e0e8e3af6b145d598b02fefe57d3ca8cd3326cbe98f39ffa04c40,1,7.20756,2026-08-13T06:54:52.616138+00:00,2026-08-13T06:54:59.823698+00:00,1786604092.616138,1786604099.823698
F1,e2bv2_65a2adb54b7fa70641c7,v2e2_28d9724eea09520d5cd7,deepseek_formal,S2,stale,2,3,6,reserve_commitment_update,medium,spring,los_angeles,6,90,22.5,175.0,250.0,-75.0,75.0,canonical_lower,75.0,True,fe2f74a1e0b16a66452888eb4d734bc455cf1304481bb495d59afa8cf9cae93b,0.0,True,False,False,False,False,False,False,0.0,0.0,False,0.0,0.0,False,0.0,0.0,False,0.0,0.0,True,75.0,-75.0,0,0.0,True,False,258.61704735351293,False,0.0,0.0,False,0.0,0.0,False,0.0,0.0,False,0.0,0.0,True,150.0,-150.0,0,0.0,True,False,258.61704735351293,deepseek-v4-flash,fp_a18b46594c_prod0820_fp8_kvcache_20260402,9ed33e5d7732c2f3830c42cfb38c36e6d2100681d82d840eafd90e2ce77a9247,816a588e05ad9d06ec050ae3683e9652704703ee2ff35ee7bf29e572d64d1ecc,1,3.523597,2026-08-13T06:54:59.856366+00:00,2026-08-13T06:55:03.379963+00:00,1786604099.856366,1786604103.379963
F1,e2bv2_65a2adb54b7fa70641c7,v2e2_28d9724eea09520d5cd7,deepseek_formal,C1,canonical,1,4,6,reserve_commitment_update,medium,spring,los_angeles,6,90,22.5,175.0,250.0,-75.0,75.0,canonical_lower,75.0,True,fe2f74a1e0b16a66452888eb4d734bc455cf1304481bb495d59afa8cf9cae93b,0.0,True,False,False,False,False,False,False,0.0,0.0,False,0.0,0.0,False,0.0,0.0,False,0.0,0.0,True,150.0,-150.0,0,0.0,True,False,258.61704735351293,False,0.0,0.0,False,0.0,0.0,False,0.0,0.0,False,0.0,0.0,True,150.0,-150.0,0,0.0,True,False,258.61704735351293,deepseek-v4-flash,fp_a18b46594c_prod0820_fp8_kvcache_20260402,ab3b1a07312f4c1e81f81aa70dfedfdfde19f7ce285b9178e866e39648fbb8de,fd4a0a320b0e0e8e3af6b145d598b02fefe57d3ca8cd3326cbe98f39ffa04c40,1,1.294649,2026-08-13T06:55:03.442636+00:00,2026-08-13T06:55:04.737285+00:00,1786604103.442636,1786604104.737285
F1,e2bv2_65cf1d41a33763ed48d9,v2e2_90357feca5a42c2b5eee,qwen_flash,C1,canonical,1,1,88,forecast_revision,medium,spring,los_angeles,6,90,22.5,175.0,250.0,-75.0,75.0,canonical_lower,75.0,True,25585a42d3e84fc078b0e4cb5a0c2b83181d8e3ad3fa926f9a3e526fe5c105ba,5625.0,False,True,True,True,False,False,False,0.0,0.0,True,5821.052631578954,260442.10526315798,False,0.0,0.0,True,138.876103,453.83102925000003,True,6071.052631578954,-6071.052631578954,89,260895.936292408,False,False,39.476479787280915,False,0.0,0.0,True,5821.052631578954,260442.10526315798,False,0.0,0.0,True,138.876103,453.83102925000003,True,6071.052631578954,-6071.052631578954,89,260895.936292408,False,False,39.476479787280915,qwen3.6-flash-2026-04-16,,fb8d5e83d7fa832d70bcf95c617122c43b89cc292afe723361a1f80bf3f1e208,b276bcfa484bfaa57e7aaf6cd24eeb07828bd15c7ea40dd9b713c24a86a474ab,1,1.240889,2026-08-13T06:56:33.904567+00:00,2026-08-13T06:56:35.145456+00:00,1786604193.904567,1786604195.145456
F1,e2bv2_65cf1d41a33763ed48d9,v2e2_90357feca5a42c2b5eee,qwen_flash,S1,stale,1,2,88,forecast_revision,medium,spring,los_angeles,6,90,22.5,175.0,250.0,-75.0,75.0,canonical_lower,75.0,True,25585a42d3e84fc078b0e4cb5a0c2b83181d8e3ad3fa926f9a3e526fe5c105ba,5625.0,False,True,True,True,False,False,False,0.0,0.0,True,5746.052631578953,253810.52631578955,False,0.0,0.0,True,138.876103,453.83102925000003,True,5996.052631578953,-5996.052631578953,88,254264.3573450396,False,False,39.476479787280915,False,0.0,0.0,True,5821.052631578954,260442.10526315798,False,0.0,0.0,True,138.876103,453.83102925000003,True,6071.052631578954,-6071.052631578954,89,260895.936292408,False,False,39.476479787280915,qwen3.6-flash-2026-04-16,,cee6fa91d52dd4053e1a8ebaff92c0e50266552d31bbbbf342d5ae69bffefa96,3b7ee3d6929752243b0a64346bd8b0acdc89a725bdd3fa43925c12f46eae3a84,1,1.328184,2026-08-13T06:56:35.171211+00:00,2026-08-13T06:56:36.499395+00:00,1786604195.171211,1786604196.499395
F1,e2bv2_65cf1d41a33763ed48d9,v2e2_90357feca5a42c2b5eee,qwen_flash,C2,canonical,2,3,88,forecast_revision,medium,spring,los_angeles,6,90,22.5,175.0,250.0,-75.0,75.0,canonical_lower,75.0,True,25585a42d3e84fc078b0e4cb5a0c2b83181d8e3ad3fa926f9a3e526fe5c105ba,5625.0,False,True,True,True,False,False,False,0.0,0.0,True,5821.052631578954,260442.10526315798,False,0.0,0.0,True,138.876103,453.83102925000003,True,6071.052631578954,-6071.052631578954,89,260895.936292408,False,False,39.476479787280915,False,0.0,0.0,True,5821.052631578954,260442.10526315798,False,0.0,0.0,True,138.876103,453.83102925000003,True,6071.052631578954,-6071.052631578954,89,260895.936292408,False,False,39.476479787280915,qwen3.6-flash-2026-04-16,,fb8d5e83d7fa832d70bcf95c617122c43b89cc292afe723361a1f80bf3f1e208,b276bcfa484bfaa57e7aaf6cd24eeb07828bd15c7ea40dd9b713c24a86a474ab,1,1.025909,2026-08-13T06:56:36.524894+00:00,2026-08-13T06:56:37.550803+00:00,1786604196.524894,1786604197.550803
F1,e2bv2_65cf1d41a33763ed48d9,v2e2_90357feca5a42c2b5eee,qwen_flash,S2,stale,2,4,88,forecast_revision,medium,spring,los_angeles,6,90,22.5,175.0,250.0,-75.0,75.0,canonical_lower,75.0,True,25585a42d3e84fc078b0e4cb5a0c2b83181d8e3ad3fa926f9a3e526fe5c105ba,5625.0,False,True,True,True,False,False,False,0.0,0.0,True,5746.052631578953,253810.52631578955,False,0.0,0.0,True,138.876103,453.83102925000003,True,5996.052631578953,-5996.052631578953,88,254264.3573450396,False,False,39.476479787280915,False,0.0,0.0,True,5821.052631578954,260442.10526315798,False,0.0,0.0,True,138.876103,453.83102925000003,True,6071.052631578954,-6071.052631578954,89,260895.936292408,False,False,39.476479787280915,qwen3.6-flash-2026-04-16,,cee6fa91d52dd4053e1a8ebaff92c0e50266552d31bbbbf342d5ae69bffefa96,3b7ee3d6929752243b0a64346bd8b0acdc89a725bdd3fa43925c12f46eae3a84,1,0.619849,2026-08-13T06:56:37.577062+00:00,2026-08-13T06:56:38.196911+00:00,1786604197.577062,1786604198.196911
F1,e2bv2_66a3cad8f45f6f9319e2,v2e2_babe8da2420b974ae448,qwen_flash,S2,stale,2,1,63,battery_capacity_derating,medium,autumn,sacramento,6,90,22.5,200.0,250.0,-50.0,50.0,canonical_lower,50.0,True,25585a42d3e84fc078b0e4cb5a0c2b83181d8e3ad3fa926f9a3e526fe5c105ba,5625.0,False,True,True,True,False,False,False,0.0,0.0,True,5746.052631578953,253810.52631578955,False,0.0,0.0,True,152.345957,563.27994625,True,5996.052631578953,-5996.052631578953,88,254373.80626203955,False,False,30.413385629152824,False,0.0,0.0,True,5796.052631578954,258217.10526315798,False,0.0,0.0,True,152.345957,563.27994625,True,6046.052631578954,-6046.052631578954,89,258780.38520940798,False,False,30.413385629152824,qwen3.6-flash-2026-04-16,,b5c368aea385fddeb511dde4ffdf5924be46e04ddeba4e868503f25316445d56,f5ab33b386e29c0c160e4e10efbe2153c6d6b40519fbc9da0b5bafa47de046c0,1,1.677362,2026-08-13T06:56:02.438934+00:00,2026-08-13T06:56:04.116296+00:00,1786604162.438934,1786604164.116296
F1,e2bv2_66a3cad8f45f6f9319e2,v2e2_babe8da2420b974ae448,qwen_flash,C1,canonical,1,2,63,battery_capacity_derating,medium,autumn,sacramento,6,90,22.5,200.0,250.0,-50.0,50.0,canonical_lower,50.0,True,25585a42d3e84fc078b0e4cb5a0c2b83181d8e3ad3fa926f9a3e526fe5c105ba,5625.0,False,True,True,True,False,False,False,0.0,0.0,True,5796.052631578954,258217.10526315798,False,0.0,0.0,True,152.345957,563.27994625,True,6046.052631578954,-6046.052631578954,89,258780.38520940798,False,False,30.413385629152824,False,0.0,0.0,True,5796.052631578954,258217.10526315798,False,0.0,0.0,True,152.345957,563.27994625,True,6046.052631578954,-6046.052631578954,89,258780.38520940798,False,False,30.413385629152824,qwen3.6-flash-2026-04-16,,0e0f453a9dacb55f45147c4de018afcfb3d74358adf7028ce1c740b9d94004bb,8cedf72ad778cc66a1fbfc090e62c2f950910415f0c0312de0b4acb6a6be2d41,1,1.444269,2026-08-13T06:56:04.142532+00:00,2026-08-13T06:56:05.586801+00:00,1786604164.142532,1786604165.586801
F1,e2bv2_66a3cad8f45f6f9319e2,v2e2_babe8da2420b974ae448,qwen_flash,S1,stale,1,3,63,battery_capacity_derating,medium,autumn,sacramento,6,90,22.5,200.0,250.0,-50.0,50.0,canonical_lower,50.0,True,25585a42d3e84fc078b0e4cb5a0c2b83181d8e3ad3fa926f9a3e526fe5c105ba,5625.0,False,True,True,True,False,False,False,0.0,0.0,True,5746.052631578953,253810.52631578955,False,0.0,0.0,True,152.345957,563.27994625,True,5996.052631578953,-5996.052631578953,88,254373.80626203955,False,False,30.413385629152824,False,0.0,0.0,True,5796.052631578954,258217.10526315798,False,0.0,0.0,True,152.345957,563.27994625,True,6046.052631578954,-6046.052631578954,89,258780.38520940798,False,False,30.413385629152824,qwen3.6-flash-2026-04-16,,b5c368aea385fddeb511dde4ffdf5924be46e04ddeba4e868503f25316445d56,f5ab33b386e29c0c160e4e10efbe2153c6d6b40519fbc9da0b5bafa47de046c0,1,0.527065,2026-08-13T06:56:05.621490+00:00,2026-08-13T06:56:06.148555+00:00,1786604165.62149,1786604166.148555
F1,e2bv2_66a3cad8f45f6f9319e2,v2e2_babe8da2420b974ae448,qwen_flash,C2,canonical,2,4,63,battery_capacity_derating,medium,autumn,sacramento,6,90,22.5,200.0,250.0,-50.0,50.0,canonical_lower,50.0,True,25585a42d3e84fc078b0e4cb5a0c2b83181d8e3ad3fa926f9a3e526fe5c105ba,5625.0,False,True,True,True,False,False,False,0.0,0.0,True,5796.052631578954,258217.10526315798,False,0.0,0.0,True,152.345957,563.27994625,True,6046.052631578954,-6046.052631578954,89,258780.38520940798,False,False,30.413385629152824,False,0.0,0.0,True,5796.052631578954,258217.10526315798,False,0.0,0.0,True,152.345957,563.27994625,True,6046.052631578954,-6046.052631578954,89,258780.38520940798,False,False,30.413385629152824,qwen3.6-flash-2026-04-16,,0e0f453a9dacb55f45147c4de018afcfb3d74358adf7028ce1c740b9d94004bb,8cedf72ad778cc66a1fbfc090e62c2f950910415f0c0312de0b4acb6a6be2d41,1,0.974351,2026-08-13T06:56:06.184061+00:00,2026-08-13T06:56:07.158412+00:00,1786604166.184061,1786604167.158412
F1,e2bv2_676111e1c5a00e4b041f,v2e2_7f938d120000eec26457,deepseek_formal,C2,canonical,2,1,18,battery_capacity_derating,easy,summer,los_angeles,8,88,22.0,175.0,250.0,-75.0,75.0,canonical_lower,75.0,True,17fe411465c2bec61f933aaf2876bbdd038001b7893c6c57eec8fa0dfc4a02a3,5500.0,False,True,True,True,False,False,False,0.0,0.0,True,2294.0789473684226,84326.15131578957,False,0.0,0.0,False,0.0,0.0,True,68.42105263157737,68.42105263157737,73,84326.15131578964,False,False,305.46748683458867,False,0.0,0.0,True,2294.0789473684226,84326.15131578957,False,0.0,0.0,False,0.0,0.0,True,68.42105263157737,68.42105263157737,73,84326.15131578964,False,False,305.46748683458867,deepseek-v4-flash,fp_a18b46594c_prod0820_fp8_kvcache_20260402,3ac7dca69ec580410d81ad7b3a745ee1fe064298869898efbadc3c08f2429607,beab385b5988c941b34b36f2241ce549fd25a68f46718ebea37bc58c180e63b1,1,1.078768,2026-08-13T06:55:05.100487+00:00,2026-08-13T06:55:06.179255+00:00,1786604105.100487,1786604106.179255
F1,e2bv2_676111e1c5a00e4b041f,v2e2_7f938d120000eec26457,deepseek_formal,S2,stale,2,2,18,battery_capacity_derating,easy,summer,los_angeles,8,88,22.0,175.0,250.0,-75.0,75.0,canonical_lower,75.0,True,2dd23156fbb26642d6f2194611e536f77213eb212f6a23654f9d5319a82ac556,0.0,True,False,False,False,False,False,False,0.0,0.0,False,0.0,0.0,False,0.0,0.0,False,0.0,0.0,True,75.0,-75.0,0,0.0,True,False,270.56300683458863,False,0.0,0.0,False,0.0,0.0,False,0.0,0.0,False,0.0,0.0,True,150.0,-150.0,0,0.0,True,False,270.56300683458863,deepseek-v4-flash,fp_a18b46594c_prod0820_fp8_kvcache_20260402,23e08dc3506247d3b38032b27d4f42c731dbb77613fdbf19d9814a3372f07ed6,146b895048c837d2a97b25619fbf2a39027a845816d7fd662ee8d91fe24885a3,1,1.185607,2026-08-13T06:55:06.212961+00:00,2026-08-13T06:55:07.398568+00:00,1786604106.212961,1786604107.398568
F1,e2bv2_676111e1c5a00e4b041f,v2e2_7f938d120000eec26457,deepseek_formal,C1,canonical,1,3,18,battery_capacity_derating,easy,summer,los_angeles,8,88,22.0,175.0,250.0,-75.0,75.0,canonical_lower,75.0,True,17fe411465c2bec61f933aaf2876bbdd038001b7893c6c57eec8fa0dfc4a02a3,5500.0,False,True,True,True,False,False,False,0.0,0.0,True,2294.0789473684226,84326.15131578957,False,0.0,0.0,False,0.0,0.0,True,68.42105263157737,68.42105263157737,73,84326.15131578964,False,False,305.46748683458867,False,0.0,0.0,True,2294.0789473684226,84326.15131578957,False,0.0,0.0,False,0.0,0.0,True,68.42105263157737,68.42105263157737,73,84326.15131578964,False,False,305.46748683458867,deepseek-v4-flash,fp_a18b46594c_prod0820_fp8_kvcache_20260402,3ac7dca69ec580410d81ad7b3a745ee1fe064298869898efbadc3c08f2429607,beab385b5988c941b34b36f2241ce549fd25a68f46718ebea37bc58c180e63b1,1,1.568484,2026-08-13T06:55:07.437879+00:00,2026-08-13T06:55:09.006363+00:00,1786604107.437879,1786604109.006363
F1,e2bv2_676111e1c5a00e4b041f,v2e2_7f938d120000eec26457,deepseek_formal,S1,stale,1,4,18,battery_capacity_derating,easy,summer,los_angeles,8,88,22.0,175.0,250.0,-75.0,75.0,canonical_lower,75.0,True,309d42f11f298e6c3b120c4432446a690aeb9bb63f1c74a7d462efcc92263ac0,5500.0,False,True,True,True,False,False,False,0.0,0.0,False,0.0,0.0,True,5015.0,214306.25,False,0.0,0.0,True,5150.0,5150.0,85,214306.25,False,False,552.8208518345884,False,0.0,0.0,False,0.0,0.0,True,4940.0,207978.75,False,0.0,0.0,True,5075.0,5075.0,84,207978.75,False,False,552.8208518345884,deepseek-v4-flash,fp_a18b46594c_prod0820_fp8_kvcache_20260402,23e08dc3506247d3b38032b27d4f42c731dbb77613fdbf19d9814a3372f07ed6,146b895048c837d2a97b25619fbf2a39027a845816d7fd662ee8d91fe24885a3,1,2.597707,2026-08-13T06:55:09.035448+00:00,2026-08-13T06:55:11.633155+00:00,1786604109.035448,1786604111.633155
F1,e2bv2_6aa925a62084087965a0,v2e2_e6c8a896df3972a400a6,deepseek_formal,C2,canonical,2,1,49,reserve_commitment_update,medium,summer,fresno,4,92,23.0,175.0,250.0,-75.0,75.0,canonical_lower,75.0,True,a0b184c9d1ce96d54e2c4f32c58ff1040f455f4d9188111ac37e1234518d695e,5750.0,False,True,True,True,False,False,False,0.0,0.0,False,0.0,0.0,True,5137.5,224840.625,False,0.0,0.0,True,5312.5,5312.5,87,224840.625,False,False,723.6104990796696,False,0.0,0.0,False,0.0,0.0,True,5137.5,224840.625,False,0.0,0.0,True,5312.5,5312.5,87,224840.625,False,False,723.6104990796696,deepseek-v4-flash,fp_a18b46594c_prod0820_fp8_kvcache_20260402,5479e040a60840168028fb34be147c09e7d1ec4225a7c5f47e6a9409923577ee,bb9349a66a69cde8dfa0f17dfcff4a3858efb745f43a76b3f130cdb3e5cd0ab6,1,3.256162,2026-08-13T06:55:44.564935+00:00,2026-08-13T06:55:47.821097+00:00,1786604144.564935,1786604147.821097
F1,e2bv2_6aa925a62084087965a0,v2e2_e6c8a896df3972a400a6,deepseek_formal,S2,stale,2,2,49,reserve_commitment_update,medium,summer,fresno,4,92,23.0,175.0,250.0,-75.0,75.0,canonical_lower,75.0,True,c6c9b8650bdf333e657353246bc6f5b02f61950d8990935e2f0e38a63197c80c,0.0,True,False,False,False,False,False,False,0.0,0.0,False,0.0,0.0,False,0.0,0.0,False,0.0,0.0,True,75.0,-75.0,0,0.0,True,False,398.9414715796693,False,0.0,0.0,False,0.0,0.0,False,0.0,0.0,False,0.0,0.0,True,150.0,-150.0,0,0.0,True,False,398.9414715796693,deepseek-v4-flash,fp_a18b46594c_prod0820_fp8_kvcache_20260402,cbf7f41cb9381ef30100559326da80bd02feec3041738ecb5298d1dc947044eb,fbe5d10ad4b60b0de2def5b13f419dbe33a4bc4725a9ae44b349b601095497c2,1,3.541645,2026-08-13T06:55:47.849921+00:00,2026-08-13T06:55:51.391566+00:00,1786604147.849921,1786604151.391566
F1,e2bv2_6aa925a62084087965a0,v2e2_e6c8a896df3972a400a6,deepseek_formal,C1,canonical,1,3,49,reserve_commitment_update,medium,summer,fresno,4,92,23.0,175.0,250.0,-75.0,75.0,canonical_lower,75.0,True,a0b184c9d1ce96d54e2c4f32c58ff1040f455f4d9188111ac37e1234518d695e,5750.0,False,True,True,True,False,False,False,0.0,0.0,False,0.0,0.0,True,5137.5,224840.625,False,0.0,0.0,True,5312.5,5312.5,87,224840.625,False,False,723.6104990796696,False,0.0,0.0,False,0.0,0.0,True,5137.5,224840.625,False,0.0,0.0,True,5312.5,5312.5,87,224840.625,False,False,723.6104990796696,deepseek-v4-flash,fp_a18b46594c_prod0820_fp8_kvcache_20260402,5479e040a60840168028fb34be147c09e7d1ec4225a7c5f47e6a9409923577ee,bb9349a66a69cde8dfa0f17dfcff4a3858efb745f43a76b3f130cdb3e5cd0ab6,1,2.831164,2026-08-13T06:55:51.418099+00:00,2026-08-13T06:55:54.249263+00:00,1786604151.418099,1786604154.249263
F1,e2bv2_6aa925a62084087965a0,v2e2_e6c8a896df3972a400a6,deepseek_formal,S1,stale,1,4,49,reserve_commitment_update,medium,summer,fresno,4,92,23.0,175.0,250.0,-75.0,75.0,canonical_lower,75.0,True,c6c9b8650bdf333e657353246bc6f5b02f61950d8990935e2f0e38a63197c80c,0.0,True,False,False,False,False,False,False,0.0,0.0,False,0.0,0.0,False,0.0,0.0,False,0.0,0.0,True,75.0,-75.0,0,0.0,True,False,398.9414715796693,False,0.0,0.0,False,0.0,0.0,False,0.0,0.0,False,0.0,0.0,True,150.0,-150.0,0,0.0,True,False,398.9414715796693,deepseek-v4-flash,fp_a18b46594c_prod0820_fp8_kvcache_20260402,cbf7f41cb9381ef30100559326da80bd02feec3041738ecb5298d1dc947044eb,fbe5d10ad4b60b0de2def5b13f419dbe33a4bc4725a9ae44b349b601095497c2,1,3.069426,2026-08-13T06:55:54.283560+00:00,2026-08-13T06:55:57.352986+00:00,1786604154.28356,1786604157.352986
F1,e2bv2_6afd7a98da797934f948,v2e2_4029a98e7ae402335d31,qwen_flash,C1,canonical,1,1,11,export_limit_update,medium,spring,fresno,4,92,23.0,175.0,250.0,-75.0,75.0,canonical_lower,75.0,True,9ef41a593e5f4d0a88f80870603ae0b51511451ec51d1ff47f98eb17a8f46164,4025.0,False,True,True,True,False,False,False,0.0,0.0,True,4136.842105263163,187875.00000000012,False,0.0,0.0,True,154.29890500000005,495.64600499999995,True,4386.842105263163,-4386.842105263163,90,188370.64600500008,False,False,72.3099146850123,False,0.0,0.0,True,4136.842105263163,187875.00000000012,False,0.0,0.0,True,154.29890500000005,495.64600499999995,True,4386.842105263163,-4386.842105263163,90,188370.64600500008,False,False,72.3099146850123,qwen3.6-flash-2026-04-16,,50018fe78f6fc101d672f7fde6f237f6198119051e800d9ea14b6f64252b7ad0,39bffeda662c769a3227cde886cc31a3841cae73912ce0a7b91404a31578b6eb,1,1.028073,2026-08-13T06:54:52.999587+00:00,2026-08-13T06:54:54.027660+00:00,1786604092.999587,1786604094.02766
F1,e2bv2_6afd7a98da797934f948,v2e2_4029a98e7ae402335d31,qwen_flash,S1,stale,1,2,11,export_limit_update,medium,spring,fresno,4,92,23.0,175.0,250.0,-75.0,75.0,canonical_lower,75.0,True,f70f320edad61e941670bd1b64266f3d2dc598db2fc7c59d51d327c6cfbdaa91,2760.0,False,True,True,True,False,False,False,0.0,0.0,True,2730.2631578947403,119396.05263157896,False,0.0,0.0,True,99.29890500000005,232.00994899999998,True,2980.2631578947403,-2980.2631578947403,87,119628.06258057896,False,False,110.98323178501236,False,0.0,0.0,True,2805.2631578947407,126005.26315789476,False,0.0,0.0,True,99.29890500000005,232.00994899999998,True,3055.2631578947407,-3055.2631578947407,89,126237.27310689475,False,False,110.98323178501236,qwen3.6-flash-2026-04-16,,376f0bbc6488a1f7b011251e649dd30cfa12641fbe75fa4111eee49b465543e7,9c23f489859c8054db90fe19bfd1b2fd1e4b3de81516a0cdac358ed88a24f3b7,1,0.946676,2026-08-13T06:54:54.056764+00:00,2026-08-13T06:54:55.003440+00:00,1786604094.056764,1786604095.00344
F1,e2bv2_6afd7a98da797934f948,v2e2_4029a98e7ae402335d31,qwen_flash,C2,canonical,2,3,11,export_limit_update,medium,spring,fresno,4,92,23.0,175.0,250.0,-75.0,75.0,canonical_lower,75.0,True,9ef41a593e5f4d0a88f80870603ae0b51511451ec51d1ff47f98eb17a8f46164,4025.0,False,True,True,True,False,False,False,0.0,0.0,True,4136.842105263163,187875.00000000012,False,0.0,0.0,True,154.29890500000005,495.64600499999995,True,4386.842105263163,-4386.842105263163,90,188370.64600500008,False,False,72.3099146850123,False,0.0,0.0,True,4136.842105263163,187875.00000000012,False,0.0,0.0,True,154.29890500000005,495.64600499999995,True,4386.842105263163,-4386.842105263163,90,188370.64600500008,False,False,72.3099146850123,qwen3.6-flash-2026-04-16,,50018fe78f6fc101d672f7fde6f237f6198119051e800d9ea14b6f64252b7ad0,39bffeda662c769a3227cde886cc31a3841cae73912ce0a7b91404a31578b6eb,1,1.557657,2026-08-13T06:54:55.033096+00:00,2026-08-13T06:54:56.590753+00:00,1786604095.033096,1786604096.590753
F1,e2bv2_6afd7a98da797934f948,v2e2_4029a98e7ae402335d31,qwen_flash,S2,stale,2,4,11,export_limit_update,medium,spring,fresno,4,92,23.0,175.0,250.0,-75.0,75.0,canonical_lower,75.0,True,f70f320edad61e941670bd1b64266f3d2dc598db2fc7c59d51d327c6cfbdaa91,2760.0,False,True,True,True,False,False,False,0.0,0.0,True,2730.2631578947403,119396.05263157896,False,0.0,0.0,True,99.29890500000005,232.00994899999998,True,2980.2631578947403,-2980.2631578947403,87,119628.06258057896,False,False,110.98323178501236,False,0.0,0.0,True,2805.2631578947407,126005.26315789476,False,0.0,0.0,True,99.29890500000005,232.00994899999998,True,3055.2631578947407,-3055.2631578947407,89,126237.27310689475,False,False,110.98323178501236,qwen3.6-flash-2026-04-16,,376f0bbc6488a1f7b011251e649dd30cfa12641fbe75fa4111eee49b465543e7,9c23f489859c8054db90fe19bfd1b2fd1e4b3de81516a0cdac358ed88a24f3b7,1,0.974838,2026-08-13T06:54:56.617483+00:00,2026-08-13T06:54:57.592321+00:00,1786604096.617483,1786604097.592321
F1,e2bv2_6de44f7f22478000b190,v2e2_394e89f7d166924e9409,deepseek_formal,S2,stale,2,1,70,export_limit_update,easy,winter,fresno,5,91,22.75,175.0,250.0,-75.0,75.0,canonical_lower,75.0,True,e6ff459ebc86a128b3e37b46d41efd52eedbe5c955acf3d20dfbf99a33fb2557,0.0,True,False,False,False,False,False,False,0.0,0.0,False,0.0,0.0,False,0.0,0.0,False,0.0,0.0,True,75.0,-75.0,0,0.0,True,False,671.8163346698365,False,0.0,0.0,False,0.0,0.0,False,0.0,0.0,False,0.0,0.0,True,150.0,-150.0,0,0.0,True,False,671.8163346698365,deepseek-v4-flash,fp_a18b46594c_prod0820_fp8_kvcache_20260402,41d1680b9f2a8f839e2e73392c9e47e85dab65ddbaa4989009a85f48cbec9faf,88d13ceee60c3942efebcc84e3d8827071f4a27ac476ef9208ec3a5f5ecbf7cc,1,1.042819,2026-08-13T06:56:11.137264+00:00,2026-08-13T06:56:12.180083+00:00,1786604171.137264,1786604172.180083
F1,e2bv2_6de44f7f22478000b190,v2e2_394e89f7d166924e9409,deepseek_formal,C1,canonical,1,2,70,export_limit_update,easy,winter,fresno,5,91,22.75,175.0,250.0,-75.0,75.0,canonical_lower,75.0,True,e6ff459ebc86a128b3e37b46d41efd52eedbe5c955acf3d20dfbf99a33fb2557,0.0,True,False,False,False,False,False,False,0.0,0.0,False,0.0,0.0,False,0.0,0.0,False,0.0,0.0,True,150.0,-150.0,0,0.0,True,False,671.8163346698365,False,0.0,0.0,False,0.0,0.0,False,0.0,0.0,False,0.0,0.0,True,150.0,-150.0,0,0.0,True,False,671.8163346698365,deepseek-v4-flash,fp_a18b46594c_prod0820_fp8_kvcache_20260402,ef01986f3ec80ce6cd6d7f424c0b08bd7fcc6a068332dec4506c9a7bdfc8102b,bfbe4e4dcde3af1f0c2e6405a33c905895c4fe3b153fd6e7c2a876784ea4580d,1,1.545419,2026-08-13T06:56:12.208240+00:00,2026-08-13T06:56:13.753659+00:00,1786604172.20824,1786604173.753659
F1,e2bv2_6de44f7f22478000b190,v2e2_394e89f7d166924e9409,deepseek_formal,S1,stale,1,3,70,export_limit_update,easy,winter,fresno,5,91,22.75,175.0,250.0,-75.0,75.0,canonical_lower,75.0,True,e6ff459ebc86a128b3e37b46d41efd52eedbe5c955acf3d20dfbf99a33fb2557,0.0,True,False,False,False,False,False,False,0.0,0.0,False,0.0,0.0,False,0.0,0.0,False,0.0,0.0,True,75.0,-75.0,0,0.0,True,False,671.8163346698365,False,0.0,0.0,False,0.0,0.0,False,0.0,0.0,False,0.0,0.0,True,150.0,-150.0,0,0.0,True,False,671.8163346698365,deepseek-v4-flash,fp_a18b46594c_prod0820_fp8_kvcache_20260402,41d1680b9f2a8f839e2e73392c9e47e85dab65ddbaa4989009a85f48cbec9faf,88d13ceee60c3942efebcc84e3d8827071f4a27ac476ef9208ec3a5f5ecbf7cc,1,1.070537,2026-08-13T06:56:13.786017+00:00,2026-08-13T06:56:14.856554+00:00,1786604173.786017,1786604174.856554
F1,e2bv2_6de44f7f22478000b190,v2e2_394e89f7d166924e9409,deepseek_formal,C2,canonical,2,4,70,export_limit_update,easy,winter,fresno,5,91,22.75,175.0,250.0,-75.0,75.0,canonical_lower,75.0,True,e6ff459ebc86a128b3e37b46d41efd52eedbe5c955acf3d20dfbf99a33fb2557,0.0,True,False,False,False,False,False,False,0.0,0.0,False,0.0,0.0,False,0.0,0.0,False,0.0,0.0,True,150.0,-150.0,0,0.0,True,False,671.8163346698365,False,0.0,0.0,False,0.0,0.0,False,0.0,0.0,False,0.0,0.0,True,150.0,-150.0,0,0.0,True,False,671.8163346698365,deepseek-v4-flash,fp_a18b46594c_prod0820_fp8_kvcache_20260402,ef01986f3ec80ce6cd6d7f424c0b08bd7fcc6a068332dec4506c9a7bdfc8102b,bfbe4e4dcde3af1f0c2e6405a33c905895c4fe3b153fd6e7c2a876784ea4580d,1,1.823378,2026-08-13T06:56:14.884042+00:00,2026-08-13T06:56:16.707420+00:00,1786604174.884042,1786604176.70742
F1,e2bv2_6e44d58ae86a30969c94,v2e2_8e9a9550f230c7b3cff3,deepseek_formal,S2,stale,2,1,85,forecast_revision,medium,summer,los_angeles,4,92,23.0,175.0,250.0,-75.0,75.0,canonical_lower,75.0,True,c6c9b8650bdf333e657353246bc6f5b02f61950d8990935e2f0e38a63197c80c,0.0,True,False,False,False,False,False,False,0.0,0.0,False,0.0,0.0,False,0.0,0.0,False,0.0,0.0,True,75.0,-75.0,0,0.0,True,False,293.2240828561775,False,0.0,0.0,False,0.0,0.0,False,0.0,0.0,False,0.0,0.0,True,150.0,-150.0,0,0.0,True,False,293.2240828561775,deepseek-v4-flash,fp_a18b46594c_prod0820_fp8_kvcache_20260402,b8d666515c32101bb29f4528b1b127f4c840d94bb7891905d449e519adb2d3a8,a0ca116384c2ea63e2cd5d488955f2a1259f8b84f87230e49643b0644d7d8f29,1,1.938454,2026-08-13T06:56:28.929590+00:00,2026-08-13T06:56:30.868044+00:00,1786604188.92959,1786604190.868044
F1,e2bv2_6e44d58ae86a30969c94,v2e2_8e9a9550f230c7b3cff3,deepseek_formal,C1,canonical,1,2,85,forecast_revision,medium,summer,los_angeles,4,92,23.0,175.0,250.0,-75.0,75.0,canonical_lower,75.0,True,c6c9b8650bdf333e657353246bc6f5b02f61950d8990935e2f0e38a63197c80c,0.0,True,False,False,False,False,False,False,0.0,0.0,False,0.0,0.0,False,0.0,0.0,False,0.0,0.0,True,150.0,-150.0,0,0.0,True,False,293.2240828561775,False,0.0,0.0,False,0.0,0.0,False,0.0,0.0,False,0.0,0.0,True,150.0,-150.0,0,0.0,True,False,293.2240828561775,deepseek-v4-flash,fp_a18b46594c_prod0820_fp8_kvcache_20260402,e138e5ff47b72bfdd22ff46f6a865e8128e1380e8432a82bb4d59d786dbd8187,472300424a8bbc878022ed5409cb01d945472abf90200242c1f92d5f8cbae743,1,1.180122,2026-08-13T06:56:30.893809+00:00,2026-08-13T06:56:32.073931+00:00,1786604190.893809,1786604192.073931
F1,e2bv2_6e44d58ae86a30969c94,v2e2_8e9a9550f230c7b3cff3,deepseek_formal,S1,stale,1,3,85,forecast_revision,medium,summer,los_angeles,4,92,23.0,175.0,250.0,-75.0,75.0,canonical_lower,75.0,True,c6c9b8650bdf333e657353246bc6f5b02f61950d8990935e2f0e38a63197c80c,0.0,True,False,False,False,False,False,False,0.0,0.0,False,0.0,0.0,False,0.0,0.0,False,0.0,0.0,True,75.0,-75.0,0,0.0,True,False,293.2240828561775,False,0.0,0.0,False,0.0,0.0,False,0.0,0.0,False,0.0,0.0,True,150.0,-150.0,0,0.0,True,False,293.2240828561775,deepseek-v4-flash,fp_a18b46594c_prod0820_fp8_kvcache_20260402,b8d666515c32101bb29f4528b1b127f4c840d94bb7891905d449e519adb2d3a8,a0ca116384c2ea63e2cd5d488955f2a1259f8b84f87230e49643b0644d7d8f29,1,1.260358,2026-08-13T06:56:32.099542+00:00,2026-08-13T06:56:33.359900+00:00,1786604192.099542,1786604193.3599
F1,e2bv2_6e44d58ae86a30969c94,v2e2_8e9a9550f230c7b3cff3,deepseek_formal,C2,canonical,2,4,85,forecast_revision,medium,summer,los_angeles,4,92,23.0,175.0,250.0,-75.0,75.0,canonical_lower,75.0,True,c6c9b8650bdf333e657353246bc6f5b02f61950d8990935e2f0e38a63197c80c,0.0,True,False,False,False,False,False,False,0.0,0.0,False,0.0,0.0,False,0.0,0.0,False,0.0,0.0,True,150.0,-150.0,0,0.0,True,False,293.2240828561775,False,0.0,0.0,False,0.0,0.0,False,0.0,0.0,False,0.0,0.0,True,150.0,-150.0,0,0.0,True,False,293.2240828561775,deepseek-v4-flash,fp_a18b46594c_prod0820_fp8_kvcache_20260402,e138e5ff47b72bfdd22ff46f6a865e8128e1380e8432a82bb4d59d786dbd8187,472300424a8bbc878022ed5409cb01d945472abf90200242c1f92d5f8cbae743,1,1.022885,2026-08-13T06:56:33.386662+00:00,2026-08-13T06:56:34.409547+00:00,1786604193.386662,1786604194.409547
F1,e2bv2_6f189c0a63425c25daf9,v2e2_eabe3c90461f173e872b,qwen_flash,C2,canonical,2,1,74,battery_capacity_derating,easy,autumn,sacramento,6,90,22.5,150.0,250.0,-100.0,100.0,canonical_lower,100.0,True,25585a42d3e84fc078b0e4cb5a0c2b83181d8e3ad3fa926f9a3e526fe5c105ba,5625.0,False,True,True,True,False,False,False,0.0,0.0,True,5846.052631578954,262667.105263158,False,0.0,0.0,True,153.890651,514.78738675,True,6096.052631578954,-6096.052631578954,89,263181.89264990797,False,False,40.162656010062676,False,0.0,0.0,True,5846.052631578954,262667.105263158,False,0.0,0.0,True,153.890651,514.78738675,True,6096.052631578954,-6096.052631578954,89,263181.89264990797,False,False,40.162656010062676,qwen3.6-flash-2026-04-16,,c06f1cde20b0c6b2d41b3ea3ca1234068f7c4552790f0e53564e717c9f1d4012,53fa19d12bbbbe2044fa29033204d559a9ed63c75e40197c4887d6e25f29561f,1,1.64847,2026-08-13T06:56:14.603176+00:00,2026-08-13T06:56:16.251646+00:00,1786604174.603176,1786604176.251646
F1,e2bv2_6f189c0a63425c25daf9,v2e2_eabe3c90461f173e872b,qwen_flash,S2,stale,2,2,74,battery_capacity_derating,easy,autumn,sacramento,6,90,22.5,150.0,250.0,-100.0,100.0,canonical_lower,100.0,True,25585a42d3e84fc078b0e4cb5a0c2b83181d8e3ad3fa926f9a3e526fe5c105ba,5625.0,False,True,True,True,False,False,False,0.0,0.0,True,5746.052631578953,253810.52631578955,False,0.0,0.0,True,153.890651,514.78738675,True,5996.052631578953,-5996.052631578953,88,254325.31370253957,False,False,40.162656010062676,False,0.0,0.0,True,5846.052631578954,262667.105263158,False,0.0,0.0,True,153.890651,514.78738675,True,6096.052631578954,-6096.052631578954,89,263181.89264990797,False,False,40.162656010062676,qwen3.6-flash-2026-04-16,,e248035d85ff3cb010e3324ec72991c13ca52b17836cd0d7c132796e47381273,42f288265de78e6821e21412958b141a9522b6e9f63b10761a01551b8ac79e08,1,0.944511,2026-08-13T06:56:16.278038+00:00,2026-08-13T06:56:17.222549+00:00,1786604176.278038,1786604177.222549
F1,e2bv2_6f189c0a63425c25daf9,v2e2_eabe3c90461f173e872b,qwen_flash,C1,canonical,1,3,74,battery_capacity_derating,easy,autumn,sacramento,6,90,22.5,150.0,250.0,-100.0,100.0,canonical_lower,100.0,True,25585a42d3e84fc078b0e4cb5a0c2b83181d8e3ad3fa926f9a3e526fe5c105ba,5625.0,False,True,True,True,False,False,False,0.0,0.0,True,5846.052631578954,262667.105263158,False,0.0,0.0,True,153.890651,514.78738675,True,6096.052631578954,-6096.052631578954,89,263181.89264990797,False,False,40.162656010062676,False,0.0,0.0,True,5846.052631578954,262667.105263158,False,0.0,0.0,True,153.890651,514.78738675,True,6096.052631578954,-6096.052631578954,89,263181.89264990797,False,False,40.162656010062676,qwen3.6-flash-2026-04-16,,c06f1cde20b0c6b2d41b3ea3ca1234068f7c4552790f0e53564e717c9f1d4012,53fa19d12bbbbe2044fa29033204d559a9ed63c75e40197c4887d6e25f29561f,1,0.956677,2026-08-13T06:56:17.250731+00:00,2026-08-13T06:56:18.207408+00:00,1786604177.250731,1786604178.207408
F1,e2bv2_6f189c0a63425c25daf9,v2e2_eabe3c90461f173e872b,qwen_flash,S1,stale,1,4,74,battery_capacity_derating,easy,autumn,sacramento,6,90,22.5,150.0,250.0,-100.0,100.0,canonical_lower,100.0,True,25585a42d3e84fc078b0e4cb5a0c2b83181d8e3ad3fa926f9a3e526fe5c105ba,5625.0,False,True,True,True,False,False,False,0.0,0.0,True,5746.052631578953,253810.52631578955,False,0.0,0.0,True,153.890651,514.78738675,True,5996.052631578953,-5996.052631578953,88,254325.31370253957,False,False,40.162656010062676,False,0.0,0.0,True,5846.052631578954,262667.105263158,False,0.0,0.0,True,153.890651,514.78738675,True,6096.052631578954,-6096.052631578954,89,263181.89264990797,False,False,40.162656010062676,qwen3.6-flash-2026-04-16,,e248035d85ff3cb010e3324ec72991c13ca52b17836cd0d7c132796e47381273,42f288265de78e6821e21412958b141a9522b6e9f63b10761a01551b8ac79e08,1,0.981516,2026-08-13T06:56:18.236550+00:00,2026-08-13T06:56:19.218066+00:00,1786604178.23655,1786604179.218066
F1,e2bv2_706f6543b8c72f6485d0,v2e2_d6701d548a93409fed9a,qwen_flash,C1,canonical,1,1,69,forecast_revision,hard,summer,los_angeles,4,92,23.0,200.0,250.0,-50.0,50.0,canonical_lower,50.0,True,01835ca016b6607eda94cb8ff102b2cad69b4a1cb53b69f7d0ebcbc5963fd2b6,3450.0,False,True,True,True,False,False,False,0.0,0.0,True,3506.578947368417,157506.5789473683,False,0.0,0.0,False,0.0,0.0,True,3756.578947368417,-3756.578947368417,89,157506.5789473683,False,False,260.6367507917086,False,0.0,0.0,True,3506.578947368417,157506.5789473683,False,0.0,0.0,False,0.0,0.0,True,3756.578947368417,-3756.578947368417,89,157506.5789473683,False,False,260.6367507917086,qwen3.6-flash-2026-04-16,,8c5a976251f17dbaef34b34ea83286cffaacc2e56d50209c74c5b6c181a8d3cf,984283c453d985e2430ba4586e3039a3c68a1ba921721f70e5bc0b8c7f65f289,1,1.344463,2026-08-13T06:56:09.377410+00:00,2026-08-13T06:56:10.721873+00:00,1786604169.37741,1786604170.721873
F1,e2bv2_706f6543b8c72f6485d0,v2e2_d6701d548a93409fed9a,qwen_flash,S1,stale,1,2,69,forecast_revision,hard,summer,los_angeles,4,92,23.0,200.0,250.0,-50.0,50.0,canonical_lower,50.0,True,01835ca016b6607eda94cb8ff102b2cad69b4a1cb53b69f7d0ebcbc5963fd2b6,3450.0,False,True,True,True,False,False,False,0.0,0.0,True,3456.578947368417,153073.6842105262,False,0.0,0.0,False,0.0,0.0,True,3706.578947368417,-3706.578947368417,88,153073.68421052623,False,False,260.6367507917086,False,0.0,0.0,True,3506.578947368417,157506.5789473683,False,0.0,0.0,False,0.0,0.0,True,3756.578947368417,-3756.578947368417,89,157506.5789473683,False,False,260.6367507917086,qwen3.6-flash-2026-04-16,,d3a017570c7cacfcbc23cd3e87b678cae650b9f87eb3d4d1ad04a16a6fb97684,a26b1b8c876b83aa0de4e38f0a12a61ead2316036d4095133c86243ffe611cd9,1,1.336568,2026-08-13T06:56:10.753614+00:00,2026-08-13T06:56:12.090182+00:00,1786604170.753614,1786604172.090182
F1,e2bv2_706f6543b8c72f6485d0,v2e2_d6701d548a93409fed9a,qwen_flash,C2,canonical,2,3,69,forecast_revision,hard,summer,los_angeles,4,92,23.0,200.0,250.0,-50.0,50.0,canonical_lower,50.0,True,01835ca016b6607eda94cb8ff102b2cad69b4a1cb53b69f7d0ebcbc5963fd2b6,3450.0,False,True,True,True,False,False,False,0.0,0.0,True,3506.578947368417,157506.5789473683,False,0.0,0.0,False,0.0,0.0,True,3756.578947368417,-3756.578947368417,89,157506.5789473683,False,False,260.6367507917086,False,0.0,0.0,True,3506.578947368417,157506.5789473683,False,0.0,0.0,False,0.0,0.0,True,3756.578947368417,-3756.578947368417,89,157506.5789473683,False,False,260.6367507917086,qwen3.6-flash-2026-04-16,,8c5a976251f17dbaef34b34ea83286cffaacc2e56d50209c74c5b6c181a8d3cf,984283c453d985e2430ba4586e3039a3c68a1ba921721f70e5bc0b8c7f65f289,1,1.15403,2026-08-13T06:56:12.117346+00:00,2026-08-13T06:56:13.271376+00:00,1786604172.117346,1786604173.271376
F1,e2bv2_706f6543b8c72f6485d0,v2e2_d6701d548a93409fed9a,qwen_flash,S2,stale,2,4,69,forecast_revision,hard,summer,los_angeles,4,92,23.0,200.0,250.0,-50.0,50.0,canonical_lower,50.0,True,01835ca016b6607eda94cb8ff102b2cad69b4a1cb53b69f7d0ebcbc5963fd2b6,3450.0,False,True,True,True,False,False,False,0.0,0.0,True,3456.578947368417,153073.6842105262,False,0.0,0.0,False,0.0,0.0,True,3706.578947368417,-3706.578947368417,88,153073.68421052623,False,False,260.6367507917086,False,0.0,0.0,True,3506.578947368417,157506.5789473683,False,0.0,0.0,False,0.0,0.0,True,3756.578947368417,-3756.578947368417,89,157506.5789473683,False,False,260.6367507917086,qwen3.6-flash-2026-04-16,,d3a017570c7cacfcbc23cd3e87b678cae650b9f87eb3d4d1ad04a16a6fb97684,a26b1b8c876b83aa0de4e38f0a12a61ead2316036d4095133c86243ffe611cd9,1,0.542393,2026-08-13T06:56:13.305349+00:00,2026-08-13T06:56:13.847742+00:00,1786604173.305349,1786604173.847742
F1,e2bv2_70e92887d1d87307d2b7,v2e2_d6ba00286f170447ebbf,deepseek_formal,S1,stale,1,1,83,forecast_revision,hard,summer,sacramento,4,92,23.0,175.0,250.0,-75.0,75.0,canonical_lower,75.0,True,d55b6a16f620dbabf4a34d97484bd9f0f538d06e0d296cc433a21c3aeaf1a9d4,5750.0,False,True,True,True,False,False,False,0.0,0.0,True,5877.631578947375,265500.0000000001,False,0.0,0.0,False,0.0,0.0,True,6127.631578947375,-6127.631578947375,90,265500.00000000006,False,False,166.3826719094992,False,0.0,0.0,True,5952.631578947376,272281.5789473685,False,0.0,0.0,False,0.0,0.0,True,6202.631578947376,-6202.631578947376,91,272281.5789473685,False,False,166.3826719094992,deepseek-v4-flash,fp_a18b46594c_prod0820_fp8_kvcache_20260402,e1755f93d3d34a9ec2d180a155927a5d6f9786019f41c11f67b7f5aee392ec8b,9d82aa4ceaf65fcbe255b3b3cee0d8bb08f99fddfd52d6d18d1fc704c9d3dd0d,1,3.736484,2026-08-13T06:56:27.529928+00:00,2026-08-13T06:56:31.266412+00:00,1786604187.529928,1786604191.266412
F1,e2bv2_70e92887d1d87307d2b7,v2e2_d6ba00286f170447ebbf,deepseek_formal,C2,canonical,2,2,83,forecast_revision,hard,summer,sacramento,4,92,23.0,175.0,250.0,-75.0,75.0,canonical_lower,75.0,True,a0b184c9d1ce96d54e2c4f32c58ff1040f455f4d9188111ac37e1234518d695e,5750.0,False,True,True,True,False,False,False,0.0,0.0,False,0.0,0.0,True,5137.5,224840.625,False,0.0,0.0,True,5312.5,5312.5,87,224840.625,False,False,723.720726909499,False,0.0,0.0,False,0.0,0.0,True,5137.5,224840.625,False,0.0,0.0,True,5312.5,5312.5,87,224840.625,False,False,723.720726909499,deepseek-v4-flash,fp_a18b46594c_prod0820_fp8_kvcache_20260402,d898fd153fd7c46e1d77314b30a66ec47848b7869ef2c9d7c2d8eb265921983d,3a8eac6a84e51f6cf399815efacc3e2b96524f26b34e3436ee0ba0773050150c,1,3.015683,2026-08-13T06:56:31.291520+00:00,2026-08-13T06:56:34.307203+00:00,1786604191.29152,1786604194.307203
F1,e2bv2_70e92887d1d87307d2b7,v2e2_d6ba00286f170447ebbf,deepseek_formal,S2,stale,2,3,83,forecast_revision,hard,summer,sacramento,4,92,23.0,175.0,250.0,-75.0,75.0,canonical_lower,75.0,True,d55b6a16f620dbabf4a34d97484bd9f0f538d06e0d296cc433a21c3aeaf1a9d4,5750.0,False,True,True,True,False,False,False,0.0,0.0,True,5877.631578947375,265500.0000000001,False,0.0,0.0,False,0.0,0.0,True,6127.631578947375,-6127.631578947375,90,265500.00000000006,False,False,166.3826719094992,False,0.0,0.0,True,5952.631578947376,272281.5789473685,False,0.0,0.0,False,0.0,0.0,True,6202.631578947376,-6202.631578947376,91,272281.5789473685,False,False,166.3826719094992,deepseek-v4-flash,fp_a18b46594c_prod0820_fp8_kvcache_20260402,e1755f93d3d34a9ec2d180a155927a5d6f9786019f41c11f67b7f5aee392ec8b,9d82aa4ceaf65fcbe255b3b3cee0d8bb08f99fddfd52d6d18d1fc704c9d3dd0d,1,3.244156,2026-08-13T06:56:34.334334+00:00,2026-08-13T06:56:37.578490+00:00,1786604194.334334,1786604197.57849
F1,e2bv2_70e92887d1d87307d2b7,v2e2_d6ba00286f170447ebbf,deepseek_formal,C1,canonical,1,4,83,forecast_revision,hard,summer,sacramento,4,92,23.0,175.0,250.0,-75.0,75.0,canonical_lower,75.0,True,a0b184c9d1ce96d54e2c4f32c58ff1040f455f4d9188111ac37e1234518d695e,5750.0,False,True,True,True,False,False,False,0.0,0.0,False,0.0,0.0,True,5137.5,224840.625,False,0.0,0.0,True,5312.5,5312.5,87,224840.625,False,False,723.720726909499,False,0.0,0.0,False,0.0,0.0,True,5137.5,224840.625,False,0.0,0.0,True,5312.5,5312.5,87,224840.625,False,False,723.720726909499,deepseek-v4-flash,fp_a18b46594c_prod0820_fp8_kvcache_20260402,d898fd153fd7c46e1d77314b30a66ec47848b7869ef2c9d7c2d8eb265921983d,3a8eac6a84e51f6cf399815efacc3e2b96524f26b34e3436ee0ba0773050150c,1,2.884672,2026-08-13T06:56:37.605031+00:00,2026-08-13T06:56:40.489703+00:00,1786604197.605031,1786604200.489703
F1,e2bv2_72aa2e644478ad3fe46c,v2e2_c577765fa5c45c1fea7a,deepseek_formal,S2,stale,2,1,118,battery_capacity_derating,medium,autumn,san_diego,8,88,22.0,200.0,250.0,-50.0,50.0,canonical_lower,50.0,True,2dd23156fbb26642d6f2194611e536f77213eb212f6a23654f9d5319a82ac556,0.0,True,False,False,False,False,False,False,0.0,0.0,False,0.0,0.0,False,0.0,0.0,False,0.0,0.0,True,75.0,-75.0,0,0.0,True,False,303.05936711776627,False,0.0,0.0,False,0.0,0.0,False,0.0,0.0,False,0.0,0.0,True,125.0,-125.0,0,0.0,True,False,303.05936711776627,deepseek-v4-flash,fp_a18b46594c_prod0820_fp8_kvcache_20260402,a491dbf4b6260efea02b9f064cd08f76454a227ab11b65a6d51ffdcbb637308f,75ba5a2a9ad40496962ae4cea0d321350141e296b005024160155f7895ddc5ec,1,1.952508,2026-08-13T06:57:14.203265+00:00,2026-08-13T06:57:16.155773+00:00,1786604234.203265,1786604236.155773
F1,e2bv2_72aa2e644478ad3fe46c,v2e2_c577765fa5c45c1fea7a,deepseek_formal,C1,canonical,1,2,118,battery_capacity_derating,medium,autumn,san_diego,8,88,22.0,200.0,250.0,-50.0,50.0,canonical_lower,50.0,True,2dd23156fbb26642d6f2194611e536f77213eb212f6a23654f9d5319a82ac556,0.0,True,False,False,False,False,False,False,0.0,0.0,False,0.0,0.0,False,0.0,0.0,False,0.0,0.0,True,125.0,-125.0,0,0.0,True,False,303.05936711776627,False,0.0,0.0,False,0.0,0.0,False,0.0,0.0,False,0.0,0.0,True,125.0,-125.0,0,0.0,True,False,303.05936711776627,deepseek-v4-flash,fp_a18b46594c_prod0820_fp8_kvcache_20260402,c157cbcdccf7e1107701fb2fce197733d96cbd17c304c8362a1848eedbed0f31,d1635a2d418686e726162eef8616c8d10faaabde1cf98ab5d2435cfe92ef4f4c,1,1.719741,2026-08-13T06:57:16.181951+00:00,2026-08-13T06:57:17.901692+00:00,1786604236.181951,1786604237.901692
F1,e2bv2_72aa2e644478ad3fe46c,v2e2_c577765fa5c45c1fea7a,deepseek_formal,S1,stale,1,3,118,battery_capacity_derating,medium,autumn,san_diego,8,88,22.0,200.0,250.0,-50.0,50.0,canonical_lower,50.0,True,2dd23156fbb26642d6f2194611e536f77213eb212f6a23654f9d5319a82ac556,0.0,True,False,False,False,False,False,False,0.0,0.0,False,0.0,0.0,False,0.0,0.0,False,0.0,0.0,True,75.0,-75.0,0,0.0,True,False,303.05936711776627,False,0.0,0.0,False,0.0,0.0,False,0.0,0.0,False,0.0,0.0,True,125.0,-125.0,0,0.0,True,False,303.05936711776627,deepseek-v4-flash,fp_a18b46594c_prod0820_fp8_kvcache_20260402,a491dbf4b6260efea02b9f064cd08f76454a227ab11b65a6d51ffdcbb637308f,75ba5a2a9ad40496962ae4cea0d321350141e296b005024160155f7895ddc5ec,1,1.210213,2026-08-13T06:57:17.928775+00:00,2026-08-13T06:57:19.138988+00:00,1786604237.928775,1786604239.138988
F1,e2bv2_72aa2e644478ad3fe46c,v2e2_c577765fa5c45c1fea7a,deepseek_formal,C2,canonical,2,4,118,battery_capacity_derating,medium,autumn,san_diego,8,88,22.0,200.0,250.0,-50.0,50.0,canonical_lower,50.0,True,2dd23156fbb26642d6f2194611e536f77213eb212f6a23654f9d5319a82ac556,0.0,True,False,False,False,False,False,False,0.0,0.0,False,0.0,0.0,False,0.0,0.0,False,0.0,0.0,True,125.0,-125.0,0,0.0,True,False,303.05936711776627,False,0.0,0.0,False,0.0,0.0,False,0.0,0.0,False,0.0,0.0,True,125.0,-125.0,0,0.0,True,False,303.05936711776627,deepseek-v4-flash,fp_a18b46594c_prod0820_fp8_kvcache_20260402,c157cbcdccf7e1107701fb2fce197733d96cbd17c304c8362a1848eedbed0f31,d1635a2d418686e726162eef8616c8d10faaabde1cf98ab5d2435cfe92ef4f4c,1,1.595757,2026-08-13T06:57:19.166797+00:00,2026-08-13T06:57:20.762554+00:00,1786604239.166797,1786604240.762554
F1,e2bv2_7840ed7e07a5f5efde94,v2e2_4bc783ae8ece976241af,deepseek_formal,C2,canonical,2,1,65,reserve_commitment_update,easy,spring,los_angeles,8,88,22.0,350.0,250.0,100.0,100.0,canonical_higher,100.0,True,2dd23156fbb26642d6f2194611e536f77213eb212f6a23654f9d5319a82ac556,0.0,True,False,False,False,False,False,False,0.0,0.0,False,0.0,0.0,False,0.0,0.0,False,0.0,0.0,True,25.0,25.0,0,0.0,True,False,271.17536871369083,False,0.0,0.0,False,0.0,0.0,False,0.0,0.0,False,0.0,0.0,True,25.0,25.0,0,0.0,True,False,271.17536871369083,deepseek-v4-flash,fp_a18b46594c_prod0820_fp8_kvcache_20260402,e839016877d3dc9fdc85a7bebdec4b58788de52fa8cf861867339191ff0baa04,841a87639c6fb8fc38931a37fee6240e52019005135e243ed058c991b08d6c75,1,1.688218,2026-08-13T06:56:04.114224+00:00,2026-08-13T06:56:05.802442+00:00,1786604164.114224,1786604165.802442
F1,e2bv2_7840ed7e07a5f5efde94,v2e2_4bc783ae8ece976241af,deepseek_formal,S2,stale,2,2,65,reserve_commitment_update,easy,spring,los_angeles,8,88,22.0,350.0,250.0,100.0,100.0,canonical_higher,100.0,True,2dd23156fbb26642d6f2194611e536f77213eb212f6a23654f9d5319a82ac556,0.0,True,False,False,False,False,False,False,0.0,0.0,False,0.0,0.0,False,0.0,0.0,False,0.0,0.0,True,75.0,-75.0,0,0.0,True,False,271.17536871369083,False,0.0,0.0,False,0.0,0.0,False,0.0,0.0,False,0.0,0.0,True,25.0,25.0,0,0.0,True,False,271.17536871369083,deepseek-v4-flash,fp_a18b46594c_prod0820_fp8_kvcache_20260402,5745cec2040307c6534e815732bec3db31018ee5c9dc909c8be240705ad248f7,3925a5ad2c115830c55509ff03c85603cdf108e003efd07c81ddaad2685f1f24,1,1.111156,2026-08-13T06:56:05.839692+00:00,2026-08-13T06:56:06.950848+00:00,1786604165.839692,1786604166.950848
F1,e2bv2_7840ed7e07a5f5efde94,v2e2_4bc783ae8ece976241af,deepseek_formal,C1,canonical,1,3,65,reserve_commitment_update,easy,spring,los_angeles,8,88,22.0,350.0,250.0,100.0,100.0,canonical_higher,100.0,True,2dd23156fbb26642d6f2194611e536f77213eb212f6a23654f9d5319a82ac556,0.0,True,False,False,False,False,False,False,0.0,0.0,False,0.0,0.0,False,0.0,0.0,False,0.0,0.0,True,25.0,25.0,0,0.0,True,False,271.17536871369083,False,0.0,0.0,False,0.0,0.0,False,0.0,0.0,False,0.0,0.0,True,25.0,25.0,0,0.0,True,False,271.17536871369083,deepseek-v4-flash,fp_a18b46594c_prod0820_fp8_kvcache_20260402,e839016877d3dc9fdc85a7bebdec4b58788de52fa8cf861867339191ff0baa04,841a87639c6fb8fc38931a37fee6240e52019005135e243ed058c991b08d6c75,1,2.367261,2026-08-13T06:56:07.011239+00:00,2026-08-13T06:56:09.378500+00:00,1786604167.011239,1786604169.3785
F1,e2bv2_7840ed7e07a5f5efde94,v2e2_4bc783ae8ece976241af,deepseek_formal,S1,stale,1,4,65,reserve_commitment_update,easy,spring,los_angeles,8,88,22.0,350.0,250.0,100.0,100.0,canonical_higher,100.0,True,2dd23156fbb26642d6f2194611e536f77213eb212f6a23654f9d5319a82ac556,0.0,True,False,False,False,False,False,False,0.0,0.0,False,0.0,0.0,False,0.0,0.0,False,0.0,0.0,True,75.0,-75.0,0,0.0,True,False,271.17536871369083,False,0.0,0.0,False,0.0,0.0,False,0.0,0.0,False,0.0,0.0,True,25.0,25.0,0,0.0,True,False,271.17536871369083,deepseek-v4-flash,fp_a18b46594c_prod0820_fp8_kvcache_20260402,5745cec2040307c6534e815732bec3db31018ee5c9dc909c8be240705ad248f7,3925a5ad2c115830c55509ff03c85603cdf108e003efd07c81ddaad2685f1f24,1,1.349194,2026-08-13T06:56:09.405896+00:00,2026-08-13T06:56:10.755090+00:00,1786604169.405896,1786604170.75509
F1,e2bv2_7963de2a76bbaaef9416,v2e2_a66e250328b3cef2064f,deepseek_formal,S1,stale,1,1,97,reserve_commitment_update,medium,spring,fresno,5,91,22.75,350.0,250.0,100.0,100.0,canonical_higher,100.0,True,e6ff459ebc86a128b3e37b46d41efd52eedbe5c955acf3d20dfbf99a33fb2557,0.0,True,False,False,False,False,False,False,0.0,0.0,False,0.0,0.0,False,0.0,0.0,False,0.0,0.0,True,75.0,-75.0,0,0.0,True,False,189.99480104092805,False,0.0,0.0,False,0.0,0.0,False,0.0,0.0,False,0.0,0.0,True,25.0,25.0,0,0.0,True,False,189.99480104092805,deepseek-v4-flash,fp_a18b46594c_prod0820_fp8_kvcache_20260402,80182aa6543ca86fc4318def5aa30f47e1702443e7038dd2c03856a4b90c2a71,027a682f1dc94a324f2ec5da05b1e6c526201ed78335071c761b9de7f21f611e,1,2.214377,2026-08-13T06:56:45.843189+00:00,2026-08-13T06:56:48.057566+00:00,1786604205.843189,1786604208.057566
F1,e2bv2_7963de2a76bbaaef9416,v2e2_a66e250328b3cef2064f,deepseek_formal,C2,canonical,2,2,97,reserve_commitment_update,medium,spring,fresno,5,91,22.75,350.0,250.0,100.0,100.0,canonical_higher,100.0,True,e6ff459ebc86a128b3e37b46d41efd52eedbe5c955acf3d20dfbf99a33fb2557,0.0,True,False,False,False,False,False,False,0.0,0.0,False,0.0,0.0,False,0.0,0.0,False,0.0,0.0,True,25.0,25.0,0,0.0,True,False,189.99480104092805,False,0.0,0.0,False,0.0,0.0,False,0.0,0.0,False,0.0,0.0,True,25.0,25.0,0,0.0,True,False,189.99480104092805,deepseek-v4-flash,fp_a18b46594c_prod0820_fp8_kvcache_20260402,104b08ce18c6edf31605c22ebdc6f48efc24ee0ebd57df279aeaa9d17ec94d07,aaffa68cce4836b62e221a9235138531193c7ba47a6abef8d8d0ac1f35e11306,1,1.509563,2026-08-13T06:56:48.085152+00:00,2026-08-13T06:56:49.594715+00:00,1786604208.085152,1786604209.594715
F1,e2bv2_7963de2a76bbaaef9416,v2e2_a66e250328b3cef2064f,deepseek_formal,S2,stale,2,3,97,reserve_commitment_update,medium,spring,fresno,5,91,22.75,350.0,250.0,100.0,100.0,canonical_higher,100.0,True,e6ff459ebc86a128b3e37b46d41efd52eedbe5c955acf3d20dfbf99a33fb2557,0.0,True,False,False,False,False,False,False,0.0,0.0,False,0.0,0.0,False,0.0,0.0,False,0.0,0.0,True,75.0,-75.0,0,0.0,True,False,189.99480104092805,False,0.0,0.0,False,0.0,0.0,False,0.0,0.0,False,0.0,0.0,True,25.0,25.0,0,0.0,True,False,189.99480104092805,deepseek-v4-flash,fp_a18b46594c_prod0820_fp8_kvcache_20260402,80182aa6543ca86fc4318def5aa30f47e1702443e7038dd2c03856a4b90c2a71,027a682f1dc94a324f2ec5da05b1e6c526201ed78335071c761b9de7f21f611e,1,1.714144,2026-08-13T06:56:49.622681+00:00,2026-08-13T06:56:51.336825+00:00,1786604209.622681,1786604211.336825
F1,e2bv2_7963de2a76bbaaef9416,v2e2_a66e250328b3cef2064f,deepseek_formal,C1,canonical,1,4,97,reserve_commitment_update,medium,spring,fresno,5,91,22.75,350.0,250.0,100.0,100.0,canonical_higher,100.0,True,e6ff459ebc86a128b3e37b46d41efd52eedbe5c955acf3d20dfbf99a33fb2557,0.0,True,False,False,False,False,False,False,0.0,0.0,False,0.0,0.0,False,0.0,0.0,False,0.0,0.0,True,25.0,25.0,0,0.0,True,False,189.99480104092805,False,0.0,0.0,False,0.0,0.0,False,0.0,0.0,False,0.0,0.0,True,25.0,25.0,0,0.0,True,False,189.99480104092805,deepseek-v4-flash,fp_a18b46594c_prod0820_fp8_kvcache_20260402,104b08ce18c6edf31605c22ebdc6f48efc24ee0ebd57df279aeaa9d17ec94d07,aaffa68cce4836b62e221a9235138531193c7ba47a6abef8d8d0ac1f35e11306,1,1.452273,2026-08-13T06:56:51.362780+00:00,2026-08-13T06:56:52.815053+00:00,1786604211.36278,1786604212.815053
F1,e2bv2_7c9796613960a15b9922,v2e2_729fd4e9cb1879f64d23,deepseek_formal,C2,canonical,2,1,90,forecast_revision,hard,winter,los_angeles,14,82,20.5,200.0,250.0,-50.0,50.0,canonical_lower,50.0,True,e06e79cdfedfc6d6107b945613e65b2de3a209e40115b9b00ab048d2b91cd7d5,0.0,True,False,False,False,False,False,False,0.0,0.0,False,0.0,0.0,False,0.0,0.0,False,0.0,0.0,True,125.0,-125.0,0,0.0,True,False,500.31195849234024,False,0.0,0.0,False,0.0,0.0,False,0.0,0.0,False,0.0,0.0,True,125.0,-125.0,0,0.0,True,False,500.31195849234024,deepseek-v4-flash,fp_a18b46594c_prod0820_fp8_kvcache_20260402,5b155f3cf64a3d30f6aa507734ae998211cdb0fd7b9983e4fe082ab2e2f95200,94aa5ca5f2305626667e5a1cd6efbef4fd61f227ef739bc98eced36bd6e644ee,1,2.181419,2026-08-13T06:56:35.142649+00:00,2026-08-13T06:56:37.324068+00:00,1786604195.142649,1786604197.324068
F1,e2bv2_7c9796613960a15b9922,v2e2_729fd4e9cb1879f64d23,deepseek_formal,S2,stale,2,2,90,forecast_revision,hard,winter,los_angeles,14,82,20.5,200.0,250.0,-50.0,50.0,canonical_lower,50.0,True,e06e79cdfedfc6d6107b945613e65b2de3a209e40115b9b00ab048d2b91cd7d5,0.0,True,False,False,False,False,False,False,0.0,0.0,False,0.0,0.0,False,0.0,0.0,False,0.0,0.0,True,75.0,-75.0,0,0.0,True,False,500.31195849234024,False,0.0,0.0,False,0.0,0.0,False,0.0,0.0,False,0.0,0.0,True,125.0,-125.0,0,0.0,True,False,500.31195849234024,deepseek-v4-flash,fp_a18b46594c_prod0820_fp8_kvcache_20260402,20de127dd508f14858a62fea44bb8b009ac79d384c38e14d748b8ee66a40b6af,b1262b937daa17704e730cc5329749d9cd669ab48cb6a1bbc30afb9a81d8fac6,1,1.351542,2026-08-13T06:56:37.350013+00:00,2026-08-13T06:56:38.701555+00:00,1786604197.350013,1786604198.701555
F1,e2bv2_7c9796613960a15b9922,v2e2_729fd4e9cb1879f64d23,deepseek_formal,C1,canonical,1,3,90,forecast_revision,hard,winter,los_angeles,14,82,20.5,200.0,250.0,-50.0,50.0,canonical_lower,50.0,True,e06e79cdfedfc6d6107b945613e65b2de3a209e40115b9b00ab048d2b91cd7d5,0.0,True,False,False,False,False,False,False,0.0,0.0,False,0.0,0.0,False,0.0,0.0,False,0.0,0.0,True,125.0,-125.0,0,0.0,True,False,500.31195849234024,False,0.0,0.0,False,0.0,0.0,False,0.0,0.0,False,0.0,0.0,True,125.0,-125.0,0,0.0,True,False,500.31195849234024,deepseek-v4-flash,fp_a18b46594c_prod0820_fp8_kvcache_20260402,5b155f3cf64a3d30f6aa507734ae998211cdb0fd7b9983e4fe082ab2e2f95200,94aa5ca5f2305626667e5a1cd6efbef4fd61f227ef739bc98eced36bd6e644ee,1,1.483408,2026-08-13T06:56:38.727999+00:00,2026-08-13T06:56:40.211407+00:00,1786604198.727999,1786604200.211407
F1,e2bv2_7c9796613960a15b9922,v2e2_729fd4e9cb1879f64d23,deepseek_formal,S1,stale,1,4,90,forecast_revision,hard,winter,los_angeles,14,82,20.5,200.0,250.0,-50.0,50.0,canonical_lower,50.0,True,e06e79cdfedfc6d6107b945613e65b2de3a209e40115b9b00ab048d2b91cd7d5,0.0,True,False,False,False,False,False,False,0.0,0.0,False,0.0,0.0,False,0.0,0.0,False,0.0,0.0,True,75.0,-75.0,0,0.0,True,False,500.31195849234024,False,0.0,0.0,False,0.0,0.0,False,0.0,0.0,False,0.0,0.0,True,125.0,-125.0,0,0.0,True,False,500.31195849234024,deepseek-v4-flash,fp_a18b46594c_prod0820_fp8_kvcache_20260402,20de127dd508f14858a62fea44bb8b009ac79d384c38e14d748b8ee66a40b6af,b1262b937daa17704e730cc5329749d9cd669ab48cb6a1bbc30afb9a81d8fac6,1,1.138178,2026-08-13T06:56:40.236693+00:00,2026-08-13T06:56:41.374871+00:00,1786604200.236693,1786604201.374871
F1,e2bv2_7fe27f5daf58c1b88056,v2e2_d2a42e359dd264f920da,deepseek_formal,S2,stale,2,1,77,power_limit_derating,medium,autumn,san_diego,5,91,22.75,175.0,250.0,-75.0,75.0,canonical_lower,75.0,True,e6ff459ebc86a128b3e37b46d41efd52eedbe5c955acf3d20dfbf99a33fb2557,0.0,True,False,False,False,False,False,False,0.0,0.0,False,0.0,0.0,False,0.0,0.0,False,0.0,0.0,True,75.0,-75.0,0,0.0,True,False,463.25377428836566,False,0.0,0.0,False,0.0,0.0,False,0.0,0.0,False,0.0,0.0,True,150.0,-150.0,0,0.0,True,False,463.25377428836566,deepseek-v4-flash,fp_a18b46594c_prod0820_fp8_kvcache_20260402,77619296b09a8aa0f13bf8b9fe8fec279b37c7a155dc3891b5d4e2c651ff35d3,2d7a3de58adbaa5d4ac58f7f5436d6bfdf0341a499b3664d20fda7c52ae31ee5,1,0.889219,2026-08-13T06:56:17.835209+00:00,2026-08-13T06:56:18.724428+00:00,1786604177.835209,1786604178.724428
F1,e2bv2_7fe27f5daf58c1b88056,v2e2_d2a42e359dd264f920da,deepseek_formal,C1,canonical,1,2,77,power_limit_derating,medium,autumn,san_diego,5,91,22.75,175.0,250.0,-75.0,75.0,canonical_lower,75.0,True,e6ff459ebc86a128b3e37b46d41efd52eedbe5c955acf3d20dfbf99a33fb2557,0.0,True,False,False,False,False,False,False,0.0,0.0,False,0.0,0.0,False,0.0,0.0,False,0.0,0.0,True,150.0,-150.0,0,0.0,True,False,463.25377428836566,False,0.0,0.0,False,0.0,0.0,False,0.0,0.0,False,0.0,0.0,True,150.0,-150.0,0,0.0,True,False,463.25377428836566,deepseek-v4-flash,fp_a18b46594c_prod0820_fp8_kvcache_20260402,3961b2a11f27c27c76f0efec9c13f3f4990109e87584e91b4a0d1574a9496a89,673d2887ade28ec7b4a808145c4433d1add7527821243eced13f9c332e41aa5f,1,2.414804,2026-08-13T06:56:18.756132+00:00,2026-08-13T06:56:21.170936+00:00,1786604178.756132,1786604181.170936
F1,e2bv2_7fe27f5daf58c1b88056,v2e2_d2a42e359dd264f920da,deepseek_formal,S1,stale,1,3,77,power_limit_derating,medium,autumn,san_diego,5,91,22.75,175.0,250.0,-75.0,75.0,canonical_lower,75.0,True,e6ff459ebc86a128b3e37b46d41efd52eedbe5c955acf3d20dfbf99a33fb2557,0.0,True,False,False,False,False,False,False,0.0,0.0,False,0.0,0.0,False,0.0,0.0,False,0.0,0.0,True,75.0,-75.0,0,0.0,True,False,463.25377428836566,False,0.0,0.0,False,0.0,0.0,False,0.0,0.0,False,0.0,0.0,True,150.0,-150.0,0,0.0,True,False,463.25377428836566,deepseek-v4-flash,fp_a18b46594c_prod0820_fp8_kvcache_20260402,77619296b09a8aa0f13bf8b9fe8fec279b37c7a155dc3891b5d4e2c651ff35d3,2d7a3de58adbaa5d4ac58f7f5436d6bfdf0341a499b3664d20fda7c52ae31ee5,1,1.168387,2026-08-13T06:56:21.197481+00:00,2026-08-13T06:56:22.365868+00:00,1786604181.197481,1786604182.365868
F1,e2bv2_7fe27f5daf58c1b88056,v2e2_d2a42e359dd264f920da,deepseek_formal,C2,canonical,2,4,77,power_limit_derating,medium,autumn,san_diego,5,91,22.75,175.0,250.0,-75.0,75.0,canonical_lower,75.0,True,e6ff459ebc86a128b3e37b46d41efd52eedbe5c955acf3d20dfbf99a33fb2557,0.0,True,False,False,False,False,False,False,0.0,0.0,False,0.0,0.0,False,0.0,0.0,False,0.0,0.0,True,150.0,-150.0,0,0.0,True,False,463.25377428836566,False,0.0,0.0,False,0.0,0.0,False,0.0,0.0,False,0.0,0.0,True,150.0,-150.0,0,0.0,True,False,463.25377428836566,deepseek-v4-flash,fp_a18b46594c_prod0820_fp8_kvcache_20260402,3961b2a11f27c27c76f0efec9c13f3f4990109e87584e91b4a0d1574a9496a89,673d2887ade28ec7b4a808145c4433d1add7527821243eced13f9c332e41aa5f,1,2.033713,2026-08-13T06:56:22.392603+00:00,2026-08-13T06:56:24.426316+00:00,1786604182.392603,1786604184.426316
F1,e2bv2_81797772a8e01dbc87ef,v2e2_581afa30a65d6a5d08a5,qwen_flash,S1,stale,1,1,116,export_limit_update,hard,spring,fresno,6,90,22.5,350.0,250.0,100.0,100.0,canonical_higher,100.0,True,25585a42d3e84fc078b0e4cb5a0c2b83181d8e3ad3fa926f9a3e526fe5c105ba,5625.0,False,True,True,True,False,False,False,0.0,0.0,True,5746.052631578953,253810.52631578955,False,0.0,0.0,True,159.937341,224.15412075000003,True,5996.052631578953,-5996.052631578953,88,254034.68043653958,False,False,159.41010271464768,False,0.0,0.0,True,5646.052631578953,245100.00000000006,False,0.0,0.0,True,159.937341,224.15412075000003,True,5896.052631578953,-5896.052631578953,86,245324.15412075008,False,False,159.41010271464768,qwen3.6-flash-2026-04-16,,830ae7789b587003f6c74bd89c8faf736bcecf3e4b6d5cc50a6384e20f6ea5d2,2f402f9c8fc3474f4d94d2f5f1d78704293433f21b5dfa34ddada3d4e181b7fb,1,0.954598,2026-08-13T06:57:10.005202+00:00,2026-08-13T06:57:10.959800+00:00,1786604230.005202,1786604230.9598
F1,e2bv2_81797772a8e01dbc87ef,v2e2_581afa30a65d6a5d08a5,qwen_flash,C2,canonical,2,2,116,export_limit_update,hard,spring,fresno,6,90,22.5,350.0,250.0,100.0,100.0,canonical_higher,100.0,True,25585a42d3e84fc078b0e4cb5a0c2b83181d8e3ad3fa926f9a3e526fe5c105ba,5625.0,False,True,True,True,False,False,False,0.0,0.0,True,5646.052631578953,245100.00000000006,False,0.0,0.0,True,159.937341,224.15412075000003,True,5896.052631578953,-5896.052631578953,86,245324.15412075008,False,False,159.41010271464768,False,0.0,0.0,True,5646.052631578953,245100.00000000006,False,0.0,0.0,True,159.937341,224.15412075000003,True,5896.052631578953,-5896.052631578953,86,245324.15412075008,False,False,159.41010271464768,qwen3.6-flash-2026-04-16,,50ba93e0e89a49909647ae1f5503eaec44486b4c7f4893d8a65a11d9296f3be5,acc9bf3fa1dbfd44d90d850e7a422b445fbdb9d9d97e26e8ad2038fb1a0410ca,1,0.877801,2026-08-13T06:57:10.985440+00:00,2026-08-13T06:57:11.863241+00:00,1786604230.98544,1786604231.863241
F1,e2bv2_81797772a8e01dbc87ef,v2e2_581afa30a65d6a5d08a5,qwen_flash,S2,stale,2,3,116,export_limit_update,hard,spring,fresno,6,90,22.5,350.0,250.0,100.0,100.0,canonical_higher,100.0,True,25585a42d3e84fc078b0e4cb5a0c2b83181d8e3ad3fa926f9a3e526fe5c105ba,5625.0,False,True,True,True,False,False,False,0.0,0.0,True,5746.052631578953,253810.52631578955,False,0.0,0.0,True,159.937341,224.15412075000003,True,5996.052631578953,-5996.052631578953,88,254034.68043653958,False,False,159.41010271464768,False,0.0,0.0,True,5646.052631578953,245100.00000000006,False,0.0,0.0,True,159.937341,224.15412075000003,True,5896.052631578953,-5896.052631578953,86,245324.15412075008,False,False,159.41010271464768,qwen3.6-flash-2026-04-16,,830ae7789b587003f6c74bd89c8faf736bcecf3e4b6d5cc50a6384e20f6ea5d2,2f402f9c8fc3474f4d94d2f5f1d78704293433f21b5dfa34ddada3d4e181b7fb,1,0.873424,2026-08-13T06:57:11.890800+00:00,2026-08-13T06:57:12.764224+00:00,1786604231.8908,1786604232.764224
F1,e2bv2_81797772a8e01dbc87ef,v2e2_581afa30a65d6a5d08a5,qwen_flash,C1,canonical,1,4,116,export_limit_update,hard,spring,fresno,6,90,22.5,350.0,250.0,100.0,100.0,canonical_higher,100.0,True,25585a42d3e84fc078b0e4cb5a0c2b83181d8e3ad3fa926f9a3e526fe5c105ba,5625.0,False,True,True,True,False,False,False,0.0,0.0,True,5646.052631578953,245100.00000000006,False,0.0,0.0,True,159.937341,224.15412075000003,True,5896.052631578953,-5896.052631578953,86,245324.15412075008,False,False,159.41010271464768,False,0.0,0.0,True,5646.052631578953,245100.00000000006,False,0.0,0.0,True,159.937341,224.15412075000003,True,5896.052631578953,-5896.052631578953,86,245324.15412075008,False,False,159.41010271464768,qwen3.6-flash-2026-04-16,,50ba93e0e89a49909647ae1f5503eaec44486b4c7f4893d8a65a11d9296f3be5,acc9bf3fa1dbfd44d90d850e7a422b445fbdb9d9d97e26e8ad2038fb1a0410ca,1,0.651909,2026-08-13T06:57:12.791202+00:00,2026-08-13T06:57:13.443111+00:00,1786604232.791202,1786604233.443111
F1,e2bv2_824b8d60fb00d509e601,v2e2_68ad1227a66cd68252f6,qwen_flash,S1,stale,1,1,89,power_limit_derating,easy,winter,fresno,4,92,23.0,175.0,250.0,-75.0,75.0,canonical_lower,75.0,True,01835ca016b6607eda94cb8ff102b2cad69b4a1cb53b69f7d0ebcbc5963fd2b6,3450.0,False,True,True,True,False,False,False,0.0,0.0,True,3456.578947368417,153073.6842105262,False,0.0,0.0,False,0.0,0.0,True,3706.578947368417,-3706.578947368417,88,153073.68421052623,False,False,267.63518519675796,False,0.0,0.0,True,3531.578947368417,159749.99999999988,False,0.0,0.0,False,0.0,0.0,True,3781.578947368417,-3781.578947368417,90,159749.9999999999,False,False,267.63518519675796,qwen3.6-flash-2026-04-16,,fc2ef5cb76d5039e495857e69fce0a3a68a2e33c01685159931e3b17f20ec521,be53cb187de682e8d32fadf40830e8e6997d637d9497481778b37fd88688e31a,1,1.872587,2026-08-13T06:56:34.791945+00:00,2026-08-13T06:56:36.664532+00:00,1786604194.791945,1786604196.664532
F1,e2bv2_824b8d60fb00d509e601,v2e2_68ad1227a66cd68252f6,qwen_flash,C2,canonical,2,2,89,power_limit_derating,easy,winter,fresno,4,92,23.0,175.0,250.0,-75.0,75.0,canonical_lower,75.0,True,01835ca016b6607eda94cb8ff102b2cad69b4a1cb53b69f7d0ebcbc5963fd2b6,3450.0,False,True,True,True,False,False,False,0.0,0.0,True,3531.578947368417,159749.99999999988,False,0.0,0.0,False,0.0,0.0,True,3781.578947368417,-3781.578947368417,90,159749.9999999999,False,False,267.63518519675796,False,0.0,0.0,True,3531.578947368417,159749.99999999988,False,0.0,0.0,False,0.0,0.0,True,3781.578947368417,-3781.578947368417,90,159749.9999999999,False,False,267.63518519675796,qwen3.6-flash-2026-04-16,,9f968f3fdacab66c82f833f6b0c61705d21a1749859939ecac4900af64d1805a,f6b2e7df32dfdac7da6e7816974c0400ee42425f5a7879e6c45cdfd78af9b618,1,1.145493,2026-08-13T06:56:36.690768+00:00,2026-08-13T06:56:37.836261+00:00,1786604196.690768,1786604197.836261
F1,e2bv2_824b8d60fb00d509e601,v2e2_68ad1227a66cd68252f6,qwen_flash,S2,stale,2,3,89,power_limit_derating,easy,winter,fresno,4,92,23.0,175.0,250.0,-75.0,75.0,canonical_lower,75.0,True,01835ca016b6607eda94cb8ff102b2cad69b4a1cb53b69f7d0ebcbc5963fd2b6,3450.0,False,True,True,True,False,False,False,0.0,0.0,True,3456.578947368417,153073.6842105262,False,0.0,0.0,False,0.0,0.0,True,3706.578947368417,-3706.578947368417,88,153073.68421052623,False,False,267.63518519675796,False,0.0,0.0,True,3531.578947368417,159749.99999999988,False,0.0,0.0,False,0.0,0.0,True,3781.578947368417,-3781.578947368417,90,159749.9999999999,False,False,267.63518519675796,qwen3.6-flash-2026-04-16,,fc2ef5cb76d5039e495857e69fce0a3a68a2e33c01685159931e3b17f20ec521,be53cb187de682e8d32fadf40830e8e6997d637d9497481778b37fd88688e31a,1,1.145796,2026-08-13T06:56:37.864026+00:00,2026-08-13T06:56:39.009822+00:00,1786604197.864026,1786604199.009822
F1,e2bv2_824b8d60fb00d509e601,v2e2_68ad1227a66cd68252f6,qwen_flash,C1,canonical,1,4,89,power_limit_derating,easy,winter,fresno,4,92,23.0,175.0,250.0,-75.0,75.0,canonical_lower,75.0,True,01835ca016b6607eda94cb8ff102b2cad69b4a1cb53b69f7d0ebcbc5963fd2b6,3450.0,False,True,True,True,False,False,False,0.0,0.0,True,3531.578947368417,159749.99999999988,False,0.0,0.0,False,0.0,0.0,True,3781.578947368417,-3781.578947368417,90,159749.9999999999,False,False,267.63518519675796,False,0.0,0.0,True,3531.578947368417,159749.99999999988,False,0.0,0.0,False,0.0,0.0,True,3781.578947368417,-3781.578947368417,90,159749.9999999999,False,False,267.63518519675796,qwen3.6-flash-2026-04-16,,9f968f3fdacab66c82f833f6b0c61705d21a1749859939ecac4900af64d1805a,f6b2e7df32dfdac7da6e7816974c0400ee42425f5a7879e6c45cdfd78af9b618,1,0.790317,2026-08-13T06:56:39.036790+00:00,2026-08-13T06:56:39.827107+00:00,1786604199.03679,1786604199.827107
F1,e2bv2_857ed212cb3ade75decf,v2e2_394e89f7d166924e9409,qwen_flash,S2,stale,2,1,32,export_limit_update,easy,winter,fresno,5,91,22.75,175.0,250.0,-75.0,75.0,canonical_lower,75.0,True,359431def63e4accc9a1d47633a3ddb3ca4424654a7c667dd1cfd15872376319,5687.5,False,True,True,True,False,False,False,0.0,0.0,True,5811.842105263164,259622.36842105273,False,0.0,0.0,True,34.49789300000003,44.14587525000002,True,6061.842105263164,-6061.842105263164,89,259666.51429630272,False,False,270.41216779483653,False,0.0,0.0,True,5886.842105263165,266328.9473684211,False,0.0,0.0,True,34.49789300000003,44.14587525000002,True,6136.842105263165,-6136.842105263165,90,266373.0932436711,False,False,270.41216779483653,qwen3.6-flash-2026-04-16,,41d1680b9f2a8f839e2e73392c9e47e85dab65ddbaa4989009a85f48cbec9faf,e65b32435428dc38e532487ae42b8f84743a958b2f68a6e230fd29266b7df4dd,1,1.074102,2026-08-13T06:55:26.664267+00:00,2026-08-13T06:55:27.738369+00:00,1786604126.664267,1786604127.738369
F1,e2bv2_857ed212cb3ade75decf,v2e2_394e89f7d166924e9409,qwen_flash,C1,canonical,1,2,32,export_limit_update,easy,winter,fresno,5,91,22.75,175.0,250.0,-75.0,75.0,canonical_lower,75.0,True,359431def63e4accc9a1d47633a3ddb3ca4424654a7c667dd1cfd15872376319,5687.5,False,True,True,True,False,False,False,0.0,0.0,True,5886.842105263165,266328.9473684211,False,0.0,0.0,True,34.49789300000003,44.14587525000002,True,6136.842105263165,-6136.842105263165,90,266373.0932436711,False,False,270.41216779483653,False,0.0,0.0,True,5886.842105263165,266328.9473684211,False,0.0,0.0,True,34.49789300000003,44.14587525000002,True,6136.842105263165,-6136.842105263165,90,266373.0932436711,False,False,270.41216779483653,qwen3.6-flash-2026-04-16,,ef01986f3ec80ce6cd6d7f424c0b08bd7fcc6a068332dec4506c9a7bdfc8102b,469153797d324c981aa029c5c2b6249d7b338bb7cb4d568d5df0fd940d2f5c43,1,1.109823,2026-08-13T06:55:27.776636+00:00,2026-08-13T06:55:28.886459+00:00,1786604127.776636,1786604128.886459
F1,e2bv2_857ed212cb3ade75decf,v2e2_394e89f7d166924e9409,qwen_flash,S1,stale,1,3,32,export_limit_update,easy,winter,fresno,5,91,22.75,175.0,250.0,-75.0,75.0,canonical_lower,75.0,True,359431def63e4accc9a1d47633a3ddb3ca4424654a7c667dd1cfd15872376319,5687.5,False,True,True,True,False,False,False,0.0,0.0,True,5811.842105263164,259622.36842105273,False,0.0,0.0,True,34.49789300000003,44.14587525000002,True,6061.842105263164,-6061.842105263164,89,259666.51429630272,False,False,270.41216779483653,False,0.0,0.0,True,5886.842105263165,266328.9473684211,False,0.0,0.0,True,34.49789300000003,44.14587525000002,True,6136.842105263165,-6136.842105263165,90,266373.0932436711,False,False,270.41216779483653,qwen3.6-flash-2026-04-16,,41d1680b9f2a8f839e2e73392c9e47e85dab65ddbaa4989009a85f48cbec9faf,e65b32435428dc38e532487ae42b8f84743a958b2f68a6e230fd29266b7df4dd,1,1.015271,2026-08-13T06:55:28.919694+00:00,2026-08-13T06:55:29.934965+00:00,1786604128.919694,1786604129.934965
F1,e2bv2_857ed212cb3ade75decf,v2e2_394e89f7d166924e9409,qwen_flash,C2,canonical,2,4,32,export_limit_update,easy,winter,fresno,5,91,22.75,175.0,250.0,-75.0,75.0,canonical_lower,75.0,True,359431def63e4accc9a1d47633a3ddb3ca4424654a7c667dd1cfd15872376319,5687.5,False,True,True,True,False,False,False,0.0,0.0,True,5886.842105263165,266328.9473684211,False,0.0,0.0,True,34.49789300000003,44.14587525000002,True,6136.842105263165,-6136.842105263165,90,266373.0932436711,False,False,270.41216779483653,False,0.0,0.0,True,5886.842105263165,266328.9473684211,False,0.0,0.0,True,34.49789300000003,44.14587525000002,True,6136.842105263165,-6136.842105263165,90,266373.0932436711,False,False,270.41216779483653,qwen3.6-flash-2026-04-16,,ef01986f3ec80ce6cd6d7f424c0b08bd7fcc6a068332dec4506c9a7bdfc8102b,469153797d324c981aa029c5c2b6249d7b338bb7cb4d568d5df0fd940d2f5c43,1,1.321466,2026-08-13T06:55:29.969290+00:00,2026-08-13T06:55:31.290756+00:00,1786604129.96929,1786604131.290756
F1,e2bv2_8e5894fd943a5544d909,v2e2_68ad1227a66cd68252f6,deepseek_formal,S1,stale,1,1,23,power_limit_derating,easy,winter,fresno,4,92,23.0,175.0,250.0,-75.0,75.0,canonical_lower,75.0,True,c6c9b8650bdf333e657353246bc6f5b02f61950d8990935e2f0e38a63197c80c,0.0,True,False,False,False,False,False,False,0.0,0.0,False,0.0,0.0,False,0.0,0.0,False,0.0,0.0,True,75.0,-75.0,0,0.0,True,False,478.63538519675745,False,0.0,0.0,False,0.0,0.0,False,0.0,0.0,False,0.0,0.0,True,150.0,-150.0,0,0.0,True,False,478.63538519675745,deepseek-v4-flash,fp_a18b46594c_prod0820_fp8_kvcache_20260402,fc2ef5cb76d5039e495857e69fce0a3a68a2e33c01685159931e3b17f20ec521,20823a98e44ea1cc88824554a1553b9dd68ae5bc4fa4902976d1ab1977544950,1,2.20311,2026-08-13T06:55:13.828736+00:00,2026-08-13T06:55:16.031846+00:00,1786604113.828736,1786604116.031846
F1,e2bv2_8e5894fd943a5544d909,v2e2_68ad1227a66cd68252f6,deepseek_formal,C2,canonical,2,2,23,power_limit_derating,easy,winter,fresno,4,92,23.0,175.0,250.0,-75.0,75.0,canonical_lower,75.0,True,c6c9b8650bdf333e657353246bc6f5b02f61950d8990935e2f0e38a63197c80c,0.0,True,False,False,False,False,False,False,0.0,0.0,False,0.0,0.0,False,0.0,0.0,False,0.0,0.0,True,150.0,-150.0,0,0.0,True,False,478.63538519675745,False,0.0,0.0,False,0.0,0.0,False,0.0,0.0,False,0.0,0.0,True,150.0,-150.0,0,0.0,True,False,478.63538519675745,deepseek-v4-flash,fp_a18b46594c_prod0820_fp8_kvcache_20260402,9f968f3fdacab66c82f833f6b0c61705d21a1749859939ecac4900af64d1805a,2564d279145e65484ef29d7dfb39a86e0aa58a7a338387307095c11bd60142ba,1,1.311402,2026-08-13T06:55:16.085918+00:00,2026-08-13T06:55:17.397320+00:00,1786604116.085918,1786604117.39732
F1,e2bv2_8e5894fd943a5544d909,v2e2_68ad1227a66cd68252f6,deepseek_formal,S2,stale,2,3,23,power_limit_derating,easy,winter,fresno,4,92,23.0,175.0,250.0,-75.0,75.0,canonical_lower,75.0,True,c6c9b8650bdf333e657353246bc6f5b02f61950d8990935e2f0e38a63197c80c,0.0,True,False,False,False,False,False,False,0.0,0.0,False,0.0,0.0,False,0.0,0.0,False,0.0,0.0,True,75.0,-75.0,0,0.0,True,False,478.63538519675745,False,0.0,0.0,False,0.0,0.0,False,0.0,0.0,False,0.0,0.0,True,150.0,-150.0,0,0.0,True,False,478.63538519675745,deepseek-v4-flash,fp_a18b46594c_prod0820_fp8_kvcache_20260402,fc2ef5cb76d5039e495857e69fce0a3a68a2e33c01685159931e3b17f20ec521,20823a98e44ea1cc88824554a1553b9dd68ae5bc4fa4902976d1ab1977544950,1,1.436417,2026-08-13T06:55:17.423656+00:00,2026-08-13T06:55:18.860073+00:00,1786604117.423656,1786604118.860073
F1,e2bv2_8e5894fd943a5544d909,v2e2_68ad1227a66cd68252f6,deepseek_formal,C1,canonical,1,4,23,power_limit_derating,easy,winter,fresno,4,92,23.0,175.0,250.0,-75.0,75.0,canonical_lower,75.0,True,c6c9b8650bdf333e657353246bc6f5b02f61950d8990935e2f0e38a63197c80c,0.0,True,False,False,False,False,False,False,0.0,0.0,False,0.0,0.0,False,0.0,0.0,False,0.0,0.0,True,150.0,-150.0,0,0.0,True,False,478.63538519675745,False,0.0,0.0,False,0.0,0.0,False,0.0,0.0,False,0.0,0.0,True,150.0,-150.0,0,0.0,True,False,478.63538519675745,deepseek-v4-flash,fp_a18b46594c_prod0820_fp8_kvcache_20260402,9f968f3fdacab66c82f833f6b0c61705d21a1749859939ecac4900af64d1805a,2564d279145e65484ef29d7dfb39a86e0aa58a7a338387307095c11bd60142ba,1,1.077016,2026-08-13T06:55:18.913821+00:00,2026-08-13T06:55:19.990837+00:00,1786604118.913821,1786604119.990837
F1,e2bv2_90a214c9f95f65c0e06e,v2e2_1fd8536d13787e44dc17,deepseek_formal,C2,canonical,2,1,79,battery_capacity_derating,easy,spring,fresno,6,90,22.5,350.0,250.0,100.0,100.0,canonical_higher,100.0,True,fe2f74a1e0b16a66452888eb4d734bc455cf1304481bb495d59afa8cf9cae93b,0.0,True,False,False,False,False,False,False,0.0,0.0,False,0.0,0.0,False,0.0,0.0,False,0.0,0.0,True,25.0,25.0,0,0.0,True,False,286.2237116454133,False,0.0,0.0,False,0.0,0.0,False,0.0,0.0,False,0.0,0.0,True,25.0,25.0,0,0.0,True,False,286.2237116454133,deepseek-v4-flash,fp_a18b46594c_prod0820_fp8_kvcache_20260402,ae5fb65c62fb49cd4262f76835f5f7b6000542f977b03ea2947a487bd570a27c,2e9419bcc2629a6d9f458bedf48969779f62d4abb2839887caa0510e54471c9b,1,13.366261,2026-08-13T06:56:20.833425+00:00,2026-08-13T06:56:34.199686+00:00,1786604180.833425,1786604194.199686
F1,e2bv2_90a214c9f95f65c0e06e,v2e2_1fd8536d13787e44dc17,deepseek_formal,S2,stale,2,2,79,battery_capacity_derating,easy,spring,fresno,6,90,22.5,350.0,250.0,100.0,100.0,canonical_higher,100.0,True,fe2f74a1e0b16a66452888eb4d734bc455cf1304481bb495d59afa8cf9cae93b,0.0,True,False,False,False,False,False,False,0.0,0.0,False,0.0,0.0,False,0.0,0.0,False,0.0,0.0,True,75.0,-75.0,0,0.0,True,False,286.2237116454133,False,0.0,0.0,False,0.0,0.0,False,0.0,0.0,False,0.0,0.0,True,25.0,25.0,0,0.0,True,False,286.2237116454133,deepseek-v4-flash,fp_a18b46594c_prod0820_fp8_kvcache_20260402,8857e190252c6d1a0e02d33ae020df07a920a3106604a437a5664c7d77675557,073b988f056d1131ba5f0200f4b281fc658670919e7a505ae2e629aba54177ce,1,2.046012,2026-08-13T06:56:34.226909+00:00,2026-08-13T06:56:36.272921+00:00,1786604194.226909,1786604196.272921
F1,e2bv2_90a214c9f95f65c0e06e,v2e2_1fd8536d13787e44dc17,deepseek_formal,C1,canonical,1,3,79,battery_capacity_derating,easy,spring,fresno,6,90,22.5,350.0,250.0,100.0,100.0,canonical_higher,100.0,True,fe2f74a1e0b16a66452888eb4d734bc455cf1304481bb495d59afa8cf9cae93b,0.0,True,False,False,False,False,False,False,0.0,0.0,False,0.0,0.0,False,0.0,0.0,False,0.0,0.0,True,25.0,25.0,0,0.0,True,False,286.2237116454133,False,0.0,0.0,False,0.0,0.0,False,0.0,0.0,False,0.0,0.0,True,25.0,25.0,0,0.0,True,False,286.2237116454133,deepseek-v4-flash,fp_a18b46594c_prod0820_fp8_kvcache_20260402,ae5fb65c62fb49cd4262f76835f5f7b6000542f977b03ea2947a487bd570a27c,2e9419bcc2629a6d9f458bedf48969779f62d4abb2839887caa0510e54471c9b,1,5.931671,2026-08-13T06:56:36.330943+00:00,2026-08-13T06:56:42.262614+00:00,1786604196.330943,1786604202.262614
F1,e2bv2_90a214c9f95f65c0e06e,v2e2_1fd8536d13787e44dc17,deepseek_formal,S1,stale,1,4,79,battery_capacity_derating,easy,spring,fresno,6,90,22.5,350.0,250.0,100.0,100.0,canonical_higher,100.0,True,fe2f74a1e0b16a66452888eb4d734bc455cf1304481bb495d59afa8cf9cae93b,0.0,True,False,False,False,False,False,False,0.0,0.0,False,0.0,0.0,False,0.0,0.0,False,0.0,0.0,True,75.0,-75.0,0,0.0,True,False,286.2237116454133,False,0.0,0.0,False,0.0,0.0,False,0.0,0.0,False,0.0,0.0,True,25.0,25.0,0,0.0,True,False,286.2237116454133,deepseek-v4-flash,fp_a18b46594c_prod0820_fp8_kvcache_20260402,8857e190252c6d1a0e02d33ae020df07a920a3106604a437a5664c7d77675557,073b988f056d1131ba5f0200f4b281fc658670919e7a505ae2e629aba54177ce,1,191.515108,2026-08-13T06:56:42.288793+00:00,2026-08-13T06:59:53.803901+00:00,1786604202.288793,1786604393.803901
F1,e2bv2_90ca24d952905ebcbd31,v2e2_f60d5d4b26a4ec302fa4,qwen_flash,C2,canonical,2,1,36,battery_capacity_derating,easy,autumn,san_diego,7,89,22.25,175.0,250.0,-75.0,75.0,canonical_lower,75.0,True,025588c77ce30f8a823a982033052f1ed2a2d39c76db39ed20982ca9e17a6a8b,5562.5,False,True,True,True,False,False,False,0.0,0.0,True,5755.263157894743,254621.05263157902,False,0.0,0.0,True,152.89444099999997,525.398532,True,6005.263157894743,-6005.263157894743,88,255146.45116357898,False,False,52.81798188176399,False,0.0,0.0,True,5755.263157894743,254621.05263157902,False,0.0,0.0,True,152.89444099999997,525.398532,True,6005.263157894743,-6005.263157894743,88,255146.45116357898,False,False,52.81798188176399,qwen3.6-flash-2026-04-16,,780b0a84bc93e69a852a25eee6ba6bd7aa4a23852e54ff0e9e358b0d997ae3b5,24ab592b8c2d2f85b0c33fe88eb0d16870e9cfabc367feb3b85e806ea2b9d2b6,1,0.983627,2026-08-13T06:55:31.664716+00:00,2026-08-13T06:55:32.648343+00:00,1786604131.664716,1786604132.648343
F1,e2bv2_90ca24d952905ebcbd31,v2e2_f60d5d4b26a4ec302fa4,qwen_flash,S2,stale,2,2,36,battery_capacity_derating,easy,autumn,san_diego,7,89,22.25,175.0,250.0,-75.0,75.0,canonical_lower,75.0,True,025588c77ce30f8a823a982033052f1ed2a2d39c76db39ed20982ca9e17a6a8b,5562.5,False,True,True,True,False,False,False,0.0,0.0,True,5680.263157894742,248064.4736842106,False,0.0,0.0,True,152.89444099999997,525.398532,True,5930.263157894742,-5930.263157894742,87,248589.87221621058,False,False,52.81798188176399,False,0.0,0.0,True,5755.263157894743,254621.05263157902,False,0.0,0.0,True,152.89444099999997,525.398532,True,6005.263157894743,-6005.263157894743,88,255146.45116357898,False,False,52.81798188176399,qwen3.6-flash-2026-04-16,,97456f43f0afe1bccc40d273e4fd8041344ff207b84e81642d6e9920228aedd4,162fa8fd5bdf8cd0d1c891935a7df13f64c632472a7289984b97dec1a2730ce0,1,1.264495,2026-08-13T06:55:32.709678+00:00,2026-08-13T06:55:33.974173+00:00,1786604132.709678,1786604133.974173
F1,e2bv2_90ca24d952905ebcbd31,v2e2_f60d5d4b26a4ec302fa4,qwen_flash,C1,canonical,1,3,36,battery_capacity_derating,easy,autumn,san_diego,7,89,22.25,175.0,250.0,-75.0,75.0,canonical_lower,75.0,True,025588c77ce30f8a823a982033052f1ed2a2d39c76db39ed20982ca9e17a6a8b,5562.5,False,True,True,True,False,False,False,0.0,0.0,True,5755.263157894743,254621.05263157902,False,0.0,0.0,True,152.89444099999997,525.398532,True,6005.263157894743,-6005.263157894743,88,255146.45116357898,False,False,52.81798188176399,False,0.0,0.0,True,5755.263157894743,254621.05263157902,False,0.0,0.0,True,152.89444099999997,525.398532,True,6005.263157894743,-6005.263157894743,88,255146.45116357898,False,False,52.81798188176399,qwen3.6-flash-2026-04-16,,780b0a84bc93e69a852a25eee6ba6bd7aa4a23852e54ff0e9e358b0d997ae3b5,24ab592b8c2d2f85b0c33fe88eb0d16870e9cfabc367feb3b85e806ea2b9d2b6,1,0.642576,2026-08-13T06:55:34.004208+00:00,2026-08-13T06:55:34.646784+00:00,1786604134.004208,1786604134.646784
F1,e2bv2_90ca24d952905ebcbd31,v2e2_f60d5d4b26a4ec302fa4,qwen_flash,S1,stale,1,4,36,battery_capacity_derating,easy,autumn,san_diego,7,89,22.25,175.0,250.0,-75.0,75.0,canonical_lower,75.0,True,2cc3f2dc33992090cd3e8b424fc469b126c94d55984d714abb97ac2434f31214,4312.5,False,True,True,True,False,False,False,0.0,0.0,True,1798.684210526315,68235.36184210522,True,131.94078947368507,217.69736842105522,False,0.0,0.0,True,266.9407894736851,266.9407894736851,79,68453.05921052629,False,False,247.55171763176386,False,0.0,0.0,True,1873.6842105263147,74044.73684210522,True,56.9407894736853,56.9407894736853,False,0.0,0.0,True,191.9407894736853,191.9407894736853,80,74101.67763157896,False,False,247.55171763176386,qwen3.6-flash-2026-04-16,,97456f43f0afe1bccc40d273e4fd8041344ff207b84e81642d6e9920228aedd4,162fa8fd5bdf8cd0d1c891935a7df13f64c632472a7289984b97dec1a2730ce0,1,1.73495,2026-08-13T06:55:34.672849+00:00,2026-08-13T06:55:36.407799+00:00,1786604134.672849,1786604136.407799
F1,e2bv2_93a98b647864d0934ec6,v2e2_25e030e6613f44a39649,qwen_flash,C1,canonical,1,1,26,export_limit_update,hard,spring,los_angeles,7,89,22.25,175.0,250.0,-75.0,75.0,canonical_lower,75.0,True,025588c77ce30f8a823a982033052f1ed2a2d39c76db39ed20982ca9e17a6a8b,5562.5,False,True,True,True,False,False,False,0.0,0.0,True,5755.263157894743,254621.05263157902,False,0.0,0.0,True,173.857411,595.6328747499999,True,6005.263157894743,-6005.263157894743,88,255216.68550632903,False,False,69.84309105863501,False,0.0,0.0,True,5755.263157894743,254621.05263157902,False,0.0,0.0,True,173.857411,595.6328747499999,True,6005.263157894743,-6005.263157894743,88,255216.68550632903,False,False,69.84309105863501,qwen3.6-flash-2026-04-16,,9ecaf68d734ad67021b3dd8747caa478484c44ed02f6ffa5fae32b65fb71cecd,21ca71f4a833a34b2b669129b36730f36988e6542d3b5346dd8a9c2c7535d345,1,0.965865,2026-08-13T06:55:18.858000+00:00,2026-08-13T06:55:19.823865+00:00,1786604118.858,1786604119.823865
F1,e2bv2_93a98b647864d0934ec6,v2e2_25e030e6613f44a39649,qwen_flash,S1,stale,1,2,26,export_limit_update,hard,spring,los_angeles,7,89,22.25,175.0,250.0,-75.0,75.0,canonical_lower,75.0,True,025588c77ce30f8a823a982033052f1ed2a2d39c76db39ed20982ca9e17a6a8b,5562.5,False,True,True,True,False,False,False,0.0,0.0,True,5680.263157894742,248064.4736842106,False,0.0,0.0,True,173.857411,595.6328747499999,True,5930.263157894742,-5930.263157894742,87,248660.10655896057,False,False,69.84309105863501,False,0.0,0.0,True,5755.263157894743,254621.05263157902,False,0.0,0.0,True,173.857411,595.6328747499999,True,6005.263157894743,-6005.263157894743,88,255216.68550632903,False,False,69.84309105863501,qwen3.6-flash-2026-04-16,,44517f8a166a751e30a6d44150a0abac33a9caa625c1520f2c3b8a4cfcbc0a6d,10da6122a068961ca9c68c4e4cb82853bdccdab6fee49e924783ceae89d0e7f4,1,1.023853,2026-08-13T06:55:19.856049+00:00,2026-08-13T06:55:20.879902+00:00,1786604119.856049,1786604120.879902
F1,e2bv2_93a98b647864d0934ec6,v2e2_25e030e6613f44a39649,qwen_flash,C2,canonical,2,3,26,export_limit_update,hard,spring,los_angeles,7,89,22.25,175.0,250.0,-75.0,75.0,canonical_lower,75.0,True,025588c77ce30f8a823a982033052f1ed2a2d39c76db39ed20982ca9e17a6a8b,5562.5,False,True,True,True,False,False,False,0.0,0.0,True,5755.263157894743,254621.05263157902,False,0.0,0.0,True,173.857411,595.6328747499999,True,6005.263157894743,-6005.263157894743,88,255216.68550632903,False,False,69.84309105863501,False,0.0,0.0,True,5755.263157894743,254621.05263157902,False,0.0,0.0,True,173.857411,595.6328747499999,True,6005.263157894743,-6005.263157894743,88,255216.68550632903,False,False,69.84309105863501,qwen3.6-flash-2026-04-16,,9ecaf68d734ad67021b3dd8747caa478484c44ed02f6ffa5fae32b65fb71cecd,21ca71f4a833a34b2b669129b36730f36988e6542d3b5346dd8a9c2c7535d345,1,1.35187,2026-08-13T06:55:20.907109+00:00,2026-08-13T06:55:22.258979+00:00,1786604120.907109,1786604122.258979
F1,e2bv2_93a98b647864d0934ec6,v2e2_25e030e6613f44a39649,qwen_flash,S2,stale,2,4,26,export_limit_update,hard,spring,los_angeles,7,89,22.25,175.0,250.0,-75.0,75.0,canonical_lower,75.0,True,025588c77ce30f8a823a982033052f1ed2a2d39c76db39ed20982ca9e17a6a8b,5562.5,False,True,True,True,False,False,False,0.0,0.0,True,5680.263157894742,248064.4736842106,False,0.0,0.0,True,173.857411,595.6328747499999,True,5930.263157894742,-5930.263157894742,87,248660.10655896057,False,False,69.84309105863501,False,0.0,0.0,True,5755.263157894743,254621.05263157902,False,0.0,0.0,True,173.857411,595.6328747499999,True,6005.263157894743,-6005.263157894743,88,255216.68550632903,False,False,69.84309105863501,qwen3.6-flash-2026-04-16,,44517f8a166a751e30a6d44150a0abac33a9caa625c1520f2c3b8a4cfcbc0a6d,10da6122a068961ca9c68c4e4cb82853bdccdab6fee49e924783ceae89d0e7f4,1,1.050238,2026-08-13T06:55:22.286154+00:00,2026-08-13T06:55:23.336392+00:00,1786604122.286154,1786604123.336392
F1,e2bv2_96ac3ec6cf72f05980c7,v2e2_01647af4ab413aad9430,qwen_flash,C1,canonical,1,1,41,power_limit_derating,hard,winter,sacramento,5,91,22.75,175.0,250.0,-75.0,75.0,canonical_lower,75.0,True,4e28b1dfc57dae2a46fde2464b47f1a4cba72117012d6bab7739e1f246809fa4,3526.25,False,True,True,True,False,False,False,0.0,0.0,True,3611.842105263156,161722.36842105267,False,0.0,0.0,False,0.0,0.0,True,3861.842105263156,-3861.842105263156,89,161722.36842105267,False,False,449.46755415859536,False,0.0,0.0,True,3611.842105263156,161722.36842105267,False,0.0,0.0,False,0.0,0.0,True,3861.842105263156,-3861.842105263156,89,161722.36842105267,False,False,449.46755415859536,qwen3.6-flash-2026-04-16,,cd94ddfefbc2b632642e6b4267ec47ee9ebaa9229ca5cd400e149893650a67c7,8343d176f5eb3140821250a1e0d9b6e20fab2371219a7da64095e5660fb2e5b8,1,1.067288,2026-08-13T06:55:36.784883+00:00,2026-08-13T06:55:37.852171+00:00,1786604136.784883,1786604137.852171
F1,e2bv2_96ac3ec6cf72f05980c7,v2e2_01647af4ab413aad9430,qwen_flash,S1,stale,1,2,41,power_limit_derating,hard,winter,sacramento,5,91,22.75,175.0,250.0,-75.0,75.0,canonical_lower,75.0,True,4e28b1dfc57dae2a46fde2464b47f1a4cba72117012d6bab7739e1f246809fa4,3526.25,False,True,True,True,False,False,False,0.0,0.0,True,3536.8421052631566,155111.8421052632,False,0.0,0.0,False,0.0,0.0,True,3786.8421052631566,-3786.8421052631566,87,155111.8421052632,False,False,449.46755415859536,False,0.0,0.0,True,3611.842105263156,161722.36842105267,False,0.0,0.0,False,0.0,0.0,True,3861.842105263156,-3861.842105263156,89,161722.36842105267,False,False,449.46755415859536,qwen3.6-flash-2026-04-16,,ee16c72384f956ac3fafe52c2b6c7b98368973d787b0bd248c103e5961d43942,fce7a315954faf3217ee24df7f7bef771cf9892499efe08bc6578c80d486c9c6,1,1.01008,2026-08-13T06:55:37.880376+00:00,2026-08-13T06:55:38.890456+00:00,1786604137.880376,1786604138.890456
F1,e2bv2_96ac3ec6cf72f05980c7,v2e2_01647af4ab413aad9430,qwen_flash,C2,canonical,2,3,41,power_limit_derating,hard,winter,sacramento,5,91,22.75,175.0,250.0,-75.0,75.0,canonical_lower,75.0,True,4e28b1dfc57dae2a46fde2464b47f1a4cba72117012d6bab7739e1f246809fa4,3526.25,False,True,True,True,False,False,False,0.0,0.0,True,3611.842105263156,161722.36842105267,False,0.0,0.0,False,0.0,0.0,True,3861.842105263156,-3861.842105263156,89,161722.36842105267,False,False,449.46755415859536,False,0.0,0.0,True,3611.842105263156,161722.36842105267,False,0.0,0.0,False,0.0,0.0,True,3861.842105263156,-3861.842105263156,89,161722.36842105267,False,False,449.46755415859536,qwen3.6-flash-2026-04-16,,cd94ddfefbc2b632642e6b4267ec47ee9ebaa9229ca5cd400e149893650a67c7,8343d176f5eb3140821250a1e0d9b6e20fab2371219a7da64095e5660fb2e5b8,1,0.583316,2026-08-13T06:55:38.919071+00:00,2026-08-13T06:55:39.502387+00:00,1786604138.919071,1786604139.502387
F1,e2bv2_96ac3ec6cf72f05980c7,v2e2_01647af4ab413aad9430,qwen_flash,S2,stale,2,4,41,power_limit_derating,hard,winter,sacramento,5,91,22.75,175.0,250.0,-75.0,75.0,canonical_lower,75.0,True,4e28b1dfc57dae2a46fde2464b47f1a4cba72117012d6bab7739e1f246809fa4,3526.25,False,True,True,True,False,False,False,0.0,0.0,True,3536.8421052631566,155111.8421052632,False,0.0,0.0,False,0.0,0.0,True,3786.8421052631566,-3786.8421052631566,87,155111.8421052632,False,False,449.46755415859536,False,0.0,0.0,True,3611.842105263156,161722.36842105267,False,0.0,0.0,False,0.0,0.0,True,3861.842105263156,-3861.842105263156,89,161722.36842105267,False,False,449.46755415859536,qwen3.6-flash-2026-04-16,,ee16c72384f956ac3fafe52c2b6c7b98368973d787b0bd248c103e5961d43942,fce7a315954faf3217ee24df7f7bef771cf9892499efe08bc6578c80d486c9c6,1,0.790921,2026-08-13T06:55:39.529111+00:00,2026-08-13T06:55:40.320032+00:00,1786604139.529111,1786604140.320032
F1,e2bv2_979167b67f17ecabf6a5,v2e2_599ab783e7af2d598059,deepseek_formal,C2,canonical,2,1,56,reserve_commitment_update,hard,spring,los_angeles,5,91,22.75,300.0,250.0,50.0,50.0,canonical_higher,50.0,True,e6ff459ebc86a128b3e37b46d41efd52eedbe5c955acf3d20dfbf99a33fb2557,0.0,True,False,False,False,False,False,False,0.0,0.0,False,0.0,0.0,False,0.0,0.0,False,0.0,0.0,True,25.0,-25.0,0,0.0,True,False,331.80306340636486,False,0.0,0.0,False,0.0,0.0,False,0.0,0.0,False,0.0,0.0,True,25.0,-25.0,0,0.0,True,False,331.80306340636486,deepseek-v4-flash,fp_a18b46594c_prod0820_fp8_kvcache_20260402,f43ee7106985b33021b6cdca0501fab68f119fd367aee309090227e001eb9d44,37af6e8f854f02a9d262a5abee7715e4648b1f74754f9ef5938573f6f0d8e204,1,1.016997,2026-08-13T06:55:53.312774+00:00,2026-08-13T06:55:54.329771+00:00,1786604153.312774,1786604154.329771
F1,e2bv2_979167b67f17ecabf6a5,v2e2_599ab783e7af2d598059,deepseek_formal,S2,stale,2,2,56,reserve_commitment_update,hard,spring,los_angeles,5,91,22.75,300.0,250.0,50.0,50.0,canonical_higher,50.0,True,e6ff459ebc86a128b3e37b46d41efd52eedbe5c955acf3d20dfbf99a33fb2557,0.0,True,False,False,False,False,False,False,0.0,0.0,False,0.0,0.0,False,0.0,0.0,False,0.0,0.0,True,75.0,-75.0,0,0.0,True,False,331.80306340636486,False,0.0,0.0,False,0.0,0.0,False,0.0,0.0,False,0.0,0.0,True,25.0,-25.0,0,0.0,True,False,331.80306340636486,deepseek-v4-flash,fp_a18b46594c_prod0820_fp8_kvcache_20260402,b0c312733b0bb5e58a7c7d62b8c74b5909508b6eb3f5ea9f75cedae778b6fd96,068fcacb4b3b66849aa7d06a09ba07d63d5ed318f65cf719396fc5cc29bbee4e,1,1.172662,2026-08-13T06:55:54.360667+00:00,2026-08-13T06:55:55.533329+00:00,1786604154.360667,1786604155.533329
F1,e2bv2_979167b67f17ecabf6a5,v2e2_599ab783e7af2d598059,deepseek_formal,C1,canonical,1,3,56,reserve_commitment_update,hard,spring,los_angeles,5,91,22.75,300.0,250.0,50.0,50.0,canonical_higher,50.0,True,e6ff459ebc86a128b3e37b46d41efd52eedbe5c955acf3d20dfbf99a33fb2557,0.0,True,False,False,False,False,False,False,0.0,0.0,False,0.0,0.0,False,0.0,0.0,False,0.0,0.0,True,25.0,-25.0,0,0.0,True,False,331.80306340636486,False,0.0,0.0,False,0.0,0.0,False,0.0,0.0,False,0.0,0.0,True,25.0,-25.0,0,0.0,True,False,331.80306340636486,deepseek-v4-flash,fp_a18b46594c_prod0820_fp8_kvcache_20260402,f43ee7106985b33021b6cdca0501fab68f119fd367aee309090227e001eb9d44,37af6e8f854f02a9d262a5abee7715e4648b1f74754f9ef5938573f6f0d8e204,1,1.413131,2026-08-13T06:55:55.561624+00:00,2026-08-13T06:55:56.974755+00:00,1786604155.561624,1786604156.974755
F1,e2bv2_979167b67f17ecabf6a5,v2e2_599ab783e7af2d598059,deepseek_formal,S1,stale,1,4,56,reserve_commitment_update,hard,spring,los_angeles,5,91,22.75,300.0,250.0,50.0,50.0,canonical_higher,50.0,True,e6ff459ebc86a128b3e37b46d41efd52eedbe5c955acf3d20dfbf99a33fb2557,0.0,True,False,False,False,False,False,False,0.0,0.0,False,0.0,0.0,False,0.0,0.0,False,0.0,0.0,True,75.0,-75.0,0,0.0,True,False,331.80306340636486,False,0.0,0.0,False,0.0,0.0,False,0.0,0.0,False,0.0,0.0,True,25.0,-25.0,0,0.0,True,False,331.80306340636486,deepseek-v4-flash,fp_a18b46594c_prod0820_fp8_kvcache_20260402,b0c312733b0bb5e58a7c7d62b8c74b5909508b6eb3f5ea9f75cedae778b6fd96,068fcacb4b3b66849aa7d06a09ba07d63d5ed318f65cf719396fc5cc29bbee4e,1,1.246923,2026-08-13T06:55:57.000685+00:00,2026-08-13T06:55:58.247608+00:00,1786604157.000685,1786604158.247608
F1,e2bv2_97f971894961663ca81d,v2e2_eeaa2f40bad66efc8c57,qwen_flash,S2,stale,2,1,101,power_limit_derating,easy,winter,los_angeles,5,91,22.75,150.0,250.0,-100.0,100.0,canonical_lower,100.0,True,b5b6ad8609aabca0e47ae6b8ace99c3a17781d5d6bfe62eb14f301d8ca0b2f83,5232.5,False,True,True,True,False,False,False,0.0,0.0,True,5332.894736842101,237606.57894736849,False,0.0,0.0,True,164.133396,669.0343427500001,True,5582.894736842101,-5582.894736842101,89,238275.61329011852,False,False,8.726599667554698,False,0.0,0.0,True,5432.8947368421,246552.63157894742,False,0.0,0.0,True,164.133396,669.0343427500001,True,5682.8947368421,-5682.8947368421,90,247221.66592169745,False,False,8.726599667554698,qwen3.6-flash-2026-04-16,,30a1a4841a7bcc3c3f047be992775fe5a4ed67c8252d32d8e99f51fe0bb8901c,45c86ac16120ac1c3f7da3fd7ee3ff1edd7845012e38777cc3e9ebe731e58e29,1,1.120106,2026-08-13T06:56:53.837120+00:00,2026-08-13T06:56:54.957226+00:00,1786604213.83712,1786604214.957226
F1,e2bv2_97f971894961663ca81d,v2e2_eeaa2f40bad66efc8c57,qwen_flash,C1,canonical,1,2,101,power_limit_derating,easy,winter,los_angeles,5,91,22.75,150.0,250.0,-100.0,100.0,canonical_lower,100.0,True,b5b6ad8609aabca0e47ae6b8ace99c3a17781d5d6bfe62eb14f301d8ca0b2f83,5232.5,False,True,True,True,False,False,False,0.0,0.0,True,5432.8947368421,246552.63157894742,False,0.0,0.0,True,164.133396,669.0343427500001,True,5682.8947368421,-5682.8947368421,90,247221.66592169745,False,False,8.726599667554698,False,0.0,0.0,True,5432.8947368421,246552.63157894742,False,0.0,0.0,True,164.133396,669.0343427500001,True,5682.8947368421,-5682.8947368421,90,247221.66592169745,False,False,8.726599667554698,qwen3.6-flash-2026-04-16,,8bc53c95320f4dd49b082d6020a5979019eb6e359f207c6d9c7ca3dcbc603adf,1ac30a45e1c41dc4579eca649f03731aa0d76d2aa888c78f215d1d336b90bd22,1,0.917865,2026-08-13T06:56:54.983509+00:00,2026-08-13T06:56:55.901374+00:00,1786604214.983509,1786604215.901374
F1,e2bv2_97f971894961663ca81d,v2e2_eeaa2f40bad66efc8c57,qwen_flash,S1,stale,1,3,101,power_limit_derating,easy,winter,los_angeles,5,91,22.75,150.0,250.0,-100.0,100.0,canonical_lower,100.0,True,b5b6ad8609aabca0e47ae6b8ace99c3a17781d5d6bfe62eb14f301d8ca0b2f83,5232.5,False,True,True,True,False,False,False,0.0,0.0,True,5332.894736842101,237606.57894736849,False,0.0,0.0,True,164.133396,669.0343427500001,True,5582.894736842101,-5582.894736842101,89,238275.61329011852,False,False,8.726599667554698,False,0.0,0.0,True,5432.8947368421,246552.63157894742,False,0.0,0.0,True,164.133396,669.0343427500001,True,5682.8947368421,-5682.8947368421,90,247221.66592169745,False,False,8.726599667554698,qwen3.6-flash-2026-04-16,,30a1a4841a7bcc3c3f047be992775fe5a4ed67c8252d32d8e99f51fe0bb8901c,45c86ac16120ac1c3f7da3fd7ee3ff1edd7845012e38777cc3e9ebe731e58e29,1,1.004176,2026-08-13T06:56:55.928006+00:00,2026-08-13T06:56:56.932182+00:00,1786604215.928006,1786604216.932182
F1,e2bv2_97f971894961663ca81d,v2e2_eeaa2f40bad66efc8c57,qwen_flash,C2,canonical,2,4,101,power_limit_derating,easy,winter,los_angeles,5,91,22.75,150.0,250.0,-100.0,100.0,canonical_lower,100.0,True,b5b6ad8609aabca0e47ae6b8ace99c3a17781d5d6bfe62eb14f301d8ca0b2f83,5232.5,False,True,True,True,False,False,False,0.0,0.0,True,5432.8947368421,246552.63157894742,False,0.0,0.0,True,164.133396,669.0343427500001,True,5682.8947368421,-5682.8947368421,90,247221.66592169745,False,False,8.726599667554698,False,0.0,0.0,True,5432.8947368421,246552.63157894742,False,0.0,0.0,True,164.133396,669.0343427500001,True,5682.8947368421,-5682.8947368421,90,247221.66592169745,False,False,8.726599667554698,qwen3.6-flash-2026-04-16,,8bc53c95320f4dd49b082d6020a5979019eb6e359f207c6d9c7ca3dcbc603adf,1ac30a45e1c41dc4579eca649f03731aa0d76d2aa888c78f215d1d336b90bd22,1,1.021074,2026-08-13T06:56:56.959930+00:00,2026-08-13T06:56:57.981004+00:00,1786604216.95993,1786604217.981004
F1,e2bv2_982df10d9f7cdfe9b8af,v2e2_47a354a03084871e0ca3,qwen_flash,S1,stale,1,1,107,export_limit_update,medium,autumn,san_diego,6,90,22.5,200.0,250.0,-50.0,50.0,canonical_lower,50.0,True,25585a42d3e84fc078b0e4cb5a0c2b83181d8e3ad3fa926f9a3e526fe5c105ba,5625.0,False,True,True,True,False,False,False,0.0,0.0,True,5746.052631578953,253810.52631578955,False,0.0,0.0,True,193.29605199999997,740.997847,True,5996.052631578953,-5996.052631578953,88,254551.5241627895,False,False,40.3816209762247,False,0.0,0.0,True,5796.052631578954,258217.10526315798,False,0.0,0.0,True,193.29605199999997,740.997847,True,6046.052631578954,-6046.052631578954,89,258958.10311015794,False,False,40.3816209762247,qwen3.6-flash-2026-04-16,,2bb1a029e8e80e07338dc2aa31d7fefbd507a9ada6bbe33948aad762404444a9,09855328065997e40ebcb3faad7cc94d42ad9be6fdb50defb5afb91ab87c764f,1,1.07027,2026-08-13T06:56:59.747322+00:00,2026-08-13T06:57:00.817592+00:00,1786604219.747322,1786604220.817592
F1,e2bv2_982df10d9f7cdfe9b8af,v2e2_47a354a03084871e0ca3,qwen_flash,C2,canonical,2,2,107,export_limit_update,medium,autumn,san_diego,6,90,22.5,200.0,250.0,-50.0,50.0,canonical_lower,50.0,True,25585a42d3e84fc078b0e4cb5a0c2b83181d8e3ad3fa926f9a3e526fe5c105ba,5625.0,False,True,True,True,False,False,False,0.0,0.0,True,5796.052631578954,258217.10526315798,False,0.0,0.0,True,193.29605199999997,740.997847,True,6046.052631578954,-6046.052631578954,89,258958.10311015794,False,False,40.3816209762247,False,0.0,0.0,True,5796.052631578954,258217.10526315798,False,0.0,0.0,True,193.29605199999997,740.997847,True,6046.052631578954,-6046.052631578954,89,258958.10311015794,False,False,40.3816209762247,qwen3.6-flash-2026-04-16,,18c6fda720dd84e29ca2bfe538b574ed4020404d881954e9e2f707cad5e9c244,6af4952159dc9c4a833796b0222452f08c7a9a9d4297e60f11c1de139620011c,1,1.014999,2026-08-13T06:57:00.843676+00:00,2026-08-13T06:57:01.858675+00:00,1786604220.843676,1786604221.858675
F1,e2bv2_982df10d9f7cdfe9b8af,v2e2_47a354a03084871e0ca3,qwen_flash,S2,stale,2,3,107,export_limit_update,medium,autumn,san_diego,6,90,22.5,200.0,250.0,-50.0,50.0,canonical_lower,50.0,True,25585a42d3e84fc078b0e4cb5a0c2b83181d8e3ad3fa926f9a3e526fe5c105ba,5625.0,False,True,True,True,False,False,False,0.0,0.0,True,5746.052631578953,253810.52631578955,False,0.0,0.0,True,193.29605199999997,740.997847,True,5996.052631578953,-5996.052631578953,88,254551.5241627895,False,False,40.3816209762247,False,0.0,0.0,True,5796.052631578954,258217.10526315798,False,0.0,0.0,True,193.29605199999997,740.997847,True,6046.052631578954,-6046.052631578954,89,258958.10311015794,False,False,40.3816209762247,qwen3.6-flash-2026-04-16,,2bb1a029e8e80e07338dc2aa31d7fefbd507a9ada6bbe33948aad762404444a9,09855328065997e40ebcb3faad7cc94d42ad9be6fdb50defb5afb91ab87c764f,1,0.615846,2026-08-13T06:57:01.885750+00:00,2026-08-13T06:57:02.501596+00:00,1786604221.88575,1786604222.501596
F1,e2bv2_982df10d9f7cdfe9b8af,v2e2_47a354a03084871e0ca3,qwen_flash,C1,canonical,1,4,107,export_limit_update,medium,autumn,san_diego,6,90,22.5,200.0,250.0,-50.0,50.0,canonical_lower,50.0,True,25585a42d3e84fc078b0e4cb5a0c2b83181d8e3ad3fa926f9a3e526fe5c105ba,5625.0,False,True,True,True,False,False,False,0.0,0.0,True,5796.052631578954,258217.10526315798,False,0.0,0.0,True,193.29605199999997,740.997847,True,6046.052631578954,-6046.052631578954,89,258958.10311015794,False,False,40.3816209762247,False,0.0,0.0,True,5796.052631578954,258217.10526315798,False,0.0,0.0,True,193.29605199999997,740.997847,True,6046.052631578954,-6046.052631578954,89,258958.10311015794,False,False,40.3816209762247,qwen3.6-flash-2026-04-16,,18c6fda720dd84e29ca2bfe538b574ed4020404d881954e9e2f707cad5e9c244,6af4952159dc9c4a833796b0222452f08c7a9a9d4297e60f11c1de139620011c,1,1.205864,2026-08-13T06:57:02.528613+00:00,2026-08-13T06:57:03.734477+00:00,1786604222.528613,1786604223.734477
F1,e2bv2_994a383269924f806ecb,v2e2_a015340abe1151fa1614,deepseek_formal,S1,stale,1,1,91,reserve_commitment_update,easy,summer,fresno,14,82,20.5,175.0,250.0,-75.0,75.0,canonical_lower,75.0,True,e06e79cdfedfc6d6107b945613e65b2de3a209e40115b9b00ab048d2b91cd7d5,0.0,True,False,False,False,False,False,False,0.0,0.0,False,0.0,0.0,False,0.0,0.0,False,0.0,0.0,True,75.0,-75.0,0,0.0,True,False,209.08067888360364,False,0.0,0.0,False,0.0,0.0,False,0.0,0.0,False,0.0,0.0,True,150.0,-150.0,0,0.0,True,False,209.08067888360364,deepseek-v4-flash,fp_a18b46594c_prod0820_fp8_kvcache_20260402,912dec6b402726792632584d0cbb9a6ed05ed17c7c054da62e8bb698927b4219,86177e36debf6b0b49bc5b578c8cd54cdf30adaefda7213ef805b4b2de89e0bb,1,5.532161,2026-08-13T06:56:35.517002+00:00,2026-08-13T06:56:41.049163+00:00,1786604195.517002,1786604201.049163
F1,e2bv2_994a383269924f806ecb,v2e2_a015340abe1151fa1614,deepseek_formal,C2,canonical,2,2,91,reserve_commitment_update,easy,summer,fresno,14,82,20.5,175.0,250.0,-75.0,75.0,canonical_lower,75.0,True,e06e79cdfedfc6d6107b945613e65b2de3a209e40115b9b00ab048d2b91cd7d5,0.0,True,False,False,False,False,False,False,0.0,0.0,False,0.0,0.0,False,0.0,0.0,False,0.0,0.0,True,150.0,-150.0,0,0.0,True,False,209.08067888360364,False,0.0,0.0,False,0.0,0.0,False,0.0,0.0,False,0.0,0.0,True,150.0,-150.0,0,0.0,True,False,209.08067888360364,deepseek-v4-flash,fp_a18b46594c_prod0820_fp8_kvcache_20260402,89f8af499b5c013a1287a7f467b2a88a08b4e1b20cb73fc647a380a100c8f733,7a00ae634e3a1a5327080c352dd856f3cd6fa6c892ff8d456143065215250214,1,1.710687,2026-08-13T06:56:41.075470+00:00,2026-08-13T06:56:42.786157+00:00,1786604201.07547,1786604202.786157
F1,e2bv2_994a383269924f806ecb,v2e2_a015340abe1151fa1614,deepseek_formal,S2,stale,2,3,91,reserve_commitment_update,easy,summer,fresno,14,82,20.5,175.0,250.0,-75.0,75.0,canonical_lower,75.0,True,e06e79cdfedfc6d6107b945613e65b2de3a209e40115b9b00ab048d2b91cd7d5,0.0,True,False,False,False,False,False,False,0.0,0.0,False,0.0,0.0,False,0.0,0.0,False,0.0,0.0,True,75.0,-75.0,0,0.0,True,False,209.08067888360364,False,0.0,0.0,False,0.0,0.0,False,0.0,0.0,False,0.0,0.0,True,150.0,-150.0,0,0.0,True,False,209.08067888360364,deepseek-v4-flash,fp_a18b46594c_prod0820_fp8_kvcache_20260402,912dec6b402726792632584d0cbb9a6ed05ed17c7c054da62e8bb698927b4219,86177e36debf6b0b49bc5b578c8cd54cdf30adaefda7213ef805b4b2de89e0bb,2,243.744848,2026-08-13T06:56:42.813377+00:00,2026-08-13T07:00:46.558225+00:00,1786604202.813377,1786604446.558225
F1,e2bv2_994a383269924f806ecb,v2e2_a015340abe1151fa1614,deepseek_formal,C1,canonical,1,4,91,reserve_commitment_update,easy,summer,fresno,14,82,20.5,175.0,250.0,-75.0,75.0,canonical_lower,75.0,True,e06e79cdfedfc6d6107b945613e65b2de3a209e40115b9b00ab048d2b91cd7d5,0.0,True,False,False,False,False,False,False,0.0,0.0,False,0.0,0.0,False,0.0,0.0,False,0.0,0.0,True,150.0,-150.0,0,0.0,True,False,209.08067888360364,False,0.0,0.0,False,0.0,0.0,False,0.0,0.0,False,0.0,0.0,True,150.0,-150.0,0,0.0,True,False,209.08067888360364,deepseek-v4-flash,fp_a18b46594c_prod0820_fp8_kvcache_20260402,89f8af499b5c013a1287a7f467b2a88a08b4e1b20cb73fc647a380a100c8f733,7a00ae634e3a1a5327080c352dd856f3cd6fa6c892ff8d456143065215250214,1,4.594193,2026-08-13T07:00:46.591566+00:00,2026-08-13T07:00:51.185759+00:00,1786604446.591566,1786604451.185759
F1,e2bv2_9bf3f6a59ac5bc9e510a,v2e2_be357ad7fa505f6b8f35,deepseek_formal,C1,canonical,1,1,9,battery_capacity_derating,easy,winter,fresno,8,88,22.0,200.0,250.0,-50.0,50.0,canonical_lower,50.0,True,2dd23156fbb26642d6f2194611e536f77213eb212f6a23654f9d5319a82ac556,0.0,True,False,False,False,False,False,False,0.0,0.0,False,0.0,0.0,False,0.0,0.0,False,0.0,0.0,True,125.0,-125.0,0,0.0,True,False,332.4059526341436,False,0.0,0.0,False,0.0,0.0,False,0.0,0.0,False,0.0,0.0,True,125.0,-125.0,0,0.0,True,False,332.4059526341436,deepseek-v4-flash,fp_a18b46594c_prod0820_fp8_kvcache_20260402,9317d62d730071d2fd1ff044f2ed5ac8d98db36ee32c34959fd4944fe4a02fda,38abf914fe44f7cb3f1a67611908a06d71d19bf4d82cfb08e5d773b53f863d1d,1,3.130439,2026-08-13T06:54:52.204917+00:00,2026-08-13T06:54:55.335356+00:00,1786604092.204917,1786604095.335356
F1,e2bv2_9bf3f6a59ac5bc9e510a,v2e2_be357ad7fa505f6b8f35,deepseek_formal,S1,stale,1,2,9,battery_capacity_derating,easy,winter,fresno,8,88,22.0,200.0,250.0,-50.0,50.0,canonical_lower,50.0,True,2dd23156fbb26642d6f2194611e536f77213eb212f6a23654f9d5319a82ac556,0.0,True,False,False,False,False,False,False,0.0,0.0,False,0.0,0.0,False,0.0,0.0,False,0.0,0.0,True,75.0,-75.0,0,0.0,True,False,332.4059526341436,False,0.0,0.0,False,0.0,0.0,False,0.0,0.0,False,0.0,0.0,True,125.0,-125.0,0,0.0,True,False,332.4059526341436,deepseek-v4-flash,fp_a18b46594c_prod0820_fp8_kvcache_20260402,ea2d9509a3de3e1cab2a09f60f2929b360bba71c544c37a0ba8036b60bee00c7,c3a0cc05391c20a78e021fa96e5a74e88fec454dd11711230b829a3e1874a349,1,1.647769,2026-08-13T06:54:55.361070+00:00,2026-08-13T06:54:57.008839+00:00,1786604095.36107,1786604097.008839
F1,e2bv2_9bf3f6a59ac5bc9e510a,v2e2_be357ad7fa505f6b8f35,deepseek_formal,C2,canonical,2,3,9,battery_capacity_derating,easy,winter,fresno,8,88,22.0,200.0,250.0,-50.0,50.0,canonical_lower,50.0,True,2dd23156fbb26642d6f2194611e536f77213eb212f6a23654f9d5319a82ac556,0.0,True,False,False,False,False,False,False,0.0,0.0,False,0.0,0.0,False,0.0,0.0,False,0.0,0.0,True,125.0,-125.0,0,0.0,True,False,332.4059526341436,False,0.0,0.0,False,0.0,0.0,False,0.0,0.0,False,0.0,0.0,True,125.0,-125.0,0,0.0,True,False,332.4059526341436,deepseek-v4-flash,fp_a18b46594c_prod0820_fp8_kvcache_20260402,9317d62d730071d2fd1ff044f2ed5ac8d98db36ee32c34959fd4944fe4a02fda,38abf914fe44f7cb3f1a67611908a06d71d19bf4d82cfb08e5d773b53f863d1d,1,3.015131,2026-08-13T06:54:57.035812+00:00,2026-08-13T06:55:00.050943+00:00,1786604097.035812,1786604100.050943
F1,e2bv2_9bf3f6a59ac5bc9e510a,v2e2_be357ad7fa505f6b8f35,deepseek_formal,S2,stale,2,4,9,battery_capacity_derating,easy,winter,fresno,8,88,22.0,200.0,250.0,-50.0,50.0,canonical_lower,50.0,True,2dd23156fbb26642d6f2194611e536f77213eb212f6a23654f9d5319a82ac556,0.0,True,False,False,False,False,False,False,0.0,0.0,False,0.0,0.0,False,0.0,0.0,False,0.0,0.0,True,75.0,-75.0,0,0.0,True,False,332.4059526341436,False,0.0,0.0,False,0.0,0.0,False,0.0,0.0,False,0.0,0.0,True,125.0,-125.0,0,0.0,True,False,332.4059526341436,deepseek-v4-flash,fp_a18b46594c_prod0820_fp8_kvcache_20260402,ea2d9509a3de3e1cab2a09f60f2929b360bba71c544c37a0ba8036b60bee00c7,c3a0cc05391c20a78e021fa96e5a74e88fec454dd11711230b829a3e1874a349,1,1.86848,2026-08-13T06:55:00.082172+00:00,2026-08-13T06:55:01.950652+00:00,1786604100.082172,1786604101.950652
F1,e2bv2_9c4060405a974598b4e7,v2e2_f5ed58c9117bb14967a8,qwen_flash,S1,stale,1,1,35,power_limit_derating,medium,spring,fresno,5,91,22.75,150.0,250.0,-100.0,100.0,canonical_lower,100.0,True,a8e6ed1486c41066fd213b9bcf29f103c6a91e10b87ded7d790986410c780f12,4550.0,False,True,True,True,False,False,False,0.0,0.0,True,4614.47368421052,204599.99999999983,False,0.0,0.0,True,0.5035780000000045,0.12589450000000113,True,4864.47368421052,-4864.47368421052,88,204600.12589449983,False,False,221.63528251948685,False,0.0,0.0,True,4714.47368421052,213513.15789473668,False,0.0,0.0,True,0.5035780000000045,0.12589450000000113,True,4964.47368421052,-4964.47368421052,90,213513.28378923668,False,False,221.63528251948685,qwen3.6-flash-2026-04-16,,c1d2df6e04f45bdce9941fcc0877b50b10eb4f5de3847b599f1cf19d4f9e525b,360b9d85cf120000621a4de9cffaa74691eb0d72dcc7da016da9581a0968846d,1,1.509641,2026-08-13T06:55:31.260604+00:00,2026-08-13T06:55:32.770245+00:00,1786604131.260604,1786604132.770245
F1,e2bv2_9c4060405a974598b4e7,v2e2_f5ed58c9117bb14967a8,qwen_flash,C2,canonical,2,2,35,power_limit_derating,medium,spring,fresno,5,91,22.75,150.0,250.0,-100.0,100.0,canonical_lower,100.0,True,eb6bb5bcbaefb3806e29ce3efe79f877e6d092fc58af6cbe538810faaedc7a66,4550.0,False,True,True,True,False,False,False,0.0,0.0,False,0.0,0.0,True,3972.5,168105.0,False,0.0,0.0,True,4147.5,4147.5,84,168105.0,False,False,574.3296635194854,False,0.0,0.0,False,0.0,0.0,True,3972.5,168105.0,False,0.0,0.0,True,4147.5,4147.5,84,168105.0,False,False,574.3296635194854,qwen3.6-flash-2026-04-16,,20db128a1aa6e0d82996e5e42ff8f9f963af53a94bf317a749c7ae71991d8554,9cd42cce647a95d7e501d86942ad07ccc6ea9d19b11b907ba5e1cf211949f72d,1,1.116748,2026-08-13T06:55:32.799160+00:00,2026-08-13T06:55:33.915908+00:00,1786604132.79916,1786604133.915908
F1,e2bv2_9c4060405a974598b4e7,v2e2_f5ed58c9117bb14967a8,qwen_flash,S2,stale,2,3,35,power_limit_derating,medium,spring,fresno,5,91,22.75,150.0,250.0,-100.0,100.0,canonical_lower,100.0,True,a8e6ed1486c41066fd213b9bcf29f103c6a91e10b87ded7d790986410c780f12,4550.0,False,True,True,True,False,False,False,0.0,0.0,True,4614.47368421052,204599.99999999983,False,0.0,0.0,True,0.5035780000000045,0.12589450000000113,True,4864.47368421052,-4864.47368421052,88,204600.12589449983,False,False,221.63528251948685,False,0.0,0.0,True,4714.47368421052,213513.15789473668,False,0.0,0.0,True,0.5035780000000045,0.12589450000000113,True,4964.47368421052,-4964.47368421052,90,213513.28378923668,False,False,221.63528251948685,qwen3.6-flash-2026-04-16,,c1d2df6e04f45bdce9941fcc0877b50b10eb4f5de3847b599f1cf19d4f9e525b,360b9d85cf120000621a4de9cffaa74691eb0d72dcc7da016da9581a0968846d,1,1.06254,2026-08-13T06:55:33.951568+00:00,2026-08-13T06:55:35.014108+00:00,1786604133.951568,1786604135.014108
F1,e2bv2_9c4060405a974598b4e7,v2e2_f5ed58c9117bb14967a8,qwen_flash,C1,canonical,1,4,35,power_limit_derating,medium,spring,fresno,5,91,22.75,150.0,250.0,-100.0,100.0,canonical_lower,100.0,True,a8e6ed1486c41066fd213b9bcf29f103c6a91e10b87ded7d790986410c780f12,4550.0,False,True,True,True,False,False,False,0.0,0.0,True,4714.47368421052,213513.15789473668,False,0.0,0.0,True,0.5035780000000045,0.12589450000000113,True,4964.47368421052,-4964.47368421052,90,213513.28378923668,False,False,221.63528251948685,False,0.0,0.0,True,4714.47368421052,213513.15789473668,False,0.0,0.0,True,0.5035780000000045,0.12589450000000113,True,4964.47368421052,-4964.47368421052,90,213513.28378923668,False,False,221.63528251948685,qwen3.6-flash-2026-04-16,,20db128a1aa6e0d82996e5e42ff8f9f963af53a94bf317a749c7ae71991d8554,9cd42cce647a95d7e501d86942ad07ccc6ea9d19b11b907ba5e1cf211949f72d,1,0.965559,2026-08-13T06:55:35.048742+00:00,2026-08-13T06:55:36.014301+00:00,1786604135.048742,1786604136.014301
F1,e2bv2_9d2cf788ff84007a5859,v2e2_7e727667efa4e288ccd0,qwen_flash,S1,stale,1,1,39,export_limit_update,medium,summer,fresno,4,92,23.0,200.0,250.0,-50.0,50.0,canonical_lower,50.0,True,01835ca016b6607eda94cb8ff102b2cad69b4a1cb53b69f7d0ebcbc5963fd2b6,3450.0,False,True,True,True,False,False,False,0.0,0.0,True,3456.578947368417,153073.6842105262,False,0.0,0.0,False,0.0,0.0,True,3706.578947368417,-3706.578947368417,88,153073.68421052623,False,False,307.95019692526256,False,0.0,0.0,True,3506.578947368417,157506.5789473683,False,0.0,0.0,False,0.0,0.0,True,3756.578947368417,-3756.578947368417,89,157506.5789473683,False,False,307.95019692526256,qwen3.6-flash-2026-04-16,,1ab2859c7dc7c3dc6d79b0f196e3aee7386f56e85bdc90e3346522adad2d5871,a7463c5e6ce1c21ca02f12432682733ce4da01a2f1f3c856a4295096e4874df9,1,1.138209,2026-08-13T06:55:35.719637+00:00,2026-08-13T06:55:36.857846+00:00,1786604135.719637,1786604136.857846
F1,e2bv2_9d2cf788ff84007a5859,v2e2_7e727667efa4e288ccd0,qwen_flash,C2,canonical,2,2,39,export_limit_update,medium,summer,fresno,4,92,23.0,200.0,250.0,-50.0,50.0,canonical_lower,50.0,True,01835ca016b6607eda94cb8ff102b2cad69b4a1cb53b69f7d0ebcbc5963fd2b6,3450.0,False,True,True,True,False,False,False,0.0,0.0,True,3506.578947368417,157506.5789473683,False,0.0,0.0,False,0.0,0.0,True,3756.578947368417,-3756.578947368417,89,157506.5789473683,False,False,307.95019692526256,False,0.0,0.0,True,3506.578947368417,157506.5789473683,False,0.0,0.0,False,0.0,0.0,True,3756.578947368417,-3756.578947368417,89,157506.5789473683,False,False,307.95019692526256,qwen3.6-flash-2026-04-16,,74de024b985d82cfb7185b185700d4045aa0b42ecd8e8da7fe9f4b621de1b9c9,9d36d78daf4479214f699f5dbe616c7ef9177a696c55baaa03b8661d1f1ab268,1,0.917851,2026-08-13T06:55:36.886317+00:00,2026-08-13T06:55:37.804168+00:00,1786604136.886317,1786604137.804168
F1,e2bv2_9d2cf788ff84007a5859,v2e2_7e727667efa4e288ccd0,qwen_flash,S2,stale,2,3,39,export_limit_update,medium,summer,fresno,4,92,23.0,200.0,250.0,-50.0,50.0,canonical_lower,50.0,True,37f012e126dba8590f86fe9b94fec8cf215ad9c54bbcc0074c14a51ac57e9906,345.0,False,True,True,True,False,False,False,0.0,0.0,True,188.15789473684197,4578.947368421048,False,0.0,0.0,False,0.0,0.0,True,438.15789473684197,-438.15789473684197,48,4578.947368421048,False,False,448.45777842526064,False,0.0,0.0,True,238.157894736842,7303.947368421047,False,0.0,0.0,False,0.0,0.0,True,488.15789473684197,-488.15789473684197,61,7303.947368421046,False,False,448.45777842526064,qwen3.6-flash-2026-04-16,,1ab2859c7dc7c3dc6d79b0f196e3aee7386f56e85bdc90e3346522adad2d5871,a7463c5e6ce1c21ca02f12432682733ce4da01a2f1f3c856a4295096e4874df9,1,1.014311,2026-08-13T06:55:37.834616+00:00,2026-08-13T06:55:38.848927+00:00,1786604137.834616,1786604138.848927
F1,e2bv2_9d2cf788ff84007a5859,v2e2_7e727667efa4e288ccd0,qwen_flash,C1,canonical,1,4,39,export_limit_update,medium,summer,fresno,4,92,23.0,200.0,250.0,-50.0,50.0,canonical_lower,50.0,True,9c6fcfdb9267b35bde98c424821d64d64c9dfe98c536f09151920b31e6303e05,312.79999999999984,False,True,True,True,False,False,False,0.0,0.0,True,204.2631578947367,5931.263157894727,False,0.0,0.0,False,0.0,0.0,True,454.2631578947367,-454.2631578947367,58,5931.263157894727,False,False,449.91489408526155,False,0.0,0.0,True,204.2631578947367,5931.263157894727,False,0.0,0.0,False,0.0,0.0,True,454.2631578947367,-454.2631578947367,58,5931.263157894727,False,False,449.91489408526155,qwen3.6-flash-2026-04-16,,74de024b985d82cfb7185b185700d4045aa0b42ecd8e8da7fe9f4b621de1b9c9,9d36d78daf4479214f699f5dbe616c7ef9177a696c55baaa03b8661d1f1ab268,1,1.010614,2026-08-13T06:55:38.888601+00:00,2026-08-13T06:55:39.899215+00:00,1786604138.888601,1786604139.899215
F1,e2bv2_9db3f8fa84244a39ebdd,v2e2_ade91af586194aa1b583,deepseek_formal,S1,stale,1,1,51,battery_capacity_derating,medium,autumn,san_diego,5,91,22.75,300.0,250.0,50.0,50.0,canonical_higher,50.0,True,e6ff459ebc86a128b3e37b46d41efd52eedbe5c955acf3d20dfbf99a33fb2557,0.0,True,False,False,False,False,False,False,0.0,0.0,False,0.0,0.0,False,0.0,0.0,False,0.0,0.0,True,75.0,-75.0,0,0.0,True,False,463.25377428836566,False,0.0,0.0,False,0.0,0.0,False,0.0,0.0,False,0.0,0.0,True,25.0,-25.0,0,0.0,True,False,463.25377428836566,deepseek-v4-flash,fp_a18b46594c_prod0820_fp8_kvcache_20260402,ef63d9497cb414140d02af4f4bfc3e31f2ab1940bf75ac63a5f572dbea386123,cb0d5cb2ba573f6bbc3c3a575ed27b18ff70c0ec7399ed0e419feefa78039d82,1,3.884296,2026-08-13T06:55:47.097097+00:00,2026-08-13T06:55:50.981393+00:00,1786604147.097097,1786604150.981393
F1,e2bv2_9db3f8fa84244a39ebdd,v2e2_ade91af586194aa1b583,deepseek_formal,C2,canonical,2,2,51,battery_capacity_derating,medium,autumn,san_diego,5,91,22.75,300.0,250.0,50.0,50.0,canonical_higher,50.0,True,e6ff459ebc86a128b3e37b46d41efd52eedbe5c955acf3d20dfbf99a33fb2557,0.0,True,False,False,False,False,False,False,0.0,0.0,False,0.0,0.0,False,0.0,0.0,False,0.0,0.0,True,25.0,-25.0,0,0.0,True,False,463.25377428836566,False,0.0,0.0,False,0.0,0.0,False,0.0,0.0,False,0.0,0.0,True,25.0,-25.0,0,0.0,True,False,463.25377428836566,deepseek-v4-flash,fp_a18b46594c_prod0820_fp8_kvcache_20260402,5dbd15f884d7b5ca33b48b3d5d8651850d8f00ce4efa3843ecf8c190ebd297a0,0ae7e82d922e814825702617f987a0399773c31dabfbf32644e005c501d05290,1,2.301182,2026-08-13T06:55:51.012533+00:00,2026-08-13T06:55:53.313715+00:00,1786604151.012533,1786604153.313715
F1,e2bv2_9db3f8fa84244a39ebdd,v2e2_ade91af586194aa1b583,deepseek_formal,S2,stale,2,3,51,battery_capacity_derating,medium,autumn,san_diego,5,91,22.75,300.0,250.0,50.0,50.0,canonical_higher,50.0,True,e6ff459ebc86a128b3e37b46d41efd52eedbe5c955acf3d20dfbf99a33fb2557,0.0,True,False,False,False,False,False,False,0.0,0.0,False,0.0,0.0,False,0.0,0.0,False,0.0,0.0,True,75.0,-75.0,0,0.0,True,False,463.25377428836566,False,0.0,0.0,False,0.0,0.0,False,0.0,0.0,False,0.0,0.0,True,25.0,-25.0,0,0.0,True,False,463.25377428836566,deepseek-v4-flash,fp_a18b46594c_prod0820_fp8_kvcache_20260402,ef63d9497cb414140d02af4f4bfc3e31f2ab1940bf75ac63a5f572dbea386123,cb0d5cb2ba573f6bbc3c3a575ed27b18ff70c0ec7399ed0e419feefa78039d82,1,1.055233,2026-08-13T06:55:53.340392+00:00,2026-08-13T06:55:54.395625+00:00,1786604153.340392,1786604154.395625
F1,e2bv2_9db3f8fa84244a39ebdd,v2e2_ade91af586194aa1b583,deepseek_formal,C1,canonical,1,4,51,battery_capacity_derating,medium,autumn,san_diego,5,91,22.75,300.0,250.0,50.0,50.0,canonical_higher,50.0,True,e6ff459ebc86a128b3e37b46d41efd52eedbe5c955acf3d20dfbf99a33fb2557,0.0,True,False,False,False,False,False,False,0.0,0.0,False,0.0,0.0,False,0.0,0.0,False,0.0,0.0,True,25.0,-25.0,0,0.0,True,False,463.25377428836566,False,0.0,0.0,False,0.0,0.0,False,0.0,0.0,False,0.0,0.0,True,25.0,-25.0,0,0.0,True,False,463.25377428836566,deepseek-v4-flash,fp_a18b46594c_prod0820_fp8_kvcache_20260402,5dbd15f884d7b5ca33b48b3d5d8651850d8f00ce4efa3843ecf8c190ebd297a0,0ae7e82d922e814825702617f987a0399773c31dabfbf32644e005c501d05290,1,2.141319,2026-08-13T06:55:54.424002+00:00,2026-08-13T06:55:56.565321+00:00,1786604154.424002,1786604156.565321
F1,e2bv2_a195292ce70a9bd164f5,v2e2_16c288d882ac6a326385,deepseek_formal,C1,canonical,1,1,113,battery_capacity_derating,easy,spring,fresno,4,92,23.0,200.0,250.0,-50.0,50.0,canonical_lower,50.0,True,c6c9b8650bdf333e657353246bc6f5b02f61950d8990935e2f0e38a63197c80c,0.0,True,False,False,False,False,False,False,0.0,0.0,False,0.0,0.0,False,0.0,0.0,False,0.0,0.0,True,125.0,-125.0,0,0.0,True,False,403.92653301692224,False,0.0,0.0,False,0.0,0.0,False,0.0,0.0,False,0.0,0.0,True,125.0,-125.0,0,0.0,True,False,403.92653301692224,deepseek-v4-flash,fp_a18b46594c_prod0820_fp8_kvcache_20260402,f8528e3a094e13659d0d81703d7603f7be376948c3cbf91f2df873463a2ad4df,17cd31ac044da24769e158e3082ca667064f165005d2bfab4a79e860f840ccd7,1,2.120897,2026-08-13T06:57:07.886550+00:00,2026-08-13T06:57:10.007447+00:00,1786604227.88655,1786604230.007447
F1,e2bv2_a195292ce70a9bd164f5,v2e2_16c288d882ac6a326385,deepseek_formal,S1,stale,1,2,113,battery_capacity_derating,easy,spring,fresno,4,92,23.0,200.0,250.0,-50.0,50.0,canonical_lower,50.0,True,c6c9b8650bdf333e657353246bc6f5b02f61950d8990935e2f0e38a63197c80c,0.0,True,False,False,False,False,False,False,0.0,0.0,False,0.0,0.0,False,0.0,0.0,False,0.0,0.0,True,75.0,-75.0,0,0.0,True,False,403.92653301692224,False,0.0,0.0,False,0.0,0.0,False,0.0,0.0,False,0.0,0.0,True,125.0,-125.0,0,0.0,True,False,403.92653301692224,deepseek-v4-flash,fp_a18b46594c_prod0820_fp8_kvcache_20260402,c0a6244032f8bea3bb3f20b9d272b1187f96c45c1c626ad50aebd10c7ce1ed43,231c538471abbd559719fb43c564931098489ec5e9b97fbedf073cf9e97b16e6,1,1.081024,2026-08-13T06:57:10.034051+00:00,2026-08-13T06:57:11.115075+00:00,1786604230.034051,1786604231.115075
F1,e2bv2_a195292ce70a9bd164f5,v2e2_16c288d882ac6a326385,deepseek_formal,C2,canonical,2,3,113,battery_capacity_derating,easy,spring,fresno,4,92,23.0,200.0,250.0,-50.0,50.0,canonical_lower,50.0,True,c6c9b8650bdf333e657353246bc6f5b02f61950d8990935e2f0e38a63197c80c,0.0,True,False,False,False,False,False,False,0.0,0.0,False,0.0,0.0,False,0.0,0.0,False,0.0,0.0,True,125.0,-125.0,0,0.0,True,False,403.92653301692224,False,0.0,0.0,False,0.0,0.0,False,0.0,0.0,False,0.0,0.0,True,125.0,-125.0,0,0.0,True,False,403.92653301692224,deepseek-v4-flash,fp_a18b46594c_prod0820_fp8_kvcache_20260402,f8528e3a094e13659d0d81703d7603f7be376948c3cbf91f2df873463a2ad4df,17cd31ac044da24769e158e3082ca667064f165005d2bfab4a79e860f840ccd7,1,1.34368,2026-08-13T06:57:11.141858+00:00,2026-08-13T06:57:12.485538+00:00,1786604231.141858,1786604232.485538
F1,e2bv2_a195292ce70a9bd164f5,v2e2_16c288d882ac6a326385,deepseek_formal,S2,stale,2,4,113,battery_capacity_derating,easy,spring,fresno,4,92,23.0,200.0,250.0,-50.0,50.0,canonical_lower,50.0,True,c6c9b8650bdf333e657353246bc6f5b02f61950d8990935e2f0e38a63197c80c,0.0,True,False,False,False,False,False,False,0.0,0.0,False,0.0,0.0,False,0.0,0.0,False,0.0,0.0,True,75.0,-75.0,0,0.0,True,False,403.92653301692224,False,0.0,0.0,False,0.0,0.0,False,0.0,0.0,False,0.0,0.0,True,125.0,-125.0,0,0.0,True,False,403.92653301692224,deepseek-v4-flash,fp_a18b46594c_prod0820_fp8_kvcache_20260402,c0a6244032f8bea3bb3f20b9d272b1187f96c45c1c626ad50aebd10c7ce1ed43,231c538471abbd559719fb43c564931098489ec5e9b97fbedf073cf9e97b16e6,1,1.31755,2026-08-13T06:57:12.511439+00:00,2026-08-13T06:57:13.828989+00:00,1786604232.511439,1786604233.828989
F1,e2bv2_a24bcd647a4e8fc6506e,v2e2_599ab783e7af2d598059,qwen_flash,C2,canonical,2,1,80,reserve_commitment_update,hard,spring,los_angeles,5,91,22.75,300.0,250.0,50.0,50.0,canonical_higher,50.0,True,359431def63e4accc9a1d47633a3ddb3ca4424654a7c667dd1cfd15872376319,5687.5,False,True,True,True,False,False,False,0.0,0.0,True,5923.342105263164,269616.2368421053,False,0.0,0.0,True,62.45048300000002,47.386011249999996,True,6011.842105263164,-6011.842105263164,91,269663.62285335525,False,False,156.86907528136476,False,0.0,0.0,True,5923.342105263164,269616.2368421053,False,0.0,0.0,True,62.45048300000002,47.386011249999996,True,6011.842105263164,-6011.842105263164,91,269663.62285335525,False,False,156.86907528136476,qwen3.6-flash-2026-04-16,,f43ee7106985b33021b6cdca0501fab68f119fd367aee309090227e001eb9d44,c00406b211f25beff1e13ad7f01c6a91ca243a6efd9c987949c33f0894336b27,1,1.325188,2026-08-13T06:56:24.044980+00:00,2026-08-13T06:56:25.370168+00:00,1786604184.04498,1786604185.370168
F1,e2bv2_a24bcd647a4e8fc6506e,v2e2_599ab783e7af2d598059,qwen_flash,S2,stale,2,2,80,reserve_commitment_update,hard,spring,los_angeles,5,91,22.75,300.0,250.0,50.0,50.0,canonical_higher,50.0,True,359431def63e4accc9a1d47633a3ddb3ca4424654a7c667dd1cfd15872376319,5687.5,False,True,True,True,False,False,False,0.0,0.0,True,5973.342105263164,274166.2368421053,False,0.0,0.0,True,62.45048300000002,47.386011249999996,True,6061.842105263164,-6061.842105263164,91,274213.6228533552,False,False,156.86907528136476,False,0.0,0.0,True,5923.342105263164,269616.2368421053,False,0.0,0.0,True,62.45048300000002,47.386011249999996,True,6011.842105263164,-6011.842105263164,91,269663.62285335525,False,False,156.86907528136476,qwen3.6-flash-2026-04-16,,b0c312733b0bb5e58a7c7d62b8c74b5909508b6eb3f5ea9f75cedae778b6fd96,15463951b28b90e21f77a11e2bb3fd7eb588eb8edf3b94bd38a890eabfc50fb1,1,0.864386,2026-08-13T06:56:25.397338+00:00,2026-08-13T06:56:26.261724+00:00,1786604185.397338,1786604186.261724
F1,e2bv2_a24bcd647a4e8fc6506e,v2e2_599ab783e7af2d598059,qwen_flash,C1,canonical,1,3,80,reserve_commitment_update,hard,spring,los_angeles,5,91,22.75,300.0,250.0,50.0,50.0,canonical_higher,50.0,True,359431def63e4accc9a1d47633a3ddb3ca4424654a7c667dd1cfd15872376319,5687.5,False,True,True,True,False,False,False,0.0,0.0,True,5923.342105263164,269616.2368421053,False,0.0,0.0,True,62.45048300000002,47.386011249999996,True,6011.842105263164,-6011.842105263164,91,269663.62285335525,False,False,156.86907528136476,False,0.0,0.0,True,5923.342105263164,269616.2368421053,False,0.0,0.0,True,62.45048300000002,47.386011249999996,True,6011.842105263164,-6011.842105263164,91,269663.62285335525,False,False,156.86907528136476,qwen3.6-flash-2026-04-16,,f43ee7106985b33021b6cdca0501fab68f119fd367aee309090227e001eb9d44,c00406b211f25beff1e13ad7f01c6a91ca243a6efd9c987949c33f0894336b27,1,1.212448,2026-08-13T06:56:26.319520+00:00,2026-08-13T06:56:27.531968+00:00,1786604186.31952,1786604187.531968
F1,e2bv2_a24bcd647a4e8fc6506e,v2e2_599ab783e7af2d598059,qwen_flash,S1,stale,1,4,80,reserve_commitment_update,hard,spring,los_angeles,5,91,22.75,300.0,250.0,50.0,50.0,canonical_higher,50.0,True,359431def63e4accc9a1d47633a3ddb3ca4424654a7c667dd1cfd15872376319,5687.5,False,True,True,True,False,False,False,0.0,0.0,True,5973.342105263164,274166.2368421053,False,0.0,0.0,True,62.45048300000002,47.386011249999996,True,6061.842105263164,-6061.842105263164,91,274213.6228533552,False,False,156.86907528136476,False,0.0,0.0,True,5923.342105263164,269616.2368421053,False,0.0,0.0,True,62.45048300000002,47.386011249999996,True,6011.842105263164,-6011.842105263164,91,269663.62285335525,False,False,156.86907528136476,qwen3.6-flash-2026-04-16,,b0c312733b0bb5e58a7c7d62b8c74b5909508b6eb3f5ea9f75cedae778b6fd96,15463951b28b90e21f77a11e2bb3fd7eb588eb8edf3b94bd38a890eabfc50fb1,1,1.40275,2026-08-13T06:56:27.557936+00:00,2026-08-13T06:56:28.960686+00:00,1786604187.557936,1786604188.960686
F1,e2bv2_a7a0be05e22e1bc02ab8,v2e2_d2a42e359dd264f920da,qwen_flash,S2,stale,2,1,111,power_limit_derating,medium,autumn,san_diego,5,91,22.75,175.0,250.0,-75.0,75.0,canonical_lower,75.0,True,a8e6ed1486c41066fd213b9bcf29f103c6a91e10b87ded7d790986410c780f12,4550.0,False,True,True,True,False,False,False,0.0,0.0,True,4614.47368421052,204599.99999999983,False,0.0,0.0,True,14.132559000000015,12.95930150000001,True,4864.47368421052,-4864.47368421052,88,204612.95930149985,False,False,238.6186202883657,False,0.0,0.0,True,4689.47368421052,211263.15789473668,False,0.0,0.0,True,14.132559000000015,12.95930150000001,True,4939.47368421052,-4939.47368421052,90,211276.1171962367,False,False,238.6186202883657,qwen3.6-flash-2026-04-16,,77619296b09a8aa0f13bf8b9fe8fec279b37c7a155dc3891b5d4e2c651ff35d3,7e7f455331e911f72d4adb56b50a7e2ba049e27591902ce84c8e2f974f430261,1,0.953446,2026-08-13T06:57:04.537572+00:00,2026-08-13T06:57:05.491018+00:00,1786604224.537572,1786604225.491018
F1,e2bv2_a7a0be05e22e1bc02ab8,v2e2_d2a42e359dd264f920da,qwen_flash,C1,canonical,1,2,111,power_limit_derating,medium,autumn,san_diego,5,91,22.75,175.0,250.0,-75.0,75.0,canonical_lower,75.0,True,a8e6ed1486c41066fd213b9bcf29f103c6a91e10b87ded7d790986410c780f12,4550.0,False,True,True,True,False,False,False,0.0,0.0,True,4689.47368421052,211263.15789473668,False,0.0,0.0,True,14.132559000000015,12.95930150000001,True,4939.47368421052,-4939.47368421052,90,211276.1171962367,False,False,238.6186202883657,False,0.0,0.0,True,4689.47368421052,211263.15789473668,False,0.0,0.0,True,14.132559000000015,12.95930150000001,True,4939.47368421052,-4939.47368421052,90,211276.1171962367,False,False,238.6186202883657,qwen3.6-flash-2026-04-16,,3961b2a11f27c27c76f0efec9c13f3f4990109e87584e91b4a0d1574a9496a89,20a27dd41fa3fb976ea5c801bb610810c955d3ae0cde14b51ea81400ee30a5e2,1,0.987665,2026-08-13T06:57:05.518053+00:00,2026-08-13T06:57:06.505718+00:00,1786604225.518053,1786604226.505718
F1,e2bv2_a7a0be05e22e1bc02ab8,v2e2_d2a42e359dd264f920da,qwen_flash,S1,stale,1,3,111,power_limit_derating,medium,autumn,san_diego,5,91,22.75,175.0,250.0,-75.0,75.0,canonical_lower,75.0,True,a8e6ed1486c41066fd213b9bcf29f103c6a91e10b87ded7d790986410c780f12,4550.0,False,True,True,True,False,False,False,0.0,0.0,True,4614.47368421052,204599.99999999983,False,0.0,0.0,True,14.132559000000015,12.95930150000001,True,4864.47368421052,-4864.47368421052,88,204612.95930149985,False,False,238.6186202883657,False,0.0,0.0,True,4689.47368421052,211263.15789473668,False,0.0,0.0,True,14.132559000000015,12.95930150000001,True,4939.47368421052,-4939.47368421052,90,211276.1171962367,False,False,238.6186202883657,qwen3.6-flash-2026-04-16,,77619296b09a8aa0f13bf8b9fe8fec279b37c7a155dc3891b5d4e2c651ff35d3,7e7f455331e911f72d4adb56b50a7e2ba049e27591902ce84c8e2f974f430261,1,1.35666,2026-08-13T06:57:06.532520+00:00,2026-08-13T06:57:07.889180+00:00,1786604226.53252,1786604227.88918
F1,e2bv2_a7a0be05e22e1bc02ab8,v2e2_d2a42e359dd264f920da,qwen_flash,C2,canonical,2,4,111,power_limit_derating,medium,autumn,san_diego,5,91,22.75,175.0,250.0,-75.0,75.0,canonical_lower,75.0,True,a8e6ed1486c41066fd213b9bcf29f103c6a91e10b87ded7d790986410c780f12,4550.0,False,True,True,True,False,False,False,0.0,0.0,True,4689.47368421052,211263.15789473668,False,0.0,0.0,True,14.132559000000015,12.95930150000001,True,4939.47368421052,-4939.47368421052,90,211276.1171962367,False,False,238.6186202883657,False,0.0,0.0,True,4689.47368421052,211263.15789473668,False,0.0,0.0,True,14.132559000000015,12.95930150000001,True,4939.47368421052,-4939.47368421052,90,211276.1171962367,False,False,238.6186202883657,qwen3.6-flash-2026-04-16,,3961b2a11f27c27c76f0efec9c13f3f4990109e87584e91b4a0d1574a9496a89,20a27dd41fa3fb976ea5c801bb610810c955d3ae0cde14b51ea81400ee30a5e2,1,1.289967,2026-08-13T06:57:07.915993+00:00,2026-08-13T06:57:09.205960+00:00,1786604227.915993,1786604229.20596
F1,e2bv2_a85aaf939683e1aca7e7,v2e2_c049d4bc657bdc82a484,deepseek_formal,S1,stale,1,1,33,reserve_commitment_update,hard,autumn,san_diego,5,91,22.75,300.0,250.0,50.0,50.0,canonical_higher,50.0,True,e6ff459ebc86a128b3e37b46d41efd52eedbe5c955acf3d20dfbf99a33fb2557,0.0,True,False,False,False,False,False,False,0.0,0.0,False,0.0,0.0,False,0.0,0.0,False,0.0,0.0,True,75.0,-75.0,0,0.0,True,False,463.25377428836566,False,0.0,0.0,False,0.0,0.0,False,0.0,0.0,False,0.0,0.0,True,25.0,-25.0,0,0.0,True,False,463.25377428836566,deepseek-v4-flash,fp_a18b46594c_prod0820_fp8_kvcache_20260402,de980cb150e95e2111bf755afc2a51cbbc69f1c2399bb1726220eff50a0238c1,c44da8d8fe23728728f04a0dca14dea30dd9f653bd6b2ff585139a46ac329561,1,1.52178,2026-08-13T06:55:28.216659+00:00,2026-08-13T06:55:29.738439+00:00,1786604128.216659,1786604129.738439
F1,e2bv2_a85aaf939683e1aca7e7,v2e2_c049d4bc657bdc82a484,deepseek_formal,C2,canonical,2,2,33,reserve_commitment_update,hard,autumn,san_diego,5,91,22.75,300.0,250.0,50.0,50.0,canonical_higher,50.0,True,e6ff459ebc86a128b3e37b46d41efd52eedbe5c955acf3d20dfbf99a33fb2557,0.0,True,False,False,False,False,False,False,0.0,0.0,False,0.0,0.0,False,0.0,0.0,False,0.0,0.0,True,25.0,-25.0,0,0.0,True,False,463.25377428836566,False,0.0,0.0,False,0.0,0.0,False,0.0,0.0,False,0.0,0.0,True,25.0,-25.0,0,0.0,True,False,463.25377428836566,deepseek-v4-flash,fp_a18b46594c_prod0820_fp8_kvcache_20260402,7d5b370c7f1b9c5cfd269be590d5c7e19225fb85feaa6170f1289078def1baa4,a630f9776d5568241b6709b61151a2607ef1b27f8d90bd4212b25208890edb4b,1,1.496462,2026-08-13T06:55:29.766185+00:00,2026-08-13T06:55:31.262647+00:00,1786604129.766185,1786604131.262647
F1,e2bv2_a85aaf939683e1aca7e7,v2e2_c049d4bc657bdc82a484,deepseek_formal,S2,stale,2,3,33,reserve_commitment_update,hard,autumn,san_diego,5,91,22.75,300.0,250.0,50.0,50.0,canonical_higher,50.0,True,e6ff459ebc86a128b3e37b46d41efd52eedbe5c955acf3d20dfbf99a33fb2557,0.0,True,False,False,False,False,False,False,0.0,0.0,False,0.0,0.0,False,0.0,0.0,False,0.0,0.0,True,75.0,-75.0,0,0.0,True,False,463.25377428836566,False,0.0,0.0,False,0.0,0.0,False,0.0,0.0,False,0.0,0.0,True,25.0,-25.0,0,0.0,True,False,463.25377428836566,deepseek-v4-flash,fp_a18b46594c_prod0820_fp8_kvcache_20260402,de980cb150e95e2111bf755afc2a51cbbc69f1c2399bb1726220eff50a0238c1,c44da8d8fe23728728f04a0dca14dea30dd9f653bd6b2ff585139a46ac329561,1,1.907152,2026-08-13T06:55:31.289673+00:00,2026-08-13T06:55:33.196825+00:00,1786604131.289673,1786604133.196825
F1,e2bv2_a85aaf939683e1aca7e7,v2e2_c049d4bc657bdc82a484,deepseek_formal,C1,canonical,1,4,33,reserve_commitment_update,hard,autumn,san_diego,5,91,22.75,300.0,250.0,50.0,50.0,canonical_higher,50.0,True,e6ff459ebc86a128b3e37b46d41efd52eedbe5c955acf3d20dfbf99a33fb2557,0.0,True,False,False,False,False,False,False,0.0,0.0,False,0.0,0.0,False,0.0,0.0,False,0.0,0.0,True,25.0,-25.0,0,0.0,True,False,463.25377428836566,False,0.0,0.0,False,0.0,0.0,False,0.0,0.0,False,0.0,0.0,True,25.0,-25.0,0,0.0,True,False,463.25377428836566,deepseek-v4-flash,fp_a18b46594c_prod0820_fp8_kvcache_20260402,7d5b370c7f1b9c5cfd269be590d5c7e19225fb85feaa6170f1289078def1baa4,a630f9776d5568241b6709b61151a2607ef1b27f8d90bd4212b25208890edb4b,1,1.008049,2026-08-13T06:55:33.223842+00:00,2026-08-13T06:55:34.231891+00:00,1786604133.223842,1786604134.231891
F1,e2bv2_aeeef828263653af0df7,v2e2_01647af4ab413aad9430,deepseek_formal,C1,canonical,1,1,53,power_limit_derating,hard,winter,sacramento,5,91,22.75,175.0,250.0,-75.0,75.0,canonical_lower,75.0,True,e6ff459ebc86a128b3e37b46d41efd52eedbe5c955acf3d20dfbf99a33fb2557,0.0,True,False,False,False,False,False,False,0.0,0.0,False,0.0,0.0,False,0.0,0.0,False,0.0,0.0,True,150.0,-150.0,0,0.0,True,False,698.3381376210949,False,0.0,0.0,False,0.0,0.0,False,0.0,0.0,False,0.0,0.0,True,150.0,-150.0,0,0.0,True,False,698.3381376210949,deepseek-v4-flash,fp_a18b46594c_prod0820_fp8_kvcache_20260402,cd94ddfefbc2b632642e6b4267ec47ee9ebaa9229ca5cd400e149893650a67c7,575a4095e0f5b8062e0b064ba2f1ef2cfbfeedfb87bd3dbbc867049b65371dcd,1,1.098249,2026-08-13T06:55:50.547044+00:00,2026-08-13T06:55:51.645293+00:00,1786604150.547044,1786604151.645293
F1,e2bv2_aeeef828263653af0df7,v2e2_01647af4ab413aad9430,deepseek_formal,S1,stale,1,2,53,power_limit_derating,hard,winter,sacramento,5,91,22.75,175.0,250.0,-75.0,75.0,canonical_lower,75.0,True,e6ff459ebc86a128b3e37b46d41efd52eedbe5c955acf3d20dfbf99a33fb2557,0.0,True,False,False,False,False,False,False,0.0,0.0,False,0.0,0.0,False,0.0,0.0,False,0.0,0.0,True,75.0,-75.0,0,0.0,True,False,698.3381376210949,False,0.0,0.0,False,0.0,0.0,False,0.0,0.0,False,0.0,0.0,True,150.0,-150.0,0,0.0,True,False,698.3381376210949,deepseek-v4-flash,fp_a18b46594c_prod0820_fp8_kvcache_20260402,ee16c72384f956ac3fafe52c2b6c7b98368973d787b0bd248c103e5961d43942,fe09387ca951617023a65b6fd7f1566df06a1b244761046f57a02ccc3371172f,1,1.695067,2026-08-13T06:55:51.673564+00:00,2026-08-13T06:55:53.368631+00:00,1786604151.673564,1786604153.368631
F1,e2bv2_aeeef828263653af0df7,v2e2_01647af4ab413aad9430,deepseek_formal,C2,canonical,2,3,53,power_limit_derating,hard,winter,sacramento,5,91,22.75,175.0,250.0,-75.0,75.0,canonical_lower,75.0,True,e6ff459ebc86a128b3e37b46d41efd52eedbe5c955acf3d20dfbf99a33fb2557,0.0,True,False,False,False,False,False,False,0.0,0.0,False,0.0,0.0,False,0.0,0.0,False,0.0,0.0,True,150.0,-150.0,0,0.0,True,False,698.3381376210949,False,0.0,0.0,False,0.0,0.0,False,0.0,0.0,False,0.0,0.0,True,150.0,-150.0,0,0.0,True,False,698.3381376210949,deepseek-v4-flash,fp_a18b46594c_prod0820_fp8_kvcache_20260402,cd94ddfefbc2b632642e6b4267ec47ee9ebaa9229ca5cd400e149893650a67c7,575a4095e0f5b8062e0b064ba2f1ef2cfbfeedfb87bd3dbbc867049b65371dcd,1,1.361148,2026-08-13T06:55:53.393696+00:00,2026-08-13T06:55:54.754844+00:00,1786604153.393696,1786604154.754844
F1,e2bv2_aeeef828263653af0df7,v2e2_01647af4ab413aad9430,deepseek_formal,S2,stale,2,4,53,power_limit_derating,hard,winter,sacramento,5,91,22.75,175.0,250.0,-75.0,75.0,canonical_lower,75.0,True,e6ff459ebc86a128b3e37b46d41efd52eedbe5c955acf3d20dfbf99a33fb2557,0.0,True,False,False,False,False,False,False,0.0,0.0,False,0.0,0.0,False,0.0,0.0,False,0.0,0.0,True,75.0,-75.0,0,0.0,True,False,698.3381376210949,False,0.0,0.0,False,0.0,0.0,False,0.0,0.0,False,0.0,0.0,True,150.0,-150.0,0,0.0,True,False,698.3381376210949,deepseek-v4-flash,fp_a18b46594c_prod0820_fp8_kvcache_20260402,ee16c72384f956ac3fafe52c2b6c7b98368973d787b0bd248c103e5961d43942,fe09387ca951617023a65b6fd7f1566df06a1b244761046f57a02ccc3371172f,1,1.358822,2026-08-13T06:55:54.791614+00:00,2026-08-13T06:55:56.150436+00:00,1786604154.791614,1786604156.150436
F1,e2bv2_b24c0acf9fe87fa8ba9d,v2e2_16c288d882ac6a326385,qwen_flash,C1,canonical,1,1,110,battery_capacity_derating,easy,spring,fresno,4,92,23.0,200.0,250.0,-50.0,50.0,canonical_lower,50.0,True,01835ca016b6607eda94cb8ff102b2cad69b4a1cb53b69f7d0ebcbc5963fd2b6,3450.0,False,True,True,True,False,False,False,0.0,0.0,True,3506.578947368417,157506.5789473683,False,0.0,0.0,False,0.0,0.0,True,3756.578947368417,-3756.578947368417,89,157506.5789473683,False,False,272.3544800169227,False,0.0,0.0,True,3506.578947368417,157506.5789473683,False,0.0,0.0,False,0.0,0.0,True,3756.578947368417,-3756.578947368417,89,157506.5789473683,False,False,272.3544800169227,qwen3.6-flash-2026-04-16,,f8528e3a094e13659d0d81703d7603f7be376948c3cbf91f2df873463a2ad4df,6c558d98380b2731bfb0a69507d26774ceffe9c9c623fbc8b49c802583fbc1fc,1,1.541052,2026-08-13T06:57:04.115457+00:00,2026-08-13T06:57:05.656509+00:00,1786604224.115457,1786604225.656509
F1,e2bv2_b24c0acf9fe87fa8ba9d,v2e2_16c288d882ac6a326385,qwen_flash,S1,stale,1,2,110,battery_capacity_derating,easy,spring,fresno,4,92,23.0,200.0,250.0,-50.0,50.0,canonical_lower,50.0,True,01835ca016b6607eda94cb8ff102b2cad69b4a1cb53b69f7d0ebcbc5963fd2b6,3450.0,False,True,True,True,False,False,False,0.0,0.0,True,3456.578947368417,153073.6842105262,False,0.0,0.0,False,0.0,0.0,True,3706.578947368417,-3706.578947368417,88,153073.68421052623,False,False,272.3544800169227,False,0.0,0.0,True,3506.578947368417,157506.5789473683,False,0.0,0.0,False,0.0,0.0,True,3756.578947368417,-3756.578947368417,89,157506.5789473683,False,False,272.3544800169227,qwen3.6-flash-2026-04-16,,c0a6244032f8bea3bb3f20b9d272b1187f96c45c1c626ad50aebd10c7ce1ed43,64bae347df355ea9f139859f8a2768a8a04d3353dc499117a3b9f00233af2314,1,1.015309,2026-08-13T06:57:05.682879+00:00,2026-08-13T06:57:06.698188+00:00,1786604225.682879,1786604226.698188
F1,e2bv2_b24c0acf9fe87fa8ba9d,v2e2_16c288d882ac6a326385,qwen_flash,C2,canonical,2,3,110,battery_capacity_derating,easy,spring,fresno,4,92,23.0,200.0,250.0,-50.0,50.0,canonical_lower,50.0,True,01835ca016b6607eda94cb8ff102b2cad69b4a1cb53b69f7d0ebcbc5963fd2b6,3450.0,False,True,True,True,False,False,False,0.0,0.0,True,3506.578947368417,157506.5789473683,False,0.0,0.0,False,0.0,0.0,True,3756.578947368417,-3756.578947368417,89,157506.5789473683,False,False,272.3544800169227,False,0.0,0.0,True,3506.578947368417,157506.5789473683,False,0.0,0.0,False,0.0,0.0,True,3756.578947368417,-3756.578947368417,89,157506.5789473683,False,False,272.3544800169227,qwen3.6-flash-2026-04-16,,f8528e3a094e13659d0d81703d7603f7be376948c3cbf91f2df873463a2ad4df,6c558d98380b2731bfb0a69507d26774ceffe9c9c623fbc8b49c802583fbc1fc,1,1.219392,2026-08-13T06:57:06.725177+00:00,2026-08-13T06:57:07.944569+00:00,1786604226.725177,1786604227.944569
F1,e2bv2_b24c0acf9fe87fa8ba9d,v2e2_16c288d882ac6a326385,qwen_flash,S2,stale,2,4,110,battery_capacity_derating,easy,spring,fresno,4,92,23.0,200.0,250.0,-50.0,50.0,canonical_lower,50.0,True,01835ca016b6607eda94cb8ff102b2cad69b4a1cb53b69f7d0ebcbc5963fd2b6,3450.0,False,True,True,True,False,False,False,0.0,0.0,True,3456.578947368417,153073.6842105262,False,0.0,0.0,False,0.0,0.0,True,3706.578947368417,-3706.578947368417,88,153073.68421052623,False,False,272.3544800169227,False,0.0,0.0,True,3506.578947368417,157506.5789473683,False,0.0,0.0,False,0.0,0.0,True,3756.578947368417,-3756.578947368417,89,157506.5789473683,False,False,272.3544800169227,qwen3.6-flash-2026-04-16,,c0a6244032f8bea3bb3f20b9d272b1187f96c45c1c626ad50aebd10c7ce1ed43,64bae347df355ea9f139859f8a2768a8a04d3353dc499117a3b9f00233af2314,1,1.613822,2026-08-13T06:57:07.972699+00:00,2026-08-13T06:57:09.586521+00:00,1786604227.972699,1786604229.586521
F1,e2bv2_b68636258896ed3a0c91,v2e2_a66e250328b3cef2064f,qwen_flash,S1,stale,1,1,119,reserve_commitment_update,medium,spring,fresno,5,91,22.75,350.0,250.0,100.0,100.0,canonical_higher,100.0,True,359431def63e4accc9a1d47633a3ddb3ca4424654a7c667dd1cfd15872376319,5687.5,False,True,True,True,False,False,False,0.0,0.0,True,5896.842105263164,267228.9473684211,False,0.0,0.0,True,193.83516300000002,725.26110975,True,6061.842105263164,-6061.842105263164,90,267954.2084781712,False,False,51.45783854092805,False,0.0,0.0,True,5796.842105263164,258287.36842105273,False,0.0,0.0,True,193.83516300000002,725.26110975,True,5961.842105263164,-5961.842105263164,89,259012.62953080275,False,False,51.45783854092805,qwen3.6-flash-2026-04-16,,80182aa6543ca86fc4318def5aa30f47e1702443e7038dd2c03856a4b90c2a71,1eadb4de5295fb3121330a07265846b01f4049284c352bb8bd2945854d1b6641,1,0.994506,2026-08-13T06:57:14.625424+00:00,2026-08-13T06:57:15.619930+00:00,1786604234.625424,1786604235.61993
F1,e2bv2_b68636258896ed3a0c91,v2e2_a66e250328b3cef2064f,qwen_flash,C2,canonical,2,2,119,reserve_commitment_update,medium,spring,fresno,5,91,22.75,350.0,250.0,100.0,100.0,canonical_higher,100.0,True,359431def63e4accc9a1d47633a3ddb3ca4424654a7c667dd1cfd15872376319,5687.5,False,True,True,True,False,False,False,0.0,0.0,True,5796.842105263164,258287.36842105273,False,0.0,0.0,True,193.83516300000002,725.26110975,True,5961.842105263164,-5961.842105263164,89,259012.62953080275,False,False,51.45783854092805,False,0.0,0.0,True,5796.842105263164,258287.36842105273,False,0.0,0.0,True,193.83516300000002,725.26110975,True,5961.842105263164,-5961.842105263164,89,259012.62953080275,False,False,51.45783854092805,qwen3.6-flash-2026-04-16,,104b08ce18c6edf31605c22ebdc6f48efc24ee0ebd57df279aeaa9d17ec94d07,c59a0eadd63ceb9c15ca3fb5aecce889322841e816ef387f59f653a2ddae1a4b,1,0.904277,2026-08-13T06:57:15.645121+00:00,2026-08-13T06:57:16.549398+00:00,1786604235.645121,1786604236.549398
F1,e2bv2_b68636258896ed3a0c91,v2e2_a66e250328b3cef2064f,qwen_flash,S2,stale,2,3,119,reserve_commitment_update,medium,spring,fresno,5,91,22.75,350.0,250.0,100.0,100.0,canonical_higher,100.0,True,359431def63e4accc9a1d47633a3ddb3ca4424654a7c667dd1cfd15872376319,5687.5,False,True,True,True,False,False,False,0.0,0.0,True,5896.842105263164,267228.9473684211,False,0.0,0.0,True,193.83516300000002,725.26110975,True,6061.842105263164,-6061.842105263164,90,267954.2084781712,False,False,51.45783854092805,False,0.0,0.0,True,5796.842105263164,258287.36842105273,False,0.0,0.0,True,193.83516300000002,725.26110975,True,5961.842105263164,-5961.842105263164,89,259012.62953080275,False,False,51.45783854092805,qwen3.6-flash-2026-04-16,,80182aa6543ca86fc4318def5aa30f47e1702443e7038dd2c03856a4b90c2a71,1eadb4de5295fb3121330a07265846b01f4049284c352bb8bd2945854d1b6641,1,0.444656,2026-08-13T06:57:16.577557+00:00,2026-08-13T06:57:17.022213+00:00,1786604236.577557,1786604237.022213
F1,e2bv2_b68636258896ed3a0c91,v2e2_a66e250328b3cef2064f,qwen_flash,C1,canonical,1,4,119,reserve_commitment_update,medium,spring,fresno,5,91,22.75,350.0,250.0,100.0,100.0,canonical_higher,100.0,True,359431def63e4accc9a1d47633a3ddb3ca4424654a7c667dd1cfd15872376319,5687.5,False,True,True,True,False,False,False,0.0,0.0,True,5796.842105263164,258287.36842105273,False,0.0,0.0,True,193.83516300000002,725.26110975,True,5961.842105263164,-5961.842105263164,89,259012.62953080275,False,False,51.45783854092805,False,0.0,0.0,True,5796.842105263164,258287.36842105273,False,0.0,0.0,True,193.83516300000002,725.26110975,True,5961.842105263164,-5961.842105263164,89,259012.62953080275,False,False,51.45783854092805,qwen3.6-flash-2026-04-16,,104b08ce18c6edf31605c22ebdc6f48efc24ee0ebd57df279aeaa9d17ec94d07,c59a0eadd63ceb9c15ca3fb5aecce889322841e816ef387f59f653a2ddae1a4b,1,0.974259,2026-08-13T06:57:17.049125+00:00,2026-08-13T06:57:18.023384+00:00,1786604237.049125,1786604238.023384
F1,e2bv2_b9a034cfca44742fe81f,v2e2_eeaa2f40bad66efc8c57,deepseek_formal,S2,stale,2,1,103,power_limit_derating,easy,winter,los_angeles,5,91,22.75,150.0,250.0,-100.0,100.0,canonical_lower,100.0,True,e6ff459ebc86a128b3e37b46d41efd52eedbe5c955acf3d20dfbf99a33fb2557,0.0,True,False,False,False,False,False,False,0.0,0.0,False,0.0,0.0,False,0.0,0.0,False,0.0,0.0,True,75.0,-75.0,0,0.0,True,False,305.31900279255495,False,0.0,0.0,False,0.0,0.0,False,0.0,0.0,False,0.0,0.0,True,175.0,-175.0,0,0.0,True,False,305.31900279255495,deepseek-v4-flash,fp_a18b46594c_prod0820_fp8_kvcache_20260402,30a1a4841a7bcc3c3f047be992775fe5a4ed67c8252d32d8e99f51fe0bb8901c,7ba10fb6d89573d57d14dcaa696641a008dfc15eefb3494a542f41224a8b51b3,1,2.319092,2026-08-13T06:56:55.419972+00:00,2026-08-13T06:56:57.739064+00:00,1786604215.419972,1786604217.739064
F1,e2bv2_b9a034cfca44742fe81f,v2e2_eeaa2f40bad66efc8c57,deepseek_formal,C1,canonical,1,2,103,power_limit_derating,easy,winter,los_angeles,5,91,22.75,150.0,250.0,-100.0,100.0,canonical_lower,100.0,True,e6ff459ebc86a128b3e37b46d41efd52eedbe5c955acf3d20dfbf99a33fb2557,0.0,True,False,False,False,False,False,False,0.0,0.0,False,0.0,0.0,False,0.0,0.0,False,0.0,0.0,True,175.0,-175.0,0,0.0,True,False,305.31900279255495,False,0.0,0.0,False,0.0,0.0,False,0.0,0.0,False,0.0,0.0,True,175.0,-175.0,0,0.0,True,False,305.31900279255495,deepseek-v4-flash,fp_a18b46594c_prod0820_fp8_kvcache_20260402,8bc53c95320f4dd49b082d6020a5979019eb6e359f207c6d9c7ca3dcbc603adf,6b51ef58cded171d8488458d7fbaf36b59a6199a3698285ecea0f66be0f7c580,1,1.982064,2026-08-13T06:56:57.766369+00:00,2026-08-13T06:56:59.748433+00:00,1786604217.766369,1786604219.748433
F1,e2bv2_b9a034cfca44742fe81f,v2e2_eeaa2f40bad66efc8c57,deepseek_formal,S1,stale,1,3,103,power_limit_derating,easy,winter,los_angeles,5,91,22.75,150.0,250.0,-100.0,100.0,canonical_lower,100.0,True,e6ff459ebc86a128b3e37b46d41efd52eedbe5c955acf3d20dfbf99a33fb2557,0.0,True,False,False,False,False,False,False,0.0,0.0,False,0.0,0.0,False,0.0,0.0,False,0.0,0.0,True,75.0,-75.0,0,0.0,True,False,305.31900279255495,False,0.0,0.0,False,0.0,0.0,False,0.0,0.0,False,0.0,0.0,True,175.0,-175.0,0,0.0,True,False,305.31900279255495,deepseek-v4-flash,fp_a18b46594c_prod0820_fp8_kvcache_20260402,30a1a4841a7bcc3c3f047be992775fe5a4ed67c8252d32d8e99f51fe0bb8901c,7ba10fb6d89573d57d14dcaa696641a008dfc15eefb3494a542f41224a8b51b3,1,1.236454,2026-08-13T06:56:59.773894+00:00,2026-08-13T06:57:01.010348+00:00,1786604219.773894,1786604221.010348
F1,e2bv2_b9a034cfca44742fe81f,v2e2_eeaa2f40bad66efc8c57,deepseek_formal,C2,canonical,2,4,103,power_limit_derating,easy,winter,los_angeles,5,91,22.75,150.0,250.0,-100.0,100.0,canonical_lower,100.0,True,e6ff459ebc86a128b3e37b46d41efd52eedbe5c955acf3d20dfbf99a33fb2557,0.0,True,False,False,False,False,False,False,0.0,0.0,False,0.0,0.0,False,0.0,0.0,False,0.0,0.0,True,175.0,-175.0,0,0.0,True,False,305.31900279255495,False,0.0,0.0,False,0.0,0.0,False,0.0,0.0,False,0.0,0.0,True,175.0,-175.0,0,0.0,True,False,305.31900279255495,deepseek-v4-flash,fp_a18b46594c_prod0820_fp8_kvcache_20260402,8bc53c95320f4dd49b082d6020a5979019eb6e359f207c6d9c7ca3dcbc603adf,6b51ef58cded171d8488458d7fbaf36b59a6199a3698285ecea0f66be0f7c580,1,1.785685,2026-08-13T06:57:01.036532+00:00,2026-08-13T06:57:02.822217+00:00,1786604221.036532,1786604222.822217
F1,e2bv2_ba453444ee63f6532431,v2e2_b7e962716394d888d563,qwen_flash,C2,canonical,2,1,117,forecast_revision,easy,autumn,sacramento,5,91,22.75,150.0,250.0,-100.0,100.0,canonical_lower,100.0,True,359431def63e4accc9a1d47633a3ddb3ca4424654a7c667dd1cfd15872376319,5687.5,False,True,True,True,False,False,False,0.0,0.0,True,5911.842105263165,268578.9473684211,False,0.0,0.0,True,17.490355000000022,8.286225000000002,True,6161.842105263165,-6161.842105263165,90,268587.2335934211,False,False,215.42679507624064,False,0.0,0.0,True,5911.842105263165,268578.9473684211,False,0.0,0.0,True,17.490355000000022,8.286225000000002,True,6161.842105263165,-6161.842105263165,90,268587.2335934211,False,False,215.42679507624064,qwen3.6-flash-2026-04-16,,03af9d72aa8ede96a38f73a4efdcb6d9a8213debd1e3d469dbccae2a38c1bf03,d31f28fd35402d48c813ea5105a140533f722516b8af8f085ea132061f93a75d,1,1.304408,2026-08-13T06:57:13.827215+00:00,2026-08-13T06:57:15.131623+00:00,1786604233.827215,1786604235.131623
F1,e2bv2_ba453444ee63f6532431,v2e2_b7e962716394d888d563,qwen_flash,S2,stale,2,2,117,forecast_revision,easy,autumn,sacramento,5,91,22.75,150.0,250.0,-100.0,100.0,canonical_lower,100.0,True,359431def63e4accc9a1d47633a3ddb3ca4424654a7c667dd1cfd15872376319,5687.5,False,True,True,True,False,False,False,0.0,0.0,True,5811.842105263164,259622.36842105273,False,0.0,0.0,True,17.490355000000022,8.286225000000002,True,6061.842105263164,-6061.842105263164,89,259630.65464605266,False,False,215.42679507624064,False,0.0,0.0,True,5911.842105263165,268578.9473684211,False,0.0,0.0,True,17.490355000000022,8.286225000000002,True,6161.842105263165,-6161.842105263165,90,268587.2335934211,False,False,215.42679507624064,qwen3.6-flash-2026-04-16,,231d98336d163e414b9b628d16a6c7fc0a0908f1f366ac3f391b14626ccbad73,a3d7a15f2b0d8c7e0b3bc34ea3e7031059c9ec872c90ed528c3f0e7bb3ddd070,1,1.027163,2026-08-13T06:57:15.156817+00:00,2026-08-13T06:57:16.183980+00:00,1786604235.156817,1786604236.18398
F1,e2bv2_ba453444ee63f6532431,v2e2_b7e962716394d888d563,qwen_flash,C1,canonical,1,3,117,forecast_revision,easy,autumn,sacramento,5,91,22.75,150.0,250.0,-100.0,100.0,canonical_lower,100.0,True,359431def63e4accc9a1d47633a3ddb3ca4424654a7c667dd1cfd15872376319,5687.5,False,True,True,True,False,False,False,0.0,0.0,True,5911.842105263165,268578.9473684211,False,0.0,0.0,True,17.490355000000022,8.286225000000002,True,6161.842105263165,-6161.842105263165,90,268587.2335934211,False,False,215.42679507624064,False,0.0,0.0,True,5911.842105263165,268578.9473684211,False,0.0,0.0,True,17.490355000000022,8.286225000000002,True,6161.842105263165,-6161.842105263165,90,268587.2335934211,False,False,215.42679507624064,qwen3.6-flash-2026-04-16,,03af9d72aa8ede96a38f73a4efdcb6d9a8213debd1e3d469dbccae2a38c1bf03,d31f28fd35402d48c813ea5105a140533f722516b8af8f085ea132061f93a75d,1,0.907466,2026-08-13T06:57:16.210643+00:00,2026-08-13T06:57:17.118109+00:00,1786604236.210643,1786604237.118109
F1,e2bv2_ba453444ee63f6532431,v2e2_b7e962716394d888d563,qwen_flash,S1,stale,1,4,117,forecast_revision,easy,autumn,sacramento,5,91,22.75,150.0,250.0,-100.0,100.0,canonical_lower,100.0,True,359431def63e4accc9a1d47633a3ddb3ca4424654a7c667dd1cfd15872376319,5687.5,False,True,True,True,False,False,False,0.0,0.0,True,5811.842105263164,259622.36842105273,False,0.0,0.0,True,17.490355000000022,8.286225000000002,True,6061.842105263164,-6061.842105263164,89,259630.65464605266,False,False,215.42679507624064,False,0.0,0.0,True,5911.842105263165,268578.9473684211,False,0.0,0.0,True,17.490355000000022,8.286225000000002,True,6161.842105263165,-6161.842105263165,90,268587.2335934211,False,False,215.42679507624064,qwen3.6-flash-2026-04-16,,231d98336d163e414b9b628d16a6c7fc0a0908f1f366ac3f391b14626ccbad73,a3d7a15f2b0d8c7e0b3bc34ea3e7031059c9ec872c90ed528c3f0e7bb3ddd070,1,0.480843,2026-08-13T06:57:17.146409+00:00,2026-08-13T06:57:17.627252+00:00,1786604237.146409,1786604237.627252
F1,e2bv2_bc3027bd46ee5949bf79,v2e2_eabe3c90461f173e872b,deepseek_formal,C2,canonical,2,1,1,battery_capacity_derating,easy,autumn,sacramento,6,90,22.5,150.0,250.0,-100.0,100.0,canonical_lower,100.0,True,fe2f74a1e0b16a66452888eb4d734bc455cf1304481bb495d59afa8cf9cae93b,0.0,True,False,False,False,False,False,False,0.0,0.0,False,0.0,0.0,False,0.0,0.0,False,0.0,0.0,True,175.0,-175.0,0,0.0,True,False,293.15412726006264,False,0.0,0.0,False,0.0,0.0,False,0.0,0.0,False,0.0,0.0,True,175.0,-175.0,0,0.0,True,False,293.15412726006264,deepseek-v4-flash,fp_a18b46594c_prod0820_fp8_kvcache_20260402,c06f1cde20b0c6b2d41b3ea3ca1234068f7c4552790f0e53564e717c9f1d4012,3aa254da951ac111360a39df44e4d2fc5cdf881e0ea81a5a798b4119ea32a716,1,45.113636,2026-08-13T06:54:45.584910+00:00,2026-08-13T06:55:30.698546+00:00,1786604085.58491,1786604130.698546
F1,e2bv2_bc3027bd46ee5949bf79,v2e2_eabe3c90461f173e872b,deepseek_formal,S2,stale,2,2,1,battery_capacity_derating,easy,autumn,sacramento,6,90,22.5,150.0,250.0,-100.0,100.0,canonical_lower,100.0,True,fe2f74a1e0b16a66452888eb4d734bc455cf1304481bb495d59afa8cf9cae93b,0.0,True,False,False,False,False,False,False,0.0,0.0,False,0.0,0.0,False,0.0,0.0,False,0.0,0.0,True,75.0,-75.0,0,0.0,True,False,293.15412726006264,False,0.0,0.0,False,0.0,0.0,False,0.0,0.0,False,0.0,0.0,True,175.0,-175.0,0,0.0,True,False,293.15412726006264,deepseek-v4-flash,fp_a18b46594c_prod0820_fp8_kvcache_20260402,e248035d85ff3cb010e3324ec72991c13ca52b17836cd0d7c132796e47381273,ca4bf9a01322340c13d8c05a3c9e1bb580f1df272ca664c64be82b6b58b43220,1,1.491825,2026-08-13T06:55:30.736425+00:00,2026-08-13T06:55:32.228250+00:00,1786604130.736425,1786604132.22825
F1,e2bv2_bc3027bd46ee5949bf79,v2e2_eabe3c90461f173e872b,deepseek_formal,C1,canonical,1,3,1,battery_capacity_derating,easy,autumn,sacramento,6,90,22.5,150.0,250.0,-100.0,100.0,canonical_lower,100.0,True,fe2f74a1e0b16a66452888eb4d734bc455cf1304481bb495d59afa8cf9cae93b,0.0,True,False,False,False,False,False,False,0.0,0.0,False,0.0,0.0,False,0.0,0.0,False,0.0,0.0,True,175.0,-175.0,0,0.0,True,False,293.15412726006264,False,0.0,0.0,False,0.0,0.0,False,0.0,0.0,False,0.0,0.0,True,175.0,-175.0,0,0.0,True,False,293.15412726006264,deepseek-v4-flash,fp_a18b46594c_prod0820_fp8_kvcache_20260402,c06f1cde20b0c6b2d41b3ea3ca1234068f7c4552790f0e53564e717c9f1d4012,3aa254da951ac111360a39df44e4d2fc5cdf881e0ea81a5a798b4119ea32a716,1,1.029457,2026-08-13T06:55:32.259690+00:00,2026-08-13T06:55:33.289147+00:00,1786604132.25969,1786604133.289147
F1,e2bv2_bc3027bd46ee5949bf79,v2e2_eabe3c90461f173e872b,deepseek_formal,S1,stale,1,4,1,battery_capacity_derating,easy,autumn,sacramento,6,90,22.5,150.0,250.0,-100.0,100.0,canonical_lower,100.0,True,fe2f74a1e0b16a66452888eb4d734bc455cf1304481bb495d59afa8cf9cae93b,0.0,True,False,False,False,False,False,False,0.0,0.0,False,0.0,0.0,False,0.0,0.0,False,0.0,0.0,True,75.0,-75.0,0,0.0,True,False,293.15412726006264,False,0.0,0.0,False,0.0,0.0,False,0.0,0.0,False,0.0,0.0,True,175.0,-175.0,0,0.0,True,False,293.15412726006264,deepseek-v4-flash,fp_a18b46594c_prod0820_fp8_kvcache_20260402,e248035d85ff3cb010e3324ec72991c13ca52b17836cd0d7c132796e47381273,ca4bf9a01322340c13d8c05a3c9e1bb580f1df272ca664c64be82b6b58b43220,1,3.589912,2026-08-13T06:55:33.317388+00:00,2026-08-13T06:55:36.907300+00:00,1786604133.317388,1786604136.9073
F1,e2bv2_c33c40c91f4db11dd9f8,v2e2_4029a98e7ae402335d31,deepseek_formal,C1,canonical,1,1,64,export_limit_update,medium,spring,fresno,4,92,23.0,175.0,250.0,-75.0,75.0,canonical_lower,75.0,True,c6c9b8650bdf333e657353246bc6f5b02f61950d8990935e2f0e38a63197c80c,0.0,True,False,False,False,False,False,False,0.0,0.0,False,0.0,0.0,False,0.0,0.0,False,0.0,0.0,True,150.0,-150.0,0,0.0,True,False,195.36137818501248,False,0.0,0.0,False,0.0,0.0,False,0.0,0.0,False,0.0,0.0,True,150.0,-150.0,0,0.0,True,False,195.36137818501248,deepseek-v4-flash,fp_a18b46594c_prod0820_fp8_kvcache_20260402,50018fe78f6fc101d672f7fde6f237f6198119051e800d9ea14b6f64252b7ad0,7242ee86e955a695760fd4b4ae3b4a736ca29f86950fcd078b7e87d9e6c23706,1,2.173973,2026-08-13T06:56:02.888088+00:00,2026-08-13T06:56:05.062061+00:00,1786604162.888088,1786604165.062061
F1,e2bv2_c33c40c91f4db11dd9f8,v2e2_4029a98e7ae402335d31,deepseek_formal,S1,stale,1,2,64,export_limit_update,medium,spring,fresno,4,92,23.0,175.0,250.0,-75.0,75.0,canonical_lower,75.0,True,c6c9b8650bdf333e657353246bc6f5b02f61950d8990935e2f0e38a63197c80c,0.0,True,False,False,False,False,False,False,0.0,0.0,False,0.0,0.0,False,0.0,0.0,False,0.0,0.0,True,75.0,-75.0,0,0.0,True,False,195.36137818501248,False,0.0,0.0,False,0.0,0.0,False,0.0,0.0,False,0.0,0.0,True,150.0,-150.0,0,0.0,True,False,195.36137818501248,deepseek-v4-flash,fp_a18b46594c_prod0820_fp8_kvcache_20260402,376f0bbc6488a1f7b011251e649dd30cfa12641fbe75fa4111eee49b465543e7,374dcf1c729ba7449432ae7de433ecf7baa5a13f5fa727c5e7edcd0e788edc65,1,1.310489,2026-08-13T06:56:05.097097+00:00,2026-08-13T06:56:06.407586+00:00,1786604165.097097,1786604166.407586
F1,e2bv2_c33c40c91f4db11dd9f8,v2e2_4029a98e7ae402335d31,deepseek_formal,C2,canonical,2,3,64,export_limit_update,medium,spring,fresno,4,92,23.0,175.0,250.0,-75.0,75.0,canonical_lower,75.0,True,c6c9b8650bdf333e657353246bc6f5b02f61950d8990935e2f0e38a63197c80c,0.0,True,False,False,False,False,False,False,0.0,0.0,False,0.0,0.0,False,0.0,0.0,False,0.0,0.0,True,150.0,-150.0,0,0.0,True,False,195.36137818501248,False,0.0,0.0,False,0.0,0.0,False,0.0,0.0,False,0.0,0.0,True,150.0,-150.0,0,0.0,True,False,195.36137818501248,deepseek-v4-flash,fp_a18b46594c_prod0820_fp8_kvcache_20260402,50018fe78f6fc101d672f7fde6f237f6198119051e800d9ea14b6f64252b7ad0,7242ee86e955a695760fd4b4ae3b4a736ca29f86950fcd078b7e87d9e6c23706,1,1.109562,2026-08-13T06:56:06.439814+00:00,2026-08-13T06:56:07.549376+00:00,1786604166.439814,1786604167.549376
F1,e2bv2_c33c40c91f4db11dd9f8,v2e2_4029a98e7ae402335d31,deepseek_formal,S2,stale,2,4,64,export_limit_update,medium,spring,fresno,4,92,23.0,175.0,250.0,-75.0,75.0,canonical_lower,75.0,True,c6c9b8650bdf333e657353246bc6f5b02f61950d8990935e2f0e38a63197c80c,0.0,True,False,False,False,False,False,False,0.0,0.0,False,0.0,0.0,False,0.0,0.0,False,0.0,0.0,True,75.0,-75.0,0,0.0,True,False,195.36137818501248,False,0.0,0.0,False,0.0,0.0,False,0.0,0.0,False,0.0,0.0,True,150.0,-150.0,0,0.0,True,False,195.36137818501248,deepseek-v4-flash,fp_a18b46594c_prod0820_fp8_kvcache_20260402,376f0bbc6488a1f7b011251e649dd30cfa12641fbe75fa4111eee49b465543e7,374dcf1c729ba7449432ae7de433ecf7baa5a13f5fa727c5e7edcd0e788edc65,1,1.382716,2026-08-13T06:56:07.575940+00:00,2026-08-13T06:56:08.958656+00:00,1786604167.57594,1786604168.958656
F1,e2bv2_c96bd416b4a37d66b6eb,v2e2_ac2a6bbea5f71d8219ff,deepseek_formal,C1,canonical,1,1,20,forecast_revision,medium,spring,sacramento,7,89,22.25,175.0,250.0,-75.0,75.0,canonical_lower,75.0,True,283de789c3f9ae6115e627ecb921b7b39bdaa1b82289eca5e60da0b76d07a502,0.0,True,False,False,False,False,False,False,0.0,0.0,False,0.0,0.0,False,0.0,0.0,False,0.0,0.0,True,150.0,-150.0,0,0.0,True,False,184.3101726306829,False,0.0,0.0,False,0.0,0.0,False,0.0,0.0,False,0.0,0.0,True,150.0,-150.0,0,0.0,True,False,184.3101726306829,deepseek-v4-flash,fp_a18b46594c_prod0820_fp8_kvcache_20260402,1957dab4e1c80c20d8a237a6cc022308fbafbb692ec13502292815401e0fbb36,40d0000951415c2980dc3ec77cfe5442e8656734abd22673b9f3408267ac31f7,1,1.439807,2026-08-13T06:55:08.858621+00:00,2026-08-13T06:55:10.298428+00:00,1786604108.858621,1786604110.298428
F1,e2bv2_c96bd416b4a37d66b6eb,v2e2_ac2a6bbea5f71d8219ff,deepseek_formal,S1,stale,1,2,20,forecast_revision,medium,spring,sacramento,7,89,22.25,175.0,250.0,-75.0,75.0,canonical_lower,75.0,True,283de789c3f9ae6115e627ecb921b7b39bdaa1b82289eca5e60da0b76d07a502,0.0,True,False,False,False,False,False,False,0.0,0.0,False,0.0,0.0,False,0.0,0.0,False,0.0,0.0,True,75.0,-75.0,0,0.0,True,False,184.3101726306829,False,0.0,0.0,False,0.0,0.0,False,0.0,0.0,False,0.0,0.0,True,150.0,-150.0,0,0.0,True,False,184.3101726306829,deepseek-v4-flash,fp_a18b46594c_prod0820_fp8_kvcache_20260402,f57c9d2cd127fa9502116eff8919cbd6e61e6a4f8eb856c0a4e42dd1ade0c57a,b6ba83a81b2886c940f992022bad8c927974eec9bf3455581b73438fd50e6366,1,0.954327,2026-08-13T06:55:10.331647+00:00,2026-08-13T06:55:11.285974+00:00,1786604110.331647,1786604111.285974
F1,e2bv2_c96bd416b4a37d66b6eb,v2e2_ac2a6bbea5f71d8219ff,deepseek_formal,C2,canonical,2,3,20,forecast_revision,medium,spring,sacramento,7,89,22.25,175.0,250.0,-75.0,75.0,canonical_lower,75.0,True,283de789c3f9ae6115e627ecb921b7b39bdaa1b82289eca5e60da0b76d07a502,0.0,True,False,False,False,False,False,False,0.0,0.0,False,0.0,0.0,False,0.0,0.0,False,0.0,0.0,True,150.0,-150.0,0,0.0,True,False,184.3101726306829,False,0.0,0.0,False,0.0,0.0,False,0.0,0.0,False,0.0,0.0,True,150.0,-150.0,0,0.0,True,False,184.3101726306829,deepseek-v4-flash,fp_a18b46594c_prod0820_fp8_kvcache_20260402,1957dab4e1c80c20d8a237a6cc022308fbafbb692ec13502292815401e0fbb36,40d0000951415c2980dc3ec77cfe5442e8656734abd22673b9f3408267ac31f7,1,0.980707,2026-08-13T06:55:11.321944+00:00,2026-08-13T06:55:12.302651+00:00,1786604111.321944,1786604112.302651
F1,e2bv2_c96bd416b4a37d66b6eb,v2e2_ac2a6bbea5f71d8219ff,deepseek_formal,S2,stale,2,4,20,forecast_revision,medium,spring,sacramento,7,89,22.25,175.0,250.0,-75.0,75.0,canonical_lower,75.0,True,283de789c3f9ae6115e627ecb921b7b39bdaa1b82289eca5e60da0b76d07a502,0.0,True,False,False,False,False,False,False,0.0,0.0,False,0.0,0.0,False,0.0,0.0,False,0.0,0.0,True,75.0,-75.0,0,0.0,True,False,184.3101726306829,False,0.0,0.0,False,0.0,0.0,False,0.0,0.0,False,0.0,0.0,True,150.0,-150.0,0,0.0,True,False,184.3101726306829,deepseek-v4-flash,fp_a18b46594c_prod0820_fp8_kvcache_20260402,f57c9d2cd127fa9502116eff8919cbd6e61e6a4f8eb856c0a4e42dd1ade0c57a,b6ba83a81b2886c940f992022bad8c927974eec9bf3455581b73438fd50e6366,1,1.118516,2026-08-13T06:55:12.334386+00:00,2026-08-13T06:55:13.452902+00:00,1786604112.334386,1786604113.452902
F1,e2bv2_cab59d28fc0a8167afa4,v2e2_07ecea8c63a586f9fa3b,qwen_flash,S1,stale,1,1,42,reserve_commitment_update,hard,spring,fresno,9,87,21.75,350.0,250.0,100.0,100.0,canonical_higher,100.0,True,946a0200415e46c93a4f795f5ff250a9d95b30c7769d3b292e727e8886e1d8b0,5437.5,False,True,True,True,False,False,False,0.0,0.0,True,5710.18421052632,250667.60526315792,False,0.0,0.0,False,0.0,0.0,True,5798.68421052632,-5798.68421052632,87,250667.60526315792,False,False,263.650177468151,False,0.0,0.0,True,5610.18421052632,242015.3157894737,False,0.0,0.0,False,0.0,0.0,True,5698.68421052632,-5698.68421052632,86,242015.3157894737,False,False,263.650177468151,qwen3.6-flash-2026-04-16,,11340ad322b45f30ae9f1ca21ec156c56ca94de6033549ceec7ba14caf5d7867,4e6ee93f1ca9b5202a9f67ce6451059077facbbabe901260ff167b943c938879,1,1.024086,2026-08-13T06:55:37.300698+00:00,2026-08-13T06:55:38.324784+00:00,1786604137.300698,1786604138.324784
F1,e2bv2_cab59d28fc0a8167afa4,v2e2_07ecea8c63a586f9fa3b,qwen_flash,C2,canonical,2,2,42,reserve_commitment_update,hard,spring,fresno,9,87,21.75,350.0,250.0,100.0,100.0,canonical_higher,100.0,True,946a0200415e46c93a4f795f5ff250a9d95b30c7769d3b292e727e8886e1d8b0,5437.5,False,True,True,True,False,False,False,0.0,0.0,True,5610.18421052632,242015.3157894737,False,0.0,0.0,False,0.0,0.0,True,5698.68421052632,-5698.68421052632,86,242015.3157894737,False,False,263.650177468151,False,0.0,0.0,True,5610.18421052632,242015.3157894737,False,0.0,0.0,False,0.0,0.0,True,5698.68421052632,-5698.68421052632,86,242015.3157894737,False,False,263.650177468151,qwen3.6-flash-2026-04-16,,52cf34b9c4bcb83dc567eeefd5dc59b5140d5d65a4c88088884d2c56db729f37,8c739ff0991c9b0d049a7d4b9fb598e2374fbcd900f99dd88abb8840ed9c8c46,1,1.082472,2026-08-13T06:55:38.362029+00:00,2026-08-13T06:55:39.444501+00:00,1786604138.362029,1786604139.444501
F1,e2bv2_cab59d28fc0a8167afa4,v2e2_07ecea8c63a586f9fa3b,qwen_flash,S2,stale,2,3,42,reserve_commitment_update,hard,spring,fresno,9,87,21.75,350.0,250.0,100.0,100.0,canonical_higher,100.0,True,946a0200415e46c93a4f795f5ff250a9d95b30c7769d3b292e727e8886e1d8b0,5437.5,False,True,True,True,False,False,False,0.0,0.0,True,5710.18421052632,250667.60526315792,False,0.0,0.0,False,0.0,0.0,True,5798.68421052632,-5798.68421052632,87,250667.60526315792,False,False,263.650177468151,False,0.0,0.0,True,5610.18421052632,242015.3157894737,False,0.0,0.0,False,0.0,0.0,True,5698.68421052632,-5698.68421052632,86,242015.3157894737,False,False,263.650177468151,qwen3.6-flash-2026-04-16,,11340ad322b45f30ae9f1ca21ec156c56ca94de6033549ceec7ba14caf5d7867,4e6ee93f1ca9b5202a9f67ce6451059077facbbabe901260ff167b943c938879,1,1.614509,2026-08-13T06:55:39.470745+00:00,2026-08-13T06:55:41.085254+00:00,1786604139.470745,1786604141.085254
F1,e2bv2_cab59d28fc0a8167afa4,v2e2_07ecea8c63a586f9fa3b,qwen_flash,C1,canonical,1,4,42,reserve_commitment_update,hard,spring,fresno,9,87,21.75,350.0,250.0,100.0,100.0,canonical_higher,100.0,True,946a0200415e46c93a4f795f5ff250a9d95b30c7769d3b292e727e8886e1d8b0,5437.5,False,True,True,True,False,False,False,0.0,0.0,True,5610.18421052632,242015.3157894737,False,0.0,0.0,False,0.0,0.0,True,5698.68421052632,-5698.68421052632,86,242015.3157894737,False,False,263.650177468151,False,0.0,0.0,True,5610.18421052632,242015.3157894737,False,0.0,0.0,False,0.0,0.0,True,5698.68421052632,-5698.68421052632,86,242015.3157894737,False,False,263.650177468151,qwen3.6-flash-2026-04-16,,52cf34b9c4bcb83dc567eeefd5dc59b5140d5d65a4c88088884d2c56db729f37,8c739ff0991c9b0d049a7d4b9fb598e2374fbcd900f99dd88abb8840ed9c8c46,1,1.021608,2026-08-13T06:55:41.111990+00:00,2026-08-13T06:55:42.133598+00:00,1786604141.11199,1786604142.133598
F1,e2bv2_ccd2f73e977e0f60938a,v2e2_1fd8536d13787e44dc17,qwen_flash,C2,canonical,2,1,115,battery_capacity_derating,easy,spring,fresno,6,90,22.5,350.0,250.0,100.0,100.0,canonical_higher,100.0,True,25585a42d3e84fc078b0e4cb5a0c2b83181d8e3ad3fa926f9a3e526fe5c105ba,5625.0,False,True,True,True,False,False,False,0.0,0.0,True,5646.052631578953,245100.00000000006,False,0.0,0.0,True,119.95235200000002,357.38196275000007,True,5896.052631578953,-5896.052631578953,86,245457.38196275005,False,False,159.45065539541326,False,0.0,0.0,True,5646.052631578953,245100.00000000006,False,0.0,0.0,True,119.95235200000002,357.38196275000007,True,5896.052631578953,-5896.052631578953,86,245457.38196275005,False,False,159.45065539541326,qwen3.6-flash-2026-04-16,,ae5fb65c62fb49cd4262f76835f5f7b6000542f977b03ea2947a487bd570a27c,809bbdff04398c74833eb796ab1b8388a34b9bda81d50f7ab69d3b0955c5a43d,1,1.580238,2026-08-13T06:57:09.585575+00:00,2026-08-13T06:57:11.165813+00:00,1786604229.585575,1786604231.165813
F1,e2bv2_ccd2f73e977e0f60938a,v2e2_1fd8536d13787e44dc17,qwen_flash,S2,stale,2,2,115,battery_capacity_derating,easy,spring,fresno,6,90,22.5,350.0,250.0,100.0,100.0,canonical_higher,100.0,True,25585a42d3e84fc078b0e4cb5a0c2b83181d8e3ad3fa926f9a3e526fe5c105ba,5625.0,False,True,True,True,False,False,False,0.0,0.0,True,5746.052631578953,253810.52631578955,False,0.0,0.0,True,119.95235200000002,357.38196275000007,True,5996.052631578953,-5996.052631578953,88,254167.90827853954,False,False,159.45065539541326,False,0.0,0.0,True,5646.052631578953,245100.00000000006,False,0.0,0.0,True,119.95235200000002,357.38196275000007,True,5896.052631578953,-5896.052631578953,86,245457.38196275005,False,False,159.45065539541326,qwen3.6-flash-2026-04-16,,8857e190252c6d1a0e02d33ae020df07a920a3106604a437a5664c7d77675557,028a27bf76257be07e68c3bfdea0edd8ec5e803e4d2b5dc0a8ea0072e0c90d20,1,0.968054,2026-08-13T06:57:11.192691+00:00,2026-08-13T06:57:12.160745+00:00,1786604231.192691,1786604232.160745
F1,e2bv2_ccd2f73e977e0f60938a,v2e2_1fd8536d13787e44dc17,qwen_flash,C1,canonical,1,3,115,battery_capacity_derating,easy,spring,fresno,6,90,22.5,350.0,250.0,100.0,100.0,canonical_higher,100.0,True,25585a42d3e84fc078b0e4cb5a0c2b83181d8e3ad3fa926f9a3e526fe5c105ba,5625.0,False,True,True,True,False,False,False,0.0,0.0,True,5646.052631578953,245100.00000000006,False,0.0,0.0,True,119.95235200000002,357.38196275000007,True,5896.052631578953,-5896.052631578953,86,245457.38196275005,False,False,159.45065539541326,False,0.0,0.0,True,5646.052631578953,245100.00000000006,False,0.0,0.0,True,119.95235200000002,357.38196275000007,True,5896.052631578953,-5896.052631578953,86,245457.38196275005,False,False,159.45065539541326,qwen3.6-flash-2026-04-16,,ae5fb65c62fb49cd4262f76835f5f7b6000542f977b03ea2947a487bd570a27c,809bbdff04398c74833eb796ab1b8388a34b9bda81d50f7ab69d3b0955c5a43d,1,0.895891,2026-08-13T06:57:12.185758+00:00,2026-08-13T06:57:13.081649+00:00,1786604232.185758,1786604233.081649
F1,e2bv2_ccd2f73e977e0f60938a,v2e2_1fd8536d13787e44dc17,qwen_flash,S1,stale,1,4,115,battery_capacity_derating,easy,spring,fresno,6,90,22.5,350.0,250.0,100.0,100.0,canonical_higher,100.0,True,25585a42d3e84fc078b0e4cb5a0c2b83181d8e3ad3fa926f9a3e526fe5c105ba,5625.0,False,True,True,True,False,False,False,0.0,0.0,True,5746.052631578953,253810.52631578955,False,0.0,0.0,True,119.95235200000002,357.38196275000007,True,5996.052631578953,-5996.052631578953,88,254167.90827853954,False,False,159.45065539541326,False,0.0,0.0,True,5646.052631578953,245100.00000000006,False,0.0,0.0,True,119.95235200000002,357.38196275000007,True,5896.052631578953,-5896.052631578953,86,245457.38196275005,False,False,159.45065539541326,qwen3.6-flash-2026-04-16,,8857e190252c6d1a0e02d33ae020df07a920a3106604a437a5664c7d77675557,028a27bf76257be07e68c3bfdea0edd8ec5e803e4d2b5dc0a8ea0072e0c90d20,1,1.516094,2026-08-13T06:57:13.110126+00:00,2026-08-13T06:57:14.626220+00:00,1786604233.110126,1786604234.62622
F1,e2bv2_cd25d067696014e32388,v2e2_a7c71f5aa3db3e32fdd1,deepseek_formal,C2,canonical,2,1,76,power_limit_derating,hard,spring,fresno,4,92,23.0,350.0,250.0,100.0,100.0,canonical_higher,100.0,True,c6c9b8650bdf333e657353246bc6f5b02f61950d8990935e2f0e38a63197c80c,0.0,True,False,False,False,False,False,False,0.0,0.0,False,0.0,0.0,False,0.0,0.0,False,0.0,0.0,True,25.0,25.0,0,0.0,True,False,373.2333631446023,False,0.0,0.0,False,0.0,0.0,False,0.0,0.0,False,0.0,0.0,True,25.0,25.0,0,0.0,True,False,373.2333631446023,deepseek-v4-flash,fp_a18b46594c_prod0820_fp8_kvcache_20260402,29fde8a925870b86ed6c643468c9fe870dc4cc2ef7819de605486e8ddafcef69,be105e5144c8d6e569fdb7e4fbfbbb0b6ca643def8756360ec0a9b4c84b4764f,1,2.631971,2026-08-13T06:56:17.112384+00:00,2026-08-13T06:56:19.744355+00:00,1786604177.112384,1786604179.744355
F1,e2bv2_cd25d067696014e32388,v2e2_a7c71f5aa3db3e32fdd1,deepseek_formal,S2,stale,2,2,76,power_limit_derating,hard,spring,fresno,4,92,23.0,350.0,250.0,100.0,100.0,canonical_higher,100.0,True,c6c9b8650bdf333e657353246bc6f5b02f61950d8990935e2f0e38a63197c80c,0.0,True,False,False,False,False,False,False,0.0,0.0,False,0.0,0.0,False,0.0,0.0,False,0.0,0.0,True,75.0,-75.0,0,0.0,True,False,373.2333631446023,False,0.0,0.0,False,0.0,0.0,False,0.0,0.0,False,0.0,0.0,True,25.0,25.0,0,0.0,True,False,373.2333631446023,deepseek-v4-flash,fp_a18b46594c_prod0820_fp8_kvcache_20260402,d45e4845521ec557834a3eacb2a521c4d21c561afd17f635f6729032da66daa2,1aaba845b369b5693022b125a9c6390646f407cbe7d5ba89e37f683e4fe0a3b8,1,2.278404,2026-08-13T06:56:19.773644+00:00,2026-08-13T06:56:22.052048+00:00,1786604179.773644,1786604182.052048
F1,e2bv2_cd25d067696014e32388,v2e2_a7c71f5aa3db3e32fdd1,deepseek_formal,C1,canonical,1,3,76,power_limit_derating,hard,spring,fresno,4,92,23.0,350.0,250.0,100.0,100.0,canonical_higher,100.0,True,c6c9b8650bdf333e657353246bc6f5b02f61950d8990935e2f0e38a63197c80c,0.0,True,False,False,False,False,False,False,0.0,0.0,False,0.0,0.0,False,0.0,0.0,False,0.0,0.0,True,25.0,25.0,0,0.0,True,False,373.2333631446023,False,0.0,0.0,False,0.0,0.0,False,0.0,0.0,False,0.0,0.0,True,25.0,25.0,0,0.0,True,False,373.2333631446023,deepseek-v4-flash,fp_a18b46594c_prod0820_fp8_kvcache_20260402,29fde8a925870b86ed6c643468c9fe870dc4cc2ef7819de605486e8ddafcef69,be105e5144c8d6e569fdb7e4fbfbbb0b6ca643def8756360ec0a9b4c84b4764f,1,2.319576,2026-08-13T06:56:22.078965+00:00,2026-08-13T06:56:24.398541+00:00,1786604182.078965,1786604184.398541
F1,e2bv2_cd25d067696014e32388,v2e2_a7c71f5aa3db3e32fdd1,deepseek_formal,S1,stale,1,4,76,power_limit_derating,hard,spring,fresno,4,92,23.0,350.0,250.0,100.0,100.0,canonical_higher,100.0,True,c6c9b8650bdf333e657353246bc6f5b02f61950d8990935e2f0e38a63197c80c,0.0,True,False,False,False,False,False,False,0.0,0.0,False,0.0,0.0,False,0.0,0.0,False,0.0,0.0,True,75.0,-75.0,0,0.0,True,False,373.2333631446023,False,0.0,0.0,False,0.0,0.0,False,0.0,0.0,False,0.0,0.0,True,25.0,25.0,0,0.0,True,False,373.2333631446023,deepseek-v4-flash,fp_a18b46594c_prod0820_fp8_kvcache_20260402,d45e4845521ec557834a3eacb2a521c4d21c561afd17f635f6729032da66daa2,1aaba845b369b5693022b125a9c6390646f407cbe7d5ba89e37f683e4fe0a3b8,1,2.716626,2026-08-13T06:56:24.424587+00:00,2026-08-13T06:56:27.141213+00:00,1786604184.424587,1786604187.141213
F1,e2bv2_cd8a18111aa5daa36f7f,v2e2_12b72852882928644d40,qwen_flash,C2,canonical,2,1,61,forecast_revision,easy,winter,los_angeles,10,86,21.5,300.0,250.0,50.0,50.0,canonical_higher,50.0,True,a2d5f6c102f602525d094603fd261fb6b0de0975e03693c3bc17a31a2d4021ca,5375.0,False,True,True,True,False,False,False,0.0,0.0,True,5432.8947368421095,227048.68421052632,False,0.0,0.0,True,77.18390000000005,211.89827199999996,True,5682.8947368421095,-5682.8947368421095,83,227260.58248252628,False,False,42.835069617322354,False,0.0,0.0,True,5432.8947368421095,227048.68421052632,False,0.0,0.0,True,77.18390000000005,211.89827199999996,True,5682.8947368421095,-5682.8947368421095,83,227260.58248252628,False,False,42.835069617322354,qwen3.6-flash-2026-04-16,,457aebfe1bd793ad5b1d2db9d005117d64f8a4fa4f6ea3fbe425459ab5ce3a50,285c9f1b37ad24379a633acd93505539d77ff7ace32c0c8e20de7576738280dc,1,1.252448,2026-08-13T06:55:58.625825+00:00,2026-08-13T06:55:59.878273+00:00,1786604158.625825,1786604159.878273
F1,e2bv2_cd8a18111aa5daa36f7f,v2e2_12b72852882928644d40,qwen_flash,S2,stale,2,2,61,forecast_revision,easy,winter,los_angeles,10,86,21.5,300.0,250.0,50.0,50.0,canonical_higher,50.0,True,a2d5f6c102f602525d094603fd261fb6b0de0975e03693c3bc17a31a2d4021ca,5375.0,False,True,True,True,False,False,False,0.0,0.0,True,5482.8947368421095,231221.05263157896,False,0.0,0.0,True,77.18390000000005,211.89827199999996,True,5732.8947368421095,-5732.8947368421095,84,231432.95090357892,False,False,42.835069617322354,False,0.0,0.0,True,5432.8947368421095,227048.68421052632,False,0.0,0.0,True,77.18390000000005,211.89827199999996,True,5682.8947368421095,-5682.8947368421095,83,227260.58248252628,False,False,42.835069617322354,qwen3.6-flash-2026-04-16,,f893e14fe8f910556fc1c88a32438e5dcd2ac189d7b1750a1fce92622945844c,4c34b36efb9661888f90407b496cf82ae0d13b6d52d4e6afd2119d52341af91e,1,0.973948,2026-08-13T06:55:59.933307+00:00,2026-08-13T06:56:00.907255+00:00,1786604159.933307,1786604160.907255
F1,e2bv2_cd8a18111aa5daa36f7f,v2e2_12b72852882928644d40,qwen_flash,C1,canonical,1,3,61,forecast_revision,easy,winter,los_angeles,10,86,21.5,300.0,250.0,50.0,50.0,canonical_higher,50.0,True,a2d5f6c102f602525d094603fd261fb6b0de0975e03693c3bc17a31a2d4021ca,5375.0,False,True,True,True,False,False,False,0.0,0.0,True,5432.8947368421095,227048.68421052632,False,0.0,0.0,True,77.18390000000005,211.89827199999996,True,5682.8947368421095,-5682.8947368421095,83,227260.58248252628,False,False,42.835069617322354,False,0.0,0.0,True,5432.8947368421095,227048.68421052632,False,0.0,0.0,True,77.18390000000005,211.89827199999996,True,5682.8947368421095,-5682.8947368421095,83,227260.58248252628,False,False,42.835069617322354,qwen3.6-flash-2026-04-16,,457aebfe1bd793ad5b1d2db9d005117d64f8a4fa4f6ea3fbe425459ab5ce3a50,285c9f1b37ad24379a633acd93505539d77ff7ace32c0c8e20de7576738280dc,1,1.503656,2026-08-13T06:56:00.936263+00:00,2026-08-13T06:56:02.439919+00:00,1786604160.936263,1786604162.439919
F1,e2bv2_cd8a18111aa5daa36f7f,v2e2_12b72852882928644d40,qwen_flash,S1,stale,1,4,61,forecast_revision,easy,winter,los_angeles,10,86,21.5,300.0,250.0,50.0,50.0,canonical_higher,50.0,True,a2d5f6c102f602525d094603fd261fb6b0de0975e03693c3bc17a31a2d4021ca,5375.0,False,True,True,True,False,False,False,0.0,0.0,True,5482.8947368421095,231221.05263157896,False,0.0,0.0,True,77.18390000000005,211.89827199999996,True,5732.8947368421095,-5732.8947368421095,84,231432.95090357892,False,False,42.835069617322354,False,0.0,0.0,True,5432.8947368421095,227048.68421052632,False,0.0,0.0,True,77.18390000000005,211.89827199999996,True,5682.8947368421095,-5682.8947368421095,83,227260.58248252628,False,False,42.835069617322354,qwen3.6-flash-2026-04-16,,f893e14fe8f910556fc1c88a32438e5dcd2ac189d7b1750a1fce92622945844c,4c34b36efb9661888f90407b496cf82ae0d13b6d52d4e6afd2119d52341af91e,1,1.677504,2026-08-13T06:56:02.465915+00:00,2026-08-13T06:56:04.143419+00:00,1786604162.465915,1786604164.143419
F1,e2bv2_cda454721173d31dd1af,v2e2_cd47662d04581b339960,deepseek_formal,S1,stale,1,1,72,power_limit_derating,medium,spring,los_angeles,6,90,22.5,200.0,250.0,-50.0,50.0,canonical_lower,50.0,True,fe2f74a1e0b16a66452888eb4d734bc455cf1304481bb495d59afa8cf9cae93b,0.0,True,False,False,False,False,False,False,0.0,0.0,False,0.0,0.0,False,0.0,0.0,False,0.0,0.0,True,75.0,-75.0,0,0.0,True,False,284.41488466953314,False,0.0,0.0,False,0.0,0.0,False,0.0,0.0,False,0.0,0.0,True,125.0,-125.0,0,0.0,True,False,284.41488466953314,deepseek-v4-flash,fp_a18b46594c_prod0820_fp8_kvcache_20260402,ee1435ec0cb60fb530095bc6f60ba6898c6be70d44cbf5146693336c7bd6db22,f11b2fb94957e0eb745cc4013d33ca6f8cf8ff96982e01a1b883bd53964d313d,1,1.593905,2026-08-13T06:56:12.007912+00:00,2026-08-13T06:56:13.601817+00:00,1786604172.007912,1786604173.601817
F1,e2bv2_cda454721173d31dd1af,v2e2_cd47662d04581b339960,deepseek_formal,C2,canonical,2,2,72,power_limit_derating,medium,spring,los_angeles,6,90,22.5,200.0,250.0,-50.0,50.0,canonical_lower,50.0,True,fe2f74a1e0b16a66452888eb4d734bc455cf1304481bb495d59afa8cf9cae93b,0.0,True,False,False,False,False,False,False,0.0,0.0,False,0.0,0.0,False,0.0,0.0,False,0.0,0.0,True,125.0,-125.0,0,0.0,True,False,284.41488466953314,False,0.0,0.0,False,0.0,0.0,False,0.0,0.0,False,0.0,0.0,True,125.0,-125.0,0,0.0,True,False,284.41488466953314,deepseek-v4-flash,fp_a18b46594c_prod0820_fp8_kvcache_20260402,0b56f6d245215c263d5023df395df4e3889dbc730b6024736a6a2bfd39649bd7,26dfc60be05417bd9a8c766bfcabb1844291d29c7dc5901d8da8ce83017845f0,1,1.109663,2026-08-13T06:56:13.631943+00:00,2026-08-13T06:56:14.741606+00:00,1786604173.631943,1786604174.741606
F1,e2bv2_cda454721173d31dd1af,v2e2_cd47662d04581b339960,deepseek_formal,S2,stale,2,3,72,power_limit_derating,medium,spring,los_angeles,6,90,22.5,200.0,250.0,-50.0,50.0,canonical_lower,50.0,True,fe2f74a1e0b16a66452888eb4d734bc455cf1304481bb495d59afa8cf9cae93b,0.0,True,False,False,False,False,False,False,0.0,0.0,False,0.0,0.0,False,0.0,0.0,False,0.0,0.0,True,75.0,-75.0,0,0.0,True,False,284.41488466953314,False,0.0,0.0,False,0.0,0.0,False,0.0,0.0,False,0.0,0.0,True,125.0,-125.0,0,0.0,True,False,284.41488466953314,deepseek-v4-flash,fp_a18b46594c_prod0820_fp8_kvcache_20260402,ee1435ec0cb60fb530095bc6f60ba6898c6be70d44cbf5146693336c7bd6db22,f11b2fb94957e0eb745cc4013d33ca6f8cf8ff96982e01a1b883bd53964d313d,1,1.457258,2026-08-13T06:56:14.767950+00:00,2026-08-13T06:56:16.225208+00:00,1786604174.76795,1786604176.225208
F1,e2bv2_cda454721173d31dd1af,v2e2_cd47662d04581b339960,deepseek_formal,C1,canonical,1,4,72,power_limit_derating,medium,spring,los_angeles,6,90,22.5,200.0,250.0,-50.0,50.0,canonical_lower,50.0,True,fe2f74a1e0b16a66452888eb4d734bc455cf1304481bb495d59afa8cf9cae93b,0.0,True,False,False,False,False,False,False,0.0,0.0,False,0.0,0.0,False,0.0,0.0,False,0.0,0.0,True,125.0,-125.0,0,0.0,True,False,284.41488466953314,False,0.0,0.0,False,0.0,0.0,False,0.0,0.0,False,0.0,0.0,True,125.0,-125.0,0,0.0,True,False,284.41488466953314,deepseek-v4-flash,fp_a18b46594c_prod0820_fp8_kvcache_20260402,0b56f6d245215c263d5023df395df4e3889dbc730b6024736a6a2bfd39649bd7,26dfc60be05417bd9a8c766bfcabb1844291d29c7dc5901d8da8ce83017845f0,1,1.157191,2026-08-13T06:56:16.250665+00:00,2026-08-13T06:56:17.407856+00:00,1786604176.250665,1786604177.407856
F1,e2bv2_d59d4b99214e88058150,v2e2_b7e962716394d888d563,deepseek_formal,C2,canonical,2,1,25,forecast_revision,easy,autumn,sacramento,5,91,22.75,150.0,250.0,-100.0,100.0,canonical_lower,100.0,True,e6ff459ebc86a128b3e37b46d41efd52eedbe5c955acf3d20dfbf99a33fb2557,0.0,True,False,False,False,False,False,False,0.0,0.0,False,0.0,0.0,False,0.0,0.0,False,0.0,0.0,True,175.0,-175.0,0,0.0,True,False,496.2207375762404,False,0.0,0.0,False,0.0,0.0,False,0.0,0.0,False,0.0,0.0,True,175.0,-175.0,0,0.0,True,False,496.2207375762404,deepseek-v4-flash,fp_a18b46594c_prod0820_fp8_kvcache_20260402,03af9d72aa8ede96a38f73a4efdcb6d9a8213debd1e3d469dbccae2a38c1bf03,4a907b5086ab451937e68600d68741ad4383ce988d383528f80ba3cd100f743e,1,3.286983,2026-08-13T06:55:18.468955+00:00,2026-08-13T06:55:21.755938+00:00,1786604118.468955,1786604121.755938
F1,e2bv2_d59d4b99214e88058150,v2e2_b7e962716394d888d563,deepseek_formal,S2,stale,2,2,25,forecast_revision,easy,autumn,sacramento,5,91,22.75,150.0,250.0,-100.0,100.0,canonical_lower,100.0,True,e6ff459ebc86a128b3e37b46d41efd52eedbe5c955acf3d20dfbf99a33fb2557,0.0,True,False,False,False,False,False,False,0.0,0.0,False,0.0,0.0,False,0.0,0.0,False,0.0,0.0,True,75.0,-75.0,0,0.0,True,False,496.2207375762404,False,0.0,0.0,False,0.0,0.0,False,0.0,0.0,False,0.0,0.0,True,175.0,-175.0,0,0.0,True,False,496.2207375762404,deepseek-v4-flash,fp_a18b46594c_prod0820_fp8_kvcache_20260402,231d98336d163e414b9b628d16a6c7fc0a0908f1f366ac3f391b14626ccbad73,49ae781abea5b09abe06add91f056a20ec91fe9d6e5fef129ac0c2d5b81b9b7f,1,3.35966,2026-08-13T06:55:21.790720+00:00,2026-08-13T06:55:25.150380+00:00,1786604121.79072,1786604125.15038
F1,e2bv2_d59d4b99214e88058150,v2e2_b7e962716394d888d563,deepseek_formal,C1,canonical,1,3,25,forecast_revision,easy,autumn,sacramento,5,91,22.75,150.0,250.0,-100.0,100.0,canonical_lower,100.0,True,e6ff459ebc86a128b3e37b46d41efd52eedbe5c955acf3d20dfbf99a33fb2557,0.0,True,False,False,False,False,False,False,0.0,0.0,False,0.0,0.0,False,0.0,0.0,False,0.0,0.0,True,175.0,-175.0,0,0.0,True,False,496.2207375762404,False,0.0,0.0,False,0.0,0.0,False,0.0,0.0,False,0.0,0.0,True,175.0,-175.0,0,0.0,True,False,496.2207375762404,deepseek-v4-flash,fp_a18b46594c_prod0820_fp8_kvcache_20260402,03af9d72aa8ede96a38f73a4efdcb6d9a8213debd1e3d469dbccae2a38c1bf03,4a907b5086ab451937e68600d68741ad4383ce988d383528f80ba3cd100f743e,1,1.488075,2026-08-13T06:55:25.177472+00:00,2026-08-13T06:55:26.665547+00:00,1786604125.177472,1786604126.665547
F1,e2bv2_d59d4b99214e88058150,v2e2_b7e962716394d888d563,deepseek_formal,S1,stale,1,4,25,forecast_revision,easy,autumn,sacramento,5,91,22.75,150.0,250.0,-100.0,100.0,canonical_lower,100.0,True,e6ff459ebc86a128b3e37b46d41efd52eedbe5c955acf3d20dfbf99a33fb2557,0.0,True,False,False,False,False,False,False,0.0,0.0,False,0.0,0.0,False,0.0,0.0,False,0.0,0.0,True,75.0,-75.0,0,0.0,True,False,496.2207375762404,False,0.0,0.0,False,0.0,0.0,False,0.0,0.0,False,0.0,0.0,True,175.0,-175.0,0,0.0,True,False,496.2207375762404,deepseek-v4-flash,fp_a18b46594c_prod0820_fp8_kvcache_20260402,231d98336d163e414b9b628d16a6c7fc0a0908f1f366ac3f391b14626ccbad73,49ae781abea5b09abe06add91f056a20ec91fe9d6e5fef129ac0c2d5b81b9b7f,1,1.146104,2026-08-13T06:55:26.692663+00:00,2026-08-13T06:55:27.838767+00:00,1786604126.692663,1786604127.838767
F1,e2bv2_d66afb532081a4b42cb0,v2e2_eefa2a6aa00281c6d0de,deepseek_formal,C1,canonical,1,1,15,battery_capacity_derating,easy,summer,fresno,6,90,22.5,300.0,250.0,50.0,50.0,canonical_higher,50.0,True,fe2f74a1e0b16a66452888eb4d734bc455cf1304481bb495d59afa8cf9cae93b,0.0,True,False,False,False,False,False,False,0.0,0.0,False,0.0,0.0,False,0.0,0.0,False,0.0,0.0,True,25.0,-25.0,0,0.0,True,False,646.8756886963805,False,0.0,0.0,False,0.0,0.0,False,0.0,0.0,False,0.0,0.0,True,25.0,-25.0,0,0.0,True,False,646.8756886963805,deepseek-v4-flash,fp_a18b46594c_prod0820_fp8_kvcache_20260402,18c05fe31a6ff85dbe88a71b8d516c7783473d20e93098b718d9879c83ad4aa7,fd95df000f19d98ea2a834654d2518c2119e44ad945c6bcfab5d471ecefdfa29,1,2.491496,2026-08-13T06:55:01.479493+00:00,2026-08-13T06:55:03.970989+00:00,1786604101.479493,1786604103.970989
F1,e2bv2_d66afb532081a4b42cb0,v2e2_eefa2a6aa00281c6d0de,deepseek_formal,S1,stale,1,2,15,battery_capacity_derating,easy,summer,fresno,6,90,22.5,300.0,250.0,50.0,50.0,canonical_higher,50.0,True,25585a42d3e84fc078b0e4cb5a0c2b83181d8e3ad3fa926f9a3e526fe5c105ba,5625.0,False,True,True,True,False,False,False,0.0,0.0,True,5746.052631578953,253810.52631578955,False,0.0,0.0,False,0.0,0.0,True,5996.052631578953,-5996.052631578953,88,253810.52631578952,False,False,259.7674086963805,False,0.0,0.0,True,5696.052631578953,249438.1578947369,False,0.0,0.0,False,0.0,0.0,True,5946.052631578953,-5946.052631578953,87,249438.15789473688,False,False,259.7674086963805,deepseek-v4-flash,fp_a18b46594c_prod0820_fp8_kvcache_20260402,f3cbf6457378b55cf894b7569a0fc9326279e3067a8c42525d53440cfc18e121,65d1f6a8301716669f3e356b4d6b3f44aa60b9d57f120285a7be202d63d8f499,1,8.374495,2026-08-13T06:55:04.000308+00:00,2026-08-13T06:55:12.374803+00:00,1786604104.000308,1786604112.374803
F1,e2bv2_d66afb532081a4b42cb0,v2e2_eefa2a6aa00281c6d0de,deepseek_formal,C2,canonical,2,3,15,battery_capacity_derating,easy,summer,fresno,6,90,22.5,300.0,250.0,50.0,50.0,canonical_higher,50.0,True,fe2f74a1e0b16a66452888eb4d734bc455cf1304481bb495d59afa8cf9cae93b,0.0,True,False,False,False,False,False,False,0.0,0.0,False,0.0,0.0,False,0.0,0.0,False,0.0,0.0,True,25.0,-25.0,0,0.0,True,False,646.8756886963805,False,0.0,0.0,False,0.0,0.0,False,0.0,0.0,False,0.0,0.0,True,25.0,-25.0,0,0.0,True,False,646.8756886963805,deepseek-v4-flash,fp_a18b46594c_prod0820_fp8_kvcache_20260402,18c05fe31a6ff85dbe88a71b8d516c7783473d20e93098b718d9879c83ad4aa7,fd95df000f19d98ea2a834654d2518c2119e44ad945c6bcfab5d471ecefdfa29,1,1.425036,2026-08-13T06:55:12.405191+00:00,2026-08-13T06:55:13.830227+00:00,1786604112.405191,1786604113.830227
F1,e2bv2_d66afb532081a4b42cb0,v2e2_eefa2a6aa00281c6d0de,deepseek_formal,S2,stale,2,4,15,battery_capacity_derating,easy,summer,fresno,6,90,22.5,300.0,250.0,50.0,50.0,canonical_higher,50.0,True,25585a42d3e84fc078b0e4cb5a0c2b83181d8e3ad3fa926f9a3e526fe5c105ba,5625.0,False,True,True,True,False,False,False,0.0,0.0,True,5746.052631578953,253810.52631578955,False,0.0,0.0,False,0.0,0.0,True,5996.052631578953,-5996.052631578953,88,253810.52631578952,False,False,259.7674086963805,False,0.0,0.0,True,5696.052631578953,249438.1578947369,False,0.0,0.0,False,0.0,0.0,True,5946.052631578953,-5946.052631578953,87,249438.15789473688,False,False,259.7674086963805,deepseek-v4-flash,fp_a18b46594c_prod0820_fp8_kvcache_20260402,f3cbf6457378b55cf894b7569a0fc9326279e3067a8c42525d53440cfc18e121,65d1f6a8301716669f3e356b4d6b3f44aa60b9d57f120285a7be202d63d8f499,1,7.980206,2026-08-13T06:55:13.857478+00:00,2026-08-13T06:55:21.837684+00:00,1786604113.857478,1786604121.837684
F1,e2bv2_d73f619db0513777829b,v2e2_47a354a03084871e0ca3,deepseek_formal,S1,stale,1,1,99,export_limit_update,medium,autumn,san_diego,6,90,22.5,200.0,250.0,-50.0,50.0,canonical_lower,50.0,True,fe2f74a1e0b16a66452888eb4d734bc455cf1304481bb495d59afa8cf9cae93b,0.0,True,False,False,False,False,False,False,0.0,0.0,False,0.0,0.0,False,0.0,0.0,False,0.0,0.0,True,75.0,-75.0,0,0.0,True,False,234.0279184762247,False,0.0,0.0,False,0.0,0.0,False,0.0,0.0,False,0.0,0.0,True,125.0,-125.0,0,0.0,True,False,234.0279184762247,deepseek-v4-flash,fp_a18b46594c_prod0820_fp8_kvcache_20260402,2bb1a029e8e80e07338dc2aa31d7fefbd507a9ada6bbe33948aad762404444a9,645ae5cf6d9735c644cf49a5c9d31e449e0ec18b492ccdf1e3a0e8e8bfc4a47e,1,2.530437,2026-08-13T06:56:51.308937+00:00,2026-08-13T06:56:53.839374+00:00,1786604211.308937,1786604213.839374
F1,e2bv2_d73f619db0513777829b,v2e2_47a354a03084871e0ca3,deepseek_formal,C2,canonical,2,2,99,export_limit_update,medium,autumn,san_diego,6,90,22.5,200.0,250.0,-50.0,50.0,canonical_lower,50.0,True,fe2f74a1e0b16a66452888eb4d734bc455cf1304481bb495d59afa8cf9cae93b,0.0,True,False,False,False,False,False,False,0.0,0.0,False,0.0,0.0,False,0.0,0.0,False,0.0,0.0,True,125.0,-125.0,0,0.0,True,False,234.0279184762247,False,0.0,0.0,False,0.0,0.0,False,0.0,0.0,False,0.0,0.0,True,125.0,-125.0,0,0.0,True,False,234.0279184762247,deepseek-v4-flash,fp_a18b46594c_prod0820_fp8_kvcache_20260402,18c6fda720dd84e29ca2bfe538b574ed4020404d881954e9e2f707cad5e9c244,d64eaf2e365fa910e8b035bc7851d546b6dbc7c2f439278a0715fbb646f7088b,1,1.803755,2026-08-13T06:56:53.866189+00:00,2026-08-13T06:56:55.669944+00:00,1786604213.866189,1786604215.669944
F1,e2bv2_d73f619db0513777829b,v2e2_47a354a03084871e0ca3,deepseek_formal,S2,stale,2,3,99,export_limit_update,medium,autumn,san_diego,6,90,22.5,200.0,250.0,-50.0,50.0,canonical_lower,50.0,True,fe2f74a1e0b16a66452888eb4d734bc455cf1304481bb495d59afa8cf9cae93b,0.0,True,False,False,False,False,False,False,0.0,0.0,False,0.0,0.0,False,0.0,0.0,False,0.0,0.0,True,75.0,-75.0,0,0.0,True,False,234.0279184762247,False,0.0,0.0,False,0.0,0.0,False,0.0,0.0,False,0.0,0.0,True,125.0,-125.0,0,0.0,True,False,234.0279184762247,deepseek-v4-flash,fp_a18b46594c_prod0820_fp8_kvcache_20260402,2bb1a029e8e80e07338dc2aa31d7fefbd507a9ada6bbe33948aad762404444a9,645ae5cf6d9735c644cf49a5c9d31e449e0ec18b492ccdf1e3a0e8e8bfc4a47e,1,1.758738,2026-08-13T06:56:55.696835+00:00,2026-08-13T06:56:57.455573+00:00,1786604215.696835,1786604217.455573
F1,e2bv2_d73f619db0513777829b,v2e2_47a354a03084871e0ca3,deepseek_formal,C1,canonical,1,4,99,export_limit_update,medium,autumn,san_diego,6,90,22.5,200.0,250.0,-50.0,50.0,canonical_lower,50.0,True,fe2f74a1e0b16a66452888eb4d734bc455cf1304481bb495d59afa8cf9cae93b,0.0,True,False,False,False,False,False,False,0.0,0.0,False,0.0,0.0,False,0.0,0.0,False,0.0,0.0,True,125.0,-125.0,0,0.0,True,False,234.0279184762247,False,0.0,0.0,False,0.0,0.0,False,0.0,0.0,False,0.0,0.0,True,125.0,-125.0,0,0.0,True,False,234.0279184762247,deepseek-v4-flash,fp_a18b46594c_prod0820_fp8_kvcache_20260402,18c6fda720dd84e29ca2bfe538b574ed4020404d881954e9e2f707cad5e9c244,d64eaf2e365fa910e8b035bc7851d546b6dbc7c2f439278a0715fbb646f7088b,1,1.452162,2026-08-13T06:56:57.482431+00:00,2026-08-13T06:56:58.934593+00:00,1786604217.482431,1786604218.934593
F1,e2bv2_d7645df22cbc33d958b7,v2e2_c9b994f593c92dd9efa9,deepseek_formal,C1,canonical,1,1,44,power_limit_derating,hard,autumn,san_diego,5,91,22.75,200.0,250.0,-50.0,50.0,canonical_lower,50.0,True,e6ff459ebc86a128b3e37b46d41efd52eedbe5c955acf3d20dfbf99a33fb2557,0.0,True,False,False,False,False,False,False,0.0,0.0,False,0.0,0.0,False,0.0,0.0,False,0.0,0.0,True,125.0,-125.0,0,0.0,True,False,345.3372682834834,False,0.0,0.0,False,0.0,0.0,False,0.0,0.0,False,0.0,0.0,True,125.0,-125.0,0,0.0,True,False,345.3372682834834,deepseek-v4-flash,fp_a18b46594c_prod0820_fp8_kvcache_20260402,608e83971705c10aedbda64767fedb4b141af79ec9bba0bf50656128c61728dc,b138d8b69e691ca123eb1e0d512419e1cd86f8a158812638e3b50d2bcc6a51e1,1,4.301906,2026-08-13T06:55:40.317672+00:00,2026-08-13T06:55:44.619578+00:00,1786604140.317672,1786604144.619578
F1,e2bv2_d7645df22cbc33d958b7,v2e2_c9b994f593c92dd9efa9,deepseek_formal,S1,stale,1,2,44,power_limit_derating,hard,autumn,san_diego,5,91,22.75,200.0,250.0,-50.0,50.0,canonical_lower,50.0,True,e6ff459ebc86a128b3e37b46d41efd52eedbe5c955acf3d20dfbf99a33fb2557,0.0,True,False,False,False,False,False,False,0.0,0.0,False,0.0,0.0,False,0.0,0.0,False,0.0,0.0,True,75.0,-75.0,0,0.0,True,False,345.3372682834834,False,0.0,0.0,False,0.0,0.0,False,0.0,0.0,False,0.0,0.0,True,125.0,-125.0,0,0.0,True,False,345.3372682834834,deepseek-v4-flash,fp_a18b46594c_prod0820_fp8_kvcache_20260402,d9c9f091050d3aa310a770b35beafaa2bc81af7110c4fdef0b9af1808516d28f,4666fe59ecdbcba0b31774dba575e1ff56dfbcf042e6537f65a487b46a11829c,1,2.452782,2026-08-13T06:55:44.646737+00:00,2026-08-13T06:55:47.099519+00:00,1786604144.646737,1786604147.099519
F1,e2bv2_d7645df22cbc33d958b7,v2e2_c9b994f593c92dd9efa9,deepseek_formal,C2,canonical,2,3,44,power_limit_derating,hard,autumn,san_diego,5,91,22.75,200.0,250.0,-50.0,50.0,canonical_lower,50.0,True,e6ff459ebc86a128b3e37b46d41efd52eedbe5c955acf3d20dfbf99a33fb2557,0.0,True,False,False,False,False,False,False,0.0,0.0,False,0.0,0.0,False,0.0,0.0,False,0.0,0.0,True,125.0,-125.0,0,0.0,True,False,345.3372682834834,False,0.0,0.0,False,0.0,0.0,False,0.0,0.0,False,0.0,0.0,True,125.0,-125.0,0,0.0,True,False,345.3372682834834,deepseek-v4-flash,fp_a18b46594c_prod0820_fp8_kvcache_20260402,608e83971705c10aedbda64767fedb4b141af79ec9bba0bf50656128c61728dc,b138d8b69e691ca123eb1e0d512419e1cd86f8a158812638e3b50d2bcc6a51e1,1,4.350115,2026-08-13T06:55:47.126220+00:00,2026-08-13T06:55:51.476335+00:00,1786604147.12622,1786604151.476335
F1,e2bv2_d7645df22cbc33d958b7,v2e2_c9b994f593c92dd9efa9,deepseek_formal,S2,stale,2,4,44,power_limit_derating,hard,autumn,san_diego,5,91,22.75,200.0,250.0,-50.0,50.0,canonical_lower,50.0,True,e6ff459ebc86a128b3e37b46d41efd52eedbe5c955acf3d20dfbf99a33fb2557,0.0,True,False,False,False,False,False,False,0.0,0.0,False,0.0,0.0,False,0.0,0.0,False,0.0,0.0,True,75.0,-75.0,0,0.0,True,False,345.3372682834834,False,0.0,0.0,False,0.0,0.0,False,0.0,0.0,False,0.0,0.0,True,125.0,-125.0,0,0.0,True,False,345.3372682834834,deepseek-v4-flash,fp_a18b46594c_prod0820_fp8_kvcache_20260402,d9c9f091050d3aa310a770b35beafaa2bc81af7110c4fdef0b9af1808516d28f,4666fe59ecdbcba0b31774dba575e1ff56dfbcf042e6537f65a487b46a11829c,1,1.011773,2026-08-13T06:55:51.504586+00:00,2026-08-13T06:55:52.516359+00:00,1786604151.504586,1786604152.516359
F1,e2bv2_dd2cd3100ef3af0b0976,v2e2_ac2a6bbea5f71d8219ff,qwen_flash,C1,canonical,1,1,67,forecast_revision,medium,spring,sacramento,7,89,22.25,175.0,250.0,-75.0,75.0,canonical_lower,75.0,True,025588c77ce30f8a823a982033052f1ed2a2d39c76db39ed20982ca9e17a6a8b,5562.5,False,True,True,True,False,False,False,0.0,0.0,True,5755.263157894743,254621.05263157902,False,0.0,0.0,True,188.88557500000002,791.0861097499999,True,6005.263157894743,-6005.263157894743,88,255412.13874132893,False,False,62.78422638068275,False,0.0,0.0,True,5755.263157894743,254621.05263157902,False,0.0,0.0,True,188.88557500000002,791.0861097499999,True,6005.263157894743,-6005.263157894743,88,255412.13874132893,False,False,62.78422638068275,qwen3.6-flash-2026-04-16,,1957dab4e1c80c20d8a237a6cc022308fbafbb692ec13502292815401e0fbb36,9aee8905233ba8a8722273bdb5eae83aaa9291354ca2a955abd7034b5b0a01c1,1,0.917448,2026-08-13T06:56:07.547620+00:00,2026-08-13T06:56:08.465068+00:00,1786604167.54762,1786604168.465068
F1,e2bv2_dd2cd3100ef3af0b0976,v2e2_ac2a6bbea5f71d8219ff,qwen_flash,S1,stale,1,2,67,forecast_revision,medium,spring,sacramento,7,89,22.25,175.0,250.0,-75.0,75.0,canonical_lower,75.0,True,025588c77ce30f8a823a982033052f1ed2a2d39c76db39ed20982ca9e17a6a8b,5562.5,False,True,True,True,False,False,False,0.0,0.0,True,5680.263157894742,248064.4736842106,False,0.0,0.0,True,188.88557500000002,791.0861097499999,True,5930.263157894742,-5930.263157894742,87,248855.55979396054,False,False,62.78422638068275,False,0.0,0.0,True,5755.263157894743,254621.05263157902,False,0.0,0.0,True,188.88557500000002,791.0861097499999,True,6005.263157894743,-6005.263157894743,88,255412.13874132893,False,False,62.78422638068275,qwen3.6-flash-2026-04-16,,f57c9d2cd127fa9502116eff8919cbd6e61e6a4f8eb856c0a4e42dd1ade0c57a,54777aa4f8e14c8ddb5dead25eec4c5b4a8528aa38641737e27e46da4e0298ee,1,0.90813,2026-08-13T06:56:08.501898+00:00,2026-08-13T06:56:09.410028+00:00,1786604168.501898,1786604169.410028
F1,e2bv2_dd2cd3100ef3af0b0976,v2e2_ac2a6bbea5f71d8219ff,qwen_flash,C2,canonical,2,3,67,forecast_revision,medium,spring,sacramento,7,89,22.25,175.0,250.0,-75.0,75.0,canonical_lower,75.0,True,025588c77ce30f8a823a982033052f1ed2a2d39c76db39ed20982ca9e17a6a8b,5562.5,False,True,True,True,False,False,False,0.0,0.0,True,5755.263157894743,254621.05263157902,False,0.0,0.0,True,188.88557500000002,791.0861097499999,True,6005.263157894743,-6005.263157894743,88,255412.13874132893,False,False,62.78422638068275,False,0.0,0.0,True,5755.263157894743,254621.05263157902,False,0.0,0.0,True,188.88557500000002,791.0861097499999,True,6005.263157894743,-6005.263157894743,88,255412.13874132893,False,False,62.78422638068275,qwen3.6-flash-2026-04-16,,1957dab4e1c80c20d8a237a6cc022308fbafbb692ec13502292815401e0fbb36,9aee8905233ba8a8722273bdb5eae83aaa9291354ca2a955abd7034b5b0a01c1,1,0.877877,2026-08-13T06:56:09.437841+00:00,2026-08-13T06:56:10.315718+00:00,1786604169.437841,1786604170.315718
F1,e2bv2_dd2cd3100ef3af0b0976,v2e2_ac2a6bbea5f71d8219ff,qwen_flash,S2,stale,2,4,67,forecast_revision,medium,spring,sacramento,7,89,22.25,175.0,250.0,-75.0,75.0,canonical_lower,75.0,True,025588c77ce30f8a823a982033052f1ed2a2d39c76db39ed20982ca9e17a6a8b,5562.5,False,True,True,True,False,False,False,0.0,0.0,True,5680.263157894742,248064.4736842106,False,0.0,0.0,True,188.88557500000002,791.0861097499999,True,5930.263157894742,-5930.263157894742,87,248855.55979396054,False,False,62.78422638068275,False,0.0,0.0,True,5755.263157894743,254621.05263157902,False,0.0,0.0,True,188.88557500000002,791.0861097499999,True,6005.263157894743,-6005.263157894743,88,255412.13874132893,False,False,62.78422638068275,qwen3.6-flash-2026-04-16,,f57c9d2cd127fa9502116eff8919cbd6e61e6a4f8eb856c0a4e42dd1ade0c57a,54777aa4f8e14c8ddb5dead25eec4c5b4a8528aa38641737e27e46da4e0298ee,1,0.868032,2026-08-13T06:56:10.348361+00:00,2026-08-13T06:56:11.216393+00:00,1786604170.348361,1786604171.216393
F1,e2bv2_ddf16423183fa6d22495,v2e2_729fd4e9cb1879f64d23,qwen_flash,C2,canonical,2,1,108,forecast_revision,hard,winter,los_angeles,14,82,20.5,200.0,250.0,-50.0,50.0,canonical_lower,50.0,True,224dfd5f87217678aa3dbcc7eb1673392848d77a2e60030a4038b59853d99975,3075.0,False,True,True,True,False,False,False,0.0,0.0,True,3111.8421052631547,124217.10526315782,False,0.0,0.0,False,0.0,0.0,True,3361.8421052631547,-3361.8421052631547,79,124217.10526315782,False,False,374.6165387423406,False,0.0,0.0,True,3111.8421052631547,124217.10526315782,False,0.0,0.0,False,0.0,0.0,True,3361.8421052631547,-3361.8421052631547,79,124217.10526315782,False,False,374.6165387423406,qwen3.6-flash-2026-04-16,,5b155f3cf64a3d30f6aa507734ae998211cdb0fd7b9983e4fe082ab2e2f95200,cc5dedafde4d60e9436e0f4d1a0bd3c1236588a49a9cdd307b64c7b719afeeb4,1,2.500605,2026-08-13T06:57:03.187819+00:00,2026-08-13T06:57:05.688424+00:00,1786604223.187819,1786604225.688424
F1,e2bv2_ddf16423183fa6d22495,v2e2_729fd4e9cb1879f64d23,qwen_flash,S2,stale,2,2,108,forecast_revision,hard,winter,los_angeles,14,82,20.5,200.0,250.0,-50.0,50.0,canonical_lower,50.0,True,f4a4b81835e6e7565b7f2302089f1ec2ac95da18ee5c3abe3884de159a6ad559,5125.0,False,True,True,True,False,False,False,0.0,0.0,True,5219.736842105266,209684.21052631582,False,0.0,0.0,False,0.0,0.0,True,5469.736842105266,-5469.736842105266,80,209684.21052631582,False,False,290.8195922423404,False,0.0,0.0,True,5269.736842105267,213690.78947368427,False,0.0,0.0,False,0.0,0.0,True,5519.736842105267,-5519.736842105267,81,213690.78947368427,False,False,290.8195922423404,qwen3.6-flash-2026-04-16,,20de127dd508f14858a62fea44bb8b009ac79d384c38e14d748b8ee66a40b6af,e398fa1f4d18bd9327cb82887df9e4dad14bbde5e1e49ea38414182933833be2,1,0.878782,2026-08-13T06:57:05.714550+00:00,2026-08-13T06:57:06.593332+00:00,1786604225.71455,1786604226.593332
F1,e2bv2_ddf16423183fa6d22495,v2e2_729fd4e9cb1879f64d23,qwen_flash,C1,canonical,1,3,108,forecast_revision,hard,winter,los_angeles,14,82,20.5,200.0,250.0,-50.0,50.0,canonical_lower,50.0,True,224dfd5f87217678aa3dbcc7eb1673392848d77a2e60030a4038b59853d99975,3075.0,False,True,True,True,False,False,False,0.0,0.0,True,3111.8421052631547,124217.10526315782,False,0.0,0.0,False,0.0,0.0,True,3361.8421052631547,-3361.8421052631547,79,124217.10526315782,False,False,374.6165387423406,False,0.0,0.0,True,3111.8421052631547,124217.10526315782,False,0.0,0.0,False,0.0,0.0,True,3361.8421052631547,-3361.8421052631547,79,124217.10526315782,False,False,374.6165387423406,qwen3.6-flash-2026-04-16,,5b155f3cf64a3d30f6aa507734ae998211cdb0fd7b9983e4fe082ab2e2f95200,cc5dedafde4d60e9436e0f4d1a0bd3c1236588a49a9cdd307b64c7b719afeeb4,1,1.298014,2026-08-13T06:57:06.619298+00:00,2026-08-13T06:57:07.917312+00:00,1786604226.619298,1786604227.917312
F1,e2bv2_ddf16423183fa6d22495,v2e2_729fd4e9cb1879f64d23,qwen_flash,S1,stale,1,4,108,forecast_revision,hard,winter,los_angeles,14,82,20.5,200.0,250.0,-50.0,50.0,canonical_lower,50.0,True,224dfd5f87217678aa3dbcc7eb1673392848d77a2e60030a4038b59853d99975,3075.0,False,True,True,True,False,False,False,0.0,0.0,True,3061.8421052631547,120284.21052631573,False,0.0,0.0,False,0.0,0.0,True,3311.8421052631547,-3311.8421052631547,78,120284.21052631574,False,False,374.6165387423406,False,0.0,0.0,True,3111.8421052631547,124217.10526315782,False,0.0,0.0,False,0.0,0.0,True,3361.8421052631547,-3361.8421052631547,79,124217.10526315782,False,False,374.6165387423406,qwen3.6-flash-2026-04-16,,20de127dd508f14858a62fea44bb8b009ac79d384c38e14d748b8ee66a40b6af,e398fa1f4d18bd9327cb82887df9e4dad14bbde5e1e49ea38414182933833be2,1,0.840094,2026-08-13T06:57:07.943513+00:00,2026-08-13T06:57:08.783607+00:00,1786604227.943513,1786604228.783607
F1,e2bv2_de38e57ab0f0657ef6d2,v2e2_31906e8fff0262a0bd53,qwen_flash,C2,canonical,2,1,34,power_limit_derating,medium,autumn,san_diego,4,92,23.0,175.0,250.0,-75.0,75.0,canonical_lower,75.0,True,01835ca016b6607eda94cb8ff102b2cad69b4a1cb53b69f7d0ebcbc5963fd2b6,3450.0,False,True,True,True,False,False,False,0.0,0.0,True,3531.578947368417,159749.99999999988,False,0.0,0.0,True,39.16878000000003,46.930414,True,3781.578947368417,-3781.578947368417,90,159796.93041399991,False,False,172.9876984990106,False,0.0,0.0,True,3531.578947368417,159749.99999999988,False,0.0,0.0,True,39.16878000000003,46.930414,True,3781.578947368417,-3781.578947368417,90,159796.93041399991,False,False,172.9876984990106,qwen3.6-flash-2026-04-16,,b57efde49f5ced3ab78375c7ea16bd7784d20cef7f3d38ec641fad1e33764848,423b9df081083193e2a91e210ad78b8f5efb3eaf0120035d2771ebacea73ae19,1,1.042703,2026-08-13T06:55:28.631594+00:00,2026-08-13T06:55:29.674297+00:00,1786604128.631594,1786604129.674297
F1,e2bv2_de38e57ab0f0657ef6d2,v2e2_31906e8fff0262a0bd53,qwen_flash,S2,stale,2,2,34,power_limit_derating,medium,autumn,san_diego,4,92,23.0,175.0,250.0,-75.0,75.0,canonical_lower,75.0,True,01835ca016b6607eda94cb8ff102b2cad69b4a1cb53b69f7d0ebcbc5963fd2b6,3450.0,False,True,True,True,False,False,False,0.0,0.0,True,3456.578947368417,153073.6842105262,False,0.0,0.0,True,39.16878000000003,46.930414,True,3706.578947368417,-3706.578947368417,88,153120.61462452624,False,False,172.9876984990106,False,0.0,0.0,True,3531.578947368417,159749.99999999988,False,0.0,0.0,True,39.16878000000003,46.930414,True,3781.578947368417,-3781.578947368417,90,159796.93041399991,False,False,172.9876984990106,qwen3.6-flash-2026-04-16,,d7e65d9f47600576e386b91ab62b249c842ca4ebf921dd7317b61fa8be604f45,accd1d4712375e046e8efb3de3a260175c08cbd395ec85f53721f3e0d27ac366,1,1.068669,2026-08-13T06:55:29.703684+00:00,2026-08-13T06:55:30.772353+00:00,1786604129.703684,1786604130.772353
F1,e2bv2_de38e57ab0f0657ef6d2,v2e2_31906e8fff0262a0bd53,qwen_flash,C1,canonical,1,3,34,power_limit_derating,medium,autumn,san_diego,4,92,23.0,175.0,250.0,-75.0,75.0,canonical_lower,75.0,True,3fef08683efe971ba0b9ab6bf8cbf53be3cbba64b6f478940df4e72f0d09f801,34.5,False,True,True,True,False,False,False,0.0,0.0,False,0.0,0.0,False,0.0,0.0,False,0.0,0.0,True,186.31578947368394,-186.31578947368394,0,0.0,True,False,353.1418144540092,False,0.0,0.0,False,0.0,0.0,False,0.0,0.0,False,0.0,0.0,True,186.31578947368394,-186.31578947368394,0,0.0,True,False,353.1418144540092,qwen3.6-flash-2026-04-16,,b57efde49f5ced3ab78375c7ea16bd7784d20cef7f3d38ec641fad1e33764848,423b9df081083193e2a91e210ad78b8f5efb3eaf0120035d2771ebacea73ae19,1,1.019863,2026-08-13T06:55:30.802526+00:00,2026-08-13T06:55:31.822389+00:00,1786604130.802526,1786604131.822389
F1,e2bv2_de38e57ab0f0657ef6d2,v2e2_31906e8fff0262a0bd53,qwen_flash,S1,stale,1,4,34,power_limit_derating,medium,autumn,san_diego,4,92,23.0,175.0,250.0,-75.0,75.0,canonical_lower,75.0,True,01835ca016b6607eda94cb8ff102b2cad69b4a1cb53b69f7d0ebcbc5963fd2b6,3450.0,False,True,True,True,False,False,False,0.0,0.0,True,3456.578947368417,153073.6842105262,False,0.0,0.0,True,39.16878000000003,46.930414,True,3706.578947368417,-3706.578947368417,88,153120.61462452624,False,False,172.9876984990106,False,0.0,0.0,True,3531.578947368417,159749.99999999988,False,0.0,0.0,True,39.16878000000003,46.930414,True,3781.578947368417,-3781.578947368417,90,159796.93041399991,False,False,172.9876984990106,qwen3.6-flash-2026-04-16,,d7e65d9f47600576e386b91ab62b249c842ca4ebf921dd7317b61fa8be604f45,accd1d4712375e046e8efb3de3a260175c08cbd395ec85f53721f3e0d27ac366,1,0.958966,2026-08-13T06:55:31.852548+00:00,2026-08-13T06:55:32.811514+00:00,1786604131.852548,1786604132.811514
F1,e2bv2_dfd1acf73d2da6bbba61,v2e2_579d7046347071a2967e,deepseek_formal,S2,stale,2,1,100,battery_capacity_derating,easy,autumn,los_angeles,7,89,22.25,350.0,250.0,100.0,100.0,canonical_higher,100.0,True,283de789c3f9ae6115e627ecb921b7b39bdaa1b82289eca5e60da0b76d07a502,0.0,True,False,False,False,False,False,False,0.0,0.0,False,0.0,0.0,False,0.0,0.0,False,0.0,0.0,True,75.0,-75.0,0,0.0,True,False,483.9227030268715,False,0.0,0.0,False,0.0,0.0,False,0.0,0.0,False,0.0,0.0,True,25.0,25.0,0,0.0,True,False,483.9227030268715,deepseek-v4-flash,fp_a18b46594c_prod0820_fp8_kvcache_20260402,c4531656dc3444c3b734c862b7d1f9c690b9f232f6807fb91bdf227854a35be5,386c4f0d1ba68ddb2048e2f349ea5ad351e53c8a8b3a945b918fbf0fc1d62683,1,1.214508,2026-08-13T06:56:53.225811+00:00,2026-08-13T06:56:54.440319+00:00,1786604213.225811,1786604214.440319
F1,e2bv2_dfd1acf73d2da6bbba61,v2e2_579d7046347071a2967e,deepseek_formal,C1,canonical,1,2,100,battery_capacity_derating,easy,autumn,los_angeles,7,89,22.25,350.0,250.0,100.0,100.0,canonical_higher,100.0,True,3f260f5d2ad22cb433f961097c103eb7dd307219be0f8521dbf08ccb08cebc54,6.273476499999998,False,True,True,False,False,False,False,0.0,0.0,False,0.0,0.0,False,0.0,0.0,False,0.0,0.0,True,18.396340526314816,18.396340526314816,0,0.0,True,False,483.68144567230877,False,0.0,0.0,False,0.0,0.0,False,0.0,0.0,False,0.0,0.0,True,18.396340526314816,18.396340526314816,0,0.0,True,False,483.68144567230877,deepseek-v4-flash,fp_a18b46594c_prod0820_fp8_kvcache_20260402,28705b78b07b80c762b4763476722128124ee4e938fec3f04413b679931b0cdd,4a3f88f91a49773065de07b18b9be7bd647f255e548f5a520a8f1c0b4f452f9f,1,1.518634,2026-08-13T06:56:54.467877+00:00,2026-08-13T06:56:55.986511+00:00,1786604214.467877,1786604215.986511
F1,e2bv2_dfd1acf73d2da6bbba61,v2e2_579d7046347071a2967e,deepseek_formal,S1,stale,1,3,100,battery_capacity_derating,easy,autumn,los_angeles,7,89,22.25,350.0,250.0,100.0,100.0,canonical_higher,100.0,True,283de789c3f9ae6115e627ecb921b7b39bdaa1b82289eca5e60da0b76d07a502,0.0,True,False,False,False,False,False,False,0.0,0.0,False,0.0,0.0,False,0.0,0.0,False,0.0,0.0,True,75.0,-75.0,0,0.0,True,False,483.9227030268715,False,0.0,0.0,False,0.0,0.0,False,0.0,0.0,False,0.0,0.0,True,25.0,25.0,0,0.0,True,False,483.9227030268715,deepseek-v4-flash,fp_a18b46594c_prod0820_fp8_kvcache_20260402,c4531656dc3444c3b734c862b7d1f9c690b9f232f6807fb91bdf227854a35be5,386c4f0d1ba68ddb2048e2f349ea5ad351e53c8a8b3a945b918fbf0fc1d62683,1,1.339792,2026-08-13T06:56:56.014360+00:00,2026-08-13T06:56:57.354152+00:00,1786604216.01436,1786604217.354152
F1,e2bv2_dfd1acf73d2da6bbba61,v2e2_579d7046347071a2967e,deepseek_formal,C2,canonical,2,4,100,battery_capacity_derating,easy,autumn,los_angeles,7,89,22.25,350.0,250.0,100.0,100.0,canonical_higher,100.0,True,29f52bb7e036658d833c93ab285e1168e8dddcef27303e81fa255ec02c7832d3,6.263374999999998,False,True,True,False,False,False,False,0.0,0.0,False,0.0,0.0,False,0.0,0.0,False,0.0,0.0,True,18.406973684209333,18.406973684209333,0,0.0,True,False,483.6818341429064,False,0.0,0.0,False,0.0,0.0,False,0.0,0.0,False,0.0,0.0,True,18.406973684209333,18.406973684209333,0,0.0,True,False,483.6818341429064,deepseek-v4-flash,fp_a18b46594c_prod0820_fp8_kvcache_20260402,28705b78b07b80c762b4763476722128124ee4e938fec3f04413b679931b0cdd,4a3f88f91a49773065de07b18b9be7bd647f255e548f5a520a8f1c0b4f452f9f,1,1.982713,2026-08-13T06:56:57.381349+00:00,2026-08-13T06:56:59.364062+00:00,1786604217.381349,1786604219.364062
F1,e2bv2_e01f8d4e8519f79c8b87,v2e2_90357feca5a42c2b5eee,deepseek_formal,C1,canonical,1,1,58,forecast_revision,medium,spring,los_angeles,6,90,22.5,175.0,250.0,-75.0,75.0,canonical_lower,75.0,True,fe2f74a1e0b16a66452888eb4d734bc455cf1304481bb495d59afa8cf9cae93b,0.0,True,False,False,False,False,False,False,0.0,0.0,False,0.0,0.0,False,0.0,0.0,False,0.0,0.0,True,150.0,-150.0,0,0.0,True,False,185.1820310372809,False,0.0,0.0,False,0.0,0.0,False,0.0,0.0,False,0.0,0.0,True,150.0,-150.0,0,0.0,True,False,185.1820310372809,deepseek-v4-flash,fp_a18b46594c_prod0820_fp8_kvcache_20260402,fb8d5e83d7fa832d70bcf95c617122c43b89cc292afe723361a1f80bf3f1e208,f1f6e2685d9a30830bccc65449e2e648de41d43e5d97af501f82fd35e0af1f7b,1,2.065017,2026-08-13T06:55:56.563277+00:00,2026-08-13T06:55:58.628294+00:00,1786604156.563277,1786604158.628294
F1,e2bv2_e01f8d4e8519f79c8b87,v2e2_90357feca5a42c2b5eee,deepseek_formal,S1,stale,1,2,58,forecast_revision,medium,spring,los_angeles,6,90,22.5,175.0,250.0,-75.0,75.0,canonical_lower,75.0,True,fe2f74a1e0b16a66452888eb4d734bc455cf1304481bb495d59afa8cf9cae93b,0.0,True,False,False,False,False,False,False,0.0,0.0,False,0.0,0.0,False,0.0,0.0,False,0.0,0.0,True,75.0,-75.0,0,0.0,True,False,185.1820310372809,False,0.0,0.0,False,0.0,0.0,False,0.0,0.0,False,0.0,0.0,True,150.0,-150.0,0,0.0,True,False,185.1820310372809,deepseek-v4-flash,fp_a18b46594c_prod0820_fp8_kvcache_20260402,cee6fa91d52dd4053e1a8ebaff92c0e50266552d31bbbbf342d5ae69bffefa96,b5adc176efe5d6efb6107464063f0789fdc42da8c130265b45cb080f55e6e1b8,1,1.464301,2026-08-13T06:55:58.656403+00:00,2026-08-13T06:56:00.120704+00:00,1786604158.656403,1786604160.120704
F1,e2bv2_e01f8d4e8519f79c8b87,v2e2_90357feca5a42c2b5eee,deepseek_formal,C2,canonical,2,3,58,forecast_revision,medium,spring,los_angeles,6,90,22.5,175.0,250.0,-75.0,75.0,canonical_lower,75.0,True,fe2f74a1e0b16a66452888eb4d734bc455cf1304481bb495d59afa8cf9cae93b,0.0,True,False,False,False,False,False,False,0.0,0.0,False,0.0,0.0,False,0.0,0.0,False,0.0,0.0,True,150.0,-150.0,0,0.0,True,False,185.1820310372809,False,0.0,0.0,False,0.0,0.0,False,0.0,0.0,False,0.0,0.0,True,150.0,-150.0,0,0.0,True,False,185.1820310372809,deepseek-v4-flash,fp_a18b46594c_prod0820_fp8_kvcache_20260402,fb8d5e83d7fa832d70bcf95c617122c43b89cc292afe723361a1f80bf3f1e208,f1f6e2685d9a30830bccc65449e2e648de41d43e5d97af501f82fd35e0af1f7b,1,1.408153,2026-08-13T06:56:00.153468+00:00,2026-08-13T06:56:01.561621+00:00,1786604160.153468,1786604161.561621
F1,e2bv2_e01f8d4e8519f79c8b87,v2e2_90357feca5a42c2b5eee,deepseek_formal,S2,stale,2,4,58,forecast_revision,medium,spring,los_angeles,6,90,22.5,175.0,250.0,-75.0,75.0,canonical_lower,75.0,True,fe2f74a1e0b16a66452888eb4d734bc455cf1304481bb495d59afa8cf9cae93b,0.0,True,False,False,False,False,False,False,0.0,0.0,False,0.0,0.0,False,0.0,0.0,False,0.0,0.0,True,75.0,-75.0,0,0.0,True,False,185.1820310372809,False,0.0,0.0,False,0.0,0.0,False,0.0,0.0,False,0.0,0.0,True,150.0,-150.0,0,0.0,True,False,185.1820310372809,deepseek-v4-flash,fp_a18b46594c_prod0820_fp8_kvcache_20260402,cee6fa91d52dd4053e1a8ebaff92c0e50266552d31bbbbf342d5ae69bffefa96,b5adc176efe5d6efb6107464063f0789fdc42da8c130265b45cb080f55e6e1b8,1,2.149844,2026-08-13T06:56:01.591290+00:00,2026-08-13T06:56:03.741134+00:00,1786604161.59129,1786604163.741134
F1,e2bv2_e020d22055ecf31d0818,v2e2_e87de31d325befcf7b51,deepseek_formal,S2,stale,2,1,8,forecast_revision,hard,summer,sacramento,7,89,22.25,300.0,250.0,50.0,50.0,canonical_higher,50.0,True,283de789c3f9ae6115e627ecb921b7b39bdaa1b82289eca5e60da0b76d07a502,0.0,True,False,False,False,False,False,False,0.0,0.0,False,0.0,0.0,False,0.0,0.0,False,0.0,0.0,True,75.0,-75.0,0,0.0,True,False,376.0681930023568,False,0.0,0.0,False,0.0,0.0,False,0.0,0.0,False,0.0,0.0,True,25.0,-25.0,0,0.0,True,False,376.0681930023568,deepseek-v4-flash,fp_a18b46594c_prod0820_fp8_kvcache_20260402,887c2f0837ebb4054b438748c0e0153a1d8d0a9bcdad81572ceb6e6296182d8f,6ae6af0ce16bb4455bd7ca60742a1500d0d84539f5027d484c71d04f8059c5e7,1,9.699472,2026-08-13T06:54:51.809324+00:00,2026-08-13T06:55:01.508796+00:00,1786604091.809324,1786604101.508796
F1,e2bv2_e020d22055ecf31d0818,v2e2_e87de31d325befcf7b51,deepseek_formal,C1,canonical,1,2,8,forecast_revision,hard,summer,sacramento,7,89,22.25,300.0,250.0,50.0,50.0,canonical_higher,50.0,True,283de789c3f9ae6115e627ecb921b7b39bdaa1b82289eca5e60da0b76d07a502,0.0,True,False,False,False,False,False,False,0.0,0.0,False,0.0,0.0,False,0.0,0.0,False,0.0,0.0,True,25.0,-25.0,0,0.0,True,False,376.0681930023568,False,0.0,0.0,False,0.0,0.0,False,0.0,0.0,False,0.0,0.0,True,25.0,-25.0,0,0.0,True,False,376.0681930023568,deepseek-v4-flash,fp_a18b46594c_prod0820_fp8_kvcache_20260402,3bb6c90b2cb7639a8120670f864b940c35d2c32b4197664a1e74cb3b7e78fc27,0395612964941c61bf52f7630edb3d2c0b5c56ce1cc0cb7b8fbf55ccec1ebcc1,2,100.939268,2026-08-13T06:55:01.536867+00:00,2026-08-13T06:56:42.476135+00:00,1786604101.536867,1786604202.476135
F1,e2bv2_e020d22055ecf31d0818,v2e2_e87de31d325befcf7b51,deepseek_formal,S1,stale,1,3,8,forecast_revision,hard,summer,sacramento,7,89,22.25,300.0,250.0,50.0,50.0,canonical_higher,50.0,True,283de789c3f9ae6115e627ecb921b7b39bdaa1b82289eca5e60da0b76d07a502,0.0,True,False,False,False,False,False,False,0.0,0.0,False,0.0,0.0,False,0.0,0.0,False,0.0,0.0,True,75.0,-75.0,0,0.0,True,False,376.0681930023568,False,0.0,0.0,False,0.0,0.0,False,0.0,0.0,False,0.0,0.0,True,25.0,-25.0,0,0.0,True,False,376.0681930023568,deepseek-v4-flash,fp_a18b46594c_prod0820_fp8_kvcache_20260402,887c2f0837ebb4054b438748c0e0153a1d8d0a9bcdad81572ceb6e6296182d8f,6ae6af0ce16bb4455bd7ca60742a1500d0d84539f5027d484c71d04f8059c5e7,1,1.466181,2026-08-13T06:56:42.501496+00:00,2026-08-13T06:56:43.967677+00:00,1786604202.501496,1786604203.967677
F1,e2bv2_e020d22055ecf31d0818,v2e2_e87de31d325befcf7b51,deepseek_formal,C2,canonical,2,4,8,forecast_revision,hard,summer,sacramento,7,89,22.25,300.0,250.0,50.0,50.0,canonical_higher,50.0,True,283de789c3f9ae6115e627ecb921b7b39bdaa1b82289eca5e60da0b76d07a502,0.0,True,False,False,False,False,False,False,0.0,0.0,False,0.0,0.0,False,0.0,0.0,False,0.0,0.0,True,25.0,-25.0,0,0.0,True,False,376.0681930023568,False,0.0,0.0,False,0.0,0.0,False,0.0,0.0,False,0.0,0.0,True,25.0,-25.0,0,0.0,True,False,376.0681930023568,deepseek-v4-flash,fp_a18b46594c_prod0820_fp8_kvcache_20260402,3bb6c90b2cb7639a8120670f864b940c35d2c32b4197664a1e74cb3b7e78fc27,0395612964941c61bf52f7630edb3d2c0b5c56ce1cc0cb7b8fbf55ccec1ebcc1,1,1.411469,2026-08-13T06:56:43.994095+00:00,2026-08-13T06:56:45.405564+00:00,1786604203.994095,1786604205.405564
F1,e2bv2_e14c27fb7f54083cbbf5,v2e2_579d7046347071a2967e,qwen_flash,S2,stale,2,1,75,battery_capacity_derating,easy,autumn,los_angeles,7,89,22.25,350.0,250.0,100.0,100.0,canonical_higher,100.0,True,025588c77ce30f8a823a982033052f1ed2a2d39c76db39ed20982ca9e17a6a8b,5562.5,False,True,True,True,False,False,False,0.0,0.0,True,5680.263157894742,248064.4736842106,False,0.0,0.0,False,0.0,0.0,True,5930.263157894742,-5930.263157894742,87,248064.47368421056,False,False,270.00717552687144,False,0.0,0.0,True,5580.263157894742,239453.9473684211,False,0.0,0.0,False,0.0,0.0,True,5830.263157894742,-5830.263157894742,85,239453.94736842107,False,False,270.00717552687144,qwen3.6-flash-2026-04-16,,c4531656dc3444c3b734c862b7d1f9c690b9f232f6807fb91bdf227854a35be5,45df442174149d9da375ca81136b33f3093c3e13ec5838260b1ae2f3993bb178,1,0.896823,2026-08-13T06:56:16.223234+00:00,2026-08-13T06:56:17.120057+00:00,1786604176.223234,1786604177.120057
F1,e2bv2_e14c27fb7f54083cbbf5,v2e2_579d7046347071a2967e,qwen_flash,C1,canonical,1,2,75,battery_capacity_derating,easy,autumn,los_angeles,7,89,22.25,350.0,250.0,100.0,100.0,canonical_higher,100.0,True,025588c77ce30f8a823a982033052f1ed2a2d39c76db39ed20982ca9e17a6a8b,5562.5,False,True,True,True,False,False,False,0.0,0.0,True,5580.263157894742,239453.9473684211,False,0.0,0.0,False,0.0,0.0,True,5830.263157894742,-5830.263157894742,85,239453.94736842107,False,False,270.00717552687144,False,0.0,0.0,True,5580.263157894742,239453.9473684211,False,0.0,0.0,False,0.0,0.0,True,5830.263157894742,-5830.263157894742,85,239453.94736842107,False,False,270.00717552687144,qwen3.6-flash-2026-04-16,,28705b78b07b80c762b4763476722128124ee4e938fec3f04413b679931b0cdd,3317abf54da1480880bf123a09031abd0314739ef7116c499777d89ef8108114,1,1.020257,2026-08-13T06:56:17.148175+00:00,2026-08-13T06:56:18.168432+00:00,1786604177.148175,1786604178.168432
F1,e2bv2_e14c27fb7f54083cbbf5,v2e2_579d7046347071a2967e,qwen_flash,S1,stale,1,3,75,battery_capacity_derating,easy,autumn,los_angeles,7,89,22.25,350.0,250.0,100.0,100.0,canonical_higher,100.0,True,025588c77ce30f8a823a982033052f1ed2a2d39c76db39ed20982ca9e17a6a8b,5562.5,False,True,True,True,False,False,False,0.0,0.0,True,5680.263157894742,248064.4736842106,False,0.0,0.0,False,0.0,0.0,True,5930.263157894742,-5930.263157894742,87,248064.47368421056,False,False,270.00717552687144,False,0.0,0.0,True,5580.263157894742,239453.9473684211,False,0.0,0.0,False,0.0,0.0,True,5830.263157894742,-5830.263157894742,85,239453.94736842107,False,False,270.00717552687144,qwen3.6-flash-2026-04-16,,c4531656dc3444c3b734c862b7d1f9c690b9f232f6807fb91bdf227854a35be5,45df442174149d9da375ca81136b33f3093c3e13ec5838260b1ae2f3993bb178,1,1.404814,2026-08-13T06:56:18.205738+00:00,2026-08-13T06:56:19.610552+00:00,1786604178.205738,1786604179.610552
F1,e2bv2_e14c27fb7f54083cbbf5,v2e2_579d7046347071a2967e,qwen_flash,C2,canonical,2,4,75,battery_capacity_derating,easy,autumn,los_angeles,7,89,22.25,350.0,250.0,100.0,100.0,canonical_higher,100.0,True,025588c77ce30f8a823a982033052f1ed2a2d39c76db39ed20982ca9e17a6a8b,5562.5,False,True,True,True,False,False,False,0.0,0.0,True,5580.263157894742,239453.9473684211,False,0.0,0.0,False,0.0,0.0,True,5830.263157894742,-5830.263157894742,85,239453.94736842107,False,False,270.00717552687144,False,0.0,0.0,True,5580.263157894742,239453.9473684211,False,0.0,0.0,False,0.0,0.0,True,5830.263157894742,-5830.263157894742,85,239453.94736842107,False,False,270.00717552687144,qwen3.6-flash-2026-04-16,,28705b78b07b80c762b4763476722128124ee4e938fec3f04413b679931b0cdd,3317abf54da1480880bf123a09031abd0314739ef7116c499777d89ef8108114,1,0.803236,2026-08-13T06:56:19.636737+00:00,2026-08-13T06:56:20.439973+00:00,1786604179.636737,1786604180.439973
F1,e2bv2_e1ab2801ffc994cf90f9,v2e2_57ed2833756fcc2a81f4,qwen_flash,C1,canonical,1,1,38,export_limit_update,easy,winter,los_angeles,7,89,22.25,150.0,250.0,-100.0,100.0,canonical_lower,100.0,True,025588c77ce30f8a823a982033052f1ed2a2d39c76db39ed20982ca9e17a6a8b,5562.5,False,True,True,True,False,False,False,0.0,0.0,True,5780.263157894743,256821.05263157902,False,0.0,0.0,False,0.0,0.0,True,6030.263157894743,-6030.263157894743,88,256821.05263157902,False,False,453.89984950228006,False,0.0,0.0,True,5780.263157894743,256821.05263157902,False,0.0,0.0,False,0.0,0.0,True,6030.263157894743,-6030.263157894743,88,256821.05263157902,False,False,453.89984950228006,qwen3.6-flash-2026-04-16,,9b8e51db42d73df367f1d5a14f79376b879521a04fbc6bc0811c06df735fd1b4,3082cad4ef1d003813ff79335033b00b65c6931e949783899da527acf700207a,1,1.103953,2026-08-13T06:55:34.617460+00:00,2026-08-13T06:55:35.721413+00:00,1786604134.61746,1786604135.721413
F1,e2bv2_e1ab2801ffc994cf90f9,v2e2_57ed2833756fcc2a81f4,qwen_flash,S1,stale,1,2,38,export_limit_update,easy,winter,los_angeles,7,89,22.25,150.0,250.0,-100.0,100.0,canonical_lower,100.0,True,025588c77ce30f8a823a982033052f1ed2a2d39c76db39ed20982ca9e17a6a8b,5562.5,False,True,True,True,False,False,False,0.0,0.0,True,5680.263157894742,248064.4736842106,False,0.0,0.0,False,0.0,0.0,True,5930.263157894742,-5930.263157894742,87,248064.47368421056,False,False,453.89984950228006,False,0.0,0.0,True,5780.263157894743,256821.05263157902,False,0.0,0.0,False,0.0,0.0,True,6030.263157894743,-6030.263157894743,88,256821.05263157902,False,False,453.89984950228006,qwen3.6-flash-2026-04-16,,c0330a05e986a19dd5426b1b4d4f266520fd47eade08e58910b1c89a88b318f9,16242e95a9f6d606bc7a00dcedebff24913dc439385ab46d51fb80605f75e5f9,1,1.038552,2026-08-13T06:55:35.748548+00:00,2026-08-13T06:55:36.787100+00:00,1786604135.748548,1786604136.7871
F1,e2bv2_e1ab2801ffc994cf90f9,v2e2_57ed2833756fcc2a81f4,qwen_flash,C2,canonical,2,3,38,export_limit_update,easy,winter,los_angeles,7,89,22.25,150.0,250.0,-100.0,100.0,canonical_lower,100.0,True,025588c77ce30f8a823a982033052f1ed2a2d39c76db39ed20982ca9e17a6a8b,5562.5,False,True,True,True,False,False,False,0.0,0.0,True,5780.263157894743,256821.05263157902,False,0.0,0.0,False,0.0,0.0,True,6030.263157894743,-6030.263157894743,88,256821.05263157902,False,False,453.89984950228006,False,0.0,0.0,True,5780.263157894743,256821.05263157902,False,0.0,0.0,False,0.0,0.0,True,6030.263157894743,-6030.263157894743,88,256821.05263157902,False,False,453.89984950228006,qwen3.6-flash-2026-04-16,,9b8e51db42d73df367f1d5a14f79376b879521a04fbc6bc0811c06df735fd1b4,3082cad4ef1d003813ff79335033b00b65c6931e949783899da527acf700207a,1,0.880701,2026-08-13T06:55:36.814463+00:00,2026-08-13T06:55:37.695164+00:00,1786604136.814463,1786604137.695164
F1,e2bv2_e1ab2801ffc994cf90f9,v2e2_57ed2833756fcc2a81f4,qwen_flash,S2,stale,2,4,38,export_limit_update,easy,winter,los_angeles,7,89,22.25,150.0,250.0,-100.0,100.0,canonical_lower,100.0,True,87dd761da4a647b0e8b45e85be9601ee0dc3591bf60abc77db8f38eedcc035b8,5562.5,False,True,True,True,False,False,False,0.0,0.0,True,1469.7368421052638,34620.39473684212,True,1905.2631578947362,31523.684210526295,False,0.0,0.0,True,2080.263157894736,2080.263157894736,80,66144.07894736833,False,False,1092.42808450228,False,0.0,0.0,True,1569.736842105264,39488.32236842108,True,1805.2631578947357,28353.782894736814,False,0.0,0.0,True,1980.2631578947357,1980.2631578947357,81,67842.10526315785,False,False,1092.42808450228,qwen3.6-flash-2026-04-16,,c0330a05e986a19dd5426b1b4d4f266520fd47eade08e58910b1c89a88b318f9,16242e95a9f6d606bc7a00dcedebff24913dc439385ab46d51fb80605f75e5f9,1,1.328371,2026-08-13T06:55:37.725638+00:00,2026-08-13T06:55:39.054009+00:00,1786604137.725638,1786604139.054009
F1,e2bv2_e2508c066e226a6c65b3,v2e2_1a991ca6b21c0ed79241,deepseek_formal,S1,stale,1,1,96,forecast_revision,hard,spring,sacramento,14,82,20.5,300.0,250.0,50.0,50.0,canonical_higher,50.0,True,e06e79cdfedfc6d6107b945613e65b2de3a209e40115b9b00ab048d2b91cd7d5,0.0,True,False,False,False,False,False,False,0.0,0.0,False,0.0,0.0,False,0.0,0.0,False,0.0,0.0,True,75.0,-75.0,0,0.0,True,False,357.62402519848564,False,0.0,0.0,False,0.0,0.0,False,0.0,0.0,False,0.0,0.0,True,25.0,-25.0,0,0.0,True,False,357.62402519848564,deepseek-v4-flash,fp_a18b46594c_prod0820_fp8_kvcache_20260402,e5da5f26ba0fd02d48bcd646e6d238a7300b3bc9b8c807b16a83deb66eeaae99,45965b168724f08b7a7d60b144d911cd3a42ee189b553e41bd515349412a9866,1,4.523453,2026-08-13T06:56:44.708361+00:00,2026-08-13T06:56:49.231814+00:00,1786604204.708361,1786604209.231814
F1,e2bv2_e2508c066e226a6c65b3,v2e2_1a991ca6b21c0ed79241,deepseek_formal,C2,canonical,2,2,96,forecast_revision,hard,spring,sacramento,14,82,20.5,300.0,250.0,50.0,50.0,canonical_higher,50.0,True,e06e79cdfedfc6d6107b945613e65b2de3a209e40115b9b00ab048d2b91cd7d5,0.0,True,False,False,False,False,False,False,0.0,0.0,False,0.0,0.0,False,0.0,0.0,False,0.0,0.0,True,25.0,-25.0,0,0.0,True,False,357.62402519848564,False,0.0,0.0,False,0.0,0.0,False,0.0,0.0,False,0.0,0.0,True,25.0,-25.0,0,0.0,True,False,357.62402519848564,deepseek-v4-flash,fp_a18b46594c_prod0820_fp8_kvcache_20260402,bd943b5cff961afb854e7e0ba4bf0f510ab5f01a26cb93df01397fae24d17c0a,c49e4a279ccf87e1f741f0182d51e61595b473721d12abdc8311e3614e8a892e,1,2.051496,2026-08-13T06:56:49.259071+00:00,2026-08-13T06:56:51.310567+00:00,1786604209.259071,1786604211.310567
F1,e2bv2_e2508c066e226a6c65b3,v2e2_1a991ca6b21c0ed79241,deepseek_formal,S2,stale,2,3,96,forecast_revision,hard,spring,sacramento,14,82,20.5,300.0,250.0,50.0,50.0,canonical_higher,50.0,True,e06e79cdfedfc6d6107b945613e65b2de3a209e40115b9b00ab048d2b91cd7d5,0.0,True,False,False,False,False,False,False,0.0,0.0,False,0.0,0.0,False,0.0,0.0,False,0.0,0.0,True,75.0,-75.0,0,0.0,True,False,357.62402519848564,False,0.0,0.0,False,0.0,0.0,False,0.0,0.0,False,0.0,0.0,True,25.0,-25.0,0,0.0,True,False,357.62402519848564,deepseek-v4-flash,fp_a18b46594c_prod0820_fp8_kvcache_20260402,e5da5f26ba0fd02d48bcd646e6d238a7300b3bc9b8c807b16a83deb66eeaae99,45965b168724f08b7a7d60b144d911cd3a42ee189b553e41bd515349412a9866,1,1.89147,2026-08-13T06:56:51.335959+00:00,2026-08-13T06:56:53.227429+00:00,1786604211.335959,1786604213.227429
F1,e2bv2_e2508c066e226a6c65b3,v2e2_1a991ca6b21c0ed79241,deepseek_formal,C1,canonical,1,4,96,forecast_revision,hard,spring,sacramento,14,82,20.5,300.0,250.0,50.0,50.0,canonical_higher,50.0,True,e06e79cdfedfc6d6107b945613e65b2de3a209e40115b9b00ab048d2b91cd7d5,0.0,True,False,False,False,False,False,False,0.0,0.0,False,0.0,0.0,False,0.0,0.0,False,0.0,0.0,True,25.0,-25.0,0,0.0,True,False,357.62402519848564,False,0.0,0.0,False,0.0,0.0,False,0.0,0.0,False,0.0,0.0,True,25.0,-25.0,0,0.0,True,False,357.62402519848564,deepseek-v4-flash,fp_a18b46594c_prod0820_fp8_kvcache_20260402,bd943b5cff961afb854e7e0ba4bf0f510ab5f01a26cb93df01397fae24d17c0a,c49e4a279ccf87e1f741f0182d51e61595b473721d12abdc8311e3614e8a892e,1,1.745762,2026-08-13T06:56:53.252998+00:00,2026-08-13T06:56:54.998760+00:00,1786604213.252998,1786604214.99876
F1,e2bv2_e54f249d180de8a55671,v2e2_d00d3a4d54f973fa24ac,deepseek_formal,C2,canonical,2,1,112,forecast_revision,medium,winter,sacramento,4,92,23.0,175.0,250.0,-75.0,75.0,canonical_lower,75.0,True,c6c9b8650bdf333e657353246bc6f5b02f61950d8990935e2f0e38a63197c80c,0.0,True,False,False,False,False,False,False,0.0,0.0,False,0.0,0.0,False,0.0,0.0,False,0.0,0.0,True,150.0,-150.0,0,0.0,True,False,570.7180380898915,False,0.0,0.0,False,0.0,0.0,False,0.0,0.0,False,0.0,0.0,True,150.0,-150.0,0,0.0,True,False,570.7180380898915,deepseek-v4-flash,fp_a18b46594c_prod0820_fp8_kvcache_20260402,a939353f9303699a69cfe67d9b120aa048d61767f4a2abe830b0dcc7fe6024c7,102872b38bcb9a9a2e3161d801500c80e5666ca246fcd7cc212bb1d4a6c31cd4,1,1.893377,2026-08-13T06:57:07.285192+00:00,2026-08-13T06:57:09.178569+00:00,1786604227.285192,1786604229.178569
F1,e2bv2_e54f249d180de8a55671,v2e2_d00d3a4d54f973fa24ac,deepseek_formal,S2,stale,2,2,112,forecast_revision,medium,winter,sacramento,4,92,23.0,175.0,250.0,-75.0,75.0,canonical_lower,75.0,True,c6c9b8650bdf333e657353246bc6f5b02f61950d8990935e2f0e38a63197c80c,0.0,True,False,False,False,False,False,False,0.0,0.0,False,0.0,0.0,False,0.0,0.0,False,0.0,0.0,True,75.0,-75.0,0,0.0,True,False,570.7180380898915,False,0.0,0.0,False,0.0,0.0,False,0.0,0.0,False,0.0,0.0,True,150.0,-150.0,0,0.0,True,False,570.7180380898915,deepseek-v4-flash,fp_a18b46594c_prod0820_fp8_kvcache_20260402,55c201cd84e089ffd555f4a7d3bd46b51b4ee74e92b8f220ec8209fa43ed1389,6c993edd31a0296b49636ed096a8596f5b6969f57bd437bc9677cc035ae57706,1,2.928214,2026-08-13T06:57:09.205023+00:00,2026-08-13T06:57:12.133237+00:00,1786604229.205023,1786604232.133237
F1,e2bv2_e54f249d180de8a55671,v2e2_d00d3a4d54f973fa24ac,deepseek_formal,C1,canonical,1,3,112,forecast_revision,medium,winter,sacramento,4,92,23.0,175.0,250.0,-75.0,75.0,canonical_lower,75.0,True,c6c9b8650bdf333e657353246bc6f5b02f61950d8990935e2f0e38a63197c80c,0.0,True,False,False,False,False,False,False,0.0,0.0,False,0.0,0.0,False,0.0,0.0,False,0.0,0.0,True,150.0,-150.0,0,0.0,True,False,570.7180380898915,False,0.0,0.0,False,0.0,0.0,False,0.0,0.0,False,0.0,0.0,True,150.0,-150.0,0,0.0,True,False,570.7180380898915,deepseek-v4-flash,fp_a18b46594c_prod0820_fp8_kvcache_20260402,a939353f9303699a69cfe67d9b120aa048d61767f4a2abe830b0dcc7fe6024c7,102872b38bcb9a9a2e3161d801500c80e5666ca246fcd7cc212bb1d4a6c31cd4,1,1.254301,2026-08-13T06:57:12.159272+00:00,2026-08-13T06:57:13.413573+00:00,1786604232.159272,1786604233.413573
F1,e2bv2_e54f249d180de8a55671,v2e2_d00d3a4d54f973fa24ac,deepseek_formal,S1,stale,1,4,112,forecast_revision,medium,winter,sacramento,4,92,23.0,175.0,250.0,-75.0,75.0,canonical_lower,75.0,True,c6c9b8650bdf333e657353246bc6f5b02f61950d8990935e2f0e38a63197c80c,0.0,True,False,False,False,False,False,False,0.0,0.0,False,0.0,0.0,False,0.0,0.0,False,0.0,0.0,True,75.0,-75.0,0,0.0,True,False,570.7180380898915,False,0.0,0.0,False,0.0,0.0,False,0.0,0.0,False,0.0,0.0,True,150.0,-150.0,0,0.0,True,False,570.7180380898915,deepseek-v4-flash,fp_a18b46594c_prod0820_fp8_kvcache_20260402,55c201cd84e089ffd555f4a7d3bd46b51b4ee74e92b8f220ec8209fa43ed1389,6c993edd31a0296b49636ed096a8596f5b6969f57bd437bc9677cc035ae57706,1,1.716845,2026-08-13T06:57:13.441502+00:00,2026-08-13T06:57:15.158347+00:00,1786604233.441502,1786604235.158347
F1,e2bv2_e6d3415e03136200f34b,v2e2_a015340abe1151fa1614,qwen_flash,S1,stale,1,1,102,reserve_commitment_update,easy,summer,fresno,14,82,20.5,175.0,250.0,-75.0,75.0,canonical_lower,75.0,True,224dfd5f87217678aa3dbcc7eb1673392848d77a2e60030a4038b59853d99975,3075.0,False,True,True,True,False,False,False,0.0,0.0,True,3095.8421052631547,122953.10526315782,False,0.0,0.0,False,0.0,0.0,True,3311.8421052631547,-3311.8421052631547,79,122953.10526315782,False,False,125.06145263360376,False,0.0,0.0,True,3170.8421052631547,128943.47368421046,False,0.0,0.0,False,0.0,0.0,True,3386.8421052631547,-3386.8421052631547,81,128943.47368421046,False,False,125.06145263360376,qwen3.6-flash-2026-04-16,,912dec6b402726792632584d0cbb9a6ed05ed17c7c054da62e8bb698927b4219,5d83fe93cf7c68a3ed7600b599bb4e3c5bd452be90f1bf76e309c61a5fb4f151,1,1.045337,2026-08-13T06:56:54.438409+00:00,2026-08-13T06:56:55.483746+00:00,1786604214.438409,1786604215.483746
F1,e2bv2_e6d3415e03136200f34b,v2e2_a015340abe1151fa1614,qwen_flash,C2,canonical,2,2,102,reserve_commitment_update,easy,summer,fresno,14,82,20.5,175.0,250.0,-75.0,75.0,canonical_lower,75.0,True,224dfd5f87217678aa3dbcc7eb1673392848d77a2e60030a4038b59853d99975,3075.0,False,True,True,True,False,False,False,0.0,0.0,True,3170.8421052631547,128943.47368421046,False,0.0,0.0,False,0.0,0.0,True,3386.8421052631547,-3386.8421052631547,81,128943.47368421046,False,False,125.06145263360376,False,0.0,0.0,True,3170.8421052631547,128943.47368421046,False,0.0,0.0,False,0.0,0.0,True,3386.8421052631547,-3386.8421052631547,81,128943.47368421046,False,False,125.06145263360376,qwen3.6-flash-2026-04-16,,89f8af499b5c013a1287a7f467b2a88a08b4e1b20cb73fc647a380a100c8f733,e4d91336cf4a930e3f237ed47ceb1881b58113a8ffd0d7d9847264ad2e63d5ac,1,0.937802,2026-08-13T06:56:55.509287+00:00,2026-08-13T06:56:56.447089+00:00,1786604215.509287,1786604216.447089
F1,e2bv2_e6d3415e03136200f34b,v2e2_a015340abe1151fa1614,qwen_flash,S2,stale,2,3,102,reserve_commitment_update,easy,summer,fresno,14,82,20.5,175.0,250.0,-75.0,75.0,canonical_lower,75.0,True,224dfd5f87217678aa3dbcc7eb1673392848d77a2e60030a4038b59853d99975,3075.0,False,True,True,True,False,False,False,0.0,0.0,True,3095.8421052631547,122953.10526315782,False,0.0,0.0,False,0.0,0.0,True,3311.8421052631547,-3311.8421052631547,79,122953.10526315782,False,False,125.06145263360376,False,0.0,0.0,True,3170.8421052631547,128943.47368421046,False,0.0,0.0,False,0.0,0.0,True,3386.8421052631547,-3386.8421052631547,81,128943.47368421046,False,False,125.06145263360376,qwen3.6-flash-2026-04-16,,912dec6b402726792632584d0cbb9a6ed05ed17c7c054da62e8bb698927b4219,5d83fe93cf7c68a3ed7600b599bb4e3c5bd452be90f1bf76e309c61a5fb4f151,1,1.010832,2026-08-13T06:56:56.473098+00:00,2026-08-13T06:56:57.483930+00:00,1786604216.473098,1786604217.48393
F1,e2bv2_e6d3415e03136200f34b,v2e2_a015340abe1151fa1614,qwen_flash,C1,canonical,1,4,102,reserve_commitment_update,easy,summer,fresno,14,82,20.5,175.0,250.0,-75.0,75.0,canonical_lower,75.0,True,16a2936cdeba791552b0f26dbaf6e3b325e588fa4ba73ed399cb0ba7ea7b0f37,3587.5,False,True,True,True,False,False,False,0.0,0.0,True,3710.315789473688,151325.052631579,False,0.0,0.0,False,0.0,0.0,True,3926.315789473688,-3926.315789473688,81,151325.05263157896,False,False,111.0582482586033,False,0.0,0.0,True,3710.315789473688,151325.052631579,False,0.0,0.0,False,0.0,0.0,True,3926.315789473688,-3926.315789473688,81,151325.05263157896,False,False,111.0582482586033,qwen3.6-flash-2026-04-16,,89f8af499b5c013a1287a7f467b2a88a08b4e1b20cb73fc647a380a100c8f733,e4d91336cf4a930e3f237ed47ceb1881b58113a8ffd0d7d9847264ad2e63d5ac,1,0.994226,2026-08-13T06:56:57.510303+00:00,2026-08-13T06:56:58.504529+00:00,1786604217.510303,1786604218.504529
F1,e2bv2_eb08c3116b763ca158ec,v2e2_07ecea8c63a586f9fa3b,deepseek_formal,S1,stale,1,1,62,reserve_commitment_update,hard,spring,fresno,9,87,21.75,350.0,250.0,100.0,100.0,canonical_higher,100.0,True,030dd256c2a1dda892b0e57157ec52f9ae5fd1e054d0c66380fae1cb6c09c477,0.0,True,False,False,False,False,False,False,0.0,0.0,False,0.0,0.0,False,0.0,0.0,False,0.0,0.0,True,75.0,-75.0,0,0.0,True,False,476.1447830931509,False,0.0,0.0,False,0.0,0.0,False,0.0,0.0,False,0.0,0.0,True,25.0,25.0,0,0.0,True,False,476.1447830931509,deepseek-v4-flash,fp_a18b46594c_prod0820_fp8_kvcache_20260402,11340ad322b45f30ae9f1ca21ec156c56ca94de6033549ceec7ba14caf5d7867,9dceaa43940d3dd29aba5ec618addbe4992e150fe940c27a2b9b1e6489205d70,1,3.041429,2026-08-13T06:56:02.057081+00:00,2026-08-13T06:56:05.098510+00:00,1786604162.057081,1786604165.09851
F1,e2bv2_eb08c3116b763ca158ec,v2e2_07ecea8c63a586f9fa3b,deepseek_formal,C2,canonical,2,2,62,reserve_commitment_update,hard,spring,fresno,9,87,21.75,350.0,250.0,100.0,100.0,canonical_higher,100.0,True,030dd256c2a1dda892b0e57157ec52f9ae5fd1e054d0c66380fae1cb6c09c477,0.0,True,False,False,False,False,False,False,0.0,0.0,False,0.0,0.0,False,0.0,0.0,False,0.0,0.0,True,25.0,25.0,0,0.0,True,False,476.1447830931509,False,0.0,0.0,False,0.0,0.0,False,0.0,0.0,False,0.0,0.0,True,25.0,25.0,0,0.0,True,False,476.1447830931509,deepseek-v4-flash,fp_a18b46594c_prod0820_fp8_kvcache_20260402,52cf34b9c4bcb83dc567eeefd5dc59b5140d5d65a4c88088884d2c56db729f37,947681b18468fc3844d20fdc33baeea47d670c63f3610a5ef5d7d26293dff557,1,1.786125,2026-08-13T06:56:05.128096+00:00,2026-08-13T06:56:06.914221+00:00,1786604165.128096,1786604166.914221
F1,e2bv2_eb08c3116b763ca158ec,v2e2_07ecea8c63a586f9fa3b,deepseek_formal,S2,stale,2,3,62,reserve_commitment_update,hard,spring,fresno,9,87,21.75,350.0,250.0,100.0,100.0,canonical_higher,100.0,True,030dd256c2a1dda892b0e57157ec52f9ae5fd1e054d0c66380fae1cb6c09c477,0.0,True,False,False,False,False,False,False,0.0,0.0,False,0.0,0.0,False,0.0,0.0,False,0.0,0.0,True,75.0,-75.0,0,0.0,True,False,476.1447830931509,False,0.0,0.0,False,0.0,0.0,False,0.0,0.0,False,0.0,0.0,True,25.0,25.0,0,0.0,True,False,476.1447830931509,deepseek-v4-flash,fp_a18b46594c_prod0820_fp8_kvcache_20260402,11340ad322b45f30ae9f1ca21ec156c56ca94de6033549ceec7ba14caf5d7867,9dceaa43940d3dd29aba5ec618addbe4992e150fe940c27a2b9b1e6489205d70,1,3.05156,2026-08-13T06:56:06.949498+00:00,2026-08-13T06:56:10.001058+00:00,1786604166.949498,1786604170.001058
F1,e2bv2_eb08c3116b763ca158ec,v2e2_07ecea8c63a586f9fa3b,deepseek_formal,C1,canonical,1,4,62,reserve_commitment_update,hard,spring,fresno,9,87,21.75,350.0,250.0,100.0,100.0,canonical_higher,100.0,True,030dd256c2a1dda892b0e57157ec52f9ae5fd1e054d0c66380fae1cb6c09c477,0.0,True,False,False,False,False,False,False,0.0,0.0,False,0.0,0.0,False,0.0,0.0,False,0.0,0.0,True,25.0,25.0,0,0.0,True,False,476.1447830931509,False,0.0,0.0,False,0.0,0.0,False,0.0,0.0,False,0.0,0.0,True,25.0,25.0,0,0.0,True,False,476.1447830931509,deepseek-v4-flash,fp_a18b46594c_prod0820_fp8_kvcache_20260402,52cf34b9c4bcb83dc567eeefd5dc59b5140d5d65a4c88088884d2c56db729f37,947681b18468fc3844d20fdc33baeea47d670c63f3610a5ef5d7d26293dff557,1,1.562719,2026-08-13T06:56:10.029262+00:00,2026-08-13T06:56:11.591981+00:00,1786604170.029262,1786604171.591981
F1,e2bv2_ed7aafb6b6bf57083afc,v2e2_ff7d4d179a2e6d483137,deepseek_formal,S2,stale,2,1,29,export_limit_update,easy,winter,fresno,5,91,22.75,350.0,250.0,100.0,100.0,canonical_higher,100.0,True,e6ff459ebc86a128b3e37b46d41efd52eedbe5c955acf3d20dfbf99a33fb2557,0.0,True,False,False,False,False,False,False,0.0,0.0,False,0.0,0.0,False,0.0,0.0,False,0.0,0.0,True,75.0,-75.0,0,0.0,True,False,635.9634390065827,False,0.0,0.0,False,0.0,0.0,False,0.0,0.0,False,0.0,0.0,True,25.0,25.0,0,0.0,True,False,635.9634390065827,deepseek-v4-flash,fp_a18b46594c_prod0820_fp8_kvcache_20260402,aa847d5bd33f78a7f9baa04b45e6444d0f8d9725ed7604970eb8903c1da3dbd6,e1566644c5aa1263a6a3be436f86ddcfb867acc36e37ecf746bdd0bfab2f9724,1,1.513302,2026-08-13T06:55:22.256503+00:00,2026-08-13T06:55:23.769805+00:00,1786604122.256503,1786604123.769805
F1,e2bv2_ed7aafb6b6bf57083afc,v2e2_ff7d4d179a2e6d483137,deepseek_formal,C1,canonical,1,2,29,export_limit_update,easy,winter,fresno,5,91,22.75,350.0,250.0,100.0,100.0,canonical_higher,100.0,True,f20277118a935051eb34f4f0ebed0b5fe48e9c3e39715d31d3b890b9193fbd65,6.249999999999998,False,True,True,False,False,False,False,0.0,0.0,False,0.0,0.0,False,0.0,0.0,False,0.0,0.0,True,18.4210526315764,18.4210526315764,0,0.0,True,False,635.5628894701813,False,0.0,0.0,False,0.0,0.0,False,0.0,0.0,False,0.0,0.0,True,18.4210526315764,18.4210526315764,0,0.0,True,False,635.5628894701813,deepseek-v4-flash,fp_a18b46594c_prod0820_fp8_kvcache_20260402,3a041f4116076bf6975d20f2e4acb8c1fed9c205b3ca5079fef810eb46b2ce9c,0d45c55df2d6350cf5e5a6564037ed45873b26bccae93d125057f0c43f069d56,1,1.380622,2026-08-13T06:55:23.797886+00:00,2026-08-13T06:55:25.178508+00:00,1786604123.797886,1786604125.178508
F1,e2bv2_ed7aafb6b6bf57083afc,v2e2_ff7d4d179a2e6d483137,deepseek_formal,S1,stale,1,3,29,export_limit_update,easy,winter,fresno,5,91,22.75,350.0,250.0,100.0,100.0,canonical_higher,100.0,True,e6ff459ebc86a128b3e37b46d41efd52eedbe5c955acf3d20dfbf99a33fb2557,0.0,True,False,False,False,False,False,False,0.0,0.0,False,0.0,0.0,False,0.0,0.0,False,0.0,0.0,True,75.0,-75.0,0,0.0,True,False,635.9634390065827,False,0.0,0.0,False,0.0,0.0,False,0.0,0.0,False,0.0,0.0,True,25.0,25.0,0,0.0,True,False,635.9634390065827,deepseek-v4-flash,fp_a18b46594c_prod0820_fp8_kvcache_20260402,aa847d5bd33f78a7f9baa04b45e6444d0f8d9725ed7604970eb8903c1da3dbd6,e1566644c5aa1263a6a3be436f86ddcfb867acc36e37ecf746bdd0bfab2f9724,1,1.489625,2026-08-13T06:55:25.205031+00:00,2026-08-13T06:55:26.694656+00:00,1786604125.205031,1786604126.694656
F1,e2bv2_ed7aafb6b6bf57083afc,v2e2_ff7d4d179a2e6d483137,deepseek_formal,C2,canonical,2,4,29,export_limit_update,easy,winter,fresno,5,91,22.75,350.0,250.0,100.0,100.0,canonical_higher,100.0,True,f20277118a935051eb34f4f0ebed0b5fe48e9c3e39715d31d3b890b9193fbd65,6.249999999999998,False,True,True,False,False,False,False,0.0,0.0,False,0.0,0.0,False,0.0,0.0,False,0.0,0.0,True,18.4210526315764,18.4210526315764,0,0.0,True,False,635.5628894701813,False,0.0,0.0,False,0.0,0.0,False,0.0,0.0,False,0.0,0.0,True,18.4210526315764,18.4210526315764,0,0.0,True,False,635.5628894701813,deepseek-v4-flash,fp_a18b46594c_prod0820_fp8_kvcache_20260402,3a041f4116076bf6975d20f2e4acb8c1fed9c205b3ca5079fef810eb46b2ce9c,0d45c55df2d6350cf5e5a6564037ed45873b26bccae93d125057f0c43f069d56,1,1.497073,2026-08-13T06:55:26.721577+00:00,2026-08-13T06:55:28.218650+00:00,1786604126.721577,1786604128.21865
F1,e2bv2_ee50862513a4cdbf07e4,v2e2_ea69a5744fe4489919e6,qwen_flash,S1,stale,1,1,52,export_limit_update,hard,summer,los_angeles,13,83,20.75,350.0,250.0,100.0,100.0,canonical_higher,100.0,True,f7f9a1bcdc2549262e5a0e396f8dbb3f4d1bf207af61934aac2bf0de84370ee2,5187.5,False,True,True,True,False,False,False,0.0,0.0,False,0.0,0.0,True,4678.125,186637.5,False,0.0,0.0,True,4853.125,4853.125,79,186637.5,False,False,598.8089253930335,False,0.0,0.0,False,0.0,0.0,True,4778.125,194653.125,False,0.0,0.0,True,4953.125,4953.125,81,194653.125,False,False,598.8089253930335,qwen3.6-flash-2026-04-16,,2e41183bed2b33aba739052d74ddf14be4df333ea8ac6e063c793c93171fbcec,a6cf535dc4455a377bfaa8bf6bab9e1eefca47dc1c50d73fb02d78a8665848ed,1,0.931814,2026-08-13T06:55:47.503786+00:00,2026-08-13T06:55:48.435600+00:00,1786604147.503786,1786604148.4356
F1,e2bv2_ee50862513a4cdbf07e4,v2e2_ea69a5744fe4489919e6,qwen_flash,C2,canonical,2,2,52,export_limit_update,hard,summer,los_angeles,13,83,20.75,350.0,250.0,100.0,100.0,canonical_higher,100.0,True,17d476114167a1c0bc9d2c2c8b50648412fb019586a84eccf17e07613d4c4bf4,5187.5,False,True,True,True,False,False,False,0.0,0.0,True,5185.526315789477,206959.2105263158,False,0.0,0.0,True,89.49473599999999,237.44404999999998,True,5435.526315789477,-5435.526315789477,79,207196.65457631575,False,False,153.67772039303352,False,0.0,0.0,True,5185.526315789477,206959.2105263158,False,0.0,0.0,True,89.49473599999999,237.44404999999998,True,5435.526315789477,-5435.526315789477,79,207196.65457631575,False,False,153.67772039303352,qwen3.6-flash-2026-04-16,,42bcbc0bd43e2f18755812b0b3db707a28653f9097ef6f47011137f2f3daa962,de18f529fabba81963edf56518ba87a798042e36bb2507772e356ff734075fb7,1,0.998331,2026-08-13T06:55:48.466865+00:00,2026-08-13T06:55:49.465196+00:00,1786604148.466865,1786604149.465196
F1,e2bv2_ee50862513a4cdbf07e4,v2e2_ea69a5744fe4489919e6,qwen_flash,S2,stale,2,3,52,export_limit_update,hard,summer,los_angeles,13,83,20.75,350.0,250.0,100.0,100.0,canonical_higher,100.0,True,f7f9a1bcdc2549262e5a0e396f8dbb3f4d1bf207af61934aac2bf0de84370ee2,5187.5,False,True,True,True,False,False,False,0.0,0.0,False,0.0,0.0,True,4678.125,186637.5,False,0.0,0.0,True,4853.125,4853.125,79,186637.5,False,False,598.8089253930335,False,0.0,0.0,False,0.0,0.0,True,4778.125,194653.125,False,0.0,0.0,True,4953.125,4953.125,81,194653.125,False,False,598.8089253930335,qwen3.6-flash-2026-04-16,,2e41183bed2b33aba739052d74ddf14be4df333ea8ac6e063c793c93171fbcec,a6cf535dc4455a377bfaa8bf6bab9e1eefca47dc1c50d73fb02d78a8665848ed,1,0.568246,2026-08-13T06:55:49.498866+00:00,2026-08-13T06:55:50.067112+00:00,1786604149.498866,1786604150.067112
F1,e2bv2_ee50862513a4cdbf07e4,v2e2_ea69a5744fe4489919e6,qwen_flash,C1,canonical,1,4,52,export_limit_update,hard,summer,los_angeles,13,83,20.75,350.0,250.0,100.0,100.0,canonical_higher,100.0,True,17d476114167a1c0bc9d2c2c8b50648412fb019586a84eccf17e07613d4c4bf4,5187.5,False,True,True,True,False,False,False,0.0,0.0,True,5185.526315789477,206959.2105263158,False,0.0,0.0,True,89.49473599999999,237.44404999999998,True,5435.526315789477,-5435.526315789477,79,207196.65457631575,False,False,153.67772039303352,False,0.0,0.0,True,5185.526315789477,206959.2105263158,False,0.0,0.0,True,89.49473599999999,237.44404999999998,True,5435.526315789477,-5435.526315789477,79,207196.65457631575,False,False,153.67772039303352,qwen3.6-flash-2026-04-16,,42bcbc0bd43e2f18755812b0b3db707a28653f9097ef6f47011137f2f3daa962,de18f529fabba81963edf56518ba87a798042e36bb2507772e356ff734075fb7,1,0.92625,2026-08-13T06:55:50.094654+00:00,2026-08-13T06:55:51.020904+00:00,1786604150.094654,1786604151.020904
F1,e2bv2_efd03696157b9e4346bf,v2e2_6044c2cf8efb739eb457,deepseek_formal,S2,stale,2,1,98,reserve_commitment_update,easy,winter,sacramento,5,91,22.75,350.0,250.0,100.0,100.0,canonical_higher,100.0,True,e6ff459ebc86a128b3e37b46d41efd52eedbe5c955acf3d20dfbf99a33fb2557,0.0,True,False,False,False,False,False,False,0.0,0.0,False,0.0,0.0,False,0.0,0.0,False,0.0,0.0,True,75.0,-75.0,0,0.0,True,False,709.7941913607614,False,0.0,0.0,False,0.0,0.0,False,0.0,0.0,False,0.0,0.0,True,25.0,25.0,0,0.0,True,False,709.7941913607614,deepseek-v4-flash,fp_a18b46594c_prod0820_fp8_kvcache_20260402,7fbcd42e8b4fc9354d72ed9e6c6945f46d9c2bb61c8fbe0d2eb029395d6b2b92,c1d3fa48ea998d03cf26e48f9695c25a303f435617ead1f3bba6f169e879bb46,1,2.114211,2026-08-13T06:56:46.436728+00:00,2026-08-13T06:56:48.550939+00:00,1786604206.436728,1786604208.550939
F1,e2bv2_efd03696157b9e4346bf,v2e2_6044c2cf8efb739eb457,deepseek_formal,C1,canonical,1,2,98,reserve_commitment_update,easy,winter,sacramento,5,91,22.75,350.0,250.0,100.0,100.0,canonical_higher,100.0,True,e6ff459ebc86a128b3e37b46d41efd52eedbe5c955acf3d20dfbf99a33fb2557,0.0,True,False,False,False,False,False,False,0.0,0.0,False,0.0,0.0,False,0.0,0.0,False,0.0,0.0,True,25.0,25.0,0,0.0,True,False,709.7941913607614,False,0.0,0.0,False,0.0,0.0,False,0.0,0.0,False,0.0,0.0,True,25.0,25.0,0,0.0,True,False,709.7941913607614,deepseek-v4-flash,fp_a18b46594c_prod0820_fp8_kvcache_20260402,73ba3c1f17a9f9ed2caa66720236ecd86b2d82f209189839002bcf15b0fc1696,bb2e180db3d3d665d8ad00437e82885e2662cb95457912ff02bda346aec7bd0a,1,1.268811,2026-08-13T06:56:48.578226+00:00,2026-08-13T06:56:49.847037+00:00,1786604208.578226,1786604209.847037
F1,e2bv2_efd03696157b9e4346bf,v2e2_6044c2cf8efb739eb457,deepseek_formal,S1,stale,1,3,98,reserve_commitment_update,easy,winter,sacramento,5,91,22.75,350.0,250.0,100.0,100.0,canonical_higher,100.0,True,e6ff459ebc86a128b3e37b46d41efd52eedbe5c955acf3d20dfbf99a33fb2557,0.0,True,False,False,False,False,False,False,0.0,0.0,False,0.0,0.0,False,0.0,0.0,False,0.0,0.0,True,75.0,-75.0,0,0.0,True,False,709.7941913607614,False,0.0,0.0,False,0.0,0.0,False,0.0,0.0,False,0.0,0.0,True,25.0,25.0,0,0.0,True,False,709.7941913607614,deepseek-v4-flash,fp_a18b46594c_prod0820_fp8_kvcache_20260402,7fbcd42e8b4fc9354d72ed9e6c6945f46d9c2bb61c8fbe0d2eb029395d6b2b92,c1d3fa48ea998d03cf26e48f9695c25a303f435617ead1f3bba6f169e879bb46,1,2.462365,2026-08-13T06:56:49.874982+00:00,2026-08-13T06:56:52.337347+00:00,1786604209.874982,1786604212.337347
F1,e2bv2_efd03696157b9e4346bf,v2e2_6044c2cf8efb739eb457,deepseek_formal,C2,canonical,2,4,98,reserve_commitment_update,easy,winter,sacramento,5,91,22.75,350.0,250.0,100.0,100.0,canonical_higher,100.0,True,e6ff459ebc86a128b3e37b46d41efd52eedbe5c955acf3d20dfbf99a33fb2557,0.0,True,False,False,False,False,False,False,0.0,0.0,False,0.0,0.0,False,0.0,0.0,False,0.0,0.0,True,25.0,25.0,0,0.0,True,False,709.7941913607614,False,0.0,0.0,False,0.0,0.0,False,0.0,0.0,False,0.0,0.0,True,25.0,25.0,0,0.0,True,False,709.7941913607614,deepseek-v4-flash,fp_a18b46594c_prod0820_fp8_kvcache_20260402,73ba3c1f17a9f9ed2caa66720236ecd86b2d82f209189839002bcf15b0fc1696,bb2e180db3d3d665d8ad00437e82885e2662cb95457912ff02bda346aec7bd0a,1,1.724546,2026-08-13T06:56:52.364895+00:00,2026-08-13T06:56:54.089441+00:00,1786604212.364895,1786604214.089441
F1,e2bv2_f483b1e570bed21999a2,v2e2_8e9a9550f230c7b3cff3,qwen_flash,S2,stale,2,1,93,forecast_revision,medium,summer,los_angeles,4,92,23.0,175.0,250.0,-75.0,75.0,canonical_lower,75.0,True,01835ca016b6607eda94cb8ff102b2cad69b4a1cb53b69f7d0ebcbc5963fd2b6,3450.0,False,True,True,True,False,False,False,0.0,0.0,True,3456.578947368417,153073.6842105262,False,0.0,0.0,False,0.0,0.0,True,3706.578947368417,-3706.578947368417,88,153073.68421052623,False,False,154.9905733561782,False,0.0,0.0,True,3531.578947368417,159749.99999999988,False,0.0,0.0,False,0.0,0.0,True,3781.578947368417,-3781.578947368417,90,159749.9999999999,False,False,154.9905733561782,qwen3.6-flash-2026-04-16,,b8d666515c32101bb29f4528b1b127f4c840d94bb7891905d449e519adb2d3a8,851eccc2a30f126e04d30d8bcab888dc3bb1222c44a64169630ebdd1999d3b39,1,1.042,2026-08-13T06:56:40.209502+00:00,2026-08-13T06:56:41.251502+00:00,1786604200.209502,1786604201.251502
F1,e2bv2_f483b1e570bed21999a2,v2e2_8e9a9550f230c7b3cff3,qwen_flash,C1,canonical,1,2,93,forecast_revision,medium,summer,los_angeles,4,92,23.0,175.0,250.0,-75.0,75.0,canonical_lower,75.0,True,01835ca016b6607eda94cb8ff102b2cad69b4a1cb53b69f7d0ebcbc5963fd2b6,3450.0,False,True,True,True,False,False,False,0.0,0.0,True,3531.578947368417,159749.99999999988,False,0.0,0.0,False,0.0,0.0,True,3781.578947368417,-3781.578947368417,90,159749.9999999999,False,False,154.9905733561782,False,0.0,0.0,True,3531.578947368417,159749.99999999988,False,0.0,0.0,False,0.0,0.0,True,3781.578947368417,-3781.578947368417,90,159749.9999999999,False,False,154.9905733561782,qwen3.6-flash-2026-04-16,,e138e5ff47b72bfdd22ff46f6a865e8128e1380e8432a82bb4d59d786dbd8187,9d8d01fa737eabf3dfe458144ad5d65d7d3ef7b1d9b08671587d69d2e830bc64,1,1.013185,2026-08-13T06:56:41.277125+00:00,2026-08-13T06:56:42.290310+00:00,1786604201.277125,1786604202.29031
F1,e2bv2_f483b1e570bed21999a2,v2e2_8e9a9550f230c7b3cff3,qwen_flash,S1,stale,1,3,93,forecast_revision,medium,summer,los_angeles,4,92,23.0,175.0,250.0,-75.0,75.0,canonical_lower,75.0,True,01835ca016b6607eda94cb8ff102b2cad69b4a1cb53b69f7d0ebcbc5963fd2b6,3450.0,False,True,True,True,False,False,False,0.0,0.0,True,3456.578947368417,153073.6842105262,False,0.0,0.0,False,0.0,0.0,True,3706.578947368417,-3706.578947368417,88,153073.68421052623,False,False,154.9905733561782,False,0.0,0.0,True,3531.578947368417,159749.99999999988,False,0.0,0.0,False,0.0,0.0,True,3781.578947368417,-3781.578947368417,90,159749.9999999999,False,False,154.9905733561782,qwen3.6-flash-2026-04-16,,b8d666515c32101bb29f4528b1b127f4c840d94bb7891905d449e519adb2d3a8,851eccc2a30f126e04d30d8bcab888dc3bb1222c44a64169630ebdd1999d3b39,1,1.018691,2026-08-13T06:56:42.316926+00:00,2026-08-13T06:56:43.335617+00:00,1786604202.316926,1786604203.335617
F1,e2bv2_f483b1e570bed21999a2,v2e2_8e9a9550f230c7b3cff3,qwen_flash,C2,canonical,2,4,93,forecast_revision,medium,summer,los_angeles,4,92,23.0,175.0,250.0,-75.0,75.0,canonical_lower,75.0,True,01835ca016b6607eda94cb8ff102b2cad69b4a1cb53b69f7d0ebcbc5963fd2b6,3450.0,False,True,True,True,False,False,False,0.0,0.0,True,3531.578947368417,159749.99999999988,False,0.0,0.0,False,0.0,0.0,True,3781.578947368417,-3781.578947368417,90,159749.9999999999,False,False,154.9905733561782,False,0.0,0.0,True,3531.578947368417,159749.99999999988,False,0.0,0.0,False,0.0,0.0,True,3781.578947368417,-3781.578947368417,90,159749.9999999999,False,False,154.9905733561782,qwen3.6-flash-2026-04-16,,e138e5ff47b72bfdd22ff46f6a865e8128e1380e8432a82bb4d59d786dbd8187,9d8d01fa737eabf3dfe458144ad5d65d7d3ef7b1d9b08671587d69d2e830bc64,1,0.994579,2026-08-13T06:56:43.362606+00:00,2026-08-13T06:56:44.357185+00:00,1786604203.362606,1786604204.357185
F1,e2bv2_f52569b207fdbafda434,v2e2_7b2e0628b0d7b7a4badd,deepseek_formal,C1,canonical,1,1,2,power_limit_derating,medium,summer,fresno,4,92,23.0,350.0,250.0,100.0,100.0,canonical_higher,100.0,True,c6c9b8650bdf333e657353246bc6f5b02f61950d8990935e2f0e38a63197c80c,0.0,True,False,False,False,False,False,False,0.0,0.0,False,0.0,0.0,False,0.0,0.0,False,0.0,0.0,True,25.0,25.0,0,0.0,True,False,293.89573839442465,False,0.0,0.0,False,0.0,0.0,False,0.0,0.0,False,0.0,0.0,True,25.0,25.0,0,0.0,True,False,293.89573839442465,deepseek-v4-flash,fp_a18b46594c_prod0820_fp8_kvcache_20260402,442815f9a079d83beaf7de6666b51c1a3e5d1c8dc33fb7ed1a236e5c5181d112,eb6a6af6461f3146ba03bf2a1f0b126944ce22f4073fbd3f1efbc22fde62f5a2,1,4.445922,2026-08-13T06:54:45.928607+00:00,2026-08-13T06:54:50.374529+00:00,1786604085.928607,1786604090.374529
F1,e2bv2_f52569b207fdbafda434,v2e2_7b2e0628b0d7b7a4badd,deepseek_formal,S1,stale,1,2,2,power_limit_derating,medium,summer,fresno,4,92,23.0,350.0,250.0,100.0,100.0,canonical_higher,100.0,True,c6c9b8650bdf333e657353246bc6f5b02f61950d8990935e2f0e38a63197c80c,0.0,True,False,False,False,False,False,False,0.0,0.0,False,0.0,0.0,False,0.0,0.0,False,0.0,0.0,True,75.0,-75.0,0,0.0,True,False,293.89573839442465,False,0.0,0.0,False,0.0,0.0,False,0.0,0.0,False,0.0,0.0,True,25.0,25.0,0,0.0,True,False,293.89573839442465,deepseek-v4-flash,fp_a18b46594c_prod0820_fp8_kvcache_20260402,e1f709aa3fac89434faa6c842c4c64b052c9026b3f7e975bee8c3092ceda8a6e,ba3e156b6b10e83c8fa4e6f32ab43923db6f1eb68e75725d64b02d6d8e196060,1,2.595139,2026-08-13T06:54:50.405536+00:00,2026-08-13T06:54:53.000675+00:00,1786604090.405536,1786604093.000675
F1,e2bv2_f52569b207fdbafda434,v2e2_7b2e0628b0d7b7a4badd,deepseek_formal,C2,canonical,2,3,2,power_limit_derating,medium,summer,fresno,4,92,23.0,350.0,250.0,100.0,100.0,canonical_higher,100.0,True,c6c9b8650bdf333e657353246bc6f5b02f61950d8990935e2f0e38a63197c80c,0.0,True,False,False,False,False,False,False,0.0,0.0,False,0.0,0.0,False,0.0,0.0,False,0.0,0.0,True,25.0,25.0,0,0.0,True,False,293.89573839442465,False,0.0,0.0,False,0.0,0.0,False,0.0,0.0,False,0.0,0.0,True,25.0,25.0,0,0.0,True,False,293.89573839442465,deepseek-v4-flash,fp_a18b46594c_prod0820_fp8_kvcache_20260402,442815f9a079d83beaf7de6666b51c1a3e5d1c8dc33fb7ed1a236e5c5181d112,eb6a6af6461f3146ba03bf2a1f0b126944ce22f4073fbd3f1efbc22fde62f5a2,1,1.256644,2026-08-13T06:54:53.027193+00:00,2026-08-13T06:54:54.283837+00:00,1786604093.027193,1786604094.283837
F1,e2bv2_f52569b207fdbafda434,v2e2_7b2e0628b0d7b7a4badd,deepseek_formal,S2,stale,2,4,2,power_limit_derating,medium,summer,fresno,4,92,23.0,350.0,250.0,100.0,100.0,canonical_higher,100.0,True,c6c9b8650bdf333e657353246bc6f5b02f61950d8990935e2f0e38a63197c80c,0.0,True,False,False,False,False,False,False,0.0,0.0,False,0.0,0.0,False,0.0,0.0,False,0.0,0.0,True,75.0,-75.0,0,0.0,True,False,293.89573839442465,False,0.0,0.0,False,0.0,0.0,False,0.0,0.0,False,0.0,0.0,True,25.0,25.0,0,0.0,True,False,293.89573839442465,deepseek-v4-flash,fp_a18b46594c_prod0820_fp8_kvcache_20260402,e1f709aa3fac89434faa6c842c4c64b052c9026b3f7e975bee8c3092ceda8a6e,ba3e156b6b10e83c8fa4e6f32ab43923db6f1eb68e75725d64b02d6d8e196060,1,1.907243,2026-08-13T06:54:54.312874+00:00,2026-08-13T06:54:56.220117+00:00,1786604094.312874,1786604096.220117
F1,e2bv2_f58bf07d1222a1361782,v2e2_7778cc641046e1b0a2cd,deepseek_formal,S2,stale,2,1,16,forecast_revision,hard,autumn,san_diego,14,82,20.5,175.0,250.0,-75.0,75.0,canonical_lower,75.0,True,e06e79cdfedfc6d6107b945613e65b2de3a209e40115b9b00ab048d2b91cd7d5,0.0,True,False,False,False,False,False,False,0.0,0.0,False,0.0,0.0,False,0.0,0.0,False,0.0,0.0,True,75.0,-75.0,0,0.0,True,False,418.6000925442784,False,0.0,0.0,False,0.0,0.0,False,0.0,0.0,False,0.0,0.0,True,150.0,-150.0,0,0.0,True,False,418.6000925442784,deepseek-v4-flash,fp_a18b46594c_prod0820_fp8_kvcache_20260402,1b73555a5b301dc3304af0964477b642712cef1fdf5e08304313e01c747cf529,e812412aac49746be9f634256e621ed6065b1e2c0e4afebc10614563f6c7bb11,1,1.631468,2026-08-13T06:55:02.306607+00:00,2026-08-13T06:55:03.938075+00:00,1786604102.306607,1786604103.938075
F1,e2bv2_f58bf07d1222a1361782,v2e2_7778cc641046e1b0a2cd,deepseek_formal,C1,canonical,1,2,16,forecast_revision,hard,autumn,san_diego,14,82,20.5,175.0,250.0,-75.0,75.0,canonical_lower,75.0,True,e06e79cdfedfc6d6107b945613e65b2de3a209e40115b9b00ab048d2b91cd7d5,0.0,True,False,False,False,False,False,False,0.0,0.0,False,0.0,0.0,False,0.0,0.0,False,0.0,0.0,True,150.0,-150.0,0,0.0,True,False,418.6000925442784,False,0.0,0.0,False,0.0,0.0,False,0.0,0.0,False,0.0,0.0,True,150.0,-150.0,0,0.0,True,False,418.6000925442784,deepseek-v4-flash,fp_a18b46594c_prod0820_fp8_kvcache_20260402,1c3f9297c8d9aed52aee0398529bbfbc6085b8d07c1f3cb40da5ce3ba7d6d813,9c7791a10f4d2fdad0dd4f383b10c91c28aae733bfa5e07bb3505ed896310d45,1,1.133033,2026-08-13T06:55:03.969647+00:00,2026-08-13T06:55:05.102680+00:00,1786604103.969647,1786604105.10268
F1,e2bv2_f58bf07d1222a1361782,v2e2_7778cc641046e1b0a2cd,deepseek_formal,S1,stale,1,3,16,forecast_revision,hard,autumn,san_diego,14,82,20.5,175.0,250.0,-75.0,75.0,canonical_lower,75.0,True,e06e79cdfedfc6d6107b945613e65b2de3a209e40115b9b00ab048d2b91cd7d5,0.0,True,False,False,False,False,False,False,0.0,0.0,False,0.0,0.0,False,0.0,0.0,False,0.0,0.0,True,75.0,-75.0,0,0.0,True,False,418.6000925442784,False,0.0,0.0,False,0.0,0.0,False,0.0,0.0,False,0.0,0.0,True,150.0,-150.0,0,0.0,True,False,418.6000925442784,deepseek-v4-flash,fp_a18b46594c_prod0820_fp8_kvcache_20260402,1b73555a5b301dc3304af0964477b642712cef1fdf5e08304313e01c747cf529,e812412aac49746be9f634256e621ed6065b1e2c0e4afebc10614563f6c7bb11,1,1.501082,2026-08-13T06:55:05.129692+00:00,2026-08-13T06:55:06.630774+00:00,1786604105.129692,1786604106.630774
F1,e2bv2_f58bf07d1222a1361782,v2e2_7778cc641046e1b0a2cd,deepseek_formal,C2,canonical,2,4,16,forecast_revision,hard,autumn,san_diego,14,82,20.5,175.0,250.0,-75.0,75.0,canonical_lower,75.0,True,e06e79cdfedfc6d6107b945613e65b2de3a209e40115b9b00ab048d2b91cd7d5,0.0,True,False,False,False,False,False,False,0.0,0.0,False,0.0,0.0,False,0.0,0.0,False,0.0,0.0,True,150.0,-150.0,0,0.0,True,False,418.6000925442784,False,0.0,0.0,False,0.0,0.0,False,0.0,0.0,False,0.0,0.0,True,150.0,-150.0,0,0.0,True,False,418.6000925442784,deepseek-v4-flash,fp_a18b46594c_prod0820_fp8_kvcache_20260402,1c3f9297c8d9aed52aee0398529bbfbc6085b8d07c1f3cb40da5ce3ba7d6d813,9c7791a10f4d2fdad0dd4f383b10c91c28aae733bfa5e07bb3505ed896310d45,1,1.408768,2026-08-13T06:55:06.661845+00:00,2026-08-13T06:55:08.070613+00:00,1786604106.661845,1786604108.070613
F1,e2bv2_f81916a9751afb1e07b4,v2e2_d00d3a4d54f973fa24ac,qwen_flash,C2,canonical,2,1,68,forecast_revision,medium,winter,sacramento,4,92,23.0,175.0,250.0,-75.0,75.0,canonical_lower,75.0,True,9ef41a593e5f4d0a88f80870603ae0b51511451ec51d1ff47f98eb17a8f46164,4025.0,False,True,True,True,False,False,False,0.0,0.0,True,4136.842105263163,187875.00000000012,False,0.0,0.0,False,0.0,0.0,True,4386.842105263163,-4386.842105263163,90,187875.00000000006,False,False,360.3953293398921,False,0.0,0.0,True,4136.842105263163,187875.00000000012,False,0.0,0.0,False,0.0,0.0,True,4386.842105263163,-4386.842105263163,90,187875.00000000006,False,False,360.3953293398921,qwen3.6-flash-2026-04-16,,a939353f9303699a69cfe67d9b120aa048d61767f4a2abe830b0dcc7fe6024c7,d944ae221d045ea6fddfdc5f3d5ef919cba3ad42e0432cad1e4b8725587743d9,1,1.496611,2026-08-13T06:56:08.956987+00:00,2026-08-13T06:56:10.453598+00:00,1786604168.956987,1786604170.453598
F1,e2bv2_f81916a9751afb1e07b4,v2e2_d00d3a4d54f973fa24ac,qwen_flash,S2,stale,2,2,68,forecast_revision,medium,winter,sacramento,4,92,23.0,175.0,250.0,-75.0,75.0,canonical_lower,75.0,True,01835ca016b6607eda94cb8ff102b2cad69b4a1cb53b69f7d0ebcbc5963fd2b6,3450.0,False,True,True,True,False,False,False,0.0,0.0,True,3456.578947368417,153073.6842105262,False,0.0,0.0,False,0.0,0.0,True,3706.578947368417,-3706.578947368417,88,153073.68421052623,False,False,390.4414305898921,False,0.0,0.0,True,3531.578947368417,159749.99999999988,False,0.0,0.0,False,0.0,0.0,True,3781.578947368417,-3781.578947368417,90,159749.9999999999,False,False,390.4414305898921,qwen3.6-flash-2026-04-16,,55c201cd84e089ffd555f4a7d3bd46b51b4ee74e92b8f220ec8209fa43ed1389,91d87370236e03acc7a37ba0579d6e4d7f39d93e9a13a4b2be7168f96dfc33ef,1,1.525047,2026-08-13T06:56:10.483734+00:00,2026-08-13T06:56:12.008781+00:00,1786604170.483734,1786604172.008781
F1,e2bv2_f81916a9751afb1e07b4,v2e2_d00d3a4d54f973fa24ac,qwen_flash,C1,canonical,1,3,68,forecast_revision,medium,winter,sacramento,4,92,23.0,175.0,250.0,-75.0,75.0,canonical_lower,75.0,True,01835ca016b6607eda94cb8ff102b2cad69b4a1cb53b69f7d0ebcbc5963fd2b6,3450.0,False,True,True,True,False,False,False,0.0,0.0,True,3531.578947368417,159749.99999999988,False,0.0,0.0,False,0.0,0.0,True,3781.578947368417,-3781.578947368417,90,159749.9999999999,False,False,390.4414305898921,False,0.0,0.0,True,3531.578947368417,159749.99999999988,False,0.0,0.0,False,0.0,0.0,True,3781.578947368417,-3781.578947368417,90,159749.9999999999,False,False,390.4414305898921,qwen3.6-flash-2026-04-16,,a939353f9303699a69cfe67d9b120aa048d61767f4a2abe830b0dcc7fe6024c7,d944ae221d045ea6fddfdc5f3d5ef919cba3ad42e0432cad1e4b8725587743d9,1,1.029823,2026-08-13T06:56:12.034731+00:00,2026-08-13T06:56:13.064554+00:00,1786604172.034731,1786604173.064554
F1,e2bv2_f81916a9751afb1e07b4,v2e2_d00d3a4d54f973fa24ac,qwen_flash,S1,stale,1,4,68,forecast_revision,medium,winter,sacramento,4,92,23.0,175.0,250.0,-75.0,75.0,canonical_lower,75.0,True,01835ca016b6607eda94cb8ff102b2cad69b4a1cb53b69f7d0ebcbc5963fd2b6,3450.0,False,True,True,True,False,False,False,0.0,0.0,True,3456.578947368417,153073.6842105262,False,0.0,0.0,False,0.0,0.0,True,3706.578947368417,-3706.578947368417,88,153073.68421052623,False,False,390.4414305898921,False,0.0,0.0,True,3531.578947368417,159749.99999999988,False,0.0,0.0,False,0.0,0.0,True,3781.578947368417,-3781.578947368417,90,159749.9999999999,False,False,390.4414305898921,qwen3.6-flash-2026-04-16,,55c201cd84e089ffd555f4a7d3bd46b51b4ee74e92b8f220ec8209fa43ed1389,91d87370236e03acc7a37ba0579d6e4d7f39d93e9a13a4b2be7168f96dfc33ef,1,1.129243,2026-08-13T06:56:13.096002+00:00,2026-08-13T06:56:14.225245+00:00,1786604173.096002,1786604174.225245
F1,e2bv2_fcedc993c5aeb0f830da,v2e2_4bc783ae8ece976241af,qwen_flash,C2,canonical,2,1,104,reserve_commitment_update,easy,spring,los_angeles,8,88,22.0,350.0,250.0,100.0,100.0,canonical_higher,100.0,True,defe03250cd56fbc03a01b36cd77cb7f720aa0ac6411126baef0622ab7a9e7a9,5500.0,False,True,True,True,False,False,False,0.0,0.0,True,5548.473684210531,236751.8421052632,False,0.0,0.0,True,93.311915,210.2473615,True,5764.473684210531,-5764.473684210531,85,236962.08946676317,False,False,150.77358371369093,False,0.0,0.0,True,5548.473684210531,236751.8421052632,False,0.0,0.0,True,93.311915,210.2473615,True,5764.473684210531,-5764.473684210531,85,236962.08946676317,False,False,150.77358371369093,qwen3.6-flash-2026-04-16,,e839016877d3dc9fdc85a7bebdec4b58788de52fa8cf861867339191ff0baa04,9f9c4900fd3dba38a5b5d239eb28d0d135ed5c76dd12379a7baecef929b20433,1,1.41683,2026-08-13T06:56:58.359215+00:00,2026-08-13T06:56:59.776045+00:00,1786604218.359215,1786604219.776045
F1,e2bv2_fcedc993c5aeb0f830da,v2e2_4bc783ae8ece976241af,qwen_flash,S2,stale,2,2,104,reserve_commitment_update,easy,spring,los_angeles,8,88,22.0,350.0,250.0,100.0,100.0,canonical_higher,100.0,True,defe03250cd56fbc03a01b36cd77cb7f720aa0ac6411126baef0622ab7a9e7a9,5500.0,False,True,True,True,False,False,False,0.0,0.0,True,5648.473684210531,245308.21052631584,False,0.0,0.0,True,93.311915,210.2473615,True,5864.473684210531,-5864.473684210531,86,245518.4578878158,False,False,150.77358371369093,False,0.0,0.0,True,5548.473684210531,236751.8421052632,False,0.0,0.0,True,93.311915,210.2473615,True,5764.473684210531,-5764.473684210531,85,236962.08946676317,False,False,150.77358371369093,qwen3.6-flash-2026-04-16,,5745cec2040307c6534e815732bec3db31018ee5c9dc909c8be240705ad248f7,874c1eba8a9b6e9b081113f0353957eb88d09a1f3e8f9e6d3361004daddada74,1,0.918704,2026-08-13T06:56:59.802516+00:00,2026-08-13T06:57:00.721220+00:00,1786604219.802516,1786604220.72122
F1,e2bv2_fcedc993c5aeb0f830da,v2e2_4bc783ae8ece976241af,qwen_flash,C1,canonical,1,3,104,reserve_commitment_update,easy,spring,los_angeles,8,88,22.0,350.0,250.0,100.0,100.0,canonical_higher,100.0,True,defe03250cd56fbc03a01b36cd77cb7f720aa0ac6411126baef0622ab7a9e7a9,5500.0,False,True,True,True,False,False,False,0.0,0.0,True,5548.473684210531,236751.8421052632,False,0.0,0.0,True,93.311915,210.2473615,True,5764.473684210531,-5764.473684210531,85,236962.08946676317,False,False,150.77358371369093,False,0.0,0.0,True,5548.473684210531,236751.8421052632,False,0.0,0.0,True,93.311915,210.2473615,True,5764.473684210531,-5764.473684210531,85,236962.08946676317,False,False,150.77358371369093,qwen3.6-flash-2026-04-16,,e839016877d3dc9fdc85a7bebdec4b58788de52fa8cf861867339191ff0baa04,9f9c4900fd3dba38a5b5d239eb28d0d135ed5c76dd12379a7baecef929b20433,1,1.15589,2026-08-13T06:57:00.747695+00:00,2026-08-13T06:57:01.903585+00:00,1786604220.747695,1786604221.903585
F1,e2bv2_fcedc993c5aeb0f830da,v2e2_4bc783ae8ece976241af,qwen_flash,S1,stale,1,4,104,reserve_commitment_update,easy,spring,los_angeles,8,88,22.0,350.0,250.0,100.0,100.0,canonical_higher,100.0,True,defe03250cd56fbc03a01b36cd77cb7f720aa0ac6411126baef0622ab7a9e7a9,5500.0,False,True,True,True,False,False,False,0.0,0.0,True,5648.473684210531,245308.21052631584,False,0.0,0.0,True,93.311915,210.2473615,True,5864.473684210531,-5864.473684210531,86,245518.4578878158,False,False,150.77358371369093,False,0.0,0.0,True,5548.473684210531,236751.8421052632,False,0.0,0.0,True,93.311915,210.2473615,True,5764.473684210531,-5764.473684210531,85,236962.08946676317,False,False,150.77358371369093,qwen3.6-flash-2026-04-16,,5745cec2040307c6534e815732bec3db31018ee5c9dc909c8be240705ad248f7,874c1eba8a9b6e9b081113f0353957eb88d09a1f3e8f9e6d3361004daddada74,1,1.25858,2026-08-13T06:57:01.931277+00:00,2026-08-13T06:57:03.189857+00:00,1786604221.931277,1786604223.189857
F1,e2bv2_fdc7fce540f74c3efcc1,v2e2_be357ad7fa505f6b8f35,qwen_flash,C1,canonical,1,1,66,battery_capacity_derating,easy,winter,fresno,8,88,22.0,200.0,250.0,-50.0,50.0,canonical_lower,50.0,True,defe03250cd56fbc03a01b36cd77cb7f720aa0ac6411126baef0622ab7a9e7a9,5500.0,False,True,True,True,False,False,False,0.0,0.0,True,5664.473684210532,246690.78947368427,False,0.0,0.0,True,56.48910699999999,62.43859450000001,True,5914.473684210532,-5914.473684210532,87,246753.22806818428,False,False,70.98351513414359,False,0.0,0.0,True,5664.473684210532,246690.78947368427,False,0.0,0.0,True,56.48910699999999,62.43859450000001,True,5914.473684210532,-5914.473684210532,87,246753.22806818428,False,False,70.98351513414359,qwen3.6-flash-2026-04-16,,9317d62d730071d2fd1ff044f2ed5ac8d98db36ee32c34959fd4944fe4a02fda,ba1ba34f51505f1010581a2b7383180857bb20aec36b4bd653fcd53083fb417d,1,0.92869,2026-08-13T06:56:04.516066+00:00,2026-08-13T06:56:05.444756+00:00,1786604164.516066,1786604165.444756
F1,e2bv2_fdc7fce540f74c3efcc1,v2e2_be357ad7fa505f6b8f35,qwen_flash,S1,stale,1,2,66,battery_capacity_derating,easy,winter,fresno,8,88,22.0,200.0,250.0,-50.0,50.0,canonical_lower,50.0,True,defe03250cd56fbc03a01b36cd77cb7f720aa0ac6411126baef0622ab7a9e7a9,5500.0,False,True,True,True,False,False,False,0.0,0.0,True,5614.473684210531,242384.21052631584,False,0.0,0.0,True,56.48910699999999,62.43859450000001,True,5864.473684210531,-5864.473684210531,86,242446.64912081585,False,False,70.98351513414359,False,0.0,0.0,True,5664.473684210532,246690.78947368427,False,0.0,0.0,True,56.48910699999999,62.43859450000001,True,5914.473684210532,-5914.473684210532,87,246753.22806818428,False,False,70.98351513414359,qwen3.6-flash-2026-04-16,,ea2d9509a3de3e1cab2a09f60f2929b360bba71c544c37a0ba8036b60bee00c7,3cedf48974bd648fd1e10acf6ccb5da45156b9b54be2e0351e3a48343561da48,1,0.965178,2026-08-13T06:56:05.476266+00:00,2026-08-13T06:56:06.441444+00:00,1786604165.476266,1786604166.441444
F1,e2bv2_fdc7fce540f74c3efcc1,v2e2_be357ad7fa505f6b8f35,qwen_flash,C2,canonical,2,3,66,battery_capacity_derating,easy,winter,fresno,8,88,22.0,200.0,250.0,-50.0,50.0,canonical_lower,50.0,True,defe03250cd56fbc03a01b36cd77cb7f720aa0ac6411126baef0622ab7a9e7a9,5500.0,False,True,True,True,False,False,False,0.0,0.0,True,5664.473684210532,246690.78947368427,False,0.0,0.0,True,56.48910699999999,62.43859450000001,True,5914.473684210532,-5914.473684210532,87,246753.22806818428,False,False,70.98351513414359,False,0.0,0.0,True,5664.473684210532,246690.78947368427,False,0.0,0.0,True,56.48910699999999,62.43859450000001,True,5914.473684210532,-5914.473684210532,87,246753.22806818428,False,False,70.98351513414359,qwen3.6-flash-2026-04-16,,9317d62d730071d2fd1ff044f2ed5ac8d98db36ee32c34959fd4944fe4a02fda,ba1ba34f51505f1010581a2b7383180857bb20aec36b4bd653fcd53083fb417d,1,1.22914,2026-08-13T06:56:06.471815+00:00,2026-08-13T06:56:07.700955+00:00,1786604166.471815,1786604167.700955
F1,e2bv2_fdc7fce540f74c3efcc1,v2e2_be357ad7fa505f6b8f35,qwen_flash,S2,stale,2,4,66,battery_capacity_derating,easy,winter,fresno,8,88,22.0,200.0,250.0,-50.0,50.0,canonical_lower,50.0,True,defe03250cd56fbc03a01b36cd77cb7f720aa0ac6411126baef0622ab7a9e7a9,5500.0,False,True,True,True,False,False,False,0.0,0.0,True,5614.473684210531,242384.21052631584,False,0.0,0.0,True,56.48910699999999,62.43859450000001,True,5864.473684210531,-5864.473684210531,86,242446.64912081585,False,False,70.98351513414359,False,0.0,0.0,True,5664.473684210532,246690.78947368427,False,0.0,0.0,True,56.48910699999999,62.43859450000001,True,5914.473684210532,-5914.473684210532,87,246753.22806818428,False,False,70.98351513414359,qwen3.6-flash-2026-04-16,,ea2d9509a3de3e1cab2a09f60f2929b360bba71c544c37a0ba8036b60bee00c7,3cedf48974bd648fd1e10acf6ccb5da45156b9b54be2e0351e3a48343561da48,1,0.839994,2026-08-13T06:56:07.727563+00:00,2026-08-13T06:56:08.567557+00:00,1786604167.727563,1786604168.567557
