scenario_id,model_condition,block_id,branch,carrier,raw_action_digest,raw_action_energy_kwh,authoritative_raw_feasible,D_feasible_set_engineering_kwh,D_feasible_set_status,gate_battery_only_status,gate_battery_only_distance_kwh,gate_battery_only_distance_lower_bound_kwh,gate_battery_only_distance_optimality_gap_kwh,gate_battery_only_global_distance_optimality_proven,gate_battery_only_lp_overlap_intervals,gate_battery_only_selected_mode_source,gate_battery_only_throughput_kwh,gate_battery_only_cost_usd,gate_battery_only_curtailment_kwh,gate_battery_only_curtailment_price_term_usd,gate_battery_only_exact_retained_fraction,gate_battery_only_correlation,gate_battery_only_solve_seconds,gate_battery_only_regret_usd,gate_battery_only_regret_fraction_abs_opt,gate_expanded_system_status,gate_expanded_system_distance_kwh,gate_expanded_system_distance_lower_bound_kwh,gate_expanded_system_distance_optimality_gap_kwh,gate_expanded_system_global_distance_optimality_proven,gate_expanded_system_lp_overlap_intervals,gate_expanded_system_selected_mode_source,gate_expanded_system_throughput_kwh,gate_expanded_system_cost_usd,gate_expanded_system_curtailment_kwh,gate_expanded_system_curtailment_price_term_usd,gate_expanded_system_exact_retained_fraction,gate_expanded_system_correlation,gate_expanded_system_solve_seconds,gate_expanded_system_regret_usd,gate_expanded_system_regret_fraction_abs_opt,expanded_minus_battery_distance_kwh,expanded_distance_reduction_kwh
v2e2_01647af4ab413aad9430,deepseek_formal,e2bv2_aeeef828263653af0df7,C1,canonical,e6ff459ebc86a128b3e37b46d41efd52eedbe5c955acf3d20dfbf99a33fb2557,0.0,False,156.8422052631579,global_distance_optimum_lp_integral_distance_focus,global_distance_optimum_lp_integral,157.89483684210526,157.89473684210526,0.00010000000000331966,True,0,lp_relaxation,157.89483684210526,707.9860530022526,0.0,0.0,0.9340659340659341,,0.01843537497916259,3.442207231157113,0.004885724645553823,global_distance_optimum_lp_integral,157.89483684210526,157.89473684210526,0.00010000000000331966,True,0,lp_relaxation,157.89483684210526,707.9860530022526,0.0,0.0,0.9340659340659341,,0.01877858300576918,3.442207231157113,0.004885724645553823,0.0,0.0
v2e2_01647af4ab413aad9430,deepseek_formal,e2bv2_aeeef828263653af0df7,C2,canonical,e6ff459ebc86a128b3e37b46d41efd52eedbe5c955acf3d20dfbf99a33fb2557,0.0,False,156.8422052631579,global_distance_optimum_lp_integral_distance_focus,global_distance_optimum_lp_integral,157.89483684210526,157.89473684210526,0.00010000000000331966,True,0,lp_relaxation,157.89483684210526,707.9860530022526,0.0,0.0,0.9340659340659341,,0.01843537497916259,3.442207231157113,0.004885724645553823,global_distance_optimum_lp_integral,157.89483684210526,157.89473684210526,0.00010000000000331966,True,0,lp_relaxation,157.89483684210526,707.9860530022526,0.0,0.0,0.9340659340659341,,0.01877858300576918,3.442207231157113,0.004885724645553823,0.0,0.0
v2e2_01647af4ab413aad9430,deepseek_formal,e2bv2_aeeef828263653af0df7,S1,stale,e6ff459ebc86a128b3e37b46d41efd52eedbe5c955acf3d20dfbf99a33fb2557,0.0,False,156.8422052631579,global_distance_optimum_lp_integral_distance_focus,global_distance_optimum_lp_integral,157.89483684210526,157.89473684210526,0.00010000000000331966,True,0,lp_relaxation,157.89483684210526,707.9860530022526,0.0,0.0,0.9340659340659341,,0.01843537497916259,3.442207231157113,0.004885724645553823,global_distance_optimum_lp_integral,157.89483684210526,157.89473684210526,0.00010000000000331966,True,0,lp_relaxation,157.89483684210526,707.9860530022526,0.0,0.0,0.9340659340659341,,0.01877858300576918,3.442207231157113,0.004885724645553823,0.0,0.0
v2e2_01647af4ab413aad9430,deepseek_formal,e2bv2_aeeef828263653af0df7,S2,stale,e6ff459ebc86a128b3e37b46d41efd52eedbe5c955acf3d20dfbf99a33fb2557,0.0,False,156.8422052631579,global_distance_optimum_lp_integral_distance_focus,global_distance_optimum_lp_integral,157.89483684210526,157.89473684210526,0.00010000000000331966,True,0,lp_relaxation,157.89483684210526,707.9860530022526,0.0,0.0,0.9340659340659341,,0.01843537497916259,3.442207231157113,0.004885724645553823,global_distance_optimum_lp_integral,157.89483684210526,157.89473684210526,0.00010000000000331966,True,0,lp_relaxation,157.89483684210526,707.9860530022526,0.0,0.0,0.9340659340659341,,0.01877858300576918,3.442207231157113,0.004885724645553823,0.0,0.0
v2e2_07ecea8c63a586f9fa3b,deepseek_formal,e2bv2_eb08c3116b763ca158ec,C1,canonical,030dd256c2a1dda892b0e57157ec52f9ae5fd1e054d0c66380fae1cb6c09c477,0.0,False,22.8001,feasible_mode_library_upper_bound_distance_focus,feasible_mode_library_upper_bound,23.7501,0.0,23.7501,False,8,raw_sign_with_mpc_zero_anchor,23.7501,474.93622386981934,0.0,0.0,0.9770114942528736,,0.021097541990457103,0.2953825464052784,0.0006223285496917628,feasible_mode_library_upper_bound,23.7501,0.0,23.7501,False,8,raw_sign_with_mpc_zero_anchor,23.7501,474.93622386981934,0.0,0.0,0.9770114942528736,,0.02113070897758007,0.2953825464052784,0.0006223285496917628,0.0,0.0
v2e2_07ecea8c63a586f9fa3b,deepseek_formal,e2bv2_eb08c3116b763ca158ec,C2,canonical,030dd256c2a1dda892b0e57157ec52f9ae5fd1e054d0c66380fae1cb6c09c477,0.0,False,22.8001,feasible_mode_library_upper_bound_distance_focus,feasible_mode_library_upper_bound,23.7501,0.0,23.7501,False,8,raw_sign_with_mpc_zero_anchor,23.7501,474.93622386981934,0.0,0.0,0.9770114942528736,,0.021097541990457103,0.2953825464052784,0.0006223285496917628,feasible_mode_library_upper_bound,23.7501,0.0,23.7501,False,8,raw_sign_with_mpc_zero_anchor,23.7501,474.93622386981934,0.0,0.0,0.9770114942528736,,0.02113070897758007,0.2953825464052784,0.0006223285496917628,0.0,0.0
v2e2_07ecea8c63a586f9fa3b,deepseek_formal,e2bv2_eb08c3116b763ca158ec,S1,stale,030dd256c2a1dda892b0e57157ec52f9ae5fd1e054d0c66380fae1cb6c09c477,0.0,False,22.8001,feasible_mode_library_upper_bound_distance_focus,feasible_mode_library_upper_bound,23.7501,0.0,23.7501,False,8,raw_sign_with_mpc_zero_anchor,23.7501,474.93622386981934,0.0,0.0,0.9770114942528736,,0.021097541990457103,0.2953825464052784,0.0006223285496917628,feasible_mode_library_upper_bound,23.7501,0.0,23.7501,False,8,raw_sign_with_mpc_zero_anchor,23.7501,474.93622386981934,0.0,0.0,0.9770114942528736,,0.02113070897758007,0.2953825464052784,0.0006223285496917628,0.0,0.0
v2e2_07ecea8c63a586f9fa3b,deepseek_formal,e2bv2_eb08c3116b763ca158ec,S2,stale,030dd256c2a1dda892b0e57157ec52f9ae5fd1e054d0c66380fae1cb6c09c477,0.0,False,22.8001,feasible_mode_library_upper_bound_distance_focus,feasible_mode_library_upper_bound,23.7501,0.0,23.7501,False,8,raw_sign_with_mpc_zero_anchor,23.7501,474.93622386981934,0.0,0.0,0.9770114942528736,,0.021097541990457103,0.2953825464052784,0.0006223285496917628,feasible_mode_library_upper_bound,23.7501,0.0,23.7501,False,8,raw_sign_with_mpc_zero_anchor,23.7501,474.93622386981934,0.0,0.0,0.9770114942528736,,0.02113070897758007,0.2953825464052784,0.0006223285496917628,0.0,0.0
v2e2_12b72852882928644d40,deepseek_formal,e2bv2_07ea54043eaf99939dcb,C1,canonical,334e61fade598d87a35822d34aaa6adec70d9edb5a441ea134552eeb2afd813e,0.0,False,25.263257894736842,global_distance_optimum_lp_integral_distance_focus,global_distance_optimum_lp_integral,26.315889473684212,26.315789473684212,9.999999999976694e-05,True,0,lp_relaxation,26.315889473684212,239.97742193624376,0.0,0.0,0.9767441860465116,,0.01853958299034275,2.579502027474007,0.010865731378207906,global_distance_optimum_lp_integral,26.315889473684212,26.315789473684212,9.999999999976694e-05,True,0,lp_relaxation,26.315889473684212,239.97742193624376,0.0,0.0,0.9767441860465116,,0.017967583000427112,2.579502027474007,0.010865731378207906,0.0,0.0
v2e2_12b72852882928644d40,deepseek_formal,e2bv2_07ea54043eaf99939dcb,C2,canonical,334e61fade598d87a35822d34aaa6adec70d9edb5a441ea134552eeb2afd813e,0.0,False,25.263257894736842,global_distance_optimum_lp_integral_distance_focus,global_distance_optimum_lp_integral,26.315889473684212,26.315789473684212,9.999999999976694e-05,True,0,lp_relaxation,26.315889473684212,239.97742193624376,0.0,0.0,0.9767441860465116,,0.01853958299034275,2.579502027474007,0.010865731378207906,global_distance_optimum_lp_integral,26.315889473684212,26.315789473684212,9.999999999976694e-05,True,0,lp_relaxation,26.315889473684212,239.97742193624376,0.0,0.0,0.9767441860465116,,0.017967583000427112,2.579502027474007,0.010865731378207906,0.0,0.0
v2e2_12b72852882928644d40,deepseek_formal,e2bv2_07ea54043eaf99939dcb,S1,stale,334e61fade598d87a35822d34aaa6adec70d9edb5a441ea134552eeb2afd813e,0.0,False,25.263257894736842,global_distance_optimum_lp_integral_distance_focus,global_distance_optimum_lp_integral,26.315889473684212,26.315789473684212,9.999999999976694e-05,True,0,lp_relaxation,26.315889473684212,239.97742193624376,0.0,0.0,0.9767441860465116,,0.01853958299034275,2.579502027474007,0.010865731378207906,global_distance_optimum_lp_integral,26.315889473684212,26.315789473684212,9.999999999976694e-05,True,0,lp_relaxation,26.315889473684212,239.97742193624376,0.0,0.0,0.9767441860465116,,0.017967583000427112,2.579502027474007,0.010865731378207906,0.0,0.0
v2e2_12b72852882928644d40,deepseek_formal,e2bv2_07ea54043eaf99939dcb,S2,stale,334e61fade598d87a35822d34aaa6adec70d9edb5a441ea134552eeb2afd813e,0.0,False,25.263257894736842,global_distance_optimum_lp_integral_distance_focus,global_distance_optimum_lp_integral,26.315889473684212,26.315789473684212,9.999999999976694e-05,True,0,lp_relaxation,26.315889473684212,239.97742193624376,0.0,0.0,0.9767441860465116,,0.01853958299034275,2.579502027474007,0.010865731378207906,global_distance_optimum_lp_integral,26.315889473684212,26.315789473684212,9.999999999976694e-05,True,0,lp_relaxation,26.315889473684212,239.97742193624376,0.0,0.0,0.9767441860465116,,0.017967583000427112,2.579502027474007,0.010865731378207906,0.0,0.0
v2e2_16b5f26ad506f7afac02,deepseek_formal,e2bv2_106f78fe39b79a37486f,C1,canonical,f4bd841308415de6ed2727462cd66a7333ac8155b4e8e95de0220355189c785c,0.0,False,156.8422052631579,global_distance_optimum_lp_integral_distance_focus,global_distance_optimum_lp_integral,157.89483684210526,157.89473684210526,0.00010000000000331966,True,0,lp_relaxation,157.89483684210526,236.0449239679488,0.0,0.0,0.9506172839506173,,0.015728707978269085,1.6896416317469516,0.007209744175183653,global_distance_optimum_lp_integral,157.89483684210526,157.89473684210526,0.00010000000000331966,True,0,lp_relaxation,157.89483684210526,236.0449239679488,0.0,0.0,0.9506172839506173,,0.016875417000846937,1.6896416317469516,0.007209744175183653,0.0,0.0
v2e2_16b5f26ad506f7afac02,deepseek_formal,e2bv2_106f78fe39b79a37486f,C2,canonical,f4bd841308415de6ed2727462cd66a7333ac8155b4e8e95de0220355189c785c,0.0,False,156.8422052631579,global_distance_optimum_lp_integral_distance_focus,global_distance_optimum_lp_integral,157.89483684210526,157.89473684210526,0.00010000000000331966,True,0,lp_relaxation,157.89483684210526,236.0449239679488,0.0,0.0,0.9506172839506173,,0.015728707978269085,1.6896416317469516,0.007209744175183653,global_distance_optimum_lp_integral,157.89483684210526,157.89473684210526,0.00010000000000331966,True,0,lp_relaxation,157.89483684210526,236.0449239679488,0.0,0.0,0.9506172839506173,,0.016875417000846937,1.6896416317469516,0.007209744175183653,0.0,0.0
v2e2_16b5f26ad506f7afac02,deepseek_formal,e2bv2_106f78fe39b79a37486f,S1,stale,f4bd841308415de6ed2727462cd66a7333ac8155b4e8e95de0220355189c785c,0.0,False,156.8422052631579,global_distance_optimum_lp_integral_distance_focus,global_distance_optimum_lp_integral,157.89483684210526,157.89473684210526,0.00010000000000331966,True,0,lp_relaxation,157.89483684210526,236.0449239679488,0.0,0.0,0.9506172839506173,,0.015728707978269085,1.6896416317469516,0.007209744175183653,global_distance_optimum_lp_integral,157.89483684210526,157.89473684210526,0.00010000000000331966,True,0,lp_relaxation,157.89483684210526,236.0449239679488,0.0,0.0,0.9506172839506173,,0.016875417000846937,1.6896416317469516,0.007209744175183653,0.0,0.0
v2e2_16b5f26ad506f7afac02,deepseek_formal,e2bv2_106f78fe39b79a37486f,S2,stale,f4bd841308415de6ed2727462cd66a7333ac8155b4e8e95de0220355189c785c,0.0,False,156.8422052631579,global_distance_optimum_lp_integral_distance_focus,global_distance_optimum_lp_integral,157.89483684210526,157.89473684210526,0.00010000000000331966,True,0,lp_relaxation,157.89483684210526,236.0449239679488,0.0,0.0,0.9506172839506173,,0.015728707978269085,1.6896416317469516,0.007209744175183653,global_distance_optimum_lp_integral,157.89483684210526,157.89473684210526,0.00010000000000331966,True,0,lp_relaxation,157.89483684210526,236.0449239679488,0.0,0.0,0.9506172839506173,,0.016875417000846937,1.6896416317469516,0.007209744175183653,0.0,0.0
v2e2_16c288d882ac6a326385,deepseek_formal,e2bv2_a195292ce70a9bd164f5,C1,canonical,c6c9b8650bdf333e657353246bc6f5b02f61950d8990935e2f0e38a63197c80c,0.0,False,130.5264157894737,global_distance_optimum_lp_integral_distance_focus,global_distance_optimum_lp_integral,131.57904736842104,131.57894736842104,0.00010000000000331966,True,0,lp_relaxation,131.57904736842104,408.929348319955,0.0,0.0,0.9565217391304348,,0.01915174999157898,1.2139715234275172,0.002977497520367882,global_distance_optimum_lp_integral,131.57904736842104,131.57894736842104,0.00010000000000331966,True,0,lp_relaxation,131.57904736842104,408.929348319955,0.0,0.0,0.9565217391304348,,0.018356916989432648,1.2139715234275172,0.002977497520367882,0.0,0.0
v2e2_16c288d882ac6a326385,deepseek_formal,e2bv2_a195292ce70a9bd164f5,C2,canonical,c6c9b8650bdf333e657353246bc6f5b02f61950d8990935e2f0e38a63197c80c,0.0,False,130.5264157894737,global_distance_optimum_lp_integral_distance_focus,global_distance_optimum_lp_integral,131.57904736842104,131.57894736842104,0.00010000000000331966,True,0,lp_relaxation,131.57904736842104,408.929348319955,0.0,0.0,0.9565217391304348,,0.01915174999157898,1.2139715234275172,0.002977497520367882,global_distance_optimum_lp_integral,131.57904736842104,131.57894736842104,0.00010000000000331966,True,0,lp_relaxation,131.57904736842104,408.929348319955,0.0,0.0,0.9565217391304348,,0.018356916989432648,1.2139715234275172,0.002977497520367882,0.0,0.0
v2e2_16c288d882ac6a326385,deepseek_formal,e2bv2_a195292ce70a9bd164f5,S1,stale,c6c9b8650bdf333e657353246bc6f5b02f61950d8990935e2f0e38a63197c80c,0.0,False,130.5264157894737,global_distance_optimum_lp_integral_distance_focus,global_distance_optimum_lp_integral,131.57904736842104,131.57894736842104,0.00010000000000331966,True,0,lp_relaxation,131.57904736842104,408.929348319955,0.0,0.0,0.9565217391304348,,0.01915174999157898,1.2139715234275172,0.002977497520367882,global_distance_optimum_lp_integral,131.57904736842104,131.57894736842104,0.00010000000000331966,True,0,lp_relaxation,131.57904736842104,408.929348319955,0.0,0.0,0.9565217391304348,,0.018356916989432648,1.2139715234275172,0.002977497520367882,0.0,0.0
v2e2_16c288d882ac6a326385,deepseek_formal,e2bv2_a195292ce70a9bd164f5,S2,stale,c6c9b8650bdf333e657353246bc6f5b02f61950d8990935e2f0e38a63197c80c,0.0,False,130.5264157894737,global_distance_optimum_lp_integral_distance_focus,global_distance_optimum_lp_integral,131.57904736842104,131.57894736842104,0.00010000000000331966,True,0,lp_relaxation,131.57904736842104,408.929348319955,0.0,0.0,0.9565217391304348,,0.01915174999157898,1.2139715234275172,0.002977497520367882,global_distance_optimum_lp_integral,131.57904736842104,131.57894736842104,0.00010000000000331966,True,0,lp_relaxation,131.57904736842104,408.929348319955,0.0,0.0,0.9565217391304348,,0.018356916989432648,1.2139715234275172,0.002977497520367882,0.0,0.0
v2e2_1a991ca6b21c0ed79241,deepseek_formal,e2bv2_e2508c066e226a6c65b3,C1,canonical,e06e79cdfedfc6d6107b945613e65b2de3a209e40115b9b00ab048d2b91cd7d5,0.0,False,25.263257894736842,global_distance_optimum_lp_integral_distance_focus,global_distance_optimum_lp_integral,26.315889473684212,26.315789473684212,9.999999999976694e-05,True,0,lp_relaxation,26.315889473684212,358.3422228887643,0.0,0.0,0.975609756097561,,0.016436167003121227,3.2617901626471735,0.009186060007882997,global_distance_optimum_lp_integral,26.315889473684212,26.315789473684212,9.999999999976694e-05,True,0,lp_relaxation,26.315889473684212,358.3422228887643,0.0,0.0,0.975609756097561,,0.018267709005158395,3.2617901626471735,0.009186060007882997,0.0,0.0
v2e2_1a991ca6b21c0ed79241,deepseek_formal,e2bv2_e2508c066e226a6c65b3,C2,canonical,e06e79cdfedfc6d6107b945613e65b2de3a209e40115b9b00ab048d2b91cd7d5,0.0,False,25.263257894736842,global_distance_optimum_lp_integral_distance_focus,global_distance_optimum_lp_integral,26.315889473684212,26.315789473684212,9.999999999976694e-05,True,0,lp_relaxation,26.315889473684212,358.3422228887643,0.0,0.0,0.975609756097561,,0.016436167003121227,3.2617901626471735,0.009186060007882997,global_distance_optimum_lp_integral,26.315889473684212,26.315789473684212,9.999999999976694e-05,True,0,lp_relaxation,26.315889473684212,358.3422228887643,0.0,0.0,0.975609756097561,,0.018267709005158395,3.2617901626471735,0.009186060007882997,0.0,0.0
v2e2_1a991ca6b21c0ed79241,deepseek_formal,e2bv2_e2508c066e226a6c65b3,S1,stale,e06e79cdfedfc6d6107b945613e65b2de3a209e40115b9b00ab048d2b91cd7d5,0.0,False,25.263257894736842,global_distance_optimum_lp_integral_distance_focus,global_distance_optimum_lp_integral,26.315889473684212,26.315789473684212,9.999999999976694e-05,True,0,lp_relaxation,26.315889473684212,358.3422228887643,0.0,0.0,0.975609756097561,,0.016436167003121227,3.2617901626471735,0.009186060007882997,global_distance_optimum_lp_integral,26.315889473684212,26.315789473684212,9.999999999976694e-05,True,0,lp_relaxation,26.315889473684212,358.3422228887643,0.0,0.0,0.975609756097561,,0.018267709005158395,3.2617901626471735,0.009186060007882997,0.0,0.0
v2e2_1a991ca6b21c0ed79241,deepseek_formal,e2bv2_e2508c066e226a6c65b3,S2,stale,e06e79cdfedfc6d6107b945613e65b2de3a209e40115b9b00ab048d2b91cd7d5,0.0,False,25.263257894736842,global_distance_optimum_lp_integral_distance_focus,global_distance_optimum_lp_integral,26.315889473684212,26.315789473684212,9.999999999976694e-05,True,0,lp_relaxation,26.315889473684212,358.3422228887643,0.0,0.0,0.975609756097561,,0.016436167003121227,3.2617901626471735,0.009186060007882997,global_distance_optimum_lp_integral,26.315889473684212,26.315789473684212,9.999999999976694e-05,True,0,lp_relaxation,26.315889473684212,358.3422228887643,0.0,0.0,0.975609756097561,,0.018267709005158395,3.2617901626471735,0.009186060007882997,0.0,0.0
v2e2_1fd8536d13787e44dc17,deepseek_formal,e2bv2_90a214c9f95f65c0e06e,C1,canonical,fe2f74a1e0b16a66452888eb4d734bc455cf1304481bb495d59afa8cf9cae93b,0.0,False,22.8001,feasible_mode_library_upper_bound_distance_focus,feasible_mode_library_upper_bound,23.7501,0.0,23.7501,False,8,raw_sign_with_mpc_zero_anchor,23.7501,285.2203958101474,0.0,0.0,0.9777777777777777,,0.022685625008307397,9.032793918023629,0.032705283858294805,feasible_mode_library_upper_bound,23.7501,0.0,23.7501,False,8,raw_sign_with_mpc_zero_anchor,23.7501,283.46061772396496,367.38582175,-1.7597780861824999,0.9777777777777777,,0.02254837501095608,9.032793918023685,0.032915007642997346,0.0,0.0
v2e2_1fd8536d13787e44dc17,deepseek_formal,e2bv2_90a214c9f95f65c0e06e,C2,canonical,fe2f74a1e0b16a66452888eb4d734bc455cf1304481bb495d59afa8cf9cae93b,0.0,False,22.8001,feasible_mode_library_upper_bound_distance_focus,feasible_mode_library_upper_bound,23.7501,0.0,23.7501,False,8,raw_sign_with_mpc_zero_anchor,23.7501,285.2203958101474,0.0,0.0,0.9777777777777777,,0.022685625008307397,9.032793918023629,0.032705283858294805,feasible_mode_library_upper_bound,23.7501,0.0,23.7501,False,8,raw_sign_with_mpc_zero_anchor,23.7501,283.46061772396496,367.38582175,-1.7597780861824999,0.9777777777777777,,0.02254837501095608,9.032793918023685,0.032915007642997346,0.0,0.0
v2e2_1fd8536d13787e44dc17,deepseek_formal,e2bv2_90a214c9f95f65c0e06e,S1,stale,fe2f74a1e0b16a66452888eb4d734bc455cf1304481bb495d59afa8cf9cae93b,0.0,False,22.8001,feasible_mode_library_upper_bound_distance_focus,feasible_mode_library_upper_bound,23.7501,0.0,23.7501,False,8,raw_sign_with_mpc_zero_anchor,23.7501,285.2203958101474,0.0,0.0,0.9777777777777777,,0.022685625008307397,9.032793918023629,0.032705283858294805,feasible_mode_library_upper_bound,23.7501,0.0,23.7501,False,8,raw_sign_with_mpc_zero_anchor,23.7501,283.46061772396496,367.38582175,-1.7597780861824999,0.9777777777777777,,0.02254837501095608,9.032793918023685,0.032915007642997346,0.0,0.0
v2e2_1fd8536d13787e44dc17,deepseek_formal,e2bv2_90a214c9f95f65c0e06e,S2,stale,fe2f74a1e0b16a66452888eb4d734bc455cf1304481bb495d59afa8cf9cae93b,0.0,False,22.8001,feasible_mode_library_upper_bound_distance_focus,feasible_mode_library_upper_bound,23.7501,0.0,23.7501,False,8,raw_sign_with_mpc_zero_anchor,23.7501,285.2203958101474,0.0,0.0,0.9777777777777777,,0.022685625008307397,9.032793918023629,0.032705283858294805,feasible_mode_library_upper_bound,23.7501,0.0,23.7501,False,8,raw_sign_with_mpc_zero_anchor,23.7501,283.46061772396496,367.38582175,-1.7597780861824999,0.9777777777777777,,0.02254837501095608,9.032793918023685,0.032915007642997346,0.0,0.0
v2e2_20534de655a33fde87ca,deepseek_formal,e2bv2_1a5a7a43da5111b0cfaa,C1,canonical,c6c9b8650bdf333e657353246bc6f5b02f61950d8990935e2f0e38a63197c80c,0.0,False,183.1579947368421,global_distance_optimum_lp_integral_distance_focus,global_distance_optimum_lp_integral,184.21062631578948,184.21052631578948,0.00010000000000331966,True,0,lp_relaxation,184.21062631578948,299.270759815251,0.0,0.0,0.9565217391304348,,0.019391832989640534,6.42044531649924,0.021923982999603735,global_distance_optimum_lp_integral,184.21062631578948,184.21052631578948,0.00010000000000331966,True,0,lp_relaxation,184.21062631578948,299.270759815251,0.0,0.0,0.9565217391304348,,0.019123791018500924,6.42044531649924,0.021923982999603735,0.0,0.0
v2e2_20534de655a33fde87ca,deepseek_formal,e2bv2_1a5a7a43da5111b0cfaa,C2,canonical,c6c9b8650bdf333e657353246bc6f5b02f61950d8990935e2f0e38a63197c80c,0.0,False,183.1579947368421,global_distance_optimum_lp_integral_distance_focus,global_distance_optimum_lp_integral,184.21062631578948,184.21052631578948,0.00010000000000331966,True,0,lp_relaxation,184.21062631578948,299.270759815251,0.0,0.0,0.9565217391304348,,0.019391832989640534,6.42044531649924,0.021923982999603735,global_distance_optimum_lp_integral,184.21062631578948,184.21052631578948,0.00010000000000331966,True,0,lp_relaxation,184.21062631578948,299.270759815251,0.0,0.0,0.9565217391304348,,0.019123791018500924,6.42044531649924,0.021923982999603735,0.0,0.0
v2e2_20534de655a33fde87ca,deepseek_formal,e2bv2_1a5a7a43da5111b0cfaa,S1,stale,c6c9b8650bdf333e657353246bc6f5b02f61950d8990935e2f0e38a63197c80c,0.0,False,183.1579947368421,global_distance_optimum_lp_integral_distance_focus,global_distance_optimum_lp_integral,184.21062631578948,184.21052631578948,0.00010000000000331966,True,0,lp_relaxation,184.21062631578948,299.270759815251,0.0,0.0,0.9565217391304348,,0.019391832989640534,6.42044531649924,0.021923982999603735,global_distance_optimum_lp_integral,184.21062631578948,184.21052631578948,0.00010000000000331966,True,0,lp_relaxation,184.21062631578948,299.270759815251,0.0,0.0,0.9565217391304348,,0.019123791018500924,6.42044531649924,0.021923982999603735,0.0,0.0
v2e2_20534de655a33fde87ca,deepseek_formal,e2bv2_1a5a7a43da5111b0cfaa,S2,stale,c6c9b8650bdf333e657353246bc6f5b02f61950d8990935e2f0e38a63197c80c,0.0,False,183.1579947368421,global_distance_optimum_lp_integral_distance_focus,global_distance_optimum_lp_integral,184.21062631578948,184.21052631578948,0.00010000000000331966,True,0,lp_relaxation,184.21062631578948,299.270759815251,0.0,0.0,0.9565217391304348,,0.019391832989640534,6.42044531649924,0.021923982999603735,global_distance_optimum_lp_integral,184.21062631578948,184.21052631578948,0.00010000000000331966,True,0,lp_relaxation,184.21062631578948,299.270759815251,0.0,0.0,0.9565217391304348,,0.019123791018500924,6.42044531649924,0.021923982999603735,0.0,0.0
v2e2_25e030e6613f44a39649,deepseek_formal,e2bv2_51dca7ed1e43a2dc2f29,C1,canonical,283de789c3f9ae6115e627ecb921b7b39bdaa1b82289eca5e60da0b76d07a502,0.0,False,156.8422052631579,global_distance_optimum_lp_integral_distance_focus,global_distance_optimum_lp_integral,157.89483684210526,157.89473684210526,0.00010000000000331966,True,0,lp_relaxation,157.89483684210526,193.75000024148463,0.0,0.0,0.9550561797752809,,0.018653125007404014,2.671677240328819,0.013982105339665653,global_distance_optimum_lp_integral,157.89483684210526,157.89473684210526,0.00010000000000331966,True,0,lp_relaxation,157.89483684210526,193.75000024148463,0.0,0.0,0.9550561797752809,,0.018554207985289395,2.671677240328819,0.013982105339665653,0.0,0.0
v2e2_25e030e6613f44a39649,deepseek_formal,e2bv2_51dca7ed1e43a2dc2f29,C2,canonical,283de789c3f9ae6115e627ecb921b7b39bdaa1b82289eca5e60da0b76d07a502,0.0,False,156.8422052631579,global_distance_optimum_lp_integral_distance_focus,global_distance_optimum_lp_integral,157.89483684210526,157.89473684210526,0.00010000000000331966,True,0,lp_relaxation,157.89483684210526,193.75000024148463,0.0,0.0,0.9550561797752809,,0.018653125007404014,2.671677240328819,0.013982105339665653,global_distance_optimum_lp_integral,157.89483684210526,157.89473684210526,0.00010000000000331966,True,0,lp_relaxation,157.89483684210526,193.75000024148463,0.0,0.0,0.9550561797752809,,0.018554207985289395,2.671677240328819,0.013982105339665653,0.0,0.0
v2e2_25e030e6613f44a39649,deepseek_formal,e2bv2_51dca7ed1e43a2dc2f29,S1,stale,283de789c3f9ae6115e627ecb921b7b39bdaa1b82289eca5e60da0b76d07a502,0.0,False,156.8422052631579,global_distance_optimum_lp_integral_distance_focus,global_distance_optimum_lp_integral,157.89483684210526,157.89473684210526,0.00010000000000331966,True,0,lp_relaxation,157.89483684210526,193.75000024148463,0.0,0.0,0.9550561797752809,,0.018653125007404014,2.671677240328819,0.013982105339665653,global_distance_optimum_lp_integral,157.89483684210526,157.89473684210526,0.00010000000000331966,True,0,lp_relaxation,157.89483684210526,193.75000024148463,0.0,0.0,0.9550561797752809,,0.018554207985289395,2.671677240328819,0.013982105339665653,0.0,0.0
v2e2_25e030e6613f44a39649,deepseek_formal,e2bv2_51dca7ed1e43a2dc2f29,S2,stale,283de789c3f9ae6115e627ecb921b7b39bdaa1b82289eca5e60da0b76d07a502,0.0,False,156.8422052631579,global_distance_optimum_lp_integral_distance_focus,global_distance_optimum_lp_integral,157.89483684210526,157.89473684210526,0.00010000000000331966,True,0,lp_relaxation,157.89483684210526,193.75000024148463,0.0,0.0,0.9550561797752809,,0.018653125007404014,2.671677240328819,0.013982105339665653,global_distance_optimum_lp_integral,157.89483684210526,157.89473684210526,0.00010000000000331966,True,0,lp_relaxation,157.89483684210526,193.75000024148463,0.0,0.0,0.9550561797752809,,0.018554207985289395,2.671677240328819,0.013982105339665653,0.0,0.0
v2e2_28d9724eea09520d5cd7,deepseek_formal,e2bv2_65a2adb54b7fa70641c7,C1,canonical,fe2f74a1e0b16a66452888eb4d734bc455cf1304481bb495d59afa8cf9cae93b,0.0,False,156.8422052631579,global_distance_optimum_lp_integral_distance_focus,global_distance_optimum_lp_integral,157.89483684210526,157.89473684210526,0.00010000000000331966,True,0,lp_relaxation,157.89483684210526,259.9080659282582,0.0,0.0,0.9555555555555556,,0.019195541011868045,0.6781696959953365,0.0026160936907821584,global_distance_optimum_lp_integral,157.89483684210526,157.89473684210526,0.00010000000000331966,True,0,lp_relaxation,157.89483684210526,259.9080659282582,0.0,0.0,0.9555555555555556,,0.01881491599488072,0.6781696959953365,0.0026160936907821584,0.0,0.0
v2e2_28d9724eea09520d5cd7,deepseek_formal,e2bv2_65a2adb54b7fa70641c7,C2,canonical,fe2f74a1e0b16a66452888eb4d734bc455cf1304481bb495d59afa8cf9cae93b,0.0,False,156.8422052631579,global_distance_optimum_lp_integral_distance_focus,global_distance_optimum_lp_integral,157.89483684210526,157.89473684210526,0.00010000000000331966,True,0,lp_relaxation,157.89483684210526,259.9080659282582,0.0,0.0,0.9555555555555556,,0.019195541011868045,0.6781696959953365,0.0026160936907821584,global_distance_optimum_lp_integral,157.89483684210526,157.89473684210526,0.00010000000000331966,True,0,lp_relaxation,157.89483684210526,259.9080659282582,0.0,0.0,0.9555555555555556,,0.01881491599488072,0.6781696959953365,0.0026160936907821584,0.0,0.0
v2e2_28d9724eea09520d5cd7,deepseek_formal,e2bv2_65a2adb54b7fa70641c7,S1,stale,fe2f74a1e0b16a66452888eb4d734bc455cf1304481bb495d59afa8cf9cae93b,0.0,False,156.8422052631579,global_distance_optimum_lp_integral_distance_focus,global_distance_optimum_lp_integral,157.89483684210526,157.89473684210526,0.00010000000000331966,True,0,lp_relaxation,157.89483684210526,259.9080659282582,0.0,0.0,0.9555555555555556,,0.019195541011868045,0.6781696959953365,0.0026160936907821584,global_distance_optimum_lp_integral,157.89483684210526,157.89473684210526,0.00010000000000331966,True,0,lp_relaxation,157.89483684210526,259.9080659282582,0.0,0.0,0.9555555555555556,,0.01881491599488072,0.6781696959953365,0.0026160936907821584,0.0,0.0
v2e2_28d9724eea09520d5cd7,deepseek_formal,e2bv2_65a2adb54b7fa70641c7,S2,stale,fe2f74a1e0b16a66452888eb4d734bc455cf1304481bb495d59afa8cf9cae93b,0.0,False,156.8422052631579,global_distance_optimum_lp_integral_distance_focus,global_distance_optimum_lp_integral,157.89483684210526,157.89473684210526,0.00010000000000331966,True,0,lp_relaxation,157.89483684210526,259.9080659282582,0.0,0.0,0.9555555555555556,,0.019195541011868045,0.6781696959953365,0.0026160936907821584,global_distance_optimum_lp_integral,157.89483684210526,157.89473684210526,0.00010000000000331966,True,0,lp_relaxation,157.89483684210526,259.9080659282582,0.0,0.0,0.9555555555555556,,0.01881491599488072,0.6781696959953365,0.0026160936907821584,0.0,0.0
v2e2_31906e8fff0262a0bd53,deepseek_formal,e2bv2_063e4dae2070d79d92fc,C1,canonical,c6c9b8650bdf333e657353246bc6f5b02f61950d8990935e2f0e38a63197c80c,0.0,False,156.8422052631579,global_distance_optimum_lp_integral_distance_focus,global_distance_optimum_lp_integral,157.89483684210526,157.89473684210526,0.00010000000000331966,True,0,lp_relaxation,157.89483684210526,363.3996630452206,0.0,0.0,0.9456521739130435,,0.019986458006314933,13.59674125673672,0.03886971894693976,global_distance_optimum_lp_integral,157.89483684210526,157.89473684210526,0.00010000000000331966,True,0,lp_relaxation,157.89483684210526,363.3996630452206,0.0,0.0,0.9456521739130435,,0.01890562500921078,13.59674125673672,0.03886971894693976,0.0,0.0
v2e2_31906e8fff0262a0bd53,deepseek_formal,e2bv2_063e4dae2070d79d92fc,C2,canonical,c6c9b8650bdf333e657353246bc6f5b02f61950d8990935e2f0e38a63197c80c,0.0,False,156.8422052631579,global_distance_optimum_lp_integral_distance_focus,global_distance_optimum_lp_integral,157.89483684210526,157.89473684210526,0.00010000000000331966,True,0,lp_relaxation,157.89483684210526,363.3996630452206,0.0,0.0,0.9456521739130435,,0.019986458006314933,13.59674125673672,0.03886971894693976,global_distance_optimum_lp_integral,157.89483684210526,157.89473684210526,0.00010000000000331966,True,0,lp_relaxation,157.89483684210526,363.3996630452206,0.0,0.0,0.9456521739130435,,0.01890562500921078,13.59674125673672,0.03886971894693976,0.0,0.0
v2e2_31906e8fff0262a0bd53,deepseek_formal,e2bv2_063e4dae2070d79d92fc,S1,stale,c6c9b8650bdf333e657353246bc6f5b02f61950d8990935e2f0e38a63197c80c,0.0,False,156.8422052631579,global_distance_optimum_lp_integral_distance_focus,global_distance_optimum_lp_integral,157.89483684210526,157.89473684210526,0.00010000000000331966,True,0,lp_relaxation,157.89483684210526,363.3996630452206,0.0,0.0,0.9456521739130435,,0.019986458006314933,13.59674125673672,0.03886971894693976,global_distance_optimum_lp_integral,157.89483684210526,157.89473684210526,0.00010000000000331966,True,0,lp_relaxation,157.89483684210526,363.3996630452206,0.0,0.0,0.9456521739130435,,0.01890562500921078,13.59674125673672,0.03886971894693976,0.0,0.0
v2e2_31906e8fff0262a0bd53,deepseek_formal,e2bv2_063e4dae2070d79d92fc,S2,stale,c6c9b8650bdf333e657353246bc6f5b02f61950d8990935e2f0e38a63197c80c,0.0,False,156.8422052631579,global_distance_optimum_lp_integral_distance_focus,global_distance_optimum_lp_integral,157.89483684210526,157.89473684210526,0.00010000000000331966,True,0,lp_relaxation,157.89483684210526,363.3996630452206,0.0,0.0,0.9456521739130435,,0.019986458006314933,13.59674125673672,0.03886971894693976,global_distance_optimum_lp_integral,157.89483684210526,157.89473684210526,0.00010000000000331966,True,0,lp_relaxation,157.89483684210526,363.3996630452206,0.0,0.0,0.9456521739130435,,0.01890562500921078,13.59674125673672,0.03886971894693976,0.0,0.0
v2e2_394e89f7d166924e9409,deepseek_formal,e2bv2_6de44f7f22478000b190,C1,canonical,e6ff459ebc86a128b3e37b46d41efd52eedbe5c955acf3d20dfbf99a33fb2557,0.0,False,156.8422052631579,global_distance_optimum_lp_integral_distance_focus,global_distance_optimum_lp_integral,157.89483684210526,157.89473684210526,0.00010000000000331966,True,0,lp_relaxation,157.89483684210526,681.4630366131712,0.0,0.0,0.9560439560439561,,0.018550000007962808,3.4808158933345794,0.00513408137699965,global_distance_optimum_lp_integral,157.89483684210526,157.89473684210526,0.00010000000000331966,True,0,lp_relaxation,157.89483684210526,681.4630366131712,0.0,0.0,0.9560439560439561,,0.019292290991870686,3.4808158933345794,0.00513408137699965,0.0,0.0
v2e2_394e89f7d166924e9409,deepseek_formal,e2bv2_6de44f7f22478000b190,C2,canonical,e6ff459ebc86a128b3e37b46d41efd52eedbe5c955acf3d20dfbf99a33fb2557,0.0,False,156.8422052631579,global_distance_optimum_lp_integral_distance_focus,global_distance_optimum_lp_integral,157.89483684210526,157.89473684210526,0.00010000000000331966,True,0,lp_relaxation,157.89483684210526,681.4630366131712,0.0,0.0,0.9560439560439561,,0.018550000007962808,3.4808158933345794,0.00513408137699965,global_distance_optimum_lp_integral,157.89483684210526,157.89473684210526,0.00010000000000331966,True,0,lp_relaxation,157.89483684210526,681.4630366131712,0.0,0.0,0.9560439560439561,,0.019292290991870686,3.4808158933345794,0.00513408137699965,0.0,0.0
v2e2_394e89f7d166924e9409,deepseek_formal,e2bv2_6de44f7f22478000b190,S1,stale,e6ff459ebc86a128b3e37b46d41efd52eedbe5c955acf3d20dfbf99a33fb2557,0.0,False,156.8422052631579,global_distance_optimum_lp_integral_distance_focus,global_distance_optimum_lp_integral,157.89483684210526,157.89473684210526,0.00010000000000331966,True,0,lp_relaxation,157.89483684210526,681.4630366131712,0.0,0.0,0.9560439560439561,,0.018550000007962808,3.4808158933345794,0.00513408137699965,global_distance_optimum_lp_integral,157.89483684210526,157.89473684210526,0.00010000000000331966,True,0,lp_relaxation,157.89483684210526,681.4630366131712,0.0,0.0,0.9560439560439561,,0.019292290991870686,3.4808158933345794,0.00513408137699965,0.0,0.0
v2e2_394e89f7d166924e9409,deepseek_formal,e2bv2_6de44f7f22478000b190,S2,stale,e6ff459ebc86a128b3e37b46d41efd52eedbe5c955acf3d20dfbf99a33fb2557,0.0,False,156.8422052631579,global_distance_optimum_lp_integral_distance_focus,global_distance_optimum_lp_integral,157.89483684210526,157.89473684210526,0.00010000000000331966,True,0,lp_relaxation,157.89483684210526,681.4630366131712,0.0,0.0,0.9560439560439561,,0.018550000007962808,3.4808158933345794,0.00513408137699965,global_distance_optimum_lp_integral,157.89483684210526,157.89473684210526,0.00010000000000331966,True,0,lp_relaxation,157.89483684210526,681.4630366131712,0.0,0.0,0.9560439560439561,,0.019292290991870686,3.4808158933345794,0.00513408137699965,0.0,0.0
v2e2_4029a98e7ae402335d31,deepseek_formal,e2bv2_c33c40c91f4db11dd9f8,C1,canonical,c6c9b8650bdf333e657353246bc6f5b02f61950d8990935e2f0e38a63197c80c,0.0,False,156.8422052631579,global_distance_optimum_lp_integral_distance_focus,global_distance_optimum_lp_integral,157.89483684210526,157.89473684210526,0.00010000000000331966,True,0,lp_relaxation,157.89483684210526,200.7400702003913,0.0,0.0,0.9565217391304348,,0.01974862499628216,0.16028898906301947,0.0007991283473090493,global_distance_optimum_lp_integral,157.89483684210526,157.89473684210526,0.00010000000000331966,True,0,lp_relaxation,157.89483684210526,200.7400702003913,0.0,0.0,0.9565217391304348,,0.019727958017028868,0.16028898906301947,0.0007991283473090493,0.0,0.0
v2e2_4029a98e7ae402335d31,deepseek_formal,e2bv2_c33c40c91f4db11dd9f8,C2,canonical,c6c9b8650bdf333e657353246bc6f5b02f61950d8990935e2f0e38a63197c80c,0.0,False,156.8422052631579,global_distance_optimum_lp_integral_distance_focus,global_distance_optimum_lp_integral,157.89483684210526,157.89473684210526,0.00010000000000331966,True,0,lp_relaxation,157.89483684210526,200.7400702003913,0.0,0.0,0.9565217391304348,,0.01974862499628216,0.16028898906301947,0.0007991283473090493,global_distance_optimum_lp_integral,157.89483684210526,157.89473684210526,0.00010000000000331966,True,0,lp_relaxation,157.89483684210526,200.7400702003913,0.0,0.0,0.9565217391304348,,0.019727958017028868,0.16028898906301947,0.0007991283473090493,0.0,0.0
v2e2_4029a98e7ae402335d31,deepseek_formal,e2bv2_c33c40c91f4db11dd9f8,S1,stale,c6c9b8650bdf333e657353246bc6f5b02f61950d8990935e2f0e38a63197c80c,0.0,False,156.8422052631579,global_distance_optimum_lp_integral_distance_focus,global_distance_optimum_lp_integral,157.89483684210526,157.89473684210526,0.00010000000000331966,True,0,lp_relaxation,157.89483684210526,200.7400702003913,0.0,0.0,0.9565217391304348,,0.01974862499628216,0.16028898906301947,0.0007991283473090493,global_distance_optimum_lp_integral,157.89483684210526,157.89473684210526,0.00010000000000331966,True,0,lp_relaxation,157.89483684210526,200.7400702003913,0.0,0.0,0.9565217391304348,,0.019727958017028868,0.16028898906301947,0.0007991283473090493,0.0,0.0
v2e2_4029a98e7ae402335d31,deepseek_formal,e2bv2_c33c40c91f4db11dd9f8,S2,stale,c6c9b8650bdf333e657353246bc6f5b02f61950d8990935e2f0e38a63197c80c,0.0,False,156.8422052631579,global_distance_optimum_lp_integral_distance_focus,global_distance_optimum_lp_integral,157.89483684210526,157.89473684210526,0.00010000000000331966,True,0,lp_relaxation,157.89483684210526,200.7400702003913,0.0,0.0,0.9565217391304348,,0.01974862499628216,0.16028898906301947,0.0007991283473090493,global_distance_optimum_lp_integral,157.89483684210526,157.89473684210526,0.00010000000000331966,True,0,lp_relaxation,157.89483684210526,200.7400702003913,0.0,0.0,0.9565217391304348,,0.019727958017028868,0.16028898906301947,0.0007991283473090493,0.0,0.0
v2e2_47a354a03084871e0ca3,deepseek_formal,e2bv2_d73f619db0513777829b,C1,canonical,fe2f74a1e0b16a66452888eb4d734bc455cf1304481bb495d59afa8cf9cae93b,0.0,False,130.52641578947367,global_distance_optimum_lp_integral_distance_focus,global_distance_optimum_lp_integral,131.57904736842104,131.57894736842104,0.00010000000000331966,True,0,lp_relaxation,131.57904736842104,239.1766429154197,0.0,0.0,0.9555555555555556,,0.018512999988161027,1.3961302418265973,0.005871508249892194,global_distance_optimum_lp_integral,131.57904736842104,131.57894736842104,0.00010000000000331966,True,0,lp_relaxation,131.57904736842104,239.1766429154197,0.0,0.0,0.9555555555555556,,0.018782166007440537,1.3961302418265973,0.005871508249892194,0.0,0.0
v2e2_47a354a03084871e0ca3,deepseek_formal,e2bv2_d73f619db0513777829b,C2,canonical,fe2f74a1e0b16a66452888eb4d734bc455cf1304481bb495d59afa8cf9cae93b,0.0,False,130.52641578947367,global_distance_optimum_lp_integral_distance_focus,global_distance_optimum_lp_integral,131.57904736842104,131.57894736842104,0.00010000000000331966,True,0,lp_relaxation,131.57904736842104,239.1766429154197,0.0,0.0,0.9555555555555556,,0.018512999988161027,1.3961302418265973,0.005871508249892194,global_distance_optimum_lp_integral,131.57904736842104,131.57894736842104,0.00010000000000331966,True,0,lp_relaxation,131.57904736842104,239.1766429154197,0.0,0.0,0.9555555555555556,,0.018782166007440537,1.3961302418265973,0.005871508249892194,0.0,0.0
v2e2_47a354a03084871e0ca3,deepseek_formal,e2bv2_d73f619db0513777829b,S1,stale,fe2f74a1e0b16a66452888eb4d734bc455cf1304481bb495d59afa8cf9cae93b,0.0,False,130.52641578947367,global_distance_optimum_lp_integral_distance_focus,global_distance_optimum_lp_integral,131.57904736842104,131.57894736842104,0.00010000000000331966,True,0,lp_relaxation,131.57904736842104,239.1766429154197,0.0,0.0,0.9555555555555556,,0.018512999988161027,1.3961302418265973,0.005871508249892194,global_distance_optimum_lp_integral,131.57904736842104,131.57894736842104,0.00010000000000331966,True,0,lp_relaxation,131.57904736842104,239.1766429154197,0.0,0.0,0.9555555555555556,,0.018782166007440537,1.3961302418265973,0.005871508249892194,0.0,0.0
v2e2_47a354a03084871e0ca3,deepseek_formal,e2bv2_d73f619db0513777829b,S2,stale,fe2f74a1e0b16a66452888eb4d734bc455cf1304481bb495d59afa8cf9cae93b,0.0,False,130.52641578947367,global_distance_optimum_lp_integral_distance_focus,global_distance_optimum_lp_integral,131.57904736842104,131.57894736842104,0.00010000000000331966,True,0,lp_relaxation,131.57904736842104,239.1766429154197,0.0,0.0,0.9555555555555556,,0.018512999988161027,1.3961302418265973,0.005871508249892194,global_distance_optimum_lp_integral,131.57904736842104,131.57894736842104,0.00010000000000331966,True,0,lp_relaxation,131.57904736842104,239.1766429154197,0.0,0.0,0.9555555555555556,,0.018782166007440537,1.3961302418265973,0.005871508249892194,0.0,0.0
v2e2_4bc783ae8ece976241af,deepseek_formal,e2bv2_7840ed7e07a5f5efde94,C1,canonical,2dd23156fbb26642d6f2194611e536f77213eb212f6a23654f9d5319a82ac556,0.0,False,22.8001,feasible_mode_library_upper_bound_distance_focus,feasible_mode_library_upper_bound,23.7501,0.0,23.7501,False,8,raw_sign_with_mpc_zero_anchor,23.7501,270.18164150795224,0.0,0.0,0.9772727272727273,,0.021987709013046697,4.674933018208776,0.01760758906922071,feasible_mode_library_upper_bound,23.7501,0.0,23.7501,False,8,raw_sign_with_mpc_zero_anchor,23.7501,270.18164150795224,0.0,0.0,0.9772727272727273,,0.022371957980794832,4.674933018208776,0.01760758906922071,0.0,0.0
v2e2_4bc783ae8ece976241af,deepseek_formal,e2bv2_7840ed7e07a5f5efde94,C2,canonical,2dd23156fbb26642d6f2194611e536f77213eb212f6a23654f9d5319a82ac556,0.0,False,22.8001,feasible_mode_library_upper_bound_distance_focus,feasible_mode_library_upper_bound,23.7501,0.0,23.7501,False,8,raw_sign_with_mpc_zero_anchor,23.7501,270.18164150795224,0.0,0.0,0.9772727272727273,,0.021987709013046697,4.674933018208776,0.01760758906922071,feasible_mode_library_upper_bound,23.7501,0.0,23.7501,False,8,raw_sign_with_mpc_zero_anchor,23.7501,270.18164150795224,0.0,0.0,0.9772727272727273,,0.022371957980794832,4.674933018208776,0.01760758906922071,0.0,0.0
v2e2_4bc783ae8ece976241af,deepseek_formal,e2bv2_7840ed7e07a5f5efde94,S1,stale,2dd23156fbb26642d6f2194611e536f77213eb212f6a23654f9d5319a82ac556,0.0,False,22.8001,feasible_mode_library_upper_bound_distance_focus,feasible_mode_library_upper_bound,23.7501,0.0,23.7501,False,8,raw_sign_with_mpc_zero_anchor,23.7501,270.18164150795224,0.0,0.0,0.9772727272727273,,0.021987709013046697,4.674933018208776,0.01760758906922071,feasible_mode_library_upper_bound,23.7501,0.0,23.7501,False,8,raw_sign_with_mpc_zero_anchor,23.7501,270.18164150795224,0.0,0.0,0.9772727272727273,,0.022371957980794832,4.674933018208776,0.01760758906922071,0.0,0.0
v2e2_4bc783ae8ece976241af,deepseek_formal,e2bv2_7840ed7e07a5f5efde94,S2,stale,2dd23156fbb26642d6f2194611e536f77213eb212f6a23654f9d5319a82ac556,0.0,False,22.8001,feasible_mode_library_upper_bound_distance_focus,feasible_mode_library_upper_bound,23.7501,0.0,23.7501,False,8,raw_sign_with_mpc_zero_anchor,23.7501,270.18164150795224,0.0,0.0,0.9772727272727273,,0.021987709013046697,4.674933018208776,0.01760758906922071,feasible_mode_library_upper_bound,23.7501,0.0,23.7501,False,8,raw_sign_with_mpc_zero_anchor,23.7501,270.18164150795224,0.0,0.0,0.9772727272727273,,0.022371957980794832,4.674933018208776,0.01760758906922071,0.0,0.0
v2e2_579d7046347071a2967e,deepseek_formal,e2bv2_dfd1acf73d2da6bbba61,C1,canonical,3f260f5d2ad22cb433f961097c103eb7dd307219be0f8521dbf08ccb08cebc54,6.273476499999998,False,16.52662349999911,feasible_mode_library_upper_bound_distance_focus,feasible_mode_library_upper_bound,17.476623499999086,0.0,17.476623499999086,False,6,raw_sign_with_mpc_zero_anchor,23.749999999999094,482.64437758003885,0.0,0.0,0.9775280898876404,,0.01536166699952446,0.5875640479042659,0.0012188688789585961,feasible_mode_library_upper_bound,17.476623499999086,0.0,17.476623499999086,False,6,raw_sign_with_mpc_zero_anchor,23.749999999999094,482.64437758003885,0.0,0.0,0.9775280898876404,,0.015632249996997416,0.5875640479042659,0.0012188688789585961,0.0,0.0
v2e2_579d7046347071a2967e,deepseek_formal,e2bv2_dfd1acf73d2da6bbba61,C2,canonical,29f52bb7e036658d833c93ab285e1168e8dddcef27303e81fa255ec02c7832d3,6.263374999999998,False,16.53672499999901,feasible_mode_library_upper_bound_distance_focus,feasible_mode_library_upper_bound,17.486724999998884,0.0,17.486724999998884,False,6,raw_sign_with_mpc_zero_anchor,23.749999999998874,482.64416662196993,0.0,0.0,0.9775280898876404,,0.03877420799108222,0.5873530898353465,0.0012184312581989731,feasible_mode_library_upper_bound,17.486724999998884,0.0,17.486724999998884,False,6,raw_sign_with_mpc_zero_anchor,23.749999999998874,482.64416662196993,0.0,0.0,0.9775280898876404,,0.014796708011999726,0.5873530898353465,0.0012184312581989731,0.0,0.0
v2e2_579d7046347071a2967e,deepseek_formal,e2bv2_dfd1acf73d2da6bbba61,S1,stale,283de789c3f9ae6115e627ecb921b7b39bdaa1b82289eca5e60da0b76d07a502,0.0,False,22.8001,feasible_mode_library_upper_bound_distance_focus,feasible_mode_library_upper_bound,23.7501,0.0,23.7501,False,8,raw_sign_with_mpc_zero_anchor,23.7501,482.513364399259,0.0,0.0,0.9775280898876404,,0.02180349998525344,0.45655086712440607,0.0009470893353402871,feasible_mode_library_upper_bound,23.7501,0.0,23.7501,False,8,raw_sign_with_mpc_zero_anchor,23.7501,482.513364399259,0.0,0.0,0.9775280898876404,,0.022619249997660518,0.45655086712440607,0.0009470893353402871,0.0,0.0
v2e2_579d7046347071a2967e,deepseek_formal,e2bv2_dfd1acf73d2da6bbba61,S2,stale,283de789c3f9ae6115e627ecb921b7b39bdaa1b82289eca5e60da0b76d07a502,0.0,False,22.8001,feasible_mode_library_upper_bound_distance_focus,feasible_mode_library_upper_bound,23.7501,0.0,23.7501,False,8,raw_sign_with_mpc_zero_anchor,23.7501,482.513364399259,0.0,0.0,0.9775280898876404,,0.02180349998525344,0.45655086712440607,0.0009470893353402871,feasible_mode_library_upper_bound,23.7501,0.0,23.7501,False,8,raw_sign_with_mpc_zero_anchor,23.7501,482.513364399259,0.0,0.0,0.9775280898876404,,0.022619249997660518,0.45655086712440607,0.0009470893353402871,0.0,0.0
v2e2_57ed2833756fcc2a81f4,deepseek_formal,e2bv2_1d70637db8f666877223,C1,canonical,6692ab5eb7bd7a690989ac89467fd68175f79262a2bd3e61eadf8459fa4d4405,5562.5,False,4518.421152631578,feasible_mode_library_upper_bound_distance_focus,feasible_mode_library_upper_bound,4519.473784210527,4351.341984231274,168.13179997925272,False,53,lp_net_sign_with_mpc_zero_anchor,1185.5243645074106,1144.6187130333512,0.0,0.0,0.19101123595505617,0.41926113008070276,0.018149082985473797,65.23777903436053,0.06043999572297571,feasible_mode_library_upper_bound,4519.473784210527,4351.341984231274,168.13179997925272,False,53,lp_net_sign_with_mpc_zero_anchor,1185.5243645074106,1144.6187130333512,0.0,0.0,0.19101123595505617,0.41926113008070276,0.01759108400437981,65.23777903436053,0.06043999572297571,0.0,0.0
v2e2_57ed2833756fcc2a81f4,deepseek_formal,e2bv2_1d70637db8f666877223,C2,canonical,6692ab5eb7bd7a690989ac89467fd68175f79262a2bd3e61eadf8459fa4d4405,5562.5,False,4518.421152631578,feasible_mode_library_upper_bound_distance_focus,feasible_mode_library_upper_bound,4519.473784210527,4351.341984231274,168.13179997925272,False,53,lp_net_sign_with_mpc_zero_anchor,1185.5243645074106,1144.6187130333512,0.0,0.0,0.19101123595505617,0.41926113008070276,0.018149082985473797,65.23777903436053,0.06043999572297571,feasible_mode_library_upper_bound,4519.473784210527,4351.341984231274,168.13179997925272,False,53,lp_net_sign_with_mpc_zero_anchor,1185.5243645074106,1144.6187130333512,0.0,0.0,0.19101123595505617,0.41926113008070276,0.01759108400437981,65.23777903436053,0.06043999572297571,0.0,0.0
v2e2_57ed2833756fcc2a81f4,deepseek_formal,e2bv2_1d70637db8f666877223,S1,stale,943557cdc82460703740646406771ff381295e8b82b2cc4e57834664d31197ce,1500.0,False,1683.157994736842,global_distance_optimum_lp_integral_distance_focus,global_distance_optimum_lp_integral,1684.2106263157896,1684.2105263157896,9.999999997489795e-05,True,0,lp_relaxation,184.21062631578957,1089.5692407348706,0.0,0.0,0.6853932584269663,0.11345325561787159,0.01980045798700303,10.188306735879905,0.009439027886228564,global_distance_optimum_lp_integral,1684.2106263157896,1684.2105263157896,9.999999997489795e-05,True,0,lp_relaxation,184.21062631578957,1089.5692407348706,0.0,0.0,0.6853932584269663,0.11345325561787159,0.01955683299456723,10.188306735879905,0.009439027886228564,0.0,0.0
v2e2_57ed2833756fcc2a81f4,deepseek_formal,e2bv2_1d70637db8f666877223,S2,stale,943557cdc82460703740646406771ff381295e8b82b2cc4e57834664d31197ce,1500.0,False,1683.157994736842,global_distance_optimum_lp_integral_distance_focus,global_distance_optimum_lp_integral,1684.2106263157896,1684.2105263157896,9.999999997489795e-05,True,0,lp_relaxation,184.21062631578957,1089.5692407348706,0.0,0.0,0.6853932584269663,0.11345325561787159,0.01980045798700303,10.188306735879905,0.009439027886228564,global_distance_optimum_lp_integral,1684.2106263157896,1684.2105263157896,9.999999997489795e-05,True,0,lp_relaxation,184.21062631578957,1089.5692407348706,0.0,0.0,0.6853932584269663,0.11345325561787159,0.01955683299456723,10.188306735879905,0.009439027886228564,0.0,0.0
v2e2_581afa30a65d6a5d08a5,deepseek_formal,e2bv2_0a0eaab54b0649123a14,C1,canonical,fe2f74a1e0b16a66452888eb4d734bc455cf1304481bb495d59afa8cf9cae93b,0.0,False,22.8001,feasible_mode_library_upper_bound_distance_focus,feasible_mode_library_upper_bound,23.7501,0.0,23.7501,False,8,raw_sign_with_mpc_zero_anchor,23.7501,259.8925550768931,0.0,0.0,0.9777777777777777,,0.0228428749833256,7.214478779021704,0.028552056770120664,feasible_mode_library_upper_bound,23.7501,0.0,23.7501,False,8,raw_sign_with_mpc_zero_anchor,23.7501,259.8925550768931,0.0,0.0,0.9777777777777777,,0.02303370798472315,7.214478779021704,0.028552056770120664,0.0,0.0
v2e2_581afa30a65d6a5d08a5,deepseek_formal,e2bv2_0a0eaab54b0649123a14,C2,canonical,dcc7ca47c5766b3c8e729b1449cb91c520e2665e169f908c349bc14454a68b7a,6.249999999999999,False,16.550099999998626,feasible_mode_library_upper_bound_distance_focus,feasible_mode_library_upper_bound,17.500099999998625,0.0,17.500099999998625,False,6,raw_sign_with_mpc_zero_anchor,23.749999999998643,260.0242789946281,0.0,0.0,0.9777777777777777,,0.014565457997377962,7.346202696756734,0.029073367996108258,feasible_mode_library_upper_bound,17.50009999999863,0.0,17.50009999999863,False,6,raw_sign_with_mpc_zero_anchor,23.749999999998632,260.0242789946281,0.0,0.0,0.9777777777777777,,0.015878250007517636,7.346202696756734,0.029073367996108258,3.552713678800501e-15,-3.552713678800501e-15
v2e2_581afa30a65d6a5d08a5,deepseek_formal,e2bv2_0a0eaab54b0649123a14,S1,stale,fe2f74a1e0b16a66452888eb4d734bc455cf1304481bb495d59afa8cf9cae93b,0.0,False,22.8001,feasible_mode_library_upper_bound_distance_focus,feasible_mode_library_upper_bound,23.7501,0.0,23.7501,False,8,raw_sign_with_mpc_zero_anchor,23.7501,259.8925550768931,0.0,0.0,0.9777777777777777,,0.0228428749833256,7.214478779021704,0.028552056770120664,feasible_mode_library_upper_bound,23.7501,0.0,23.7501,False,8,raw_sign_with_mpc_zero_anchor,23.7501,259.8925550768931,0.0,0.0,0.9777777777777777,,0.02303370798472315,7.214478779021704,0.028552056770120664,0.0,0.0
v2e2_581afa30a65d6a5d08a5,deepseek_formal,e2bv2_0a0eaab54b0649123a14,S2,stale,fe2f74a1e0b16a66452888eb4d734bc455cf1304481bb495d59afa8cf9cae93b,0.0,False,22.8001,feasible_mode_library_upper_bound_distance_focus,feasible_mode_library_upper_bound,23.7501,0.0,23.7501,False,8,raw_sign_with_mpc_zero_anchor,23.7501,259.8925550768931,0.0,0.0,0.9777777777777777,,0.0228428749833256,7.214478779021704,0.028552056770120664,feasible_mode_library_upper_bound,23.7501,0.0,23.7501,False,8,raw_sign_with_mpc_zero_anchor,23.7501,259.8925550768931,0.0,0.0,0.9777777777777777,,0.02303370798472315,7.214478779021704,0.028552056770120664,0.0,0.0
v2e2_599ab783e7af2d598059,deepseek_formal,e2bv2_979167b67f17ecabf6a5,C1,canonical,e6ff459ebc86a128b3e37b46d41efd52eedbe5c955acf3d20dfbf99a33fb2557,0.0,False,25.263257894736842,global_distance_optimum_lp_integral_distance_focus,global_distance_optimum_lp_integral,26.315889473684212,26.315789473684212,9.999999999976694e-05,True,0,lp_relaxation,26.315889473684212,332.5212610196547,0.0,0.0,0.978021978021978,,0.018968124990351498,1.0272076507636143,0.0030987211997450938,global_distance_optimum_lp_integral,26.315889473684212,26.315789473684212,9.999999999976694e-05,True,0,lp_relaxation,26.315889473684212,332.5212610196547,0.0,0.0,0.978021978021978,,0.01986400000168942,1.0272076507636143,0.0030987211997450938,0.0,0.0
v2e2_599ab783e7af2d598059,deepseek_formal,e2bv2_979167b67f17ecabf6a5,C2,canonical,e6ff459ebc86a128b3e37b46d41efd52eedbe5c955acf3d20dfbf99a33fb2557,0.0,False,25.263257894736842,global_distance_optimum_lp_integral_distance_focus,global_distance_optimum_lp_integral,26.315889473684212,26.315789473684212,9.999999999976694e-05,True,0,lp_relaxation,26.315889473684212,332.5212610196547,0.0,0.0,0.978021978021978,,0.018968124990351498,1.0272076507636143,0.0030987211997450938,global_distance_optimum_lp_integral,26.315889473684212,26.315789473684212,9.999999999976694e-05,True,0,lp_relaxation,26.315889473684212,332.5212610196547,0.0,0.0,0.978021978021978,,0.01986400000168942,1.0272076507636143,0.0030987211997450938,0.0,0.0
v2e2_599ab783e7af2d598059,deepseek_formal,e2bv2_979167b67f17ecabf6a5,S1,stale,e6ff459ebc86a128b3e37b46d41efd52eedbe5c955acf3d20dfbf99a33fb2557,0.0,False,25.263257894736842,global_distance_optimum_lp_integral_distance_focus,global_distance_optimum_lp_integral,26.315889473684212,26.315789473684212,9.999999999976694e-05,True,0,lp_relaxation,26.315889473684212,332.5212610196547,0.0,0.0,0.978021978021978,,0.018968124990351498,1.0272076507636143,0.0030987211997450938,global_distance_optimum_lp_integral,26.315889473684212,26.315789473684212,9.999999999976694e-05,True,0,lp_relaxation,26.315889473684212,332.5212610196547,0.0,0.0,0.978021978021978,,0.01986400000168942,1.0272076507636143,0.0030987211997450938,0.0,0.0
v2e2_599ab783e7af2d598059,deepseek_formal,e2bv2_979167b67f17ecabf6a5,S2,stale,e6ff459ebc86a128b3e37b46d41efd52eedbe5c955acf3d20dfbf99a33fb2557,0.0,False,25.263257894736842,global_distance_optimum_lp_integral_distance_focus,global_distance_optimum_lp_integral,26.315889473684212,26.315789473684212,9.999999999976694e-05,True,0,lp_relaxation,26.315889473684212,332.5212610196547,0.0,0.0,0.978021978021978,,0.018968124990351498,1.0272076507636143,0.0030987211997450938,global_distance_optimum_lp_integral,26.315889473684212,26.315789473684212,9.999999999976694e-05,True,0,lp_relaxation,26.315889473684212,332.5212610196547,0.0,0.0,0.978021978021978,,0.01986400000168942,1.0272076507636143,0.0030987211997450938,0.0,0.0
v2e2_6044c2cf8efb739eb457,deepseek_formal,e2bv2_efd03696157b9e4346bf,C1,canonical,e6ff459ebc86a128b3e37b46d41efd52eedbe5c955acf3d20dfbf99a33fb2557,0.0,False,22.8001,feasible_mode_library_upper_bound_distance_focus,feasible_mode_library_upper_bound,23.7501,0.0,23.7501,False,8,raw_sign_with_mpc_zero_anchor,23.7501,707.4051783332858,0.0,0.0,0.978021978021978,,0.02202608299558051,2.3634820041032754,0.003352258478340791,feasible_mode_library_upper_bound,23.7501,0.0,23.7501,False,8,raw_sign_with_mpc_zero_anchor,23.7501,707.4051783332858,0.0,0.0,0.978021978021978,,0.021753667009761557,2.3634820041032754,0.003352258478340791,0.0,0.0
v2e2_6044c2cf8efb739eb457,deepseek_formal,e2bv2_efd03696157b9e4346bf,C2,canonical,e6ff459ebc86a128b3e37b46d41efd52eedbe5c955acf3d20dfbf99a33fb2557,0.0,False,22.8001,feasible_mode_library_upper_bound_distance_focus,feasible_mode_library_upper_bound,23.7501,0.0,23.7501,False,8,raw_sign_with_mpc_zero_anchor,23.7501,707.4051783332858,0.0,0.0,0.978021978021978,,0.02202608299558051,2.3634820041032754,0.003352258478340791,feasible_mode_library_upper_bound,23.7501,0.0,23.7501,False,8,raw_sign_with_mpc_zero_anchor,23.7501,707.4051783332858,0.0,0.0,0.978021978021978,,0.021753667009761557,2.3634820041032754,0.003352258478340791,0.0,0.0
v2e2_6044c2cf8efb739eb457,deepseek_formal,e2bv2_efd03696157b9e4346bf,S1,stale,e6ff459ebc86a128b3e37b46d41efd52eedbe5c955acf3d20dfbf99a33fb2557,0.0,False,22.8001,feasible_mode_library_upper_bound_distance_focus,feasible_mode_library_upper_bound,23.7501,0.0,23.7501,False,8,raw_sign_with_mpc_zero_anchor,23.7501,707.4051783332858,0.0,0.0,0.978021978021978,,0.02202608299558051,2.3634820041032754,0.003352258478340791,feasible_mode_library_upper_bound,23.7501,0.0,23.7501,False,8,raw_sign_with_mpc_zero_anchor,23.7501,707.4051783332858,0.0,0.0,0.978021978021978,,0.021753667009761557,2.3634820041032754,0.003352258478340791,0.0,0.0
v2e2_6044c2cf8efb739eb457,deepseek_formal,e2bv2_efd03696157b9e4346bf,S2,stale,e6ff459ebc86a128b3e37b46d41efd52eedbe5c955acf3d20dfbf99a33fb2557,0.0,False,22.8001,feasible_mode_library_upper_bound_distance_focus,feasible_mode_library_upper_bound,23.7501,0.0,23.7501,False,8,raw_sign_with_mpc_zero_anchor,23.7501,707.4051783332858,0.0,0.0,0.978021978021978,,0.02202608299558051,2.3634820041032754,0.003352258478340791,feasible_mode_library_upper_bound,23.7501,0.0,23.7501,False,8,raw_sign_with_mpc_zero_anchor,23.7501,707.4051783332858,0.0,0.0,0.978021978021978,,0.021753667009761557,2.3634820041032754,0.003352258478340791,0.0,0.0
v2e2_689fd81bd1f3eec1e27d,deepseek_formal,e2bv2_36c9ee18183bf93dcc42,C1,canonical,e06e79cdfedfc6d6107b945613e65b2de3a209e40115b9b00ab048d2b91cd7d5,0.0,False,156.8422052631579,global_distance_optimum_lp_integral_distance_focus,global_distance_optimum_lp_integral,157.89483684210526,157.89473684210526,0.00010000000000331966,True,0,lp_relaxation,157.89483684210526,369.4788048450823,0.0,0.0,0.9512195121951219,,0.01734929101075977,0.4218140246530311,0.0011429509131240698,global_distance_optimum_lp_integral,157.89483684210526,157.89473684210526,0.00010000000000331966,True,0,lp_relaxation,157.89483684210526,369.4788048450823,0.0,0.0,0.9512195121951219,,0.016496124997502193,0.4218140246530311,0.0011429509131240698,0.0,0.0
v2e2_689fd81bd1f3eec1e27d,deepseek_formal,e2bv2_36c9ee18183bf93dcc42,C2,canonical,e06e79cdfedfc6d6107b945613e65b2de3a209e40115b9b00ab048d2b91cd7d5,0.0,False,156.8422052631579,global_distance_optimum_lp_integral_distance_focus,global_distance_optimum_lp_integral,157.89483684210526,157.89473684210526,0.00010000000000331966,True,0,lp_relaxation,157.89483684210526,369.4788048450823,0.0,0.0,0.9512195121951219,,0.01734929101075977,0.4218140246530311,0.0011429509131240698,global_distance_optimum_lp_integral,157.89483684210526,157.89473684210526,0.00010000000000331966,True,0,lp_relaxation,157.89483684210526,369.4788048450823,0.0,0.0,0.9512195121951219,,0.016496124997502193,0.4218140246530311,0.0011429509131240698,0.0,0.0
v2e2_689fd81bd1f3eec1e27d,deepseek_formal,e2bv2_36c9ee18183bf93dcc42,S1,stale,e06e79cdfedfc6d6107b945613e65b2de3a209e40115b9b00ab048d2b91cd7d5,0.0,False,156.8422052631579,global_distance_optimum_lp_integral_distance_focus,global_distance_optimum_lp_integral,157.89483684210526,157.89473684210526,0.00010000000000331966,True,0,lp_relaxation,157.89483684210526,369.4788048450823,0.0,0.0,0.9512195121951219,,0.01734929101075977,0.4218140246530311,0.0011429509131240698,global_distance_optimum_lp_integral,157.89483684210526,157.89473684210526,0.00010000000000331966,True,0,lp_relaxation,157.89483684210526,369.4788048450823,0.0,0.0,0.9512195121951219,,0.016496124997502193,0.4218140246530311,0.0011429509131240698,0.0,0.0
v2e2_689fd81bd1f3eec1e27d,deepseek_formal,e2bv2_36c9ee18183bf93dcc42,S2,stale,e06e79cdfedfc6d6107b945613e65b2de3a209e40115b9b00ab048d2b91cd7d5,0.0,False,156.8422052631579,global_distance_optimum_lp_integral_distance_focus,global_distance_optimum_lp_integral,157.89483684210526,157.89473684210526,0.00010000000000331966,True,0,lp_relaxation,157.89483684210526,369.4788048450823,0.0,0.0,0.9512195121951219,,0.01734929101075977,0.4218140246530311,0.0011429509131240698,global_distance_optimum_lp_integral,157.89483684210526,157.89473684210526,0.00010000000000331966,True,0,lp_relaxation,157.89483684210526,369.4788048450823,0.0,0.0,0.9512195121951219,,0.016496124997502193,0.4218140246530311,0.0011429509131240698,0.0,0.0
v2e2_68ad1227a66cd68252f6,deepseek_formal,e2bv2_8e5894fd943a5544d909,C1,canonical,c6c9b8650bdf333e657353246bc6f5b02f61950d8990935e2f0e38a63197c80c,0.0,False,156.8421052631579,global_distance_optimum_lp_integral_distance_focus,global_distance_optimum_lp_integral,157.89473684210526,157.89473684210526,0.0,True,0,lp_relaxation,157.89473684210526,489.48749045991536,0.0,0.0,0.967391304347826,,0.01943450001999736,0.0,0.0,global_distance_optimum_lp_integral,157.89473684210526,157.89473684210526,0.0,True,0,lp_relaxation,157.89473684210526,489.48749045991536,0.0,0.0,0.967391304347826,,0.018272459012223408,0.0,0.0,0.0,0.0
v2e2_68ad1227a66cd68252f6,deepseek_formal,e2bv2_8e5894fd943a5544d909,C2,canonical,c6c9b8650bdf333e657353246bc6f5b02f61950d8990935e2f0e38a63197c80c,0.0,False,156.8421052631579,global_distance_optimum_lp_integral_distance_focus,global_distance_optimum_lp_integral,157.89473684210526,157.89473684210526,0.0,True,0,lp_relaxation,157.89473684210526,489.48749045991536,0.0,0.0,0.967391304347826,,0.01943450001999736,0.0,0.0,global_distance_optimum_lp_integral,157.89473684210526,157.89473684210526,0.0,True,0,lp_relaxation,157.89473684210526,489.48749045991536,0.0,0.0,0.967391304347826,,0.018272459012223408,0.0,0.0,0.0,0.0
v2e2_68ad1227a66cd68252f6,deepseek_formal,e2bv2_8e5894fd943a5544d909,S1,stale,c6c9b8650bdf333e657353246bc6f5b02f61950d8990935e2f0e38a63197c80c,0.0,False,156.8421052631579,global_distance_optimum_lp_integral_distance_focus,global_distance_optimum_lp_integral,157.89473684210526,157.89473684210526,0.0,True,0,lp_relaxation,157.89473684210526,489.48749045991536,0.0,0.0,0.967391304347826,,0.01943450001999736,0.0,0.0,global_distance_optimum_lp_integral,157.89473684210526,157.89473684210526,0.0,True,0,lp_relaxation,157.89473684210526,489.48749045991536,0.0,0.0,0.967391304347826,,0.018272459012223408,0.0,0.0,0.0,0.0
v2e2_68ad1227a66cd68252f6,deepseek_formal,e2bv2_8e5894fd943a5544d909,S2,stale,c6c9b8650bdf333e657353246bc6f5b02f61950d8990935e2f0e38a63197c80c,0.0,False,156.8421052631579,global_distance_optimum_lp_integral_distance_focus,global_distance_optimum_lp_integral,157.89473684210526,157.89473684210526,0.0,True,0,lp_relaxation,157.89473684210526,489.48749045991536,0.0,0.0,0.967391304347826,,0.01943450001999736,0.0,0.0,global_distance_optimum_lp_integral,157.89473684210526,157.89473684210526,0.0,True,0,lp_relaxation,157.89473684210526,489.48749045991536,0.0,0.0,0.967391304347826,,0.018272459012223408,0.0,0.0,0.0,0.0
v2e2_729fd4e9cb1879f64d23,deepseek_formal,e2bv2_7c9796613960a15b9922,C1,canonical,e06e79cdfedfc6d6107b945613e65b2de3a209e40115b9b00ab048d2b91cd7d5,0.0,False,130.52641578947367,global_distance_optimum_lp_integral_distance_focus,global_distance_optimum_lp_integral,131.57904736842104,131.57894736842104,0.00010000000000331966,True,0,lp_relaxation,131.57904736842104,506.3481567904443,0.0,0.0,0.9512195121951219,,0.016952209000010043,0.965996719156692,0.0019114183195948816,global_distance_optimum_lp_integral,131.57904736842104,131.57894736842104,0.00010000000000331966,True,0,lp_relaxation,131.57904736842104,506.3481567904443,0.0,0.0,0.9512195121951219,,0.016525291022844613,0.965996719156692,0.0019114183195948816,0.0,0.0
v2e2_729fd4e9cb1879f64d23,deepseek_formal,e2bv2_7c9796613960a15b9922,C2,canonical,e06e79cdfedfc6d6107b945613e65b2de3a209e40115b9b00ab048d2b91cd7d5,0.0,False,130.52641578947367,global_distance_optimum_lp_integral_distance_focus,global_distance_optimum_lp_integral,131.57904736842104,131.57894736842104,0.00010000000000331966,True,0,lp_relaxation,131.57904736842104,506.3481567904443,0.0,0.0,0.9512195121951219,,0.016952209000010043,0.965996719156692,0.0019114183195948816,global_distance_optimum_lp_integral,131.57904736842104,131.57894736842104,0.00010000000000331966,True,0,lp_relaxation,131.57904736842104,506.3481567904443,0.0,0.0,0.9512195121951219,,0.016525291022844613,0.965996719156692,0.0019114183195948816,0.0,0.0
v2e2_729fd4e9cb1879f64d23,deepseek_formal,e2bv2_7c9796613960a15b9922,S1,stale,e06e79cdfedfc6d6107b945613e65b2de3a209e40115b9b00ab048d2b91cd7d5,0.0,False,130.52641578947367,global_distance_optimum_lp_integral_distance_focus,global_distance_optimum_lp_integral,131.57904736842104,131.57894736842104,0.00010000000000331966,True,0,lp_relaxation,131.57904736842104,506.3481567904443,0.0,0.0,0.9512195121951219,,0.016952209000010043,0.965996719156692,0.0019114183195948816,global_distance_optimum_lp_integral,131.57904736842104,131.57894736842104,0.00010000000000331966,True,0,lp_relaxation,131.57904736842104,506.3481567904443,0.0,0.0,0.9512195121951219,,0.016525291022844613,0.965996719156692,0.0019114183195948816,0.0,0.0
v2e2_729fd4e9cb1879f64d23,deepseek_formal,e2bv2_7c9796613960a15b9922,S2,stale,e06e79cdfedfc6d6107b945613e65b2de3a209e40115b9b00ab048d2b91cd7d5,0.0,False,130.52641578947367,global_distance_optimum_lp_integral_distance_focus,global_distance_optimum_lp_integral,131.57904736842104,131.57894736842104,0.00010000000000331966,True,0,lp_relaxation,131.57904736842104,506.3481567904443,0.0,0.0,0.9512195121951219,,0.016952209000010043,0.965996719156692,0.0019114183195948816,global_distance_optimum_lp_integral,131.57904736842104,131.57894736842104,0.00010000000000331966,True,0,lp_relaxation,131.57904736842104,506.3481567904443,0.0,0.0,0.9512195121951219,,0.016525291022844613,0.965996719156692,0.0019114183195948816,0.0,0.0
v2e2_7778cc641046e1b0a2cd,deepseek_formal,e2bv2_f58bf07d1222a1361782,C1,canonical,e06e79cdfedfc6d6107b945613e65b2de3a209e40115b9b00ab048d2b91cd7d5,0.0,False,156.8422052631579,global_distance_optimum_lp_integral_distance_focus,global_distance_optimum_lp_integral,157.89483684210526,157.89473684210526,0.00010000000000331966,True,0,lp_relaxation,157.89483684210526,424.8554287375644,0.0,0.0,0.9512195121951219,,0.016638790984870866,0.22897003802290783,0.0005392269683904063,global_distance_optimum_lp_integral,157.89483684210526,157.89473684210526,0.00010000000000331966,True,0,lp_relaxation,157.89483684210526,424.8554287375644,0.0,0.0,0.9512195121951219,,0.01632220801548101,0.22897003802290783,0.0005392269683904063,0.0,0.0
v2e2_7778cc641046e1b0a2cd,deepseek_formal,e2bv2_f58bf07d1222a1361782,C2,canonical,e06e79cdfedfc6d6107b945613e65b2de3a209e40115b9b00ab048d2b91cd7d5,0.0,False,156.8422052631579,global_distance_optimum_lp_integral_distance_focus,global_distance_optimum_lp_integral,157.89483684210526,157.89473684210526,0.00010000000000331966,True,0,lp_relaxation,157.89483684210526,424.8554287375644,0.0,0.0,0.9512195121951219,,0.016638790984870866,0.22897003802290783,0.0005392269683904063,global_distance_optimum_lp_integral,157.89483684210526,157.89473684210526,0.00010000000000331966,True,0,lp_relaxation,157.89483684210526,424.8554287375644,0.0,0.0,0.9512195121951219,,0.01632220801548101,0.22897003802290783,0.0005392269683904063,0.0,0.0
v2e2_7778cc641046e1b0a2cd,deepseek_formal,e2bv2_f58bf07d1222a1361782,S1,stale,e06e79cdfedfc6d6107b945613e65b2de3a209e40115b9b00ab048d2b91cd7d5,0.0,False,156.8422052631579,global_distance_optimum_lp_integral_distance_focus,global_distance_optimum_lp_integral,157.89483684210526,157.89473684210526,0.00010000000000331966,True,0,lp_relaxation,157.89483684210526,424.8554287375644,0.0,0.0,0.9512195121951219,,0.016638790984870866,0.22897003802290783,0.0005392269683904063,global_distance_optimum_lp_integral,157.89483684210526,157.89473684210526,0.00010000000000331966,True,0,lp_relaxation,157.89483684210526,424.8554287375644,0.0,0.0,0.9512195121951219,,0.01632220801548101,0.22897003802290783,0.0005392269683904063,0.0,0.0
v2e2_7778cc641046e1b0a2cd,deepseek_formal,e2bv2_f58bf07d1222a1361782,S2,stale,e06e79cdfedfc6d6107b945613e65b2de3a209e40115b9b00ab048d2b91cd7d5,0.0,False,156.8422052631579,global_distance_optimum_lp_integral_distance_focus,global_distance_optimum_lp_integral,157.89483684210526,157.89473684210526,0.00010000000000331966,True,0,lp_relaxation,157.89483684210526,424.8554287375644,0.0,0.0,0.9512195121951219,,0.016638790984870866,0.22897003802290783,0.0005392269683904063,global_distance_optimum_lp_integral,157.89483684210526,157.89473684210526,0.00010000000000331966,True,0,lp_relaxation,157.89483684210526,424.8554287375644,0.0,0.0,0.9512195121951219,,0.01632220801548101,0.22897003802290783,0.0005392269683904063,0.0,0.0
v2e2_7b2e0628b0d7b7a4badd,deepseek_formal,e2bv2_f52569b207fdbafda434,C1,canonical,c6c9b8650bdf333e657353246bc6f5b02f61950d8990935e2f0e38a63197c80c,0.0,False,22.8001,feasible_mode_library_upper_bound_distance_focus,feasible_mode_library_upper_bound,23.7501,0.0,23.7501,False,10,raw_sign_with_mpc_zero_anchor,23.7501,291.8389621003977,0.0,0.0,0.9782608695652174,,0.02289620801457204,13.452825300709833,0.048324336317040764,feasible_mode_library_upper_bound,23.7501,0.0,23.7501,False,10,raw_sign_with_mpc_zero_anchor,23.7501,291.8389621003977,0.0,0.0,0.9782608695652174,,0.022353666019625962,13.452825300709833,0.048324336317040764,0.0,0.0
v2e2_7b2e0628b0d7b7a4badd,deepseek_formal,e2bv2_f52569b207fdbafda434,C2,canonical,c6c9b8650bdf333e657353246bc6f5b02f61950d8990935e2f0e38a63197c80c,0.0,False,22.8001,feasible_mode_library_upper_bound_distance_focus,feasible_mode_library_upper_bound,23.7501,0.0,23.7501,False,10,raw_sign_with_mpc_zero_anchor,23.7501,291.8389621003977,0.0,0.0,0.9782608695652174,,0.02289620801457204,13.452825300709833,0.048324336317040764,feasible_mode_library_upper_bound,23.7501,0.0,23.7501,False,10,raw_sign_with_mpc_zero_anchor,23.7501,291.8389621003977,0.0,0.0,0.9782608695652174,,0.022353666019625962,13.452825300709833,0.048324336317040764,0.0,0.0
v2e2_7b2e0628b0d7b7a4badd,deepseek_formal,e2bv2_f52569b207fdbafda434,S1,stale,c6c9b8650bdf333e657353246bc6f5b02f61950d8990935e2f0e38a63197c80c,0.0,False,22.8001,feasible_mode_library_upper_bound_distance_focus,feasible_mode_library_upper_bound,23.7501,0.0,23.7501,False,10,raw_sign_with_mpc_zero_anchor,23.7501,291.8389621003977,0.0,0.0,0.9782608695652174,,0.02289620801457204,13.452825300709833,0.048324336317040764,feasible_mode_library_upper_bound,23.7501,0.0,23.7501,False,10,raw_sign_with_mpc_zero_anchor,23.7501,291.8389621003977,0.0,0.0,0.9782608695652174,,0.022353666019625962,13.452825300709833,0.048324336317040764,0.0,0.0
v2e2_7b2e0628b0d7b7a4badd,deepseek_formal,e2bv2_f52569b207fdbafda434,S2,stale,c6c9b8650bdf333e657353246bc6f5b02f61950d8990935e2f0e38a63197c80c,0.0,False,22.8001,feasible_mode_library_upper_bound_distance_focus,feasible_mode_library_upper_bound,23.7501,0.0,23.7501,False,10,raw_sign_with_mpc_zero_anchor,23.7501,291.8389621003977,0.0,0.0,0.9782608695652174,,0.02289620801457204,13.452825300709833,0.048324336317040764,feasible_mode_library_upper_bound,23.7501,0.0,23.7501,False,10,raw_sign_with_mpc_zero_anchor,23.7501,291.8389621003977,0.0,0.0,0.9782608695652174,,0.022353666019625962,13.452825300709833,0.048324336317040764,0.0,0.0
v2e2_7e727667efa4e288ccd0,deepseek_formal,e2bv2_4877df0b1c592f6bee11,C1,canonical,a0b184c9d1ce96d54e2c4f32c58ff1040f455f4d9188111ac37e1234518d695e,5750.0,False,5586.68167894737,feasible_mode_library_upper_bound_distance_focus,feasible_mode_library_upper_bound,5587.631673822532,5330.486202365309,257.1454714572237,False,87,direct_mpc_sign,732.3665697705783,452.00582317523526,0.0,0.0,0.07608695652173914,,0.014329624973470345,3.2229994531007833e-06,7.130437951974519e-09,feasible_mode_library_upper_bound,5587.631673822532,5330.486202365309,257.1454714572237,False,87,direct_mpc_sign,732.3665697705783,452.00582317523526,0.0,0.0,0.07608695652173914,,0.014292666979599744,3.2229994531007833e-06,7.130437951974519e-09,0.0,0.0
v2e2_7e727667efa4e288ccd0,deepseek_formal,e2bv2_4877df0b1c592f6bee11,C2,canonical,a0b184c9d1ce96d54e2c4f32c58ff1040f455f4d9188111ac37e1234518d695e,5750.0,False,5586.68167894737,feasible_mode_library_upper_bound_distance_focus,feasible_mode_library_upper_bound,5587.631673822532,5330.486202365309,257.1454714572237,False,87,direct_mpc_sign,732.3665697705783,452.00582317523526,0.0,0.0,0.07608695652173914,,0.014329624973470345,3.2229994531007833e-06,7.130437951974519e-09,feasible_mode_library_upper_bound,5587.631673822532,5330.486202365309,257.1454714572237,False,87,direct_mpc_sign,732.3665697705783,452.00582317523526,0.0,0.0,0.07608695652173914,,0.014292666979599744,3.2229994531007833e-06,7.130437951974519e-09,0.0,0.0
v2e2_7e727667efa4e288ccd0,deepseek_formal,e2bv2_4877df0b1c592f6bee11,S1,stale,c6c9b8650bdf333e657353246bc6f5b02f61950d8990935e2f0e38a63197c80c,0.0,False,130.52641578947367,global_distance_optimum_lp_integral_distance_focus,global_distance_optimum_lp_integral,131.57904736842104,131.57894736842104,0.00010000000000331966,True,0,lp_relaxation,131.57904736842104,468.1601546569039,0.0,0.0,0.9565217391304348,,0.0197781250171829,16.154334704668088,0.03573921837195623,global_distance_optimum_lp_integral,131.57904736842104,131.57894736842104,0.00010000000000331966,True,0,lp_relaxation,131.57904736842104,468.1601546569039,0.0,0.0,0.9565217391304348,,0.01855233300011605,16.154334704668088,0.03573921837195623,0.0,0.0
v2e2_7e727667efa4e288ccd0,deepseek_formal,e2bv2_4877df0b1c592f6bee11,S2,stale,c6c9b8650bdf333e657353246bc6f5b02f61950d8990935e2f0e38a63197c80c,0.0,False,130.52641578947367,global_distance_optimum_lp_integral_distance_focus,global_distance_optimum_lp_integral,131.57904736842104,131.57894736842104,0.00010000000000331966,True,0,lp_relaxation,131.57904736842104,468.1601546569039,0.0,0.0,0.9565217391304348,,0.0197781250171829,16.154334704668088,0.03573921837195623,global_distance_optimum_lp_integral,131.57904736842104,131.57894736842104,0.00010000000000331966,True,0,lp_relaxation,131.57904736842104,468.1601546569039,0.0,0.0,0.9565217391304348,,0.01855233300011605,16.154334704668088,0.03573921837195623,0.0,0.0
v2e2_7f938d120000eec26457,deepseek_formal,e2bv2_676111e1c5a00e4b041f,C1,canonical,17fe411465c2bec61f933aaf2876bbdd038001b7893c6c57eec8fa0dfc4a02a3,5500.0,False,4665.16457368421,feasible_mode_library_upper_bound_distance_focus,feasible_mode_library_upper_bound,4660.9251933337955,4538.770532194481,122.15466113931416,False,40,lp_net_sign_with_mpc_zero_anchor,937.0430223841436,286.1778343358173,0.0,0.0,0.1590909090909091,0.36900782147417543,0.01863995799794793,14.368167811754972,0.052861136233663016,feasible_mode_library_upper_bound,4666.217205263159,4538.770532194481,127.44667306867723,False,40,raw_sign_with_mpc_zero_anchor,833.7827947368414,285.67512762266267,0.0,0.0,0.13636363636363635,0.3884437729838283,0.019139040989102796,13.865461098600349,0.05101165560413537,5.2920119293630705,-5.2920119293630705
v2e2_7f938d120000eec26457,deepseek_formal,e2bv2_676111e1c5a00e4b041f,C2,canonical,17fe411465c2bec61f933aaf2876bbdd038001b7893c6c57eec8fa0dfc4a02a3,5500.0,False,4665.16457368421,feasible_mode_library_upper_bound_distance_focus,feasible_mode_library_upper_bound,4660.9251933337955,4538.770532194481,122.15466113931416,False,40,lp_net_sign_with_mpc_zero_anchor,937.0430223841436,286.1778343358173,0.0,0.0,0.1590909090909091,0.36900782147417543,0.01863995799794793,14.368167811754972,0.052861136233663016,feasible_mode_library_upper_bound,4666.217205263159,4538.770532194481,127.44667306867723,False,40,raw_sign_with_mpc_zero_anchor,833.7827947368414,285.67512762266267,0.0,0.0,0.13636363636363635,0.3884437729838283,0.019139040989102796,13.865461098600349,0.05101165560413537,5.2920119293630705,-5.2920119293630705
v2e2_7f938d120000eec26457,deepseek_formal,e2bv2_676111e1c5a00e4b041f,S1,stale,309d42f11f298e6c3b120c4432446a690aeb9bb63f1c74a7d462efcc92263ac0,5500.0,False,5325.983832876732,feasible_mode_library_upper_bound_distance_focus,feasible_mode_library_upper_bound,5327.03135,5068.331143232588,258.70020676741206,False,83,direct_mpc_sign,452.02929871794504,272.2393170847968,0.0,0.0,0.045454545454545456,,0.013209041993832216,0.42965056073450114,0.0015807037557895895,feasible_mode_library_upper_bound,5327.03135,5068.331143232588,258.70020676741206,False,83,direct_mpc_sign,452.02929871794504,272.2393170847968,0.0,0.0,0.045454545454545456,,0.013800999993691221,0.42965056073450114,0.0015807037557895895,0.0,0.0
v2e2_7f938d120000eec26457,deepseek_formal,e2bv2_676111e1c5a00e4b041f,S2,stale,2dd23156fbb26642d6f2194611e536f77213eb212f6a23654f9d5319a82ac556,0.0,False,156.8422052631579,global_distance_optimum_lp_integral_distance_focus,global_distance_optimum_lp_integral,157.89483684210526,157.89473684210526,0.00010000000000331966,True,0,lp_relaxation,157.89483684210526,276.242228825597,0.0,0.0,0.9545454545454546,,0.018042542011244223,4.432562301534688,0.016307596261085473,global_distance_optimum_lp_integral,157.89483684210526,157.89473684210526,0.00010000000000331966,True,0,lp_relaxation,157.89483684210526,276.242228825597,0.0,0.0,0.9545454545454546,,0.018214707990409806,4.432562301534688,0.016307596261085473,0.0,0.0
v2e2_8e9a9550f230c7b3cff3,deepseek_formal,e2bv2_6e44d58ae86a30969c94,C1,canonical,c6c9b8650bdf333e657353246bc6f5b02f61950d8990935e2f0e38a63197c80c,0.0,False,156.8422052631579,global_distance_optimum_lp_integral_distance_focus,global_distance_optimum_lp_integral,157.89483684210526,157.89473684210526,0.00010000000000331966,True,0,lp_relaxation,157.89483684210526,299.3494776292558,0.0,0.0,0.9565217391304348,,0.0192821670207195,7.456320067814886,0.025544689468253116,global_distance_optimum_lp_integral,157.89483684210526,157.89473684210526,0.00010000000000331966,True,0,lp_relaxation,157.89483684210526,299.3494776292558,0.0,0.0,0.9565217391304348,,0.01870054198661819,7.456320067814943,0.025544689468253313,0.0,0.0
v2e2_8e9a9550f230c7b3cff3,deepseek_formal,e2bv2_6e44d58ae86a30969c94,C2,canonical,c6c9b8650bdf333e657353246bc6f5b02f61950d8990935e2f0e38a63197c80c,0.0,False,156.8422052631579,global_distance_optimum_lp_integral_distance_focus,global_distance_optimum_lp_integral,157.89483684210526,157.89473684210526,0.00010000000000331966,True,0,lp_relaxation,157.89483684210526,299.3494776292558,0.0,0.0,0.9565217391304348,,0.0192821670207195,7.456320067814886,0.025544689468253116,global_distance_optimum_lp_integral,157.89483684210526,157.89473684210526,0.00010000000000331966,True,0,lp_relaxation,157.89483684210526,299.3494776292558,0.0,0.0,0.9565217391304348,,0.01870054198661819,7.456320067814943,0.025544689468253313,0.0,0.0
v2e2_8e9a9550f230c7b3cff3,deepseek_formal,e2bv2_6e44d58ae86a30969c94,S1,stale,c6c9b8650bdf333e657353246bc6f5b02f61950d8990935e2f0e38a63197c80c,0.0,False,156.8422052631579,global_distance_optimum_lp_integral_distance_focus,global_distance_optimum_lp_integral,157.89483684210526,157.89473684210526,0.00010000000000331966,True,0,lp_relaxation,157.89483684210526,299.3494776292558,0.0,0.0,0.9565217391304348,,0.0192821670207195,7.456320067814886,0.025544689468253116,global_distance_optimum_lp_integral,157.89483684210526,157.89473684210526,0.00010000000000331966,True,0,lp_relaxation,157.89483684210526,299.3494776292558,0.0,0.0,0.9565217391304348,,0.01870054198661819,7.456320067814943,0.025544689468253313,0.0,0.0
v2e2_8e9a9550f230c7b3cff3,deepseek_formal,e2bv2_6e44d58ae86a30969c94,S2,stale,c6c9b8650bdf333e657353246bc6f5b02f61950d8990935e2f0e38a63197c80c,0.0,False,156.8422052631579,global_distance_optimum_lp_integral_distance_focus,global_distance_optimum_lp_integral,157.89483684210526,157.89473684210526,0.00010000000000331966,True,0,lp_relaxation,157.89483684210526,299.3494776292558,0.0,0.0,0.9565217391304348,,0.0192821670207195,7.456320067814886,0.025544689468253116,global_distance_optimum_lp_integral,157.89483684210526,157.89473684210526,0.00010000000000331966,True,0,lp_relaxation,157.89483684210526,299.3494776292558,0.0,0.0,0.9565217391304348,,0.01870054198661819,7.456320067814943,0.025544689468253313,0.0,0.0
v2e2_90357feca5a42c2b5eee,deepseek_formal,e2bv2_e01f8d4e8519f79c8b87,C1,canonical,fe2f74a1e0b16a66452888eb4d734bc455cf1304481bb495d59afa8cf9cae93b,0.0,False,156.8422052631579,global_distance_optimum_lp_integral_distance_focus,global_distance_optimum_lp_integral,157.89483684210526,157.89473684210526,0.00010000000000331966,True,0,lp_relaxation,157.89483684210526,189.55449544010926,0.0,0.0,0.9555555555555556,,0.018599084025481716,2.9080425324335977,0.015580486460527893,global_distance_optimum_lp_integral,157.89483684210526,157.89473684210526,0.00010000000000331966,True,0,lp_relaxation,157.89483684210526,189.55449544010926,0.0,0.0,0.9555555555555556,,0.01873733298270963,2.9080425324335977,0.015580486460527893,0.0,0.0
v2e2_90357feca5a42c2b5eee,deepseek_formal,e2bv2_e01f8d4e8519f79c8b87,C2,canonical,fe2f74a1e0b16a66452888eb4d734bc455cf1304481bb495d59afa8cf9cae93b,0.0,False,156.8422052631579,global_distance_optimum_lp_integral_distance_focus,global_distance_optimum_lp_integral,157.89483684210526,157.89473684210526,0.00010000000000331966,True,0,lp_relaxation,157.89483684210526,189.55449544010926,0.0,0.0,0.9555555555555556,,0.018599084025481716,2.9080425324335977,0.015580486460527893,global_distance_optimum_lp_integral,157.89483684210526,157.89473684210526,0.00010000000000331966,True,0,lp_relaxation,157.89483684210526,189.55449544010926,0.0,0.0,0.9555555555555556,,0.01873733298270963,2.9080425324335977,0.015580486460527893,0.0,0.0
v2e2_90357feca5a42c2b5eee,deepseek_formal,e2bv2_e01f8d4e8519f79c8b87,S1,stale,fe2f74a1e0b16a66452888eb4d734bc455cf1304481bb495d59afa8cf9cae93b,0.0,False,156.8422052631579,global_distance_optimum_lp_integral_distance_focus,global_distance_optimum_lp_integral,157.89483684210526,157.89473684210526,0.00010000000000331966,True,0,lp_relaxation,157.89483684210526,189.55449544010926,0.0,0.0,0.9555555555555556,,0.018599084025481716,2.9080425324335977,0.015580486460527893,global_distance_optimum_lp_integral,157.89483684210526,157.89473684210526,0.00010000000000331966,True,0,lp_relaxation,157.89483684210526,189.55449544010926,0.0,0.0,0.9555555555555556,,0.01873733298270963,2.9080425324335977,0.015580486460527893,0.0,0.0
v2e2_90357feca5a42c2b5eee,deepseek_formal,e2bv2_e01f8d4e8519f79c8b87,S2,stale,fe2f74a1e0b16a66452888eb4d734bc455cf1304481bb495d59afa8cf9cae93b,0.0,False,156.8422052631579,global_distance_optimum_lp_integral_distance_focus,global_distance_optimum_lp_integral,157.89483684210526,157.89473684210526,0.00010000000000331966,True,0,lp_relaxation,157.89483684210526,189.55449544010926,0.0,0.0,0.9555555555555556,,0.018599084025481716,2.9080425324335977,0.015580486460527893,global_distance_optimum_lp_integral,157.89483684210526,157.89473684210526,0.00010000000000331966,True,0,lp_relaxation,157.89483684210526,189.55449544010926,0.0,0.0,0.9555555555555556,,0.01873733298270963,2.9080425324335977,0.015580486460527893,0.0,0.0
v2e2_a015340abe1151fa1614,deepseek_formal,e2bv2_994a383269924f806ecb,C1,canonical,e06e79cdfedfc6d6107b945613e65b2de3a209e40115b9b00ab048d2b91cd7d5,0.0,False,156.8422052631579,global_distance_optimum_lp_integral_distance_focus,global_distance_optimum_lp_integral,157.89483684210526,157.89473684210526,0.00010000000000331966,True,0,lp_relaxation,157.89483684210526,213.47971397619935,0.0,0.0,0.9512195121951219,,0.016807250009151176,3.1161707171747253,0.014813264070845798,global_distance_optimum_lp_integral,157.89483684210526,157.89473684210526,0.00010000000000331966,True,0,lp_relaxation,157.89483684210526,213.47971397619935,0.0,0.0,0.9512195121951219,,0.017150958999991417,3.1161707171747253,0.014813264070845798,0.0,0.0
v2e2_a015340abe1151fa1614,deepseek_formal,e2bv2_994a383269924f806ecb,C2,canonical,e06e79cdfedfc6d6107b945613e65b2de3a209e40115b9b00ab048d2b91cd7d5,0.0,False,156.8422052631579,global_distance_optimum_lp_integral_distance_focus,global_distance_optimum_lp_integral,157.89483684210526,157.89473684210526,0.00010000000000331966,True,0,lp_relaxation,157.89483684210526,213.47971397619935,0.0,0.0,0.9512195121951219,,0.016807250009151176,3.1161707171747253,0.014813264070845798,global_distance_optimum_lp_integral,157.89483684210526,157.89473684210526,0.00010000000000331966,True,0,lp_relaxation,157.89483684210526,213.47971397619935,0.0,0.0,0.9512195121951219,,0.017150958999991417,3.1161707171747253,0.014813264070845798,0.0,0.0
v2e2_a015340abe1151fa1614,deepseek_formal,e2bv2_994a383269924f806ecb,S1,stale,e06e79cdfedfc6d6107b945613e65b2de3a209e40115b9b00ab048d2b91cd7d5,0.0,False,156.8422052631579,global_distance_optimum_lp_integral_distance_focus,global_distance_optimum_lp_integral,157.89483684210526,157.89473684210526,0.00010000000000331966,True,0,lp_relaxation,157.89483684210526,213.47971397619935,0.0,0.0,0.9512195121951219,,0.016807250009151176,3.1161707171747253,0.014813264070845798,global_distance_optimum_lp_integral,157.89483684210526,157.89473684210526,0.00010000000000331966,True,0,lp_relaxation,157.89483684210526,213.47971397619935,0.0,0.0,0.9512195121951219,,0.017150958999991417,3.1161707171747253,0.014813264070845798,0.0,0.0
v2e2_a015340abe1151fa1614,deepseek_formal,e2bv2_994a383269924f806ecb,S2,stale,e06e79cdfedfc6d6107b945613e65b2de3a209e40115b9b00ab048d2b91cd7d5,0.0,False,156.8422052631579,global_distance_optimum_lp_integral_distance_focus,global_distance_optimum_lp_integral,157.89483684210526,157.89473684210526,0.00010000000000331966,True,0,lp_relaxation,157.89483684210526,213.47971397619935,0.0,0.0,0.9512195121951219,,0.016807250009151176,3.1161707171747253,0.014813264070845798,global_distance_optimum_lp_integral,157.89483684210526,157.89473684210526,0.00010000000000331966,True,0,lp_relaxation,157.89483684210526,213.47971397619935,0.0,0.0,0.9512195121951219,,0.017150958999991417,3.1161707171747253,0.014813264070845798,0.0,0.0
v2e2_a26fd019af93d45104b8,deepseek_formal,e2bv2_17ed2261ecd19dec6230,C1,canonical,a9696dcbc2bef81a08d6b1a798091d2b1a49654218d3ebdb12f9b255cbb1476f,0.0,False,25.263257894736842,global_distance_optimum_lp_integral_distance_focus,global_distance_optimum_lp_integral,26.315889473684212,26.315789473684212,9.999999999976694e-05,True,0,lp_relaxation,26.315889473684212,160.39321665585229,0.0,0.0,0.9759036144578314,,0.01817341599962674,5.771046977170954,0.03732354156692863,global_distance_optimum_lp_integral,26.315889473684212,26.315789473684212,9.999999999976694e-05,True,0,lp_relaxation,26.315889473684212,160.39321665585229,0.0,0.0,0.9759036144578314,,0.018037125002592802,5.771046977170954,0.03732354156692863,0.0,0.0
v2e2_a26fd019af93d45104b8,deepseek_formal,e2bv2_17ed2261ecd19dec6230,C2,canonical,a9696dcbc2bef81a08d6b1a798091d2b1a49654218d3ebdb12f9b255cbb1476f,0.0,False,25.263257894736842,global_distance_optimum_lp_integral_distance_focus,global_distance_optimum_lp_integral,26.315889473684212,26.315789473684212,9.999999999976694e-05,True,0,lp_relaxation,26.315889473684212,160.39321665585229,0.0,0.0,0.9759036144578314,,0.01817341599962674,5.771046977170954,0.03732354156692863,global_distance_optimum_lp_integral,26.315889473684212,26.315789473684212,9.999999999976694e-05,True,0,lp_relaxation,26.315889473684212,160.39321665585229,0.0,0.0,0.9759036144578314,,0.018037125002592802,5.771046977170954,0.03732354156692863,0.0,0.0
v2e2_a26fd019af93d45104b8,deepseek_formal,e2bv2_17ed2261ecd19dec6230,S1,stale,a9696dcbc2bef81a08d6b1a798091d2b1a49654218d3ebdb12f9b255cbb1476f,0.0,False,25.263257894736842,global_distance_optimum_lp_integral_distance_focus,global_distance_optimum_lp_integral,26.315889473684212,26.315789473684212,9.999999999976694e-05,True,0,lp_relaxation,26.315889473684212,160.39321665585229,0.0,0.0,0.9759036144578314,,0.01817341599962674,5.771046977170954,0.03732354156692863,global_distance_optimum_lp_integral,26.315889473684212,26.315789473684212,9.999999999976694e-05,True,0,lp_relaxation,26.315889473684212,160.39321665585229,0.0,0.0,0.9759036144578314,,0.018037125002592802,5.771046977170954,0.03732354156692863,0.0,0.0
v2e2_a26fd019af93d45104b8,deepseek_formal,e2bv2_17ed2261ecd19dec6230,S2,stale,a9696dcbc2bef81a08d6b1a798091d2b1a49654218d3ebdb12f9b255cbb1476f,0.0,False,25.263257894736842,global_distance_optimum_lp_integral_distance_focus,global_distance_optimum_lp_integral,26.315889473684212,26.315789473684212,9.999999999976694e-05,True,0,lp_relaxation,26.315889473684212,160.39321665585229,0.0,0.0,0.9759036144578314,,0.01817341599962674,5.771046977170954,0.03732354156692863,global_distance_optimum_lp_integral,26.315889473684212,26.315789473684212,9.999999999976694e-05,True,0,lp_relaxation,26.315889473684212,160.39321665585229,0.0,0.0,0.9759036144578314,,0.018037125002592802,5.771046977170954,0.03732354156692863,0.0,0.0
v2e2_a49aba98f0f44c8c6622,deepseek_formal,e2bv2_096aba26d125a00ae3fa,C1,canonical,f4bd841308415de6ed2727462cd66a7333ac8155b4e8e95de0220355189c785c,0.0,False,25.263257894736842,global_distance_optimum_lp_integral_distance_focus,global_distance_optimum_lp_integral,26.315889473684212,26.315789473684212,9.999999999976694e-05,True,0,lp_relaxation,26.315889473684212,273.00577504848263,0.0,0.0,0.9753086419753086,,0.017619374993955716,6.560839959657187,0.024623624230162164,global_distance_optimum_lp_integral,26.315889473684212,26.315789473684212,9.999999999976694e-05,True,0,lp_relaxation,26.315889473684212,273.0057750484825,0.0,0.0,0.9753086419753086,,0.01670424998155795,6.5608399596570735,0.024623624230161737,0.0,0.0
v2e2_a49aba98f0f44c8c6622,deepseek_formal,e2bv2_096aba26d125a00ae3fa,C2,canonical,f4bd841308415de6ed2727462cd66a7333ac8155b4e8e95de0220355189c785c,0.0,False,25.263257894736842,global_distance_optimum_lp_integral_distance_focus,global_distance_optimum_lp_integral,26.315889473684212,26.315789473684212,9.999999999976694e-05,True,0,lp_relaxation,26.315889473684212,273.00577504848263,0.0,0.0,0.9753086419753086,,0.017619374993955716,6.560839959657187,0.024623624230162164,global_distance_optimum_lp_integral,26.315889473684212,26.315789473684212,9.999999999976694e-05,True,0,lp_relaxation,26.315889473684212,273.0057750484825,0.0,0.0,0.9753086419753086,,0.01670424998155795,6.5608399596570735,0.024623624230161737,0.0,0.0
v2e2_a49aba98f0f44c8c6622,deepseek_formal,e2bv2_096aba26d125a00ae3fa,S1,stale,f4bd841308415de6ed2727462cd66a7333ac8155b4e8e95de0220355189c785c,0.0,False,25.263257894736842,global_distance_optimum_lp_integral_distance_focus,global_distance_optimum_lp_integral,26.315889473684212,26.315789473684212,9.999999999976694e-05,True,0,lp_relaxation,26.315889473684212,273.00577504848263,0.0,0.0,0.9753086419753086,,0.017619374993955716,6.560839959657187,0.024623624230162164,global_distance_optimum_lp_integral,26.315889473684212,26.315789473684212,9.999999999976694e-05,True,0,lp_relaxation,26.315889473684212,273.0057750484825,0.0,0.0,0.9753086419753086,,0.01670424998155795,6.5608399596570735,0.024623624230161737,0.0,0.0
v2e2_a49aba98f0f44c8c6622,deepseek_formal,e2bv2_096aba26d125a00ae3fa,S2,stale,f4bd841308415de6ed2727462cd66a7333ac8155b4e8e95de0220355189c785c,0.0,False,25.263257894736842,global_distance_optimum_lp_integral_distance_focus,global_distance_optimum_lp_integral,26.315889473684212,26.315789473684212,9.999999999976694e-05,True,0,lp_relaxation,26.315889473684212,273.00577504848263,0.0,0.0,0.9753086419753086,,0.017619374993955716,6.560839959657187,0.024623624230162164,global_distance_optimum_lp_integral,26.315889473684212,26.315789473684212,9.999999999976694e-05,True,0,lp_relaxation,26.315889473684212,273.0057750484825,0.0,0.0,0.9753086419753086,,0.01670424998155795,6.5608399596570735,0.024623624230161737,0.0,0.0
v2e2_a614c009acc530c12890,deepseek_formal,e2bv2_13bd328dd30210a825ec,C1,canonical,e6ff459ebc86a128b3e37b46d41efd52eedbe5c955acf3d20dfbf99a33fb2557,0.0,False,25.263257894736842,global_distance_optimum_lp_integral_distance_focus,global_distance_optimum_lp_integral,26.315889473684212,26.315789473684212,9.999999999976694e-05,True,0,lp_relaxation,26.315889473684212,353.1935845793822,0.0,0.0,0.978021978021978,,0.019074291980359703,22.283474002332582,0.0673399611860577,global_distance_optimum_lp_integral,26.315889473684212,26.315789473684212,9.999999999976694e-05,True,0,lp_relaxation,26.315889473684212,353.1935845793822,0.0,0.0,0.978021978021978,,0.019977582996943966,22.283474002332582,0.0673399611860577,0.0,0.0
v2e2_a614c009acc530c12890,deepseek_formal,e2bv2_13bd328dd30210a825ec,C2,canonical,e6ff459ebc86a128b3e37b46d41efd52eedbe5c955acf3d20dfbf99a33fb2557,0.0,False,25.263257894736842,global_distance_optimum_lp_integral_distance_focus,global_distance_optimum_lp_integral,26.315889473684212,26.315789473684212,9.999999999976694e-05,True,0,lp_relaxation,26.315889473684212,353.1935845793822,0.0,0.0,0.978021978021978,,0.019074291980359703,22.283474002332582,0.0673399611860577,global_distance_optimum_lp_integral,26.315889473684212,26.315789473684212,9.999999999976694e-05,True,0,lp_relaxation,26.315889473684212,353.1935845793822,0.0,0.0,0.978021978021978,,0.019977582996943966,22.283474002332582,0.0673399611860577,0.0,0.0
v2e2_a614c009acc530c12890,deepseek_formal,e2bv2_13bd328dd30210a825ec,S1,stale,e6ff459ebc86a128b3e37b46d41efd52eedbe5c955acf3d20dfbf99a33fb2557,0.0,False,25.263257894736842,global_distance_optimum_lp_integral_distance_focus,global_distance_optimum_lp_integral,26.315889473684212,26.315789473684212,9.999999999976694e-05,True,0,lp_relaxation,26.315889473684212,353.1935845793822,0.0,0.0,0.978021978021978,,0.019074291980359703,22.283474002332582,0.0673399611860577,global_distance_optimum_lp_integral,26.315889473684212,26.315789473684212,9.999999999976694e-05,True,0,lp_relaxation,26.315889473684212,353.1935845793822,0.0,0.0,0.978021978021978,,0.019977582996943966,22.283474002332582,0.0673399611860577,0.0,0.0
v2e2_a614c009acc530c12890,deepseek_formal,e2bv2_13bd328dd30210a825ec,S2,stale,e6ff459ebc86a128b3e37b46d41efd52eedbe5c955acf3d20dfbf99a33fb2557,0.0,False,25.263257894736842,global_distance_optimum_lp_integral_distance_focus,global_distance_optimum_lp_integral,26.315889473684212,26.315789473684212,9.999999999976694e-05,True,0,lp_relaxation,26.315889473684212,353.1935845793822,0.0,0.0,0.978021978021978,,0.019074291980359703,22.283474002332582,0.0673399611860577,global_distance_optimum_lp_integral,26.315889473684212,26.315789473684212,9.999999999976694e-05,True,0,lp_relaxation,26.315889473684212,353.1935845793822,0.0,0.0,0.978021978021978,,0.019977582996943966,22.283474002332582,0.0673399611860577,0.0,0.0
v2e2_a66e250328b3cef2064f,deepseek_formal,e2bv2_7963de2a76bbaaef9416,C1,canonical,e6ff459ebc86a128b3e37b46d41efd52eedbe5c955acf3d20dfbf99a33fb2557,0.0,False,22.8001,feasible_mode_library_upper_bound_distance_focus,feasible_mode_library_upper_bound,23.7501,0.0,23.7501,False,8,raw_sign_with_mpc_zero_anchor,23.7501,189.06612372392263,0.0,0.0,0.978021978021978,,0.023410666995914653,3.36053303667876,0.018096025134420442,feasible_mode_library_upper_bound,23.7501,0.0,23.7501,False,8,raw_sign_with_mpc_zero_anchor,23.7501,189.06612372392263,0.0,0.0,0.978021978021978,,0.02388120800605975,3.36053303667876,0.018096025134420442,0.0,0.0
v2e2_a66e250328b3cef2064f,deepseek_formal,e2bv2_7963de2a76bbaaef9416,C2,canonical,e6ff459ebc86a128b3e37b46d41efd52eedbe5c955acf3d20dfbf99a33fb2557,0.0,False,22.8001,feasible_mode_library_upper_bound_distance_focus,feasible_mode_library_upper_bound,23.7501,0.0,23.7501,False,8,raw_sign_with_mpc_zero_anchor,23.7501,189.06612372392263,0.0,0.0,0.978021978021978,,0.023410666995914653,3.36053303667876,0.018096025134420442,feasible_mode_library_upper_bound,23.7501,0.0,23.7501,False,8,raw_sign_with_mpc_zero_anchor,23.7501,189.06612372392263,0.0,0.0,0.978021978021978,,0.02388120800605975,3.36053303667876,0.018096025134420442,0.0,0.0
v2e2_a66e250328b3cef2064f,deepseek_formal,e2bv2_7963de2a76bbaaef9416,S1,stale,e6ff459ebc86a128b3e37b46d41efd52eedbe5c955acf3d20dfbf99a33fb2557,0.0,False,22.8001,feasible_mode_library_upper_bound_distance_focus,feasible_mode_library_upper_bound,23.7501,0.0,23.7501,False,8,raw_sign_with_mpc_zero_anchor,23.7501,189.06612372392263,0.0,0.0,0.978021978021978,,0.023410666995914653,3.36053303667876,0.018096025134420442,feasible_mode_library_upper_bound,23.7501,0.0,23.7501,False,8,raw_sign_with_mpc_zero_anchor,23.7501,189.06612372392263,0.0,0.0,0.978021978021978,,0.02388120800605975,3.36053303667876,0.018096025134420442,0.0,0.0
v2e2_a66e250328b3cef2064f,deepseek_formal,e2bv2_7963de2a76bbaaef9416,S2,stale,e6ff459ebc86a128b3e37b46d41efd52eedbe5c955acf3d20dfbf99a33fb2557,0.0,False,22.8001,feasible_mode_library_upper_bound_distance_focus,feasible_mode_library_upper_bound,23.7501,0.0,23.7501,False,8,raw_sign_with_mpc_zero_anchor,23.7501,189.06612372392263,0.0,0.0,0.978021978021978,,0.023410666995914653,3.36053303667876,0.018096025134420442,feasible_mode_library_upper_bound,23.7501,0.0,23.7501,False,8,raw_sign_with_mpc_zero_anchor,23.7501,189.06612372392263,0.0,0.0,0.978021978021978,,0.02388120800605975,3.36053303667876,0.018096025134420442,0.0,0.0
v2e2_a7c71f5aa3db3e32fdd1,deepseek_formal,e2bv2_cd25d067696014e32388,C1,canonical,c6c9b8650bdf333e657353246bc6f5b02f61950d8990935e2f0e38a63197c80c,0.0,False,22.8001,feasible_mode_library_upper_bound_distance_focus,feasible_mode_library_upper_bound,23.7501,0.0,23.7501,False,13,raw_sign_with_mpc_zero_anchor,23.7501,372.0494829294436,0.0,0.0,0.9782608695652174,,0.02181575002032332,2.0662094986568604,0.00558460245917952,feasible_mode_library_upper_bound,23.7501,0.0,23.7501,False,13,raw_sign_with_mpc_zero_anchor,23.7501,372.0494829294436,0.0,0.0,0.9782608695652174,,0.04567695801961236,2.0662094986568604,0.00558460245917952,0.0,0.0
v2e2_a7c71f5aa3db3e32fdd1,deepseek_formal,e2bv2_cd25d067696014e32388,C2,canonical,c6c9b8650bdf333e657353246bc6f5b02f61950d8990935e2f0e38a63197c80c,0.0,False,22.8001,feasible_mode_library_upper_bound_distance_focus,feasible_mode_library_upper_bound,23.7501,0.0,23.7501,False,13,raw_sign_with_mpc_zero_anchor,23.7501,372.0494829294436,0.0,0.0,0.9782608695652174,,0.02181575002032332,2.0662094986568604,0.00558460245917952,feasible_mode_library_upper_bound,23.7501,0.0,23.7501,False,13,raw_sign_with_mpc_zero_anchor,23.7501,372.0494829294436,0.0,0.0,0.9782608695652174,,0.04567695801961236,2.0662094986568604,0.00558460245917952,0.0,0.0
v2e2_a7c71f5aa3db3e32fdd1,deepseek_formal,e2bv2_cd25d067696014e32388,S1,stale,c6c9b8650bdf333e657353246bc6f5b02f61950d8990935e2f0e38a63197c80c,0.0,False,22.8001,feasible_mode_library_upper_bound_distance_focus,feasible_mode_library_upper_bound,23.7501,0.0,23.7501,False,13,raw_sign_with_mpc_zero_anchor,23.7501,372.0494829294436,0.0,0.0,0.9782608695652174,,0.02181575002032332,2.0662094986568604,0.00558460245917952,feasible_mode_library_upper_bound,23.7501,0.0,23.7501,False,13,raw_sign_with_mpc_zero_anchor,23.7501,372.0494829294436,0.0,0.0,0.9782608695652174,,0.04567695801961236,2.0662094986568604,0.00558460245917952,0.0,0.0
v2e2_a7c71f5aa3db3e32fdd1,deepseek_formal,e2bv2_cd25d067696014e32388,S2,stale,c6c9b8650bdf333e657353246bc6f5b02f61950d8990935e2f0e38a63197c80c,0.0,False,22.8001,feasible_mode_library_upper_bound_distance_focus,feasible_mode_library_upper_bound,23.7501,0.0,23.7501,False,13,raw_sign_with_mpc_zero_anchor,23.7501,372.0494829294436,0.0,0.0,0.9782608695652174,,0.02181575002032332,2.0662094986568604,0.00558460245917952,feasible_mode_library_upper_bound,23.7501,0.0,23.7501,False,13,raw_sign_with_mpc_zero_anchor,23.7501,372.0494829294436,0.0,0.0,0.9782608695652174,,0.04567695801961236,2.0662094986568604,0.00558460245917952,0.0,0.0
v2e2_aa86ae40329fa58392a5,deepseek_formal,e2bv2_23fc96e4a29a7c7a9cd1,C1,canonical,a9696dcbc2bef81a08d6b1a798091d2b1a49654218d3ebdb12f9b255cbb1476f,0.0,False,22.8001,feasible_mode_library_upper_bound_distance_focus,feasible_mode_library_upper_bound,23.7501,0.0,23.7501,False,8,raw_sign_with_mpc_zero_anchor,23.7501,247.94247925661818,0.0,0.0,0.9759036144578314,,0.019853790989145637,7.8611962464423755,0.03274389468382331,feasible_mode_library_upper_bound,23.7501,0.0,23.7501,False,8,raw_sign_with_mpc_zero_anchor,23.7501,247.94247925661818,0.0,0.0,0.9759036144578314,,0.019678292010212317,7.8611962464423755,0.03274389468382331,0.0,0.0
v2e2_aa86ae40329fa58392a5,deepseek_formal,e2bv2_23fc96e4a29a7c7a9cd1,C2,canonical,a9696dcbc2bef81a08d6b1a798091d2b1a49654218d3ebdb12f9b255cbb1476f,0.0,False,22.8001,feasible_mode_library_upper_bound_distance_focus,feasible_mode_library_upper_bound,23.7501,0.0,23.7501,False,8,raw_sign_with_mpc_zero_anchor,23.7501,247.94247925661818,0.0,0.0,0.9759036144578314,,0.019853790989145637,7.8611962464423755,0.03274389468382331,feasible_mode_library_upper_bound,23.7501,0.0,23.7501,False,8,raw_sign_with_mpc_zero_anchor,23.7501,247.94247925661818,0.0,0.0,0.9759036144578314,,0.019678292010212317,7.8611962464423755,0.03274389468382331,0.0,0.0
v2e2_aa86ae40329fa58392a5,deepseek_formal,e2bv2_23fc96e4a29a7c7a9cd1,S1,stale,a9696dcbc2bef81a08d6b1a798091d2b1a49654218d3ebdb12f9b255cbb1476f,0.0,False,22.8001,feasible_mode_library_upper_bound_distance_focus,feasible_mode_library_upper_bound,23.7501,0.0,23.7501,False,8,raw_sign_with_mpc_zero_anchor,23.7501,247.94247925661818,0.0,0.0,0.9759036144578314,,0.019853790989145637,7.8611962464423755,0.03274389468382331,feasible_mode_library_upper_bound,23.7501,0.0,23.7501,False,8,raw_sign_with_mpc_zero_anchor,23.7501,247.94247925661818,0.0,0.0,0.9759036144578314,,0.019678292010212317,7.8611962464423755,0.03274389468382331,0.0,0.0
v2e2_aa86ae40329fa58392a5,deepseek_formal,e2bv2_23fc96e4a29a7c7a9cd1,S2,stale,a9696dcbc2bef81a08d6b1a798091d2b1a49654218d3ebdb12f9b255cbb1476f,0.0,False,22.8001,feasible_mode_library_upper_bound_distance_focus,feasible_mode_library_upper_bound,23.7501,0.0,23.7501,False,8,raw_sign_with_mpc_zero_anchor,23.7501,247.94247925661818,0.0,0.0,0.9759036144578314,,0.019853790989145637,7.8611962464423755,0.03274389468382331,feasible_mode_library_upper_bound,23.7501,0.0,23.7501,False,8,raw_sign_with_mpc_zero_anchor,23.7501,247.94247925661818,0.0,0.0,0.9759036144578314,,0.019678292010212317,7.8611962464423755,0.03274389468382331,0.0,0.0
v2e2_ac2a6bbea5f71d8219ff,deepseek_formal,e2bv2_c96bd416b4a37d66b6eb,C1,canonical,283de789c3f9ae6115e627ecb921b7b39bdaa1b82289eca5e60da0b76d07a502,0.0,False,156.8422052631579,global_distance_optimum_lp_integral_distance_focus,global_distance_optimum_lp_integral,157.89483684210526,157.89473684210526,0.00010000000000331966,True,0,lp_relaxation,157.89483684210526,186.69113556353238,0.0,0.0,0.9550561797752809,,0.01833220897242427,2.6716772403288473,0.01451844965023445,global_distance_optimum_lp_integral,157.89483684210526,157.89473684210526,0.00010000000000331966,True,0,lp_relaxation,157.89483684210526,186.69113556353238,0.0,0.0,0.9550561797752809,,0.018022709002252668,2.6716772403288473,0.01451844965023445,0.0,0.0
v2e2_ac2a6bbea5f71d8219ff,deepseek_formal,e2bv2_c96bd416b4a37d66b6eb,C2,canonical,283de789c3f9ae6115e627ecb921b7b39bdaa1b82289eca5e60da0b76d07a502,0.0,False,156.8422052631579,global_distance_optimum_lp_integral_distance_focus,global_distance_optimum_lp_integral,157.89483684210526,157.89473684210526,0.00010000000000331966,True,0,lp_relaxation,157.89483684210526,186.69113556353238,0.0,0.0,0.9550561797752809,,0.01833220897242427,2.6716772403288473,0.01451844965023445,global_distance_optimum_lp_integral,157.89483684210526,157.89473684210526,0.00010000000000331966,True,0,lp_relaxation,157.89483684210526,186.69113556353238,0.0,0.0,0.9550561797752809,,0.018022709002252668,2.6716772403288473,0.01451844965023445,0.0,0.0
v2e2_ac2a6bbea5f71d8219ff,deepseek_formal,e2bv2_c96bd416b4a37d66b6eb,S1,stale,283de789c3f9ae6115e627ecb921b7b39bdaa1b82289eca5e60da0b76d07a502,0.0,False,156.8422052631579,global_distance_optimum_lp_integral_distance_focus,global_distance_optimum_lp_integral,157.89483684210526,157.89473684210526,0.00010000000000331966,True,0,lp_relaxation,157.89483684210526,186.69113556353238,0.0,0.0,0.9550561797752809,,0.01833220897242427,2.6716772403288473,0.01451844965023445,global_distance_optimum_lp_integral,157.89483684210526,157.89473684210526,0.00010000000000331966,True,0,lp_relaxation,157.89483684210526,186.69113556353238,0.0,0.0,0.9550561797752809,,0.018022709002252668,2.6716772403288473,0.01451844965023445,0.0,0.0
v2e2_ac2a6bbea5f71d8219ff,deepseek_formal,e2bv2_c96bd416b4a37d66b6eb,S2,stale,283de789c3f9ae6115e627ecb921b7b39bdaa1b82289eca5e60da0b76d07a502,0.0,False,156.8422052631579,global_distance_optimum_lp_integral_distance_focus,global_distance_optimum_lp_integral,157.89483684210526,157.89473684210526,0.00010000000000331966,True,0,lp_relaxation,157.89483684210526,186.69113556353238,0.0,0.0,0.9550561797752809,,0.01833220897242427,2.6716772403288473,0.01451844965023445,global_distance_optimum_lp_integral,157.89483684210526,157.89473684210526,0.00010000000000331966,True,0,lp_relaxation,157.89483684210526,186.69113556353238,0.0,0.0,0.9550561797752809,,0.018022709002252668,2.6716772403288473,0.01451844965023445,0.0,0.0
v2e2_ade91af586194aa1b583,deepseek_formal,e2bv2_9db3f8fa84244a39ebdd,C1,canonical,e6ff459ebc86a128b3e37b46d41efd52eedbe5c955acf3d20dfbf99a33fb2557,0.0,False,25.263257894736842,global_distance_optimum_lp_integral_distance_focus,global_distance_optimum_lp_integral,26.315889473684212,26.315789473684212,9.999999999976694e-05,True,0,lp_relaxation,26.315889473684212,464.6453994734668,0.0,0.0,0.978021978021978,,0.019508124998537824,11.29534385418009,0.024915280618528626,global_distance_optimum_lp_integral,26.315889473684212,26.315789473684212,9.999999999976694e-05,True,0,lp_relaxation,26.315889473684212,464.6453994734668,0.0,0.0,0.978021978021978,,0.019819292007014155,11.29534385418009,0.024915280618528626,0.0,0.0
v2e2_ade91af586194aa1b583,deepseek_formal,e2bv2_9db3f8fa84244a39ebdd,C2,canonical,e6ff459ebc86a128b3e37b46d41efd52eedbe5c955acf3d20dfbf99a33fb2557,0.0,False,25.263257894736842,global_distance_optimum_lp_integral_distance_focus,global_distance_optimum_lp_integral,26.315889473684212,26.315789473684212,9.999999999976694e-05,True,0,lp_relaxation,26.315889473684212,464.6453994734668,0.0,0.0,0.978021978021978,,0.019508124998537824,11.29534385418009,0.024915280618528626,global_distance_optimum_lp_integral,26.315889473684212,26.315789473684212,9.999999999976694e-05,True,0,lp_relaxation,26.315889473684212,464.6453994734668,0.0,0.0,0.978021978021978,,0.019819292007014155,11.29534385418009,0.024915280618528626,0.0,0.0
v2e2_ade91af586194aa1b583,deepseek_formal,e2bv2_9db3f8fa84244a39ebdd,S1,stale,e6ff459ebc86a128b3e37b46d41efd52eedbe5c955acf3d20dfbf99a33fb2557,0.0,False,25.263257894736842,global_distance_optimum_lp_integral_distance_focus,global_distance_optimum_lp_integral,26.315889473684212,26.315789473684212,9.999999999976694e-05,True,0,lp_relaxation,26.315889473684212,464.6453994734668,0.0,0.0,0.978021978021978,,0.019508124998537824,11.29534385418009,0.024915280618528626,global_distance_optimum_lp_integral,26.315889473684212,26.315789473684212,9.999999999976694e-05,True,0,lp_relaxation,26.315889473684212,464.6453994734668,0.0,0.0,0.978021978021978,,0.019819292007014155,11.29534385418009,0.024915280618528626,0.0,0.0
v2e2_ade91af586194aa1b583,deepseek_formal,e2bv2_9db3f8fa84244a39ebdd,S2,stale,e6ff459ebc86a128b3e37b46d41efd52eedbe5c955acf3d20dfbf99a33fb2557,0.0,False,25.263257894736842,global_distance_optimum_lp_integral_distance_focus,global_distance_optimum_lp_integral,26.315889473684212,26.315789473684212,9.999999999976694e-05,True,0,lp_relaxation,26.315889473684212,464.6453994734668,0.0,0.0,0.978021978021978,,0.019508124998537824,11.29534385418009,0.024915280618528626,global_distance_optimum_lp_integral,26.315889473684212,26.315789473684212,9.999999999976694e-05,True,0,lp_relaxation,26.315889473684212,464.6453994734668,0.0,0.0,0.978021978021978,,0.019819292007014155,11.29534385418009,0.024915280618528626,0.0,0.0
v2e2_b7e962716394d888d563,deepseek_formal,e2bv2_d59d4b99214e88058150,C1,canonical,e6ff459ebc86a128b3e37b46d41efd52eedbe5c955acf3d20dfbf99a33fb2557,0.0,False,183.1579947368421,global_distance_optimum_lp_integral_distance_focus,global_distance_optimum_lp_integral,184.21062631578948,184.21052631578948,0.00010000000000331966,True,0,lp_relaxation,184.21062631578948,505.9621301297628,0.0,0.0,0.9560439560439561,,0.01917949999915436,4.067525385101078,0.008104341721645775,global_distance_optimum_lp_integral,184.21062631578948,184.21052631578948,0.00010000000000331966,True,0,lp_relaxation,184.21062631578948,505.9621301297628,0.0,0.0,0.9560439560439561,,0.018065917014610022,4.067525385101078,0.008104341721645775,0.0,0.0
v2e2_b7e962716394d888d563,deepseek_formal,e2bv2_d59d4b99214e88058150,C2,canonical,e6ff459ebc86a128b3e37b46d41efd52eedbe5c955acf3d20dfbf99a33fb2557,0.0,False,183.1579947368421,global_distance_optimum_lp_integral_distance_focus,global_distance_optimum_lp_integral,184.21062631578948,184.21052631578948,0.00010000000000331966,True,0,lp_relaxation,184.21062631578948,505.9621301297628,0.0,0.0,0.9560439560439561,,0.01917949999915436,4.067525385101078,0.008104341721645775,global_distance_optimum_lp_integral,184.21062631578948,184.21052631578948,0.00010000000000331966,True,0,lp_relaxation,184.21062631578948,505.9621301297628,0.0,0.0,0.9560439560439561,,0.018065917014610022,4.067525385101078,0.008104341721645775,0.0,0.0
v2e2_b7e962716394d888d563,deepseek_formal,e2bv2_d59d4b99214e88058150,S1,stale,e6ff459ebc86a128b3e37b46d41efd52eedbe5c955acf3d20dfbf99a33fb2557,0.0,False,183.1579947368421,global_distance_optimum_lp_integral_distance_focus,global_distance_optimum_lp_integral,184.21062631578948,184.21052631578948,0.00010000000000331966,True,0,lp_relaxation,184.21062631578948,505.9621301297628,0.0,0.0,0.9560439560439561,,0.01917949999915436,4.067525385101078,0.008104341721645775,global_distance_optimum_lp_integral,184.21062631578948,184.21052631578948,0.00010000000000331966,True,0,lp_relaxation,184.21062631578948,505.9621301297628,0.0,0.0,0.9560439560439561,,0.018065917014610022,4.067525385101078,0.008104341721645775,0.0,0.0
v2e2_b7e962716394d888d563,deepseek_formal,e2bv2_d59d4b99214e88058150,S2,stale,e6ff459ebc86a128b3e37b46d41efd52eedbe5c955acf3d20dfbf99a33fb2557,0.0,False,183.1579947368421,global_distance_optimum_lp_integral_distance_focus,global_distance_optimum_lp_integral,184.21062631578948,184.21052631578948,0.00010000000000331966,True,0,lp_relaxation,184.21062631578948,505.9621301297628,0.0,0.0,0.9560439560439561,,0.01917949999915436,4.067525385101078,0.008104341721645775,global_distance_optimum_lp_integral,184.21062631578948,184.21052631578948,0.00010000000000331966,True,0,lp_relaxation,184.21062631578948,505.9621301297628,0.0,0.0,0.9560439560439561,,0.018065917014610022,4.067525385101078,0.008104341721645775,0.0,0.0
v2e2_babe8da2420b974ae448,deepseek_formal,e2bv2_16cf0baa917b3889276e,C1,canonical,fe2f74a1e0b16a66452888eb4d734bc455cf1304481bb495d59afa8cf9cae93b,0.0,False,130.5264157894737,global_distance_optimum_lp_integral_distance_focus,global_distance_optimum_lp_integral,131.57904736842104,131.57894736842104,0.00010000000000331966,True,0,lp_relaxation,131.57904736842104,229.2084075683478,0.0,0.0,0.9555555555555556,,0.01931000000331551,1.3961302418266257,0.0061284240612965975,global_distance_optimum_lp_integral,131.57904736842104,131.57894736842104,0.00010000000000331966,True,0,lp_relaxation,131.57904736842104,229.2084075683478,0.0,0.0,0.9555555555555556,,0.018342333991313353,1.3961302418266257,0.0061284240612965975,0.0,0.0
v2e2_babe8da2420b974ae448,deepseek_formal,e2bv2_16cf0baa917b3889276e,C2,canonical,fe2f74a1e0b16a66452888eb4d734bc455cf1304481bb495d59afa8cf9cae93b,0.0,False,130.5264157894737,global_distance_optimum_lp_integral_distance_focus,global_distance_optimum_lp_integral,131.57904736842104,131.57894736842104,0.00010000000000331966,True,0,lp_relaxation,131.57904736842104,229.2084075683478,0.0,0.0,0.9555555555555556,,0.01931000000331551,1.3961302418266257,0.0061284240612965975,global_distance_optimum_lp_integral,131.57904736842104,131.57894736842104,0.00010000000000331966,True,0,lp_relaxation,131.57904736842104,229.2084075683478,0.0,0.0,0.9555555555555556,,0.018342333991313353,1.3961302418266257,0.0061284240612965975,0.0,0.0
v2e2_babe8da2420b974ae448,deepseek_formal,e2bv2_16cf0baa917b3889276e,S1,stale,fe2f74a1e0b16a66452888eb4d734bc455cf1304481bb495d59afa8cf9cae93b,0.0,False,130.5264157894737,global_distance_optimum_lp_integral_distance_focus,global_distance_optimum_lp_integral,131.57904736842104,131.57894736842104,0.00010000000000331966,True,0,lp_relaxation,131.57904736842104,229.2084075683478,0.0,0.0,0.9555555555555556,,0.01931000000331551,1.3961302418266257,0.0061284240612965975,global_distance_optimum_lp_integral,131.57904736842104,131.57894736842104,0.00010000000000331966,True,0,lp_relaxation,131.57904736842104,229.2084075683478,0.0,0.0,0.9555555555555556,,0.018342333991313353,1.3961302418266257,0.0061284240612965975,0.0,0.0
v2e2_babe8da2420b974ae448,deepseek_formal,e2bv2_16cf0baa917b3889276e,S2,stale,fe2f74a1e0b16a66452888eb4d734bc455cf1304481bb495d59afa8cf9cae93b,0.0,False,130.5264157894737,global_distance_optimum_lp_integral_distance_focus,global_distance_optimum_lp_integral,131.57904736842104,131.57894736842104,0.00010000000000331966,True,0,lp_relaxation,131.57904736842104,229.2084075683478,0.0,0.0,0.9555555555555556,,0.01931000000331551,1.3961302418266257,0.0061284240612965975,global_distance_optimum_lp_integral,131.57904736842104,131.57894736842104,0.00010000000000331966,True,0,lp_relaxation,131.57904736842104,229.2084075683478,0.0,0.0,0.9555555555555556,,0.018342333991313353,1.3961302418266257,0.0061284240612965975,0.0,0.0
v2e2_be357ad7fa505f6b8f35,deepseek_formal,e2bv2_9bf3f6a59ac5bc9e510a,C1,canonical,2dd23156fbb26642d6f2194611e536f77213eb212f6a23654f9d5319a82ac556,0.0,False,130.52641578947367,global_distance_optimum_lp_integral_distance_focus,global_distance_optimum_lp_integral,131.57904736842104,131.57894736842104,0.00010000000000331966,True,0,lp_relaxation,131.57904736842104,339.3230573058648,0.0,0.0,0.9545454545454546,,0.01807162500335835,1.4660068394843506,0.004339133481040765,global_distance_optimum_lp_integral,131.57904736842104,131.57894736842104,0.00010000000000331966,True,0,lp_relaxation,131.57904736842104,339.3230573058648,0.0,0.0,0.9545454545454546,,0.018044083000859246,1.4660068394843506,0.004339133481040765,0.0,0.0
v2e2_be357ad7fa505f6b8f35,deepseek_formal,e2bv2_9bf3f6a59ac5bc9e510a,C2,canonical,2dd23156fbb26642d6f2194611e536f77213eb212f6a23654f9d5319a82ac556,0.0,False,130.52641578947367,global_distance_optimum_lp_integral_distance_focus,global_distance_optimum_lp_integral,131.57904736842104,131.57894736842104,0.00010000000000331966,True,0,lp_relaxation,131.57904736842104,339.3230573058648,0.0,0.0,0.9545454545454546,,0.01807162500335835,1.4660068394843506,0.004339133481040765,global_distance_optimum_lp_integral,131.57904736842104,131.57894736842104,0.00010000000000331966,True,0,lp_relaxation,131.57904736842104,339.3230573058648,0.0,0.0,0.9545454545454546,,0.018044083000859246,1.4660068394843506,0.004339133481040765,0.0,0.0
v2e2_be357ad7fa505f6b8f35,deepseek_formal,e2bv2_9bf3f6a59ac5bc9e510a,S1,stale,2dd23156fbb26642d6f2194611e536f77213eb212f6a23654f9d5319a82ac556,0.0,False,130.52641578947367,global_distance_optimum_lp_integral_distance_focus,global_distance_optimum_lp_integral,131.57904736842104,131.57894736842104,0.00010000000000331966,True,0,lp_relaxation,131.57904736842104,339.3230573058648,0.0,0.0,0.9545454545454546,,0.01807162500335835,1.4660068394843506,0.004339133481040765,global_distance_optimum_lp_integral,131.57904736842104,131.57894736842104,0.00010000000000331966,True,0,lp_relaxation,131.57904736842104,339.3230573058648,0.0,0.0,0.9545454545454546,,0.018044083000859246,1.4660068394843506,0.004339133481040765,0.0,0.0
v2e2_be357ad7fa505f6b8f35,deepseek_formal,e2bv2_9bf3f6a59ac5bc9e510a,S2,stale,2dd23156fbb26642d6f2194611e536f77213eb212f6a23654f9d5319a82ac556,0.0,False,130.52641578947367,global_distance_optimum_lp_integral_distance_focus,global_distance_optimum_lp_integral,131.57904736842104,131.57894736842104,0.00010000000000331966,True,0,lp_relaxation,131.57904736842104,339.3230573058648,0.0,0.0,0.9545454545454546,,0.01807162500335835,1.4660068394843506,0.004339133481040765,global_distance_optimum_lp_integral,131.57904736842104,131.57894736842104,0.00010000000000331966,True,0,lp_relaxation,131.57904736842104,339.3230573058648,0.0,0.0,0.9545454545454546,,0.018044083000859246,1.4660068394843506,0.004339133481040765,0.0,0.0
v2e2_c049d4bc657bdc82a484,deepseek_formal,e2bv2_a85aaf939683e1aca7e7,C1,canonical,e6ff459ebc86a128b3e37b46d41efd52eedbe5c955acf3d20dfbf99a33fb2557,0.0,False,25.263257894736842,global_distance_optimum_lp_integral_distance_focus,global_distance_optimum_lp_integral,26.315889473684212,26.315789473684212,9.999999999976694e-05,True,0,lp_relaxation,26.315889473684212,464.6453994734668,0.0,0.0,0.978021978021978,,0.019573834026232362,3.445762573732736,0.007471303743636411,global_distance_optimum_lp_integral,26.315889473684212,26.315789473684212,9.999999999976694e-05,True,0,lp_relaxation,26.315889473684212,464.6453994734668,0.0,0.0,0.978021978021978,,0.018042541021713987,3.445762573732736,0.007471303743636411,0.0,0.0
v2e2_c049d4bc657bdc82a484,deepseek_formal,e2bv2_a85aaf939683e1aca7e7,C2,canonical,e6ff459ebc86a128b3e37b46d41efd52eedbe5c955acf3d20dfbf99a33fb2557,0.0,False,25.263257894736842,global_distance_optimum_lp_integral_distance_focus,global_distance_optimum_lp_integral,26.315889473684212,26.315789473684212,9.999999999976694e-05,True,0,lp_relaxation,26.315889473684212,464.6453994734668,0.0,0.0,0.978021978021978,,0.019573834026232362,3.445762573732736,0.007471303743636411,global_distance_optimum_lp_integral,26.315889473684212,26.315789473684212,9.999999999976694e-05,True,0,lp_relaxation,26.315889473684212,464.6453994734668,0.0,0.0,0.978021978021978,,0.018042541021713987,3.445762573732736,0.007471303743636411,0.0,0.0
v2e2_c049d4bc657bdc82a484,deepseek_formal,e2bv2_a85aaf939683e1aca7e7,S1,stale,e6ff459ebc86a128b3e37b46d41efd52eedbe5c955acf3d20dfbf99a33fb2557,0.0,False,25.263257894736842,global_distance_optimum_lp_integral_distance_focus,global_distance_optimum_lp_integral,26.315889473684212,26.315789473684212,9.999999999976694e-05,True,0,lp_relaxation,26.315889473684212,464.6453994734668,0.0,0.0,0.978021978021978,,0.019573834026232362,3.445762573732736,0.007471303743636411,global_distance_optimum_lp_integral,26.315889473684212,26.315789473684212,9.999999999976694e-05,True,0,lp_relaxation,26.315889473684212,464.6453994734668,0.0,0.0,0.978021978021978,,0.018042541021713987,3.445762573732736,0.007471303743636411,0.0,0.0
v2e2_c049d4bc657bdc82a484,deepseek_formal,e2bv2_a85aaf939683e1aca7e7,S2,stale,e6ff459ebc86a128b3e37b46d41efd52eedbe5c955acf3d20dfbf99a33fb2557,0.0,False,25.263257894736842,global_distance_optimum_lp_integral_distance_focus,global_distance_optimum_lp_integral,26.315889473684212,26.315789473684212,9.999999999976694e-05,True,0,lp_relaxation,26.315889473684212,464.6453994734668,0.0,0.0,0.978021978021978,,0.019573834026232362,3.445762573732736,0.007471303743636411,global_distance_optimum_lp_integral,26.315889473684212,26.315789473684212,9.999999999976694e-05,True,0,lp_relaxation,26.315889473684212,464.6453994734668,0.0,0.0,0.978021978021978,,0.018042541021713987,3.445762573732736,0.007471303743636411,0.0,0.0
v2e2_c4d42554da4b1f44862b,deepseek_formal,e2bv2_1627c6ac82f892173eaf,C1,canonical,b7bce814d6332233a360010ea55e493b83eaafba0f4ffe2feed2219c089bde6b,0.0,False,22.8001,feasible_mode_library_upper_bound_distance_focus,feasible_mode_library_upper_bound,23.7501,0.0,23.7501,False,13,raw_sign_with_mpc_zero_anchor,23.7501,666.4082828710965,0.0,0.0,0.978021978021978,,0.022739042004104704,2.0552650280644684,0.003093633915801779,feasible_mode_library_upper_bound,23.7501,0.0,23.7501,False,13,raw_sign_with_mpc_zero_anchor,23.7501,666.4082828710965,0.0,0.0,0.978021978021978,,0.02305504199466668,2.0552650280644684,0.003093633915801779,0.0,0.0
v2e2_c4d42554da4b1f44862b,deepseek_formal,e2bv2_1627c6ac82f892173eaf,C2,canonical,b7bce814d6332233a360010ea55e493b83eaafba0f4ffe2feed2219c089bde6b,0.0,False,22.8001,feasible_mode_library_upper_bound_distance_focus,feasible_mode_library_upper_bound,23.7501,0.0,23.7501,False,13,raw_sign_with_mpc_zero_anchor,23.7501,666.4082828710965,0.0,0.0,0.978021978021978,,0.022739042004104704,2.0552650280644684,0.003093633915801779,feasible_mode_library_upper_bound,23.7501,0.0,23.7501,False,13,raw_sign_with_mpc_zero_anchor,23.7501,666.4082828710965,0.0,0.0,0.978021978021978,,0.02305504199466668,2.0552650280644684,0.003093633915801779,0.0,0.0
v2e2_c4d42554da4b1f44862b,deepseek_formal,e2bv2_1627c6ac82f892173eaf,S1,stale,e6ff459ebc86a128b3e37b46d41efd52eedbe5c955acf3d20dfbf99a33fb2557,0.0,False,22.8001,feasible_mode_library_upper_bound_distance_focus,feasible_mode_library_upper_bound,23.7501,0.0,23.7501,False,13,raw_sign_with_mpc_zero_anchor,23.7501,666.4082828710965,0.0,0.0,0.978021978021978,,0.021706542000174522,2.0552650280644684,0.003093633915801779,feasible_mode_library_upper_bound,23.7501,0.0,23.7501,False,13,raw_sign_with_mpc_zero_anchor,23.7501,666.4082828710965,0.0,0.0,0.978021978021978,,0.023067458998411894,2.0552650280644684,0.003093633915801779,0.0,0.0
v2e2_c4d42554da4b1f44862b,deepseek_formal,e2bv2_1627c6ac82f892173eaf,S2,stale,e6ff459ebc86a128b3e37b46d41efd52eedbe5c955acf3d20dfbf99a33fb2557,0.0,False,22.8001,feasible_mode_library_upper_bound_distance_focus,feasible_mode_library_upper_bound,23.7501,0.0,23.7501,False,13,raw_sign_with_mpc_zero_anchor,23.7501,666.4082828710965,0.0,0.0,0.978021978021978,,0.021706542000174522,2.0552650280644684,0.003093633915801779,feasible_mode_library_upper_bound,23.7501,0.0,23.7501,False,13,raw_sign_with_mpc_zero_anchor,23.7501,666.4082828710965,0.0,0.0,0.978021978021978,,0.023067458998411894,2.0552650280644684,0.003093633915801779,0.0,0.0
v2e2_c577765fa5c45c1fea7a,deepseek_formal,e2bv2_72aa2e644478ad3fe46c,C1,canonical,2dd23156fbb26642d6f2194611e536f77213eb212f6a23654f9d5319a82ac556,0.0,False,130.52641578947367,global_distance_optimum_lp_integral_distance_focus,global_distance_optimum_lp_integral,131.57904736842104,131.57894736842104,0.00010000000000331966,True,0,lp_relaxation,131.57904736842104,306.6074692801484,0.0,0.0,0.9545454545454546,,0.01731162497890182,1.1635553136981116,0.0038093910550986315,global_distance_optimum_lp_integral,131.57904736842104,131.57894736842104,0.00010000000000331966,True,0,lp_relaxation,131.57904736842104,306.6074692801484,0.0,0.0,0.9545454545454546,,0.01831312500871718,1.1635553136980548,0.0038093910550984445,0.0,0.0
v2e2_c577765fa5c45c1fea7a,deepseek_formal,e2bv2_72aa2e644478ad3fe46c,C2,canonical,2dd23156fbb26642d6f2194611e536f77213eb212f6a23654f9d5319a82ac556,0.0,False,130.52641578947367,global_distance_optimum_lp_integral_distance_focus,global_distance_optimum_lp_integral,131.57904736842104,131.57894736842104,0.00010000000000331966,True,0,lp_relaxation,131.57904736842104,306.6074692801484,0.0,0.0,0.9545454545454546,,0.01731162497890182,1.1635553136981116,0.0038093910550986315,global_distance_optimum_lp_integral,131.57904736842104,131.57894736842104,0.00010000000000331966,True,0,lp_relaxation,131.57904736842104,306.6074692801484,0.0,0.0,0.9545454545454546,,0.01831312500871718,1.1635553136980548,0.0038093910550984445,0.0,0.0
v2e2_c577765fa5c45c1fea7a,deepseek_formal,e2bv2_72aa2e644478ad3fe46c,S1,stale,2dd23156fbb26642d6f2194611e536f77213eb212f6a23654f9d5319a82ac556,0.0,False,130.52641578947367,global_distance_optimum_lp_integral_distance_focus,global_distance_optimum_lp_integral,131.57904736842104,131.57894736842104,0.00010000000000331966,True,0,lp_relaxation,131.57904736842104,306.6074692801484,0.0,0.0,0.9545454545454546,,0.01731162497890182,1.1635553136981116,0.0038093910550986315,global_distance_optimum_lp_integral,131.57904736842104,131.57894736842104,0.00010000000000331966,True,0,lp_relaxation,131.57904736842104,306.6074692801484,0.0,0.0,0.9545454545454546,,0.01831312500871718,1.1635553136980548,0.0038093910550984445,0.0,0.0
v2e2_c577765fa5c45c1fea7a,deepseek_formal,e2bv2_72aa2e644478ad3fe46c,S2,stale,2dd23156fbb26642d6f2194611e536f77213eb212f6a23654f9d5319a82ac556,0.0,False,130.52641578947367,global_distance_optimum_lp_integral_distance_focus,global_distance_optimum_lp_integral,131.57904736842104,131.57894736842104,0.00010000000000331966,True,0,lp_relaxation,131.57904736842104,306.6074692801484,0.0,0.0,0.9545454545454546,,0.01731162497890182,1.1635553136981116,0.0038093910550986315,global_distance_optimum_lp_integral,131.57904736842104,131.57894736842104,0.00010000000000331966,True,0,lp_relaxation,131.57904736842104,306.6074692801484,0.0,0.0,0.9545454545454546,,0.01831312500871718,1.1635553136980548,0.0038093910550984445,0.0,0.0
v2e2_c9b994f593c92dd9efa9,deepseek_formal,e2bv2_d7645df22cbc33d958b7,C1,canonical,e6ff459ebc86a128b3e37b46d41efd52eedbe5c955acf3d20dfbf99a33fb2557,0.0,False,130.5264157894737,global_distance_optimum_lp_integral_distance_focus,global_distance_optimum_lp_integral,131.57904736842104,131.57894736842104,0.00010000000000331966,True,0,lp_relaxation,131.57904736842104,353.12580095120376,0.0,0.0,0.945054945054945,,0.01804095899569802,16.22597919812199,0.04816262327978974,global_distance_optimum_lp_integral,131.57904736842104,131.57894736842104,0.00010000000000331966,True,0,lp_relaxation,131.57904736842104,353.12580095120376,0.0,0.0,0.945054945054945,,0.01908304198877886,16.22597919812199,0.04816262327978974,0.0,0.0
v2e2_c9b994f593c92dd9efa9,deepseek_formal,e2bv2_d7645df22cbc33d958b7,C2,canonical,e6ff459ebc86a128b3e37b46d41efd52eedbe5c955acf3d20dfbf99a33fb2557,0.0,False,130.5264157894737,global_distance_optimum_lp_integral_distance_focus,global_distance_optimum_lp_integral,131.57904736842104,131.57894736842104,0.00010000000000331966,True,0,lp_relaxation,131.57904736842104,353.12580095120376,0.0,0.0,0.945054945054945,,0.01804095899569802,16.22597919812199,0.04816262327978974,global_distance_optimum_lp_integral,131.57904736842104,131.57894736842104,0.00010000000000331966,True,0,lp_relaxation,131.57904736842104,353.12580095120376,0.0,0.0,0.945054945054945,,0.01908304198877886,16.22597919812199,0.04816262327978974,0.0,0.0
v2e2_c9b994f593c92dd9efa9,deepseek_formal,e2bv2_d7645df22cbc33d958b7,S1,stale,e6ff459ebc86a128b3e37b46d41efd52eedbe5c955acf3d20dfbf99a33fb2557,0.0,False,130.5264157894737,global_distance_optimum_lp_integral_distance_focus,global_distance_optimum_lp_integral,131.57904736842104,131.57894736842104,0.00010000000000331966,True,0,lp_relaxation,131.57904736842104,353.12580095120376,0.0,0.0,0.945054945054945,,0.01804095899569802,16.22597919812199,0.04816262327978974,global_distance_optimum_lp_integral,131.57904736842104,131.57894736842104,0.00010000000000331966,True,0,lp_relaxation,131.57904736842104,353.12580095120376,0.0,0.0,0.945054945054945,,0.01908304198877886,16.22597919812199,0.04816262327978974,0.0,0.0
v2e2_c9b994f593c92dd9efa9,deepseek_formal,e2bv2_d7645df22cbc33d958b7,S2,stale,e6ff459ebc86a128b3e37b46d41efd52eedbe5c955acf3d20dfbf99a33fb2557,0.0,False,130.5264157894737,global_distance_optimum_lp_integral_distance_focus,global_distance_optimum_lp_integral,131.57904736842104,131.57894736842104,0.00010000000000331966,True,0,lp_relaxation,131.57904736842104,353.12580095120376,0.0,0.0,0.945054945054945,,0.01804095899569802,16.22597919812199,0.04816262327978974,global_distance_optimum_lp_integral,131.57904736842104,131.57894736842104,0.00010000000000331966,True,0,lp_relaxation,131.57904736842104,353.12580095120376,0.0,0.0,0.945054945054945,,0.01908304198877886,16.22597919812199,0.04816262327978974,0.0,0.0
v2e2_cd47662d04581b339960,deepseek_formal,e2bv2_cda454721173d31dd1af,C1,canonical,fe2f74a1e0b16a66452888eb4d734bc455cf1304481bb495d59afa8cf9cae93b,0.0,False,130.5264157894737,global_distance_optimum_lp_integral_distance_focus,global_distance_optimum_lp_integral,131.57904736842104,131.57894736842104,0.00010000000000331966,True,0,lp_relaxation,131.57904736842104,284.83725125532,0.0,0.0,0.9555555555555556,,0.018232832982903346,3.8601389015762493,0.013738268107462159,global_distance_optimum_lp_integral,131.57904736842104,131.57894736842104,0.00010000000000331966,True,0,lp_relaxation,131.57904736842104,283.0689629605525,369.16248325000004,-1.7682882947675,0.9555555555555556,,0.01886412498424761,3.860138901576306,0.013825275453188917,0.0,0.0
v2e2_cd47662d04581b339960,deepseek_formal,e2bv2_cda454721173d31dd1af,C2,canonical,fe2f74a1e0b16a66452888eb4d734bc455cf1304481bb495d59afa8cf9cae93b,0.0,False,130.5264157894737,global_distance_optimum_lp_integral_distance_focus,global_distance_optimum_lp_integral,131.57904736842104,131.57894736842104,0.00010000000000331966,True,0,lp_relaxation,131.57904736842104,284.83725125532,0.0,0.0,0.9555555555555556,,0.018232832982903346,3.8601389015762493,0.013738268107462159,global_distance_optimum_lp_integral,131.57904736842104,131.57894736842104,0.00010000000000331966,True,0,lp_relaxation,131.57904736842104,283.0689629605525,369.16248325000004,-1.7682882947675,0.9555555555555556,,0.01886412498424761,3.860138901576306,0.013825275453188917,0.0,0.0
v2e2_cd47662d04581b339960,deepseek_formal,e2bv2_cda454721173d31dd1af,S1,stale,fe2f74a1e0b16a66452888eb4d734bc455cf1304481bb495d59afa8cf9cae93b,0.0,False,130.5264157894737,global_distance_optimum_lp_integral_distance_focus,global_distance_optimum_lp_integral,131.57904736842104,131.57894736842104,0.00010000000000331966,True,0,lp_relaxation,131.57904736842104,284.83725125532,0.0,0.0,0.9555555555555556,,0.018232832982903346,3.8601389015762493,0.013738268107462159,global_distance_optimum_lp_integral,131.57904736842104,131.57894736842104,0.00010000000000331966,True,0,lp_relaxation,131.57904736842104,283.0689629605525,369.16248325000004,-1.7682882947675,0.9555555555555556,,0.01886412498424761,3.860138901576306,0.013825275453188917,0.0,0.0
v2e2_cd47662d04581b339960,deepseek_formal,e2bv2_cda454721173d31dd1af,S2,stale,fe2f74a1e0b16a66452888eb4d734bc455cf1304481bb495d59afa8cf9cae93b,0.0,False,130.5264157894737,global_distance_optimum_lp_integral_distance_focus,global_distance_optimum_lp_integral,131.57904736842104,131.57894736842104,0.00010000000000331966,True,0,lp_relaxation,131.57904736842104,284.83725125532,0.0,0.0,0.9555555555555556,,0.018232832982903346,3.8601389015762493,0.013738268107462159,global_distance_optimum_lp_integral,131.57904736842104,131.57894736842104,0.00010000000000331966,True,0,lp_relaxation,131.57904736842104,283.0689629605525,369.16248325000004,-1.7682882947675,0.9555555555555556,,0.01886412498424761,3.860138901576306,0.013825275453188917,0.0,0.0
v2e2_d00d3a4d54f973fa24ac,deepseek_formal,e2bv2_e54f249d180de8a55671,C1,canonical,c6c9b8650bdf333e657353246bc6f5b02f61950d8990935e2f0e38a63197c80c,0.0,False,156.8422052631579,global_distance_optimum_lp_integral_distance_focus,global_distance_optimum_lp_integral,157.89483684210526,157.89473684210526,0.00010000000000331966,True,0,lp_relaxation,157.89483684210526,580.1289322320442,0.0,0.0,0.9565217391304348,,0.018871416978072375,0.13255248425798527,0.0002285401924674534,global_distance_optimum_lp_integral,157.89483684210526,157.89473684210526,0.00010000000000331966,True,0,lp_relaxation,157.89483684210526,580.1289322320442,0.0,0.0,0.9565217391304348,,0.019183166994480416,0.13255248425798527,0.0002285401924674534,0.0,0.0
v2e2_d00d3a4d54f973fa24ac,deepseek_formal,e2bv2_e54f249d180de8a55671,C2,canonical,c6c9b8650bdf333e657353246bc6f5b02f61950d8990935e2f0e38a63197c80c,0.0,False,156.8422052631579,global_distance_optimum_lp_integral_distance_focus,global_distance_optimum_lp_integral,157.89483684210526,157.89473684210526,0.00010000000000331966,True,0,lp_relaxation,157.89483684210526,580.1289322320442,0.0,0.0,0.9565217391304348,,0.018871416978072375,0.13255248425798527,0.0002285401924674534,global_distance_optimum_lp_integral,157.89483684210526,157.89473684210526,0.00010000000000331966,True,0,lp_relaxation,157.89483684210526,580.1289322320442,0.0,0.0,0.9565217391304348,,0.019183166994480416,0.13255248425798527,0.0002285401924674534,0.0,0.0
v2e2_d00d3a4d54f973fa24ac,deepseek_formal,e2bv2_e54f249d180de8a55671,S1,stale,c6c9b8650bdf333e657353246bc6f5b02f61950d8990935e2f0e38a63197c80c,0.0,False,156.8422052631579,global_distance_optimum_lp_integral_distance_focus,global_distance_optimum_lp_integral,157.89483684210526,157.89473684210526,0.00010000000000331966,True,0,lp_relaxation,157.89483684210526,580.1289322320442,0.0,0.0,0.9565217391304348,,0.018871416978072375,0.13255248425798527,0.0002285401924674534,global_distance_optimum_lp_integral,157.89483684210526,157.89473684210526,0.00010000000000331966,True,0,lp_relaxation,157.89483684210526,580.1289322320442,0.0,0.0,0.9565217391304348,,0.019183166994480416,0.13255248425798527,0.0002285401924674534,0.0,0.0
v2e2_d00d3a4d54f973fa24ac,deepseek_formal,e2bv2_e54f249d180de8a55671,S2,stale,c6c9b8650bdf333e657353246bc6f5b02f61950d8990935e2f0e38a63197c80c,0.0,False,156.8422052631579,global_distance_optimum_lp_integral_distance_focus,global_distance_optimum_lp_integral,157.89483684210526,157.89473684210526,0.00010000000000331966,True,0,lp_relaxation,157.89483684210526,580.1289322320442,0.0,0.0,0.9565217391304348,,0.018871416978072375,0.13255248425798527,0.0002285401924674534,global_distance_optimum_lp_integral,157.89483684210526,157.89473684210526,0.00010000000000331966,True,0,lp_relaxation,157.89483684210526,580.1289322320442,0.0,0.0,0.9565217391304348,,0.019183166994480416,0.13255248425798527,0.0002285401924674534,0.0,0.0
v2e2_d2a42e359dd264f920da,deepseek_formal,e2bv2_7fe27f5daf58c1b88056,C1,canonical,e6ff459ebc86a128b3e37b46d41efd52eedbe5c955acf3d20dfbf99a33fb2557,0.0,False,156.8422052631579,global_distance_optimum_lp_integral_distance_focus,global_distance_optimum_lp_integral,157.89483684210526,157.89473684210526,0.00010000000000331966,True,0,lp_relaxation,157.89483684210526,471.603538947151,0.0,0.0,0.945054945054945,,0.018128708004951477,5.415486890364264,0.011616528708686423,global_distance_optimum_lp_integral,157.89483684210526,157.89473684210526,0.00010000000000331966,True,0,lp_relaxation,157.89483684210526,471.603538947151,0.0,0.0,0.945054945054945,,0.018352041981415823,5.415486890364264,0.011616528708686423,0.0,0.0
v2e2_d2a42e359dd264f920da,deepseek_formal,e2bv2_7fe27f5daf58c1b88056,C2,canonical,e6ff459ebc86a128b3e37b46d41efd52eedbe5c955acf3d20dfbf99a33fb2557,0.0,False,156.8422052631579,global_distance_optimum_lp_integral_distance_focus,global_distance_optimum_lp_integral,157.89483684210526,157.89473684210526,0.00010000000000331966,True,0,lp_relaxation,157.89483684210526,471.603538947151,0.0,0.0,0.945054945054945,,0.018128708004951477,5.415486890364264,0.011616528708686423,global_distance_optimum_lp_integral,157.89483684210526,157.89473684210526,0.00010000000000331966,True,0,lp_relaxation,157.89483684210526,471.603538947151,0.0,0.0,0.945054945054945,,0.018352041981415823,5.415486890364264,0.011616528708686423,0.0,0.0
v2e2_d2a42e359dd264f920da,deepseek_formal,e2bv2_7fe27f5daf58c1b88056,S1,stale,e6ff459ebc86a128b3e37b46d41efd52eedbe5c955acf3d20dfbf99a33fb2557,0.0,False,156.8422052631579,global_distance_optimum_lp_integral_distance_focus,global_distance_optimum_lp_integral,157.89483684210526,157.89473684210526,0.00010000000000331966,True,0,lp_relaxation,157.89483684210526,471.603538947151,0.0,0.0,0.945054945054945,,0.018128708004951477,5.415486890364264,0.011616528708686423,global_distance_optimum_lp_integral,157.89483684210526,157.89473684210526,0.00010000000000331966,True,0,lp_relaxation,157.89483684210526,471.603538947151,0.0,0.0,0.945054945054945,,0.018352041981415823,5.415486890364264,0.011616528708686423,0.0,0.0
v2e2_d2a42e359dd264f920da,deepseek_formal,e2bv2_7fe27f5daf58c1b88056,S2,stale,e6ff459ebc86a128b3e37b46d41efd52eedbe5c955acf3d20dfbf99a33fb2557,0.0,False,156.8422052631579,global_distance_optimum_lp_integral_distance_focus,global_distance_optimum_lp_integral,157.89483684210526,157.89473684210526,0.00010000000000331966,True,0,lp_relaxation,157.89483684210526,471.603538947151,0.0,0.0,0.945054945054945,,0.018128708004951477,5.415486890364264,0.011616528708686423,global_distance_optimum_lp_integral,157.89483684210526,157.89473684210526,0.00010000000000331966,True,0,lp_relaxation,157.89483684210526,471.603538947151,0.0,0.0,0.945054945054945,,0.018352041981415823,5.415486890364264,0.011616528708686423,0.0,0.0
v2e2_d6701d548a93409fed9a,deepseek_formal,e2bv2_2c6257569fb5f1aff24d,C1,canonical,c6c9b8650bdf333e657353246bc6f5b02f61950d8990935e2f0e38a63197c80c,0.0,False,130.52641578947367,global_distance_optimum_lp_integral_distance_focus,global_distance_optimum_lp_integral,131.57904736842104,131.57894736842104,0.00010000000000331966,True,0,lp_relaxation,131.57904736842104,404.76762376142113,0.0,0.0,0.9565217391304348,,0.018827083986252546,14.025322884290631,0.03589404795131437,global_distance_optimum_lp_integral,131.57904736842104,131.57894736842104,0.00010000000000331966,True,0,lp_relaxation,131.57904736842104,404.76762376142113,0.0,0.0,0.9565217391304348,,0.01884279100340791,14.025322884290631,0.03589404795131437,0.0,0.0
v2e2_d6701d548a93409fed9a,deepseek_formal,e2bv2_2c6257569fb5f1aff24d,C2,canonical,c6c9b8650bdf333e657353246bc6f5b02f61950d8990935e2f0e38a63197c80c,0.0,False,130.52641578947367,global_distance_optimum_lp_integral_distance_focus,global_distance_optimum_lp_integral,131.57904736842104,131.57894736842104,0.00010000000000331966,True,0,lp_relaxation,131.57904736842104,404.76762376142113,0.0,0.0,0.9565217391304348,,0.018827083986252546,14.025322884290631,0.03589404795131437,global_distance_optimum_lp_integral,131.57904736842104,131.57894736842104,0.00010000000000331966,True,0,lp_relaxation,131.57904736842104,404.76762376142113,0.0,0.0,0.9565217391304348,,0.01884279100340791,14.025322884290631,0.03589404795131437,0.0,0.0
v2e2_d6701d548a93409fed9a,deepseek_formal,e2bv2_2c6257569fb5f1aff24d,S1,stale,c6c9b8650bdf333e657353246bc6f5b02f61950d8990935e2f0e38a63197c80c,0.0,False,130.52641578947367,global_distance_optimum_lp_integral_distance_focus,global_distance_optimum_lp_integral,131.57904736842104,131.57894736842104,0.00010000000000331966,True,0,lp_relaxation,131.57904736842104,404.76762376142113,0.0,0.0,0.9565217391304348,,0.018827083986252546,14.025322884290631,0.03589404795131437,global_distance_optimum_lp_integral,131.57904736842104,131.57894736842104,0.00010000000000331966,True,0,lp_relaxation,131.57904736842104,404.76762376142113,0.0,0.0,0.9565217391304348,,0.01884279100340791,14.025322884290631,0.03589404795131437,0.0,0.0
v2e2_d6701d548a93409fed9a,deepseek_formal,e2bv2_2c6257569fb5f1aff24d,S2,stale,c6c9b8650bdf333e657353246bc6f5b02f61950d8990935e2f0e38a63197c80c,0.0,False,130.52641578947367,global_distance_optimum_lp_integral_distance_focus,global_distance_optimum_lp_integral,131.57904736842104,131.57894736842104,0.00010000000000331966,True,0,lp_relaxation,131.57904736842104,404.76762376142113,0.0,0.0,0.9565217391304348,,0.018827083986252546,14.025322884290631,0.03589404795131437,global_distance_optimum_lp_integral,131.57904736842104,131.57894736842104,0.00010000000000331966,True,0,lp_relaxation,131.57904736842104,404.76762376142113,0.0,0.0,0.9565217391304348,,0.01884279100340791,14.025322884290631,0.03589404795131437,0.0,0.0
v2e2_d6ba00286f170447ebbf,deepseek_formal,e2bv2_70e92887d1d87307d2b7,C1,canonical,a0b184c9d1ce96d54e2c4f32c58ff1040f455f4d9188111ac37e1234518d695e,5750.0,False,5539.51885,feasible_mode_library_upper_bound_distance_focus,feasible_mode_library_upper_bound,5540.46885,5305.519053876478,234.949796123522,False,87,direct_mpc_sign,1165.4667987179453,393.4320972597802,0.0,0.0,0.10869565217391304,,0.014498375006951392,1.1788958438060035,0.0030054460729711558,feasible_mode_library_upper_bound,5540.46885,5305.519053876478,234.949796123522,False,87,direct_mpc_sign,1165.4667987179453,393.4320972597802,0.0,0.0,0.10869565217391304,,0.014501792000373825,1.1788958438060035,0.0030054460729711558,0.0,0.0
v2e2_d6ba00286f170447ebbf,deepseek_formal,e2bv2_70e92887d1d87307d2b7,C2,canonical,a0b184c9d1ce96d54e2c4f32c58ff1040f455f4d9188111ac37e1234518d695e,5750.0,False,5539.51885,feasible_mode_library_upper_bound_distance_focus,feasible_mode_library_upper_bound,5540.46885,5305.519053876478,234.949796123522,False,87,direct_mpc_sign,1165.4667987179453,393.4320972597802,0.0,0.0,0.10869565217391304,,0.014498375006951392,1.1788958438060035,0.0030054460729711558,feasible_mode_library_upper_bound,5540.46885,5305.519053876478,234.949796123522,False,87,direct_mpc_sign,1165.4667987179453,393.4320972597802,0.0,0.0,0.10869565217391304,,0.014501792000373825,1.1788958438060035,0.0030054460729711558,0.0,0.0
v2e2_d6ba00286f170447ebbf,deepseek_formal,e2bv2_70e92887d1d87307d2b7,S1,stale,d55b6a16f620dbabf4a34d97484bd9f0f538d06e0d296cc433a21c3aeaf1a9d4,5750.0,False,5906.842110387994,global_distance_optimum_lp_integral_distance_focus,global_distance_optimum_lp_integral,5907.894741966941,5907.894736842105,5.124836206960026e-06,True,0,lp_relaxation,157.89483684210526,404.4870479844754,0.0,0.0,0.0,,0.021416957984911278,12.233846568501178,0.031188646834082828,global_distance_optimum_lp_integral,5907.894741966941,5907.894736842105,5.124836206960026e-06,True,0,lp_relaxation,157.89483684210526,404.4870479844754,0.0,0.0,0.0,,0.022030082996934652,12.233846568501178,0.031188646834082828,0.0,0.0
v2e2_d6ba00286f170447ebbf,deepseek_formal,e2bv2_70e92887d1d87307d2b7,S2,stale,d55b6a16f620dbabf4a34d97484bd9f0f538d06e0d296cc433a21c3aeaf1a9d4,5750.0,False,5906.842110387994,global_distance_optimum_lp_integral_distance_focus,global_distance_optimum_lp_integral,5907.894741966941,5907.894736842105,5.124836206960026e-06,True,0,lp_relaxation,157.89483684210526,404.4870479844754,0.0,0.0,0.0,,0.021416957984911278,12.233846568501178,0.031188646834082828,global_distance_optimum_lp_integral,5907.894741966941,5907.894736842105,5.124836206960026e-06,True,0,lp_relaxation,157.89483684210526,404.4870479844754,0.0,0.0,0.0,,0.022030082996934652,12.233846568501178,0.031188646834082828,0.0,0.0
v2e2_e6c8a896df3972a400a6,deepseek_formal,e2bv2_6aa925a62084087965a0,C1,canonical,a0b184c9d1ce96d54e2c4f32c58ff1040f455f4d9188111ac37e1234518d695e,5750.0,False,5545.612600000001,feasible_mode_library_upper_bound_distance_focus,feasible_mode_library_upper_bound,5546.5626,5305.519053876478,241.043546123522,False,89,direct_mpc_sign,1046.560548717945,398.60086981641035,0.0,0.0,0.09782608695652174,,0.01492295801290311,0.28542278713547375,0.0007165747380982092,feasible_mode_library_upper_bound,5546.5626,5305.519053876478,241.043546123522,False,90,direct_mpc_sign,1046.560548717945,398.60086981641035,0.0,0.0,0.09782608695652174,,0.01370662500266917,0.28542278713547375,0.0007165747380982092,0.0,0.0
v2e2_e6c8a896df3972a400a6,deepseek_formal,e2bv2_6aa925a62084087965a0,C2,canonical,a0b184c9d1ce96d54e2c4f32c58ff1040f455f4d9188111ac37e1234518d695e,5750.0,False,5545.612600000001,feasible_mode_library_upper_bound_distance_focus,feasible_mode_library_upper_bound,5546.5626,5305.519053876478,241.043546123522,False,89,direct_mpc_sign,1046.560548717945,398.60086981641035,0.0,0.0,0.09782608695652174,,0.01492295801290311,0.28542278713547375,0.0007165747380982092,feasible_mode_library_upper_bound,5546.5626,5305.519053876478,241.043546123522,False,90,direct_mpc_sign,1046.560548717945,398.60086981641035,0.0,0.0,0.09782608695652174,,0.01370662500266917,0.28542278713547375,0.0007165747380982092,0.0,0.0
v2e2_e6c8a896df3972a400a6,deepseek_formal,e2bv2_6aa925a62084087965a0,S1,stale,c6c9b8650bdf333e657353246bc6f5b02f61950d8990935e2f0e38a63197c80c,0.0,False,156.8422052631579,global_distance_optimum_lp_integral_distance_focus,global_distance_optimum_lp_integral,157.89483684210526,157.89473684210526,0.00010000000000331966,True,0,lp_relaxation,157.89483684210526,404.37682015464577,0.0,0.0,0.9565217391304348,,0.019141165976179764,6.061373125370892,0.015217519608084396,global_distance_optimum_lp_integral,157.89483684210526,157.89473684210526,0.00010000000000331966,True,0,lp_relaxation,157.89483684210526,404.37682015464577,0.0,0.0,0.9565217391304348,,0.019105708983261138,6.061373125370892,0.015217519608084396,0.0,0.0
v2e2_e6c8a896df3972a400a6,deepseek_formal,e2bv2_6aa925a62084087965a0,S2,stale,c6c9b8650bdf333e657353246bc6f5b02f61950d8990935e2f0e38a63197c80c,0.0,False,156.8422052631579,global_distance_optimum_lp_integral_distance_focus,global_distance_optimum_lp_integral,157.89483684210526,157.89473684210526,0.00010000000000331966,True,0,lp_relaxation,157.89483684210526,404.37682015464577,0.0,0.0,0.9565217391304348,,0.019141165976179764,6.061373125370892,0.015217519608084396,global_distance_optimum_lp_integral,157.89483684210526,157.89473684210526,0.00010000000000331966,True,0,lp_relaxation,157.89483684210526,404.37682015464577,0.0,0.0,0.9565217391304348,,0.019105708983261138,6.061373125370892,0.015217519608084396,0.0,0.0
v2e2_e87de31d325befcf7b51,deepseek_formal,e2bv2_e020d22055ecf31d0818,C1,canonical,283de789c3f9ae6115e627ecb921b7b39bdaa1b82289eca5e60da0b76d07a502,0.0,False,25.263257894736842,global_distance_optimum_lp_integral_distance_focus,global_distance_optimum_lp_integral,26.315889473684212,26.315789473684212,9.999999999976694e-05,True,0,lp_relaxation,26.315889473684212,377.0637943405262,0.0,0.0,0.9775280898876404,,0.018939166999189183,4.641418532248224,0.012462781061891979,global_distance_optimum_lp_integral,26.315889473684212,26.315789473684212,9.999999999976694e-05,True,0,lp_relaxation,26.315889473684212,377.0637943405262,0.0,0.0,0.9775280898876404,,0.018730791023699567,4.641418532248224,0.012462781061891979,0.0,0.0
v2e2_e87de31d325befcf7b51,deepseek_formal,e2bv2_e020d22055ecf31d0818,C2,canonical,283de789c3f9ae6115e627ecb921b7b39bdaa1b82289eca5e60da0b76d07a502,0.0,False,25.263257894736842,global_distance_optimum_lp_integral_distance_focus,global_distance_optimum_lp_integral,26.315889473684212,26.315789473684212,9.999999999976694e-05,True,0,lp_relaxation,26.315889473684212,377.0637943405262,0.0,0.0,0.9775280898876404,,0.018939166999189183,4.641418532248224,0.012462781061891979,global_distance_optimum_lp_integral,26.315889473684212,26.315789473684212,9.999999999976694e-05,True,0,lp_relaxation,26.315889473684212,377.0637943405262,0.0,0.0,0.9775280898876404,,0.018730791023699567,4.641418532248224,0.012462781061891979,0.0,0.0
v2e2_e87de31d325befcf7b51,deepseek_formal,e2bv2_e020d22055ecf31d0818,S1,stale,283de789c3f9ae6115e627ecb921b7b39bdaa1b82289eca5e60da0b76d07a502,0.0,False,25.263257894736842,global_distance_optimum_lp_integral_distance_focus,global_distance_optimum_lp_integral,26.315889473684212,26.315789473684212,9.999999999976694e-05,True,0,lp_relaxation,26.315889473684212,377.0637943405262,0.0,0.0,0.9775280898876404,,0.018939166999189183,4.641418532248224,0.012462781061891979,global_distance_optimum_lp_integral,26.315889473684212,26.315789473684212,9.999999999976694e-05,True,0,lp_relaxation,26.315889473684212,377.0637943405262,0.0,0.0,0.9775280898876404,,0.018730791023699567,4.641418532248224,0.012462781061891979,0.0,0.0
v2e2_e87de31d325befcf7b51,deepseek_formal,e2bv2_e020d22055ecf31d0818,S2,stale,283de789c3f9ae6115e627ecb921b7b39bdaa1b82289eca5e60da0b76d07a502,0.0,False,25.263257894736842,global_distance_optimum_lp_integral_distance_focus,global_distance_optimum_lp_integral,26.315889473684212,26.315789473684212,9.999999999976694e-05,True,0,lp_relaxation,26.315889473684212,377.0637943405262,0.0,0.0,0.9775280898876404,,0.018939166999189183,4.641418532248224,0.012462781061891979,global_distance_optimum_lp_integral,26.315889473684212,26.315789473684212,9.999999999976694e-05,True,0,lp_relaxation,26.315889473684212,377.0637943405262,0.0,0.0,0.9775280898876404,,0.018730791023699567,4.641418532248224,0.012462781061891979,0.0,0.0
v2e2_e9230cb9c5afdd6582ec,deepseek_formal,e2bv2_5abcf05f2df5d05495d2,C1,canonical,283de789c3f9ae6115e627ecb921b7b39bdaa1b82289eca5e60da0b76d07a502,0.0,False,183.1579947368421,global_distance_optimum_lp_integral_distance_focus,global_distance_optimum_lp_integral,184.21062631578948,184.21052631578948,0.00010000000000331966,True,0,lp_relaxation,184.21062631578948,488.9265086439131,0.0,0.0,0.9325842696629213,,0.018809708999469876,0.29745114153297436,0.0006087463219101035,global_distance_optimum_lp_integral,184.21062631578948,184.21052631578948,0.00010000000000331966,True,0,lp_relaxation,184.21062631578948,488.9265086439131,0.0,0.0,0.9325842696629213,,0.018119167012628168,0.29745114153297436,0.0006087463219101035,0.0,0.0
v2e2_e9230cb9c5afdd6582ec,deepseek_formal,e2bv2_5abcf05f2df5d05495d2,C2,canonical,283de789c3f9ae6115e627ecb921b7b39bdaa1b82289eca5e60da0b76d07a502,0.0,False,183.1579947368421,global_distance_optimum_lp_integral_distance_focus,global_distance_optimum_lp_integral,184.21062631578948,184.21052631578948,0.00010000000000331966,True,0,lp_relaxation,184.21062631578948,488.9265086439131,0.0,0.0,0.9325842696629213,,0.018809708999469876,0.29745114153297436,0.0006087463219101035,global_distance_optimum_lp_integral,184.21062631578948,184.21052631578948,0.00010000000000331966,True,0,lp_relaxation,184.21062631578948,488.9265086439131,0.0,0.0,0.9325842696629213,,0.018119167012628168,0.29745114153297436,0.0006087463219101035,0.0,0.0
v2e2_e9230cb9c5afdd6582ec,deepseek_formal,e2bv2_5abcf05f2df5d05495d2,S1,stale,283de789c3f9ae6115e627ecb921b7b39bdaa1b82289eca5e60da0b76d07a502,0.0,False,183.1579947368421,global_distance_optimum_lp_integral_distance_focus,global_distance_optimum_lp_integral,184.21062631578948,184.21052631578948,0.00010000000000331966,True,0,lp_relaxation,184.21062631578948,488.9265086439131,0.0,0.0,0.9325842696629213,,0.018809708999469876,0.29745114153297436,0.0006087463219101035,global_distance_optimum_lp_integral,184.21062631578948,184.21052631578948,0.00010000000000331966,True,0,lp_relaxation,184.21062631578948,488.9265086439131,0.0,0.0,0.9325842696629213,,0.018119167012628168,0.29745114153297436,0.0006087463219101035,0.0,0.0
v2e2_e9230cb9c5afdd6582ec,deepseek_formal,e2bv2_5abcf05f2df5d05495d2,S2,stale,283de789c3f9ae6115e627ecb921b7b39bdaa1b82289eca5e60da0b76d07a502,0.0,False,183.1579947368421,global_distance_optimum_lp_integral_distance_focus,global_distance_optimum_lp_integral,184.21062631578948,184.21052631578948,0.00010000000000331966,True,0,lp_relaxation,184.21062631578948,488.9265086439131,0.0,0.0,0.9325842696629213,,0.018809708999469876,0.29745114153297436,0.0006087463219101035,global_distance_optimum_lp_integral,184.21062631578948,184.21052631578948,0.00010000000000331966,True,0,lp_relaxation,184.21062631578948,488.9265086439131,0.0,0.0,0.9325842696629213,,0.018119167012628168,0.29745114153297436,0.0006087463219101035,0.0,0.0
v2e2_ea69a5744fe4489919e6,deepseek_formal,e2bv2_1cf79f85c896ff137766,C1,canonical,72b89e9568a91ed4a1080d4498a644f2dadfff1e68846bff4e2649cc3098a717,0.0,False,22.8001,feasible_mode_library_upper_bound_distance_focus,feasible_mode_library_upper_bound,23.7501,0.0,23.7501,False,8,raw_sign_with_mpc_zero_anchor,23.7501,332.964765656805,0.0,0.0,0.9759036144578314,,0.02033854101318866,6.56677319666602,0.02011891417337066,feasible_mode_library_upper_bound,23.7501,0.0,23.7501,False,8,raw_sign_with_mpc_zero_anchor,23.7501,332.964765656805,0.0,0.0,0.9759036144578314,,0.019874959019944072,6.56677319666602,0.02011891417337066,0.0,0.0
v2e2_ea69a5744fe4489919e6,deepseek_formal,e2bv2_1cf79f85c896ff137766,C2,canonical,a9696dcbc2bef81a08d6b1a798091d2b1a49654218d3ebdb12f9b255cbb1476f,0.0,False,22.8001,feasible_mode_library_upper_bound_distance_focus,feasible_mode_library_upper_bound,23.7501,0.0,23.7501,False,8,raw_sign_with_mpc_zero_anchor,23.7501,332.964765656805,0.0,0.0,0.9759036144578314,,0.020213790994603187,6.56677319666602,0.02011891417337066,feasible_mode_library_upper_bound,23.7501,0.0,23.7501,False,8,raw_sign_with_mpc_zero_anchor,23.7501,332.964765656805,0.0,0.0,0.9759036144578314,,0.01995129100396298,6.56677319666602,0.02011891417337066,0.0,0.0
v2e2_ea69a5744fe4489919e6,deepseek_formal,e2bv2_1cf79f85c896ff137766,S1,stale,a9696dcbc2bef81a08d6b1a798091d2b1a49654218d3ebdb12f9b255cbb1476f,0.0,False,22.8001,feasible_mode_library_upper_bound_distance_focus,feasible_mode_library_upper_bound,23.7501,0.0,23.7501,False,8,raw_sign_with_mpc_zero_anchor,23.7501,332.964765656805,0.0,0.0,0.9759036144578314,,0.020213790994603187,6.56677319666602,0.02011891417337066,feasible_mode_library_upper_bound,23.7501,0.0,23.7501,False,8,raw_sign_with_mpc_zero_anchor,23.7501,332.964765656805,0.0,0.0,0.9759036144578314,,0.01995129100396298,6.56677319666602,0.02011891417337066,0.0,0.0
v2e2_ea69a5744fe4489919e6,deepseek_formal,e2bv2_1cf79f85c896ff137766,S2,stale,a9696dcbc2bef81a08d6b1a798091d2b1a49654218d3ebdb12f9b255cbb1476f,0.0,False,22.8001,feasible_mode_library_upper_bound_distance_focus,feasible_mode_library_upper_bound,23.7501,0.0,23.7501,False,8,raw_sign_with_mpc_zero_anchor,23.7501,332.964765656805,0.0,0.0,0.9759036144578314,,0.020213790994603187,6.56677319666602,0.02011891417337066,feasible_mode_library_upper_bound,23.7501,0.0,23.7501,False,8,raw_sign_with_mpc_zero_anchor,23.7501,332.964765656805,0.0,0.0,0.9759036144578314,,0.01995129100396298,6.56677319666602,0.02011891417337066,0.0,0.0
v2e2_eabe3c90461f173e872b,deepseek_formal,e2bv2_bc3027bd46ee5949bf79,C1,canonical,fe2f74a1e0b16a66452888eb4d734bc455cf1304481bb495d59afa8cf9cae93b,0.0,False,183.1579947368421,global_distance_optimum_lp_integral_distance_focus,global_distance_optimum_lp_integral,184.21062631578948,184.21052631578948,0.00010000000000331966,True,0,lp_relaxation,184.21062631578948,301.72470665360186,0.0,0.0,0.9555555555555556,,0.019075291987974197,3.4198032676221715,0.011464120196499934,global_distance_optimum_lp_integral,184.21062631578948,184.21052631578948,0.00010000000000331966,True,0,lp_relaxation,184.21062631578948,301.72470665360186,0.0,0.0,0.9555555555555556,,0.018168750015320256,3.4198032676221715,0.011464120196499934,0.0,0.0
v2e2_eabe3c90461f173e872b,deepseek_formal,e2bv2_bc3027bd46ee5949bf79,C2,canonical,fe2f74a1e0b16a66452888eb4d734bc455cf1304481bb495d59afa8cf9cae93b,0.0,False,183.1579947368421,global_distance_optimum_lp_integral_distance_focus,global_distance_optimum_lp_integral,184.21062631578948,184.21052631578948,0.00010000000000331966,True,0,lp_relaxation,184.21062631578948,301.72470665360186,0.0,0.0,0.9555555555555556,,0.019075291987974197,3.4198032676221715,0.011464120196499934,global_distance_optimum_lp_integral,184.21062631578948,184.21052631578948,0.00010000000000331966,True,0,lp_relaxation,184.21062631578948,301.72470665360186,0.0,0.0,0.9555555555555556,,0.018168750015320256,3.4198032676221715,0.011464120196499934,0.0,0.0
v2e2_eabe3c90461f173e872b,deepseek_formal,e2bv2_bc3027bd46ee5949bf79,S1,stale,fe2f74a1e0b16a66452888eb4d734bc455cf1304481bb495d59afa8cf9cae93b,0.0,False,183.1579947368421,global_distance_optimum_lp_integral_distance_focus,global_distance_optimum_lp_integral,184.21062631578948,184.21052631578948,0.00010000000000331966,True,0,lp_relaxation,184.21062631578948,301.72470665360186,0.0,0.0,0.9555555555555556,,0.019075291987974197,3.4198032676221715,0.011464120196499934,global_distance_optimum_lp_integral,184.21062631578948,184.21052631578948,0.00010000000000331966,True,0,lp_relaxation,184.21062631578948,301.72470665360186,0.0,0.0,0.9555555555555556,,0.018168750015320256,3.4198032676221715,0.011464120196499934,0.0,0.0
v2e2_eabe3c90461f173e872b,deepseek_formal,e2bv2_bc3027bd46ee5949bf79,S2,stale,fe2f74a1e0b16a66452888eb4d734bc455cf1304481bb495d59afa8cf9cae93b,0.0,False,183.1579947368421,global_distance_optimum_lp_integral_distance_focus,global_distance_optimum_lp_integral,184.21062631578948,184.21052631578948,0.00010000000000331966,True,0,lp_relaxation,184.21062631578948,301.72470665360186,0.0,0.0,0.9555555555555556,,0.019075291987974197,3.4198032676221715,0.011464120196499934,global_distance_optimum_lp_integral,184.21062631578948,184.21052631578948,0.00010000000000331966,True,0,lp_relaxation,184.21062631578948,301.72470665360186,0.0,0.0,0.9555555555555556,,0.018168750015320256,3.4198032676221715,0.011464120196499934,0.0,0.0
v2e2_eeaa2f40bad66efc8c57,deepseek_formal,e2bv2_b9a034cfca44742fe81f,C1,canonical,e6ff459ebc86a128b3e37b46d41efd52eedbe5c955acf3d20dfbf99a33fb2557,0.0,False,183.1578947368421,global_distance_optimum_lp_integral_distance_focus,global_distance_optimum_lp_integral,184.21052631578948,184.21052631578948,0.0,True,0,lp_relaxation,184.21052631578948,316.78808647676533,0.0,0.0,0.9560439560439561,,0.017840333021013066,0.0,0.0,global_distance_optimum_lp_integral,184.21052631578948,184.21052631578948,0.0,True,0,lp_relaxation,184.21052631578948,316.78808647676533,0.0,0.0,0.9560439560439561,,0.01784462499199435,0.0,0.0,0.0,0.0
v2e2_eeaa2f40bad66efc8c57,deepseek_formal,e2bv2_b9a034cfca44742fe81f,C2,canonical,e6ff459ebc86a128b3e37b46d41efd52eedbe5c955acf3d20dfbf99a33fb2557,0.0,False,183.1578947368421,global_distance_optimum_lp_integral_distance_focus,global_distance_optimum_lp_integral,184.21052631578948,184.21052631578948,0.0,True,0,lp_relaxation,184.21052631578948,316.78808647676533,0.0,0.0,0.9560439560439561,,0.017840333021013066,0.0,0.0,global_distance_optimum_lp_integral,184.21052631578948,184.21052631578948,0.0,True,0,lp_relaxation,184.21052631578948,316.78808647676533,0.0,0.0,0.9560439560439561,,0.01784462499199435,0.0,0.0,0.0,0.0
v2e2_eeaa2f40bad66efc8c57,deepseek_formal,e2bv2_b9a034cfca44742fe81f,S1,stale,e6ff459ebc86a128b3e37b46d41efd52eedbe5c955acf3d20dfbf99a33fb2557,0.0,False,183.1578947368421,global_distance_optimum_lp_integral_distance_focus,global_distance_optimum_lp_integral,184.21052631578948,184.21052631578948,0.0,True,0,lp_relaxation,184.21052631578948,316.78808647676533,0.0,0.0,0.9560439560439561,,0.017840333021013066,0.0,0.0,global_distance_optimum_lp_integral,184.21052631578948,184.21052631578948,0.0,True,0,lp_relaxation,184.21052631578948,316.78808647676533,0.0,0.0,0.9560439560439561,,0.01784462499199435,0.0,0.0,0.0,0.0
v2e2_eeaa2f40bad66efc8c57,deepseek_formal,e2bv2_b9a034cfca44742fe81f,S2,stale,e6ff459ebc86a128b3e37b46d41efd52eedbe5c955acf3d20dfbf99a33fb2557,0.0,False,183.1578947368421,global_distance_optimum_lp_integral_distance_focus,global_distance_optimum_lp_integral,184.21052631578948,184.21052631578948,0.0,True,0,lp_relaxation,184.21052631578948,316.78808647676533,0.0,0.0,0.9560439560439561,,0.017840333021013066,0.0,0.0,global_distance_optimum_lp_integral,184.21052631578948,184.21052631578948,0.0,True,0,lp_relaxation,184.21052631578948,316.78808647676533,0.0,0.0,0.9560439560439561,,0.01784462499199435,0.0,0.0,0.0,0.0
v2e2_eefa2a6aa00281c6d0de,deepseek_formal,e2bv2_d66afb532081a4b42cb0,C1,canonical,fe2f74a1e0b16a66452888eb4d734bc455cf1304481bb495d59afa8cf9cae93b,0.0,False,25.263257894736842,global_distance_optimum_lp_integral_distance_focus,global_distance_optimum_lp_integral,26.315889473684212,26.315789473684212,9.999999999976694e-05,True,0,lp_relaxation,26.315889473684212,647.9590759134833,0.0,0.0,0.9777777777777777,,0.018087541975546628,80.20924288890319,0.14127567851777884,global_distance_optimum_lp_integral,26.315889473684212,26.315789473684212,9.999999999976694e-05,True,0,lp_relaxation,26.315889473684212,647.9590759134833,0.0,0.0,0.9777777777777777,,0.019680249999510124,80.20924288890319,0.14127567851777884,0.0,0.0
v2e2_eefa2a6aa00281c6d0de,deepseek_formal,e2bv2_d66afb532081a4b42cb0,C2,canonical,fe2f74a1e0b16a66452888eb4d734bc455cf1304481bb495d59afa8cf9cae93b,0.0,False,25.263257894736842,global_distance_optimum_lp_integral_distance_focus,global_distance_optimum_lp_integral,26.315889473684212,26.315789473684212,9.999999999976694e-05,True,0,lp_relaxation,26.315889473684212,647.9590759134833,0.0,0.0,0.9777777777777777,,0.018087541975546628,80.20924288890319,0.14127567851777884,global_distance_optimum_lp_integral,26.315889473684212,26.315789473684212,9.999999999976694e-05,True,0,lp_relaxation,26.315889473684212,647.9590759134833,0.0,0.0,0.9777777777777777,,0.019680249999510124,80.20924288890319,0.14127567851777884,0.0,0.0
v2e2_eefa2a6aa00281c6d0de,deepseek_formal,e2bv2_d66afb532081a4b42cb0,S1,stale,25585a42d3e84fc078b0e4cb5a0c2b83181d8e3ad3fa926f9a3e526fe5c105ba,5625.0,False,5650.263163019573,global_distance_optimum_lp_integral_distance_focus,global_distance_optimum_lp_integral,5651.31579459852,5651.315789473684,5.124836206960026e-06,True,0,lp_relaxation,26.315889473684212,647.9590759134833,0.0,0.0,0.0,,0.02214908300084062,80.20924288890319,0.14127567851777884,global_distance_optimum_lp_integral,5651.31579459852,5651.315789473684,5.124836206960026e-06,True,0,lp_relaxation,26.315889473684212,647.9590759134833,0.0,0.0,0.0,,0.021347208006773144,80.20924288890319,0.14127567851777884,0.0,0.0
v2e2_eefa2a6aa00281c6d0de,deepseek_formal,e2bv2_d66afb532081a4b42cb0,S2,stale,25585a42d3e84fc078b0e4cb5a0c2b83181d8e3ad3fa926f9a3e526fe5c105ba,5625.0,False,5650.263163019573,global_distance_optimum_lp_integral_distance_focus,global_distance_optimum_lp_integral,5651.31579459852,5651.315789473684,5.124836206960026e-06,True,0,lp_relaxation,26.315889473684212,647.9590759134833,0.0,0.0,0.0,,0.02214908300084062,80.20924288890319,0.14127567851777884,global_distance_optimum_lp_integral,5651.31579459852,5651.315789473684,5.124836206960026e-06,True,0,lp_relaxation,26.315889473684212,647.9590759134833,0.0,0.0,0.0,,0.021347208006773144,80.20924288890319,0.14127567851777884,0.0,0.0
v2e2_f5ed58c9117bb14967a8,deepseek_formal,e2bv2_6064b98f998842591327,C1,canonical,e6ff459ebc86a128b3e37b46d41efd52eedbe5c955acf3d20dfbf99a33fb2557,0.0,False,183.1579947368421,global_distance_optimum_lp_integral_distance_focus,global_distance_optimum_lp_integral,184.21062631578948,184.21052631578948,0.00010000000000331966,True,0,lp_relaxation,184.21062631578948,366.6098611590923,0.0,0.0,0.945054945054945,,0.017949082975974306,1.1684926869741048,0.00319748333873497,global_distance_optimum_lp_integral,184.21062631578948,184.21052631578948,0.00010000000000331966,True,0,lp_relaxation,184.21062631578948,366.6098611590923,0.0,0.0,0.945054945054945,,0.01894708300824277,1.1684926869741048,0.00319748333873497,0.0,0.0
v2e2_f5ed58c9117bb14967a8,deepseek_formal,e2bv2_6064b98f998842591327,C2,canonical,e6ff459ebc86a128b3e37b46d41efd52eedbe5c955acf3d20dfbf99a33fb2557,0.0,False,183.1579947368421,global_distance_optimum_lp_integral_distance_focus,global_distance_optimum_lp_integral,184.21062631578948,184.21052631578948,0.00010000000000331966,True,0,lp_relaxation,184.21062631578948,366.6098611590923,0.0,0.0,0.945054945054945,,0.017949082975974306,1.1684926869741048,0.00319748333873497,global_distance_optimum_lp_integral,184.21062631578948,184.21052631578948,0.00010000000000331966,True,0,lp_relaxation,184.21062631578948,366.6098611590923,0.0,0.0,0.945054945054945,,0.01894708300824277,1.1684926869741048,0.00319748333873497,0.0,0.0
v2e2_f5ed58c9117bb14967a8,deepseek_formal,e2bv2_6064b98f998842591327,S1,stale,e6ff459ebc86a128b3e37b46d41efd52eedbe5c955acf3d20dfbf99a33fb2557,0.0,False,183.1579947368421,global_distance_optimum_lp_integral_distance_focus,global_distance_optimum_lp_integral,184.21062631578948,184.21052631578948,0.00010000000000331966,True,0,lp_relaxation,184.21062631578948,366.6098611590923,0.0,0.0,0.945054945054945,,0.017949082975974306,1.1684926869741048,0.00319748333873497,global_distance_optimum_lp_integral,184.21062631578948,184.21052631578948,0.00010000000000331966,True,0,lp_relaxation,184.21062631578948,366.6098611590923,0.0,0.0,0.945054945054945,,0.01894708300824277,1.1684926869741048,0.00319748333873497,0.0,0.0
v2e2_f5ed58c9117bb14967a8,deepseek_formal,e2bv2_6064b98f998842591327,S2,stale,e6ff459ebc86a128b3e37b46d41efd52eedbe5c955acf3d20dfbf99a33fb2557,0.0,False,183.1579947368421,global_distance_optimum_lp_integral_distance_focus,global_distance_optimum_lp_integral,184.21062631578948,184.21052631578948,0.00010000000000331966,True,0,lp_relaxation,184.21062631578948,366.6098611590923,0.0,0.0,0.945054945054945,,0.017949082975974306,1.1684926869741048,0.00319748333873497,global_distance_optimum_lp_integral,184.21062631578948,184.21052631578948,0.00010000000000331966,True,0,lp_relaxation,184.21062631578948,366.6098611590923,0.0,0.0,0.945054945054945,,0.01894708300824277,1.1684926869741048,0.00319748333873497,0.0,0.0
v2e2_f60d5d4b26a4ec302fa4,deepseek_formal,e2bv2_4dfc1feffc9c52490cff,C1,canonical,283de789c3f9ae6115e627ecb921b7b39bdaa1b82289eca5e60da0b76d07a502,0.0,False,156.8422052631579,global_distance_optimum_lp_integral_distance_focus,global_distance_optimum_lp_integral,157.89483684210526,157.89473684210526,0.00010000000000331966,True,0,lp_relaxation,157.89483684210526,229.36579975374272,0.0,0.0,0.9550561797752809,,0.018367250013398007,1.7145758930313946,0.007531590930872658,global_distance_optimum_lp_integral,157.89483684210526,157.89473684210526,0.00010000000000331966,True,0,lp_relaxation,157.89483684210526,229.36579975374272,0.0,0.0,0.9550561797752809,,0.01821929099969566,1.7145758930313946,0.007531590930872658,0.0,0.0
v2e2_f60d5d4b26a4ec302fa4,deepseek_formal,e2bv2_4dfc1feffc9c52490cff,C2,canonical,283de789c3f9ae6115e627ecb921b7b39bdaa1b82289eca5e60da0b76d07a502,0.0,False,156.8422052631579,global_distance_optimum_lp_integral_distance_focus,global_distance_optimum_lp_integral,157.89483684210526,157.89473684210526,0.00010000000000331966,True,0,lp_relaxation,157.89483684210526,229.36579975374272,0.0,0.0,0.9550561797752809,,0.018367250013398007,1.7145758930313946,0.007531590930872658,global_distance_optimum_lp_integral,157.89483684210526,157.89473684210526,0.00010000000000331966,True,0,lp_relaxation,157.89483684210526,229.36579975374272,0.0,0.0,0.9550561797752809,,0.01821929099969566,1.7145758930313946,0.007531590930872658,0.0,0.0
v2e2_f60d5d4b26a4ec302fa4,deepseek_formal,e2bv2_4dfc1feffc9c52490cff,S1,stale,283de789c3f9ae6115e627ecb921b7b39bdaa1b82289eca5e60da0b76d07a502,0.0,False,156.8422052631579,global_distance_optimum_lp_integral_distance_focus,global_distance_optimum_lp_integral,157.89483684210526,157.89473684210526,0.00010000000000331966,True,0,lp_relaxation,157.89483684210526,229.36579975374272,0.0,0.0,0.9550561797752809,,0.018367250013398007,1.7145758930313946,0.007531590930872658,global_distance_optimum_lp_integral,157.89483684210526,157.89473684210526,0.00010000000000331966,True,0,lp_relaxation,157.89483684210526,229.36579975374272,0.0,0.0,0.9550561797752809,,0.01821929099969566,1.7145758930313946,0.007531590930872658,0.0,0.0
v2e2_f60d5d4b26a4ec302fa4,deepseek_formal,e2bv2_4dfc1feffc9c52490cff,S2,stale,283de789c3f9ae6115e627ecb921b7b39bdaa1b82289eca5e60da0b76d07a502,0.0,False,156.8422052631579,global_distance_optimum_lp_integral_distance_focus,global_distance_optimum_lp_integral,157.89483684210526,157.89473684210526,0.00010000000000331966,True,0,lp_relaxation,157.89483684210526,229.36579975374272,0.0,0.0,0.9550561797752809,,0.018367250013398007,1.7145758930313946,0.007531590930872658,global_distance_optimum_lp_integral,157.89483684210526,157.89473684210526,0.00010000000000331966,True,0,lp_relaxation,157.89483684210526,229.36579975374272,0.0,0.0,0.9550561797752809,,0.01821929099969566,1.7145758930313946,0.007531590930872658,0.0,0.0
v2e2_ff7d4d179a2e6d483137,deepseek_formal,e2bv2_ed7aafb6b6bf57083afc,C1,canonical,f20277118a935051eb34f4f0ebed0b5fe48e9c3e39715d31d3b890b9193fbd65,6.249999999999998,False,16.550099999997705,feasible_mode_library_upper_bound_distance_focus,feasible_mode_library_upper_bound,17.50009999999761,0.0,17.50009999999761,False,6,raw_sign_with_mpc_zero_anchor,23.74999999999765,634.121706350321,0.0,0.0,0.978021978021978,,0.015733874985016882,0.33140294623115096,0.0005228905277521361,feasible_mode_library_upper_bound,17.50009999999761,0.0,17.50009999999761,False,6,raw_sign_with_mpc_zero_anchor,23.74999999999765,634.121706350321,0.0,0.0,0.978021978021978,,0.015762791997985914,0.33140294623115096,0.0005228905277521361,0.0,0.0
v2e2_ff7d4d179a2e6d483137,deepseek_formal,e2bv2_ed7aafb6b6bf57083afc,C2,canonical,f20277118a935051eb34f4f0ebed0b5fe48e9c3e39715d31d3b890b9193fbd65,6.249999999999998,False,16.550099999997705,feasible_mode_library_upper_bound_distance_focus,feasible_mode_library_upper_bound,17.50009999999761,0.0,17.50009999999761,False,6,raw_sign_with_mpc_zero_anchor,23.74999999999765,634.121706350321,0.0,0.0,0.978021978021978,,0.015733874985016882,0.33140294623115096,0.0005228905277521361,feasible_mode_library_upper_bound,17.50009999999761,0.0,17.50009999999761,False,6,raw_sign_with_mpc_zero_anchor,23.74999999999765,634.121706350321,0.0,0.0,0.978021978021978,,0.015762791997985914,0.33140294623115096,0.0005228905277521361,0.0,0.0
v2e2_ff7d4d179a2e6d483137,deepseek_formal,e2bv2_ed7aafb6b6bf57083afc,S1,stale,e6ff459ebc86a128b3e37b46d41efd52eedbe5c955acf3d20dfbf99a33fb2557,0.0,False,22.8001,feasible_mode_library_upper_bound_distance_focus,feasible_mode_library_upper_bound,23.7501,0.0,23.7501,False,8,raw_sign_with_mpc_zero_anchor,23.7501,634.0075492734704,0.0,0.0,0.978021978021978,,0.022386333002941683,0.21724586938057655,0.0003427724725571664,feasible_mode_library_upper_bound,23.7501,0.0,23.7501,False,8,raw_sign_with_mpc_zero_anchor,23.7501,634.0075492734704,0.0,0.0,0.978021978021978,,0.022757874976377934,0.21724586938057655,0.0003427724725571664,0.0,0.0
v2e2_ff7d4d179a2e6d483137,deepseek_formal,e2bv2_ed7aafb6b6bf57083afc,S2,stale,e6ff459ebc86a128b3e37b46d41efd52eedbe5c955acf3d20dfbf99a33fb2557,0.0,False,22.8001,feasible_mode_library_upper_bound_distance_focus,feasible_mode_library_upper_bound,23.7501,0.0,23.7501,False,8,raw_sign_with_mpc_zero_anchor,23.7501,634.0075492734704,0.0,0.0,0.978021978021978,,0.022386333002941683,0.21724586938057655,0.0003427724725571664,feasible_mode_library_upper_bound,23.7501,0.0,23.7501,False,8,raw_sign_with_mpc_zero_anchor,23.7501,634.0075492734704,0.0,0.0,0.978021978021978,,0.022757874976377934,0.21724586938057655,0.0003427724725571664,0.0,0.0
v2e2_01647af4ab413aad9430,qwen_flash,e2bv2_96ac3ec6cf72f05980c7,C1,canonical,4e28b1dfc57dae2a46fde2464b47f1a4cba72117012d6bab7739e1f246809fa4,3526.25,False,3683.0921103879937,global_distance_optimum_lp_integral_distance_focus,global_distance_optimum_lp_integral,3684.144741966941,3684.144736842105,5.124836206960026e-06,True,0,lp_relaxation,157.89483684210526,707.9860530022526,0.0,0.0,0.0,,0.02280033301212825,3.442207231157113,0.004885724645553823,global_distance_optimum_lp_integral,3684.144741966941,3684.144736842105,5.124836206960026e-06,True,0,lp_relaxation,157.89483684210526,707.9860530022526,0.0,0.0,0.0,,0.02204275000258349,3.442207231157113,0.004885724645553823,0.0,0.0
v2e2_01647af4ab413aad9430,qwen_flash,e2bv2_96ac3ec6cf72f05980c7,C2,canonical,4e28b1dfc57dae2a46fde2464b47f1a4cba72117012d6bab7739e1f246809fa4,3526.25,False,3683.0921103879937,global_distance_optimum_lp_integral_distance_focus,global_distance_optimum_lp_integral,3684.144741966941,3684.144736842105,5.124836206960026e-06,True,0,lp_relaxation,157.89483684210526,707.9860530022526,0.0,0.0,0.0,,0.02280033301212825,3.442207231157113,0.004885724645553823,global_distance_optimum_lp_integral,3684.144741966941,3684.144736842105,5.124836206960026e-06,True,0,lp_relaxation,157.89483684210526,707.9860530022526,0.0,0.0,0.0,,0.02204275000258349,3.442207231157113,0.004885724645553823,0.0,0.0
v2e2_01647af4ab413aad9430,qwen_flash,e2bv2_96ac3ec6cf72f05980c7,S1,stale,4e28b1dfc57dae2a46fde2464b47f1a4cba72117012d6bab7739e1f246809fa4,3526.25,False,3683.0921103879937,global_distance_optimum_lp_integral_distance_focus,global_distance_optimum_lp_integral,3684.144741966941,3684.144736842105,5.124836206960026e-06,True,0,lp_relaxation,157.89483684210526,707.9860530022526,0.0,0.0,0.0,,0.02280033301212825,3.442207231157113,0.004885724645553823,global_distance_optimum_lp_integral,3684.144741966941,3684.144736842105,5.124836206960026e-06,True,0,lp_relaxation,157.89483684210526,707.9860530022526,0.0,0.0,0.0,,0.02204275000258349,3.442207231157113,0.004885724645553823,0.0,0.0
v2e2_01647af4ab413aad9430,qwen_flash,e2bv2_96ac3ec6cf72f05980c7,S2,stale,4e28b1dfc57dae2a46fde2464b47f1a4cba72117012d6bab7739e1f246809fa4,3526.25,False,3683.0921103879937,global_distance_optimum_lp_integral_distance_focus,global_distance_optimum_lp_integral,3684.144741966941,3684.144736842105,5.124836206960026e-06,True,0,lp_relaxation,157.89483684210526,707.9860530022526,0.0,0.0,0.0,,0.02280033301212825,3.442207231157113,0.004885724645553823,global_distance_optimum_lp_integral,3684.144741966941,3684.144736842105,5.124836206960026e-06,True,0,lp_relaxation,157.89483684210526,707.9860530022526,0.0,0.0,0.0,,0.02204275000258349,3.442207231157113,0.004885724645553823,0.0,0.0
v2e2_07ecea8c63a586f9fa3b,qwen_flash,e2bv2_cab59d28fc0a8167afa4,C1,canonical,946a0200415e46c93a4f795f5ff250a9d95b30c7769d3b292e727e8886e1d8b0,5437.5,False,5412.8,global_distance_optimum_lp_integral_distance_focus,global_distance_optimum_lp_integral,5413.750005124835,5413.75,5.124835297465324e-06,True,0,lp_relaxation,23.7501,474.93622386981934,0.0,0.0,0.0,,0.021415958006400615,0.2953825464052784,0.0006223285496917628,global_distance_optimum_lp_integral,5413.750005124835,5413.75,5.124835297465324e-06,True,0,lp_relaxation,23.7501,474.93622386981934,0.0,0.0,0.0,,0.021462167002027854,0.2953825464052784,0.0006223285496917628,0.0,0.0
v2e2_07ecea8c63a586f9fa3b,qwen_flash,e2bv2_cab59d28fc0a8167afa4,C2,canonical,946a0200415e46c93a4f795f5ff250a9d95b30c7769d3b292e727e8886e1d8b0,5437.5,False,5412.8,global_distance_optimum_lp_integral_distance_focus,global_distance_optimum_lp_integral,5413.750005124835,5413.75,5.124835297465324e-06,True,0,lp_relaxation,23.7501,474.93622386981934,0.0,0.0,0.0,,0.021415958006400615,0.2953825464052784,0.0006223285496917628,global_distance_optimum_lp_integral,5413.750005124835,5413.75,5.124835297465324e-06,True,0,lp_relaxation,23.7501,474.93622386981934,0.0,0.0,0.0,,0.021462167002027854,0.2953825464052784,0.0006223285496917628,0.0,0.0
v2e2_07ecea8c63a586f9fa3b,qwen_flash,e2bv2_cab59d28fc0a8167afa4,S1,stale,946a0200415e46c93a4f795f5ff250a9d95b30c7769d3b292e727e8886e1d8b0,5437.5,False,5412.8,global_distance_optimum_lp_integral_distance_focus,global_distance_optimum_lp_integral,5413.750005124835,5413.75,5.124835297465324e-06,True,0,lp_relaxation,23.7501,474.93622386981934,0.0,0.0,0.0,,0.021415958006400615,0.2953825464052784,0.0006223285496917628,global_distance_optimum_lp_integral,5413.750005124835,5413.75,5.124835297465324e-06,True,0,lp_relaxation,23.7501,474.93622386981934,0.0,0.0,0.0,,0.021462167002027854,0.2953825464052784,0.0006223285496917628,0.0,0.0
v2e2_07ecea8c63a586f9fa3b,qwen_flash,e2bv2_cab59d28fc0a8167afa4,S2,stale,946a0200415e46c93a4f795f5ff250a9d95b30c7769d3b292e727e8886e1d8b0,5437.5,False,5412.8,global_distance_optimum_lp_integral_distance_focus,global_distance_optimum_lp_integral,5413.750005124835,5413.75,5.124835297465324e-06,True,0,lp_relaxation,23.7501,474.93622386981934,0.0,0.0,0.0,,0.021415958006400615,0.2953825464052784,0.0006223285496917628,global_distance_optimum_lp_integral,5413.750005124835,5413.75,5.124835297465324e-06,True,0,lp_relaxation,23.7501,474.93622386981934,0.0,0.0,0.0,,0.021462167002027854,0.2953825464052784,0.0006223285496917628,0.0,0.0
v2e2_12b72852882928644d40,qwen_flash,e2bv2_cd8a18111aa5daa36f7f,C1,canonical,a2d5f6c102f602525d094603fd261fb6b0de0975e03693c3bc17a31a2d4021ca,5375.0,False,5400.263163019573,global_distance_optimum_lp_integral_distance_focus,global_distance_optimum_lp_integral,5401.31579459852,5401.315789473684,5.124836206960026e-06,True,0,lp_relaxation,26.315889473684212,239.97742193624376,0.0,0.0,0.0,,0.020692499994765967,2.579502027474007,0.010865731378207906,global_distance_optimum_lp_integral,5401.31579459852,5401.315789473684,5.124836206960026e-06,True,0,lp_relaxation,26.315889473684212,239.97742193624376,0.0,0.0,0.0,,0.0200927919941023,2.579502027474007,0.010865731378207906,0.0,0.0
v2e2_12b72852882928644d40,qwen_flash,e2bv2_cd8a18111aa5daa36f7f,C2,canonical,a2d5f6c102f602525d094603fd261fb6b0de0975e03693c3bc17a31a2d4021ca,5375.0,False,5400.263163019573,global_distance_optimum_lp_integral_distance_focus,global_distance_optimum_lp_integral,5401.31579459852,5401.315789473684,5.124836206960026e-06,True,0,lp_relaxation,26.315889473684212,239.97742193624376,0.0,0.0,0.0,,0.020692499994765967,2.579502027474007,0.010865731378207906,global_distance_optimum_lp_integral,5401.31579459852,5401.315789473684,5.124836206960026e-06,True,0,lp_relaxation,26.315889473684212,239.97742193624376,0.0,0.0,0.0,,0.0200927919941023,2.579502027474007,0.010865731378207906,0.0,0.0
v2e2_12b72852882928644d40,qwen_flash,e2bv2_cd8a18111aa5daa36f7f,S1,stale,a2d5f6c102f602525d094603fd261fb6b0de0975e03693c3bc17a31a2d4021ca,5375.0,False,5400.263163019573,global_distance_optimum_lp_integral_distance_focus,global_distance_optimum_lp_integral,5401.31579459852,5401.315789473684,5.124836206960026e-06,True,0,lp_relaxation,26.315889473684212,239.97742193624376,0.0,0.0,0.0,,0.020692499994765967,2.579502027474007,0.010865731378207906,global_distance_optimum_lp_integral,5401.31579459852,5401.315789473684,5.124836206960026e-06,True,0,lp_relaxation,26.315889473684212,239.97742193624376,0.0,0.0,0.0,,0.0200927919941023,2.579502027474007,0.010865731378207906,0.0,0.0
v2e2_12b72852882928644d40,qwen_flash,e2bv2_cd8a18111aa5daa36f7f,S2,stale,a2d5f6c102f602525d094603fd261fb6b0de0975e03693c3bc17a31a2d4021ca,5375.0,False,5400.263163019573,global_distance_optimum_lp_integral_distance_focus,global_distance_optimum_lp_integral,5401.31579459852,5401.315789473684,5.124836206960026e-06,True,0,lp_relaxation,26.315889473684212,239.97742193624376,0.0,0.0,0.0,,0.020692499994765967,2.579502027474007,0.010865731378207906,global_distance_optimum_lp_integral,5401.31579459852,5401.315789473684,5.124836206960026e-06,True,0,lp_relaxation,26.315889473684212,239.97742193624376,0.0,0.0,0.0,,0.0200927919941023,2.579502027474007,0.010865731378207906,0.0,0.0
v2e2_16b5f26ad506f7afac02,qwen_flash,e2bv2_18157d185d442405c6ee,C1,canonical,82e196fab5150c31f985efd8e360479bfb937eb11aa847a6a18921a145144db4,5062.5,False,5219.342110387994,global_distance_optimum_lp_integral_distance_focus,global_distance_optimum_lp_integral,5220.394741966941,5220.394736842105,5.124836206960026e-06,True,0,lp_relaxation,157.89483684210526,236.0449239679488,0.0,0.0,0.0,,0.01852912502363324,1.6896416317469516,0.007209744175183653,global_distance_optimum_lp_integral,5220.394741966941,5220.394736842105,5.124836206960026e-06,True,0,lp_relaxation,157.89483684210526,236.0449239679488,0.0,0.0,0.0,,0.01930245800758712,1.6896416317469516,0.007209744175183653,0.0,0.0
v2e2_16b5f26ad506f7afac02,qwen_flash,e2bv2_18157d185d442405c6ee,C2,canonical,82e196fab5150c31f985efd8e360479bfb937eb11aa847a6a18921a145144db4,5062.5,False,5219.342110387994,global_distance_optimum_lp_integral_distance_focus,global_distance_optimum_lp_integral,5220.394741966941,5220.394736842105,5.124836206960026e-06,True,0,lp_relaxation,157.89483684210526,236.0449239679488,0.0,0.0,0.0,,0.01852912502363324,1.6896416317469516,0.007209744175183653,global_distance_optimum_lp_integral,5220.394741966941,5220.394736842105,5.124836206960026e-06,True,0,lp_relaxation,157.89483684210526,236.0449239679488,0.0,0.0,0.0,,0.01930245800758712,1.6896416317469516,0.007209744175183653,0.0,0.0
v2e2_16b5f26ad506f7afac02,qwen_flash,e2bv2_18157d185d442405c6ee,S1,stale,82e196fab5150c31f985efd8e360479bfb937eb11aa847a6a18921a145144db4,5062.5,False,5219.342110387994,global_distance_optimum_lp_integral_distance_focus,global_distance_optimum_lp_integral,5220.394741966941,5220.394736842105,5.124836206960026e-06,True,0,lp_relaxation,157.89483684210526,236.0449239679488,0.0,0.0,0.0,,0.01852912502363324,1.6896416317469516,0.007209744175183653,global_distance_optimum_lp_integral,5220.394741966941,5220.394736842105,5.124836206960026e-06,True,0,lp_relaxation,157.89483684210526,236.0449239679488,0.0,0.0,0.0,,0.01930245800758712,1.6896416317469516,0.007209744175183653,0.0,0.0
v2e2_16b5f26ad506f7afac02,qwen_flash,e2bv2_18157d185d442405c6ee,S2,stale,82e196fab5150c31f985efd8e360479bfb937eb11aa847a6a18921a145144db4,5062.5,False,5219.342110387994,global_distance_optimum_lp_integral_distance_focus,global_distance_optimum_lp_integral,5220.394741966941,5220.394736842105,5.124836206960026e-06,True,0,lp_relaxation,157.89483684210526,236.0449239679488,0.0,0.0,0.0,,0.01852912502363324,1.6896416317469516,0.007209744175183653,global_distance_optimum_lp_integral,5220.394741966941,5220.394736842105,5.124836206960026e-06,True,0,lp_relaxation,157.89483684210526,236.0449239679488,0.0,0.0,0.0,,0.01930245800758712,1.6896416317469516,0.007209744175183653,0.0,0.0
v2e2_16c288d882ac6a326385,qwen_flash,e2bv2_b24c0acf9fe87fa8ba9d,C1,canonical,01835ca016b6607eda94cb8ff102b2cad69b4a1cb53b69f7d0ebcbc5963fd2b6,3450.0,False,3580.5263209143095,global_distance_optimum_lp_integral_distance_focus,global_distance_optimum_lp_integral,3581.578952493257,3581.5789473684213,5.124835752212675e-06,True,0,lp_relaxation,131.57904736842104,408.929348319955,0.0,0.0,0.0,,0.015091292007127777,1.2139715234275172,0.002977497520367882,global_distance_optimum_lp_integral,3581.578952493257,3581.5789473684213,5.124835752212675e-06,True,0,lp_relaxation,131.57904736842104,408.929348319955,0.0,0.0,0.0,,0.015036709024570882,1.2139715234275172,0.002977497520367882,0.0,0.0
v2e2_16c288d882ac6a326385,qwen_flash,e2bv2_b24c0acf9fe87fa8ba9d,C2,canonical,01835ca016b6607eda94cb8ff102b2cad69b4a1cb53b69f7d0ebcbc5963fd2b6,3450.0,False,3580.5263209143095,global_distance_optimum_lp_integral_distance_focus,global_distance_optimum_lp_integral,3581.578952493257,3581.5789473684213,5.124835752212675e-06,True,0,lp_relaxation,131.57904736842104,408.929348319955,0.0,0.0,0.0,,0.015091292007127777,1.2139715234275172,0.002977497520367882,global_distance_optimum_lp_integral,3581.578952493257,3581.5789473684213,5.124835752212675e-06,True,0,lp_relaxation,131.57904736842104,408.929348319955,0.0,0.0,0.0,,0.015036709024570882,1.2139715234275172,0.002977497520367882,0.0,0.0
v2e2_16c288d882ac6a326385,qwen_flash,e2bv2_b24c0acf9fe87fa8ba9d,S1,stale,01835ca016b6607eda94cb8ff102b2cad69b4a1cb53b69f7d0ebcbc5963fd2b6,3450.0,False,3580.5263209143095,global_distance_optimum_lp_integral_distance_focus,global_distance_optimum_lp_integral,3581.578952493257,3581.5789473684213,5.124835752212675e-06,True,0,lp_relaxation,131.57904736842104,408.929348319955,0.0,0.0,0.0,,0.015091292007127777,1.2139715234275172,0.002977497520367882,global_distance_optimum_lp_integral,3581.578952493257,3581.5789473684213,5.124835752212675e-06,True,0,lp_relaxation,131.57904736842104,408.929348319955,0.0,0.0,0.0,,0.015036709024570882,1.2139715234275172,0.002977497520367882,0.0,0.0
v2e2_16c288d882ac6a326385,qwen_flash,e2bv2_b24c0acf9fe87fa8ba9d,S2,stale,01835ca016b6607eda94cb8ff102b2cad69b4a1cb53b69f7d0ebcbc5963fd2b6,3450.0,False,3580.5263209143095,global_distance_optimum_lp_integral_distance_focus,global_distance_optimum_lp_integral,3581.578952493257,3581.5789473684213,5.124835752212675e-06,True,0,lp_relaxation,131.57904736842104,408.929348319955,0.0,0.0,0.0,,0.015091292007127777,1.2139715234275172,0.002977497520367882,global_distance_optimum_lp_integral,3581.578952493257,3581.5789473684213,5.124835752212675e-06,True,0,lp_relaxation,131.57904736842104,408.929348319955,0.0,0.0,0.0,,0.015036709024570882,1.2139715234275172,0.002977497520367882,0.0,0.0
v2e2_1a991ca6b21c0ed79241,qwen_flash,e2bv2_398c1bf0d35d9c1f454a,C1,canonical,224dfd5f87217678aa3dbcc7eb1673392848d77a2e60030a4038b59853d99975,3075.0,False,3100.263163019573,global_distance_optimum_lp_integral_distance_focus,global_distance_optimum_lp_integral,3101.3157945985204,3101.315789473684,5.124836206960026e-06,True,0,lp_relaxation,26.315889473684212,358.3422228887643,0.0,0.0,0.0,,0.013289666996570304,3.2617901626471735,0.009186060007882997,global_distance_optimum_lp_integral,3101.3157945985204,3101.315789473684,5.124836206960026e-06,True,0,lp_relaxation,26.315889473684212,358.3422228887643,0.0,0.0,0.0,,0.013761000009253621,3.2617901626471735,0.009186060007882997,0.0,0.0
v2e2_1a991ca6b21c0ed79241,qwen_flash,e2bv2_398c1bf0d35d9c1f454a,C2,canonical,224dfd5f87217678aa3dbcc7eb1673392848d77a2e60030a4038b59853d99975,3075.0,False,3100.263163019573,global_distance_optimum_lp_integral_distance_focus,global_distance_optimum_lp_integral,3101.3157945985204,3101.315789473684,5.124836206960026e-06,True,0,lp_relaxation,26.315889473684212,358.3422228887643,0.0,0.0,0.0,,0.013289666996570304,3.2617901626471735,0.009186060007882997,global_distance_optimum_lp_integral,3101.3157945985204,3101.315789473684,5.124836206960026e-06,True,0,lp_relaxation,26.315889473684212,358.3422228887643,0.0,0.0,0.0,,0.013761000009253621,3.2617901626471735,0.009186060007882997,0.0,0.0
v2e2_1a991ca6b21c0ed79241,qwen_flash,e2bv2_398c1bf0d35d9c1f454a,S1,stale,f4a4b81835e6e7565b7f2302089f1ec2ac95da18ee5c3abe3884de159a6ad559,5125.0,False,5150.263163019573,global_distance_optimum_lp_integral_distance_focus,global_distance_optimum_lp_integral,5151.31579459852,5151.315789473684,5.124836206960026e-06,True,0,lp_relaxation,26.315889473684212,358.3422228887643,0.0,0.0,0.0,,0.019699833006598055,3.2617901626471735,0.009186060007882997,global_distance_optimum_lp_integral,5151.31579459852,5151.315789473684,5.124836206960026e-06,True,0,lp_relaxation,26.315889473684212,358.3422228887643,0.0,0.0,0.0,,0.020503333013039082,3.2617901626471735,0.009186060007882997,0.0,0.0
v2e2_1a991ca6b21c0ed79241,qwen_flash,e2bv2_398c1bf0d35d9c1f454a,S2,stale,224dfd5f87217678aa3dbcc7eb1673392848d77a2e60030a4038b59853d99975,3075.0,False,3100.263163019573,global_distance_optimum_lp_integral_distance_focus,global_distance_optimum_lp_integral,3101.3157945985204,3101.315789473684,5.124836206960026e-06,True,0,lp_relaxation,26.315889473684212,358.3422228887643,0.0,0.0,0.0,,0.013289666996570304,3.2617901626471735,0.009186060007882997,global_distance_optimum_lp_integral,3101.3157945985204,3101.315789473684,5.124836206960026e-06,True,0,lp_relaxation,26.315889473684212,358.3422228887643,0.0,0.0,0.0,,0.013761000009253621,3.2617901626471735,0.009186060007882997,0.0,0.0
v2e2_1fd8536d13787e44dc17,qwen_flash,e2bv2_ccd2f73e977e0f60938a,C1,canonical,25585a42d3e84fc078b0e4cb5a0c2b83181d8e3ad3fa926f9a3e526fe5c105ba,5625.0,False,5600.3,global_distance_optimum_lp_integral_distance_focus,global_distance_optimum_lp_integral,5601.250005124835,5601.25,5.124835297465324e-06,True,0,lp_relaxation,23.7501,285.2203958101474,0.0,0.0,0.0,,0.021947708999505267,9.032793918023629,0.032705283858294805,global_distance_optimum_lp_integral,5601.250005124835,5601.25,5.124835297465324e-06,True,0,lp_relaxation,23.7501,283.46061772396496,367.38582175,-1.7597780861824999,0.0,,0.020929999998770654,9.032793918023685,0.032915007642997346,0.0,0.0
v2e2_1fd8536d13787e44dc17,qwen_flash,e2bv2_ccd2f73e977e0f60938a,C2,canonical,25585a42d3e84fc078b0e4cb5a0c2b83181d8e3ad3fa926f9a3e526fe5c105ba,5625.0,False,5600.3,global_distance_optimum_lp_integral_distance_focus,global_distance_optimum_lp_integral,5601.250005124835,5601.25,5.124835297465324e-06,True,0,lp_relaxation,23.7501,285.2203958101474,0.0,0.0,0.0,,0.021947708999505267,9.032793918023629,0.032705283858294805,global_distance_optimum_lp_integral,5601.250005124835,5601.25,5.124835297465324e-06,True,0,lp_relaxation,23.7501,283.46061772396496,367.38582175,-1.7597780861824999,0.0,,0.020929999998770654,9.032793918023685,0.032915007642997346,0.0,0.0
v2e2_1fd8536d13787e44dc17,qwen_flash,e2bv2_ccd2f73e977e0f60938a,S1,stale,25585a42d3e84fc078b0e4cb5a0c2b83181d8e3ad3fa926f9a3e526fe5c105ba,5625.0,False,5600.3,global_distance_optimum_lp_integral_distance_focus,global_distance_optimum_lp_integral,5601.250005124835,5601.25,5.124835297465324e-06,True,0,lp_relaxation,23.7501,285.2203958101474,0.0,0.0,0.0,,0.021947708999505267,9.032793918023629,0.032705283858294805,global_distance_optimum_lp_integral,5601.250005124835,5601.25,5.124835297465324e-06,True,0,lp_relaxation,23.7501,283.46061772396496,367.38582175,-1.7597780861824999,0.0,,0.020929999998770654,9.032793918023685,0.032915007642997346,0.0,0.0
v2e2_1fd8536d13787e44dc17,qwen_flash,e2bv2_ccd2f73e977e0f60938a,S2,stale,25585a42d3e84fc078b0e4cb5a0c2b83181d8e3ad3fa926f9a3e526fe5c105ba,5625.0,False,5600.3,global_distance_optimum_lp_integral_distance_focus,global_distance_optimum_lp_integral,5601.250005124835,5601.25,5.124835297465324e-06,True,0,lp_relaxation,23.7501,285.2203958101474,0.0,0.0,0.0,,0.021947708999505267,9.032793918023629,0.032705283858294805,global_distance_optimum_lp_integral,5601.250005124835,5601.25,5.124835297465324e-06,True,0,lp_relaxation,23.7501,283.46061772396496,367.38582175,-1.7597780861824999,0.0,,0.020929999998770654,9.032793918023685,0.032915007642997346,0.0,0.0
v2e2_20534de655a33fde87ca,qwen_flash,e2bv2_385ceed2777d1604128f,C1,canonical,01835ca016b6607eda94cb8ff102b2cad69b4a1cb53b69f7d0ebcbc5963fd2b6,3450.0,False,3633.157899861678,global_distance_optimum_lp_integral_distance_focus,global_distance_optimum_lp_integral,3634.2105314406253,3634.2105263157896,5.124835752212675e-06,True,0,lp_relaxation,184.21062631578948,299.270759815251,0.0,0.0,0.0,,0.01589283300563693,6.42044531649924,0.021923982999603735,global_distance_optimum_lp_integral,3634.2105314406253,3634.2105263157896,5.124835752212675e-06,True,0,lp_relaxation,184.21062631578948,299.270759815251,0.0,0.0,0.0,,0.015329708025092259,6.42044531649924,0.021923982999603735,0.0,0.0
v2e2_20534de655a33fde87ca,qwen_flash,e2bv2_385ceed2777d1604128f,C2,canonical,01835ca016b6607eda94cb8ff102b2cad69b4a1cb53b69f7d0ebcbc5963fd2b6,3450.0,False,3633.157899861678,global_distance_optimum_lp_integral_distance_focus,global_distance_optimum_lp_integral,3634.2105314406253,3634.2105263157896,5.124835752212675e-06,True,0,lp_relaxation,184.21062631578948,299.270759815251,0.0,0.0,0.0,,0.01589283300563693,6.42044531649924,0.021923982999603735,global_distance_optimum_lp_integral,3634.2105314406253,3634.2105263157896,5.124835752212675e-06,True,0,lp_relaxation,184.21062631578948,299.270759815251,0.0,0.0,0.0,,0.015329708025092259,6.42044531649924,0.021923982999603735,0.0,0.0
v2e2_20534de655a33fde87ca,qwen_flash,e2bv2_385ceed2777d1604128f,S1,stale,c8094771f88f8f61052b37442b19aeb1c6d50aff4e9aed31fc2d9c4858dbd60b,3174.0,False,3357.157899861678,global_distance_optimum_lp_integral_distance_focus,global_distance_optimum_lp_integral,3358.2105314406253,3358.2105263157896,5.124835752212675e-06,True,0,lp_relaxation,184.21062631578948,299.270759815251,0.0,0.0,0.0,,0.016060833993833512,6.42044531649924,0.021923982999603735,global_distance_optimum_lp_integral,3358.2105314406253,3358.2105263157896,5.124835752212675e-06,True,0,lp_relaxation,184.21062631578948,299.270759815251,0.0,0.0,0.0,,0.014605791016947478,6.42044531649924,0.021923982999603735,0.0,0.0
v2e2_20534de655a33fde87ca,qwen_flash,e2bv2_385ceed2777d1604128f,S2,stale,c8094771f88f8f61052b37442b19aeb1c6d50aff4e9aed31fc2d9c4858dbd60b,3174.0,False,3357.157899861678,global_distance_optimum_lp_integral_distance_focus,global_distance_optimum_lp_integral,3358.2105314406253,3358.2105263157896,5.124835752212675e-06,True,0,lp_relaxation,184.21062631578948,299.270759815251,0.0,0.0,0.0,,0.016060833993833512,6.42044531649924,0.021923982999603735,global_distance_optimum_lp_integral,3358.2105314406253,3358.2105263157896,5.124835752212675e-06,True,0,lp_relaxation,184.21062631578948,299.270759815251,0.0,0.0,0.0,,0.014605791016947478,6.42044531649924,0.021923982999603735,0.0,0.0
v2e2_25e030e6613f44a39649,qwen_flash,e2bv2_93a98b647864d0934ec6,C1,canonical,025588c77ce30f8a823a982033052f1ed2a2d39c76db39ed20982ca9e17a6a8b,5562.5,False,5719.342110387994,global_distance_optimum_lp_integral_distance_focus,global_distance_optimum_lp_integral,5720.394741966941,5720.394736842105,5.124836206960026e-06,True,0,lp_relaxation,157.89483684210526,193.75000024148463,0.0,0.0,0.0,,0.020627624995540828,2.671677240328819,0.013982105339665653,global_distance_optimum_lp_integral,5720.394741966941,5720.394736842105,5.124836206960026e-06,True,0,lp_relaxation,157.89483684210526,193.75000024148463,0.0,0.0,0.0,,0.02170625000144355,2.671677240328819,0.013982105339665653,0.0,0.0
v2e2_25e030e6613f44a39649,qwen_flash,e2bv2_93a98b647864d0934ec6,C2,canonical,025588c77ce30f8a823a982033052f1ed2a2d39c76db39ed20982ca9e17a6a8b,5562.5,False,5719.342110387994,global_distance_optimum_lp_integral_distance_focus,global_distance_optimum_lp_integral,5720.394741966941,5720.394736842105,5.124836206960026e-06,True,0,lp_relaxation,157.89483684210526,193.75000024148463,0.0,0.0,0.0,,0.020627624995540828,2.671677240328819,0.013982105339665653,global_distance_optimum_lp_integral,5720.394741966941,5720.394736842105,5.124836206960026e-06,True,0,lp_relaxation,157.89483684210526,193.75000024148463,0.0,0.0,0.0,,0.02170625000144355,2.671677240328819,0.013982105339665653,0.0,0.0
v2e2_25e030e6613f44a39649,qwen_flash,e2bv2_93a98b647864d0934ec6,S1,stale,025588c77ce30f8a823a982033052f1ed2a2d39c76db39ed20982ca9e17a6a8b,5562.5,False,5719.342110387994,global_distance_optimum_lp_integral_distance_focus,global_distance_optimum_lp_integral,5720.394741966941,5720.394736842105,5.124836206960026e-06,True,0,lp_relaxation,157.89483684210526,193.75000024148463,0.0,0.0,0.0,,0.020627624995540828,2.671677240328819,0.013982105339665653,global_distance_optimum_lp_integral,5720.394741966941,5720.394736842105,5.124836206960026e-06,True,0,lp_relaxation,157.89483684210526,193.75000024148463,0.0,0.0,0.0,,0.02170625000144355,2.671677240328819,0.013982105339665653,0.0,0.0
v2e2_25e030e6613f44a39649,qwen_flash,e2bv2_93a98b647864d0934ec6,S2,stale,025588c77ce30f8a823a982033052f1ed2a2d39c76db39ed20982ca9e17a6a8b,5562.5,False,5719.342110387994,global_distance_optimum_lp_integral_distance_focus,global_distance_optimum_lp_integral,5720.394741966941,5720.394736842105,5.124836206960026e-06,True,0,lp_relaxation,157.89483684210526,193.75000024148463,0.0,0.0,0.0,,0.020627624995540828,2.671677240328819,0.013982105339665653,global_distance_optimum_lp_integral,5720.394741966941,5720.394736842105,5.124836206960026e-06,True,0,lp_relaxation,157.89483684210526,193.75000024148463,0.0,0.0,0.0,,0.02170625000144355,2.671677240328819,0.013982105339665653,0.0,0.0
v2e2_28d9724eea09520d5cd7,qwen_flash,e2bv2_074dcbf2a80e3ff78303,C1,canonical,25585a42d3e84fc078b0e4cb5a0c2b83181d8e3ad3fa926f9a3e526fe5c105ba,5625.0,False,5781.842110387994,global_distance_optimum_lp_integral_distance_focus,global_distance_optimum_lp_integral,5782.894741966941,5782.894736842105,5.124836206960026e-06,True,0,lp_relaxation,157.89483684210526,259.9080659282582,0.0,0.0,0.0,,0.020792875002371147,0.6781696959953365,0.0026160936907821584,global_distance_optimum_lp_integral,5782.894741966941,5782.894736842105,5.124836206960026e-06,True,0,lp_relaxation,157.89483684210526,259.9080659282582,0.0,0.0,0.0,,0.022960041998885572,0.6781696959953365,0.0026160936907821584,0.0,0.0
v2e2_28d9724eea09520d5cd7,qwen_flash,e2bv2_074dcbf2a80e3ff78303,C2,canonical,25585a42d3e84fc078b0e4cb5a0c2b83181d8e3ad3fa926f9a3e526fe5c105ba,5625.0,False,5781.842110387994,global_distance_optimum_lp_integral_distance_focus,global_distance_optimum_lp_integral,5782.894741966941,5782.894736842105,5.124836206960026e-06,True,0,lp_relaxation,157.89483684210526,259.9080659282582,0.0,0.0,0.0,,0.020792875002371147,0.6781696959953365,0.0026160936907821584,global_distance_optimum_lp_integral,5782.894741966941,5782.894736842105,5.124836206960026e-06,True,0,lp_relaxation,157.89483684210526,259.9080659282582,0.0,0.0,0.0,,0.022960041998885572,0.6781696959953365,0.0026160936907821584,0.0,0.0
v2e2_28d9724eea09520d5cd7,qwen_flash,e2bv2_074dcbf2a80e3ff78303,S1,stale,25585a42d3e84fc078b0e4cb5a0c2b83181d8e3ad3fa926f9a3e526fe5c105ba,5625.0,False,5781.842110387994,global_distance_optimum_lp_integral_distance_focus,global_distance_optimum_lp_integral,5782.894741966941,5782.894736842105,5.124836206960026e-06,True,0,lp_relaxation,157.89483684210526,259.9080659282582,0.0,0.0,0.0,,0.020792875002371147,0.6781696959953365,0.0026160936907821584,global_distance_optimum_lp_integral,5782.894741966941,5782.894736842105,5.124836206960026e-06,True,0,lp_relaxation,157.89483684210526,259.9080659282582,0.0,0.0,0.0,,0.022960041998885572,0.6781696959953365,0.0026160936907821584,0.0,0.0
v2e2_28d9724eea09520d5cd7,qwen_flash,e2bv2_074dcbf2a80e3ff78303,S2,stale,25585a42d3e84fc078b0e4cb5a0c2b83181d8e3ad3fa926f9a3e526fe5c105ba,5625.0,False,5781.842110387994,global_distance_optimum_lp_integral_distance_focus,global_distance_optimum_lp_integral,5782.894741966941,5782.894736842105,5.124836206960026e-06,True,0,lp_relaxation,157.89483684210526,259.9080659282582,0.0,0.0,0.0,,0.020792875002371147,0.6781696959953365,0.0026160936907821584,global_distance_optimum_lp_integral,5782.894741966941,5782.894736842105,5.124836206960026e-06,True,0,lp_relaxation,157.89483684210526,259.9080659282582,0.0,0.0,0.0,,0.022960041998885572,0.6781696959953365,0.0026160936907821584,0.0,0.0
v2e2_31906e8fff0262a0bd53,qwen_flash,e2bv2_de38e57ab0f0657ef6d2,C1,canonical,3fef08683efe971ba0b9ab6bf8cbf53be3cbba64b6f478940df4e72f0d09f801,34.5,False,191.34211038799364,global_distance_optimum_lp_integral_distance_focus,global_distance_optimum_lp_integral,192.394741966941,192.39473684210526,5.124835752212675e-06,True,0,lp_relaxation,157.89483684210526,363.3996630452206,0.0,0.0,0.0,,0.01654262500233017,13.59674125673672,0.03886971894693976,global_distance_optimum_lp_integral,192.394741966941,192.39473684210526,5.124835752212675e-06,True,0,lp_relaxation,157.89483684210526,363.3996630452206,0.0,0.0,0.0,,0.01574554099352099,13.59674125673672,0.03886971894693976,0.0,0.0
v2e2_31906e8fff0262a0bd53,qwen_flash,e2bv2_de38e57ab0f0657ef6d2,C2,canonical,01835ca016b6607eda94cb8ff102b2cad69b4a1cb53b69f7d0ebcbc5963fd2b6,3450.0,False,3606.8421103879937,global_distance_optimum_lp_integral_distance_focus,global_distance_optimum_lp_integral,3607.894741966941,3607.8947368421054,5.124835752212675e-06,True,0,lp_relaxation,157.89483684210526,363.3996630452206,0.0,0.0,0.0,,0.016171875002328306,13.59674125673672,0.03886971894693976,global_distance_optimum_lp_integral,3607.894741966941,3607.8947368421054,5.124835752212675e-06,True,0,lp_relaxation,157.89483684210526,363.3996630452206,0.0,0.0,0.0,,0.015875707991654053,13.59674125673672,0.03886971894693976,0.0,0.0
v2e2_31906e8fff0262a0bd53,qwen_flash,e2bv2_de38e57ab0f0657ef6d2,S1,stale,01835ca016b6607eda94cb8ff102b2cad69b4a1cb53b69f7d0ebcbc5963fd2b6,3450.0,False,3606.8421103879937,global_distance_optimum_lp_integral_distance_focus,global_distance_optimum_lp_integral,3607.894741966941,3607.8947368421054,5.124835752212675e-06,True,0,lp_relaxation,157.89483684210526,363.3996630452206,0.0,0.0,0.0,,0.016171875002328306,13.59674125673672,0.03886971894693976,global_distance_optimum_lp_integral,3607.894741966941,3607.8947368421054,5.124835752212675e-06,True,0,lp_relaxation,157.89483684210526,363.3996630452206,0.0,0.0,0.0,,0.015875707991654053,13.59674125673672,0.03886971894693976,0.0,0.0
v2e2_31906e8fff0262a0bd53,qwen_flash,e2bv2_de38e57ab0f0657ef6d2,S2,stale,01835ca016b6607eda94cb8ff102b2cad69b4a1cb53b69f7d0ebcbc5963fd2b6,3450.0,False,3606.8421103879937,global_distance_optimum_lp_integral_distance_focus,global_distance_optimum_lp_integral,3607.894741966941,3607.8947368421054,5.124835752212675e-06,True,0,lp_relaxation,157.89483684210526,363.3996630452206,0.0,0.0,0.0,,0.016171875002328306,13.59674125673672,0.03886971894693976,global_distance_optimum_lp_integral,3607.894741966941,3607.8947368421054,5.124835752212675e-06,True,0,lp_relaxation,157.89483684210526,363.3996630452206,0.0,0.0,0.0,,0.015875707991654053,13.59674125673672,0.03886971894693976,0.0,0.0
v2e2_394e89f7d166924e9409,qwen_flash,e2bv2_857ed212cb3ade75decf,C1,canonical,359431def63e4accc9a1d47633a3ddb3ca4424654a7c667dd1cfd15872376319,5687.5,False,5844.342110387994,global_distance_optimum_lp_integral_distance_focus,global_distance_optimum_lp_integral,5845.394741966941,5845.394736842105,5.124836206960026e-06,True,0,lp_relaxation,157.89483684210526,681.4630366131712,0.0,0.0,0.0,,0.022526916000060737,3.4808158933345794,0.00513408137699965,global_distance_optimum_lp_integral,5845.394741966941,5845.394736842105,5.124836206960026e-06,True,0,lp_relaxation,157.89483684210526,681.4630366131712,0.0,0.0,0.0,,0.021928624977590516,3.4808158933345794,0.00513408137699965,0.0,0.0
v2e2_394e89f7d166924e9409,qwen_flash,e2bv2_857ed212cb3ade75decf,C2,canonical,359431def63e4accc9a1d47633a3ddb3ca4424654a7c667dd1cfd15872376319,5687.5,False,5844.342110387994,global_distance_optimum_lp_integral_distance_focus,global_distance_optimum_lp_integral,5845.394741966941,5845.394736842105,5.124836206960026e-06,True,0,lp_relaxation,157.89483684210526,681.4630366131712,0.0,0.0,0.0,,0.022526916000060737,3.4808158933345794,0.00513408137699965,global_distance_optimum_lp_integral,5845.394741966941,5845.394736842105,5.124836206960026e-06,True,0,lp_relaxation,157.89483684210526,681.4630366131712,0.0,0.0,0.0,,0.021928624977590516,3.4808158933345794,0.00513408137699965,0.0,0.0
v2e2_394e89f7d166924e9409,qwen_flash,e2bv2_857ed212cb3ade75decf,S1,stale,359431def63e4accc9a1d47633a3ddb3ca4424654a7c667dd1cfd15872376319,5687.5,False,5844.342110387994,global_distance_optimum_lp_integral_distance_focus,global_distance_optimum_lp_integral,5845.394741966941,5845.394736842105,5.124836206960026e-06,True,0,lp_relaxation,157.89483684210526,681.4630366131712,0.0,0.0,0.0,,0.022526916000060737,3.4808158933345794,0.00513408137699965,global_distance_optimum_lp_integral,5845.394741966941,5845.394736842105,5.124836206960026e-06,True,0,lp_relaxation,157.89483684210526,681.4630366131712,0.0,0.0,0.0,,0.021928624977590516,3.4808158933345794,0.00513408137699965,0.0,0.0
v2e2_394e89f7d166924e9409,qwen_flash,e2bv2_857ed212cb3ade75decf,S2,stale,359431def63e4accc9a1d47633a3ddb3ca4424654a7c667dd1cfd15872376319,5687.5,False,5844.342110387994,global_distance_optimum_lp_integral_distance_focus,global_distance_optimum_lp_integral,5845.394741966941,5845.394736842105,5.124836206960026e-06,True,0,lp_relaxation,157.89483684210526,681.4630366131712,0.0,0.0,0.0,,0.022526916000060737,3.4808158933345794,0.00513408137699965,global_distance_optimum_lp_integral,5845.394741966941,5845.394736842105,5.124836206960026e-06,True,0,lp_relaxation,157.89483684210526,681.4630366131712,0.0,0.0,0.0,,0.021928624977590516,3.4808158933345794,0.00513408137699965,0.0,0.0
v2e2_4029a98e7ae402335d31,qwen_flash,e2bv2_6afd7a98da797934f948,C1,canonical,9ef41a593e5f4d0a88f80870603ae0b51511451ec51d1ff47f98eb17a8f46164,4025.0,False,4181.842110387994,global_distance_optimum_lp_integral_distance_focus,global_distance_optimum_lp_integral,4182.894741966941,4182.894736842105,5.124836206960026e-06,True,0,lp_relaxation,157.89483684210526,200.7400702003913,0.0,0.0,0.0,,0.01633379200939089,0.16028898906301947,0.0007991283473090493,global_distance_optimum_lp_integral,4182.894741966941,4182.894736842105,5.124836206960026e-06,True,0,lp_relaxation,157.89483684210526,200.7400702003913,0.0,0.0,0.0,,0.01588745799381286,0.16028898906301947,0.0007991283473090493,0.0,0.0
v2e2_4029a98e7ae402335d31,qwen_flash,e2bv2_6afd7a98da797934f948,C2,canonical,9ef41a593e5f4d0a88f80870603ae0b51511451ec51d1ff47f98eb17a8f46164,4025.0,False,4181.842110387994,global_distance_optimum_lp_integral_distance_focus,global_distance_optimum_lp_integral,4182.894741966941,4182.894736842105,5.124836206960026e-06,True,0,lp_relaxation,157.89483684210526,200.7400702003913,0.0,0.0,0.0,,0.01633379200939089,0.16028898906301947,0.0007991283473090493,global_distance_optimum_lp_integral,4182.894741966941,4182.894736842105,5.124836206960026e-06,True,0,lp_relaxation,157.89483684210526,200.7400702003913,0.0,0.0,0.0,,0.01588745799381286,0.16028898906301947,0.0007991283473090493,0.0,0.0
v2e2_4029a98e7ae402335d31,qwen_flash,e2bv2_6afd7a98da797934f948,S1,stale,f70f320edad61e941670bd1b64266f3d2dc598db2fc7c59d51d327c6cfbdaa91,2760.0,False,2916.8421103879937,global_distance_optimum_lp_integral_distance_focus,global_distance_optimum_lp_integral,2917.894741966941,2917.8947368421054,5.124835752212675e-06,True,0,lp_relaxation,157.89483684210526,200.7400702003913,0.0,0.0,0.0,,0.01506741699995473,0.16028898906301947,0.0007991283473090493,global_distance_optimum_lp_integral,2917.894741966941,2917.8947368421054,5.124835752212675e-06,True,0,lp_relaxation,157.89483684210526,200.7400702003913,0.0,0.0,0.0,,0.015565290988888592,0.16028898906301947,0.0007991283473090493,0.0,0.0
v2e2_4029a98e7ae402335d31,qwen_flash,e2bv2_6afd7a98da797934f948,S2,stale,f70f320edad61e941670bd1b64266f3d2dc598db2fc7c59d51d327c6cfbdaa91,2760.0,False,2916.8421103879937,global_distance_optimum_lp_integral_distance_focus,global_distance_optimum_lp_integral,2917.894741966941,2917.8947368421054,5.124835752212675e-06,True,0,lp_relaxation,157.89483684210526,200.7400702003913,0.0,0.0,0.0,,0.01506741699995473,0.16028898906301947,0.0007991283473090493,global_distance_optimum_lp_integral,2917.894741966941,2917.8947368421054,5.124835752212675e-06,True,0,lp_relaxation,157.89483684210526,200.7400702003913,0.0,0.0,0.0,,0.015565290988888592,0.16028898906301947,0.0007991283473090493,0.0,0.0
v2e2_47a354a03084871e0ca3,qwen_flash,e2bv2_982df10d9f7cdfe9b8af,C1,canonical,25585a42d3e84fc078b0e4cb5a0c2b83181d8e3ad3fa926f9a3e526fe5c105ba,5625.0,False,5755.5263209143095,global_distance_optimum_lp_integral_distance_focus,global_distance_optimum_lp_integral,5756.578952493257,5756.578947368421,5.124836206960026e-06,True,0,lp_relaxation,131.57904736842104,239.1766429154197,0.0,0.0,0.0,,0.020680499990703538,1.3961302418265973,0.005871508249892194,global_distance_optimum_lp_integral,5756.578952493257,5756.578947368421,5.124836206960026e-06,True,0,lp_relaxation,131.57904736842104,239.1766429154197,0.0,0.0,0.0,,0.02267845900496468,1.3961302418265973,0.005871508249892194,0.0,0.0
v2e2_47a354a03084871e0ca3,qwen_flash,e2bv2_982df10d9f7cdfe9b8af,C2,canonical,25585a42d3e84fc078b0e4cb5a0c2b83181d8e3ad3fa926f9a3e526fe5c105ba,5625.0,False,5755.5263209143095,global_distance_optimum_lp_integral_distance_focus,global_distance_optimum_lp_integral,5756.578952493257,5756.578947368421,5.124836206960026e-06,True,0,lp_relaxation,131.57904736842104,239.1766429154197,0.0,0.0,0.0,,0.020680499990703538,1.3961302418265973,0.005871508249892194,global_distance_optimum_lp_integral,5756.578952493257,5756.578947368421,5.124836206960026e-06,True,0,lp_relaxation,131.57904736842104,239.1766429154197,0.0,0.0,0.0,,0.02267845900496468,1.3961302418265973,0.005871508249892194,0.0,0.0
v2e2_47a354a03084871e0ca3,qwen_flash,e2bv2_982df10d9f7cdfe9b8af,S1,stale,25585a42d3e84fc078b0e4cb5a0c2b83181d8e3ad3fa926f9a3e526fe5c105ba,5625.0,False,5755.5263209143095,global_distance_optimum_lp_integral_distance_focus,global_distance_optimum_lp_integral,5756.578952493257,5756.578947368421,5.124836206960026e-06,True,0,lp_relaxation,131.57904736842104,239.1766429154197,0.0,0.0,0.0,,0.020680499990703538,1.3961302418265973,0.005871508249892194,global_distance_optimum_lp_integral,5756.578952493257,5756.578947368421,5.124836206960026e-06,True,0,lp_relaxation,131.57904736842104,239.1766429154197,0.0,0.0,0.0,,0.02267845900496468,1.3961302418265973,0.005871508249892194,0.0,0.0
v2e2_47a354a03084871e0ca3,qwen_flash,e2bv2_982df10d9f7cdfe9b8af,S2,stale,25585a42d3e84fc078b0e4cb5a0c2b83181d8e3ad3fa926f9a3e526fe5c105ba,5625.0,False,5755.5263209143095,global_distance_optimum_lp_integral_distance_focus,global_distance_optimum_lp_integral,5756.578952493257,5756.578947368421,5.124836206960026e-06,True,0,lp_relaxation,131.57904736842104,239.1766429154197,0.0,0.0,0.0,,0.020680499990703538,1.3961302418265973,0.005871508249892194,global_distance_optimum_lp_integral,5756.578952493257,5756.578947368421,5.124836206960026e-06,True,0,lp_relaxation,131.57904736842104,239.1766429154197,0.0,0.0,0.0,,0.02267845900496468,1.3961302418265973,0.005871508249892194,0.0,0.0
v2e2_4bc783ae8ece976241af,qwen_flash,e2bv2_fcedc993c5aeb0f830da,C1,canonical,defe03250cd56fbc03a01b36cd77cb7f720aa0ac6411126baef0622ab7a9e7a9,5500.0,False,5475.3,global_distance_optimum_lp_integral_distance_focus,global_distance_optimum_lp_integral,5476.250005124835,5476.25,5.124835297465324e-06,True,0,lp_relaxation,23.7501,270.18164150795224,0.0,0.0,0.0,,0.020910416991682723,4.674933018208776,0.01760758906922071,global_distance_optimum_lp_integral,5476.250005124835,5476.25,5.124835297465324e-06,True,0,lp_relaxation,23.7501,270.18164150795224,0.0,0.0,0.0,,0.021593791985651478,4.674933018208776,0.01760758906922071,0.0,0.0
v2e2_4bc783ae8ece976241af,qwen_flash,e2bv2_fcedc993c5aeb0f830da,C2,canonical,defe03250cd56fbc03a01b36cd77cb7f720aa0ac6411126baef0622ab7a9e7a9,5500.0,False,5475.3,global_distance_optimum_lp_integral_distance_focus,global_distance_optimum_lp_integral,5476.250005124835,5476.25,5.124835297465324e-06,True,0,lp_relaxation,23.7501,270.18164150795224,0.0,0.0,0.0,,0.020910416991682723,4.674933018208776,0.01760758906922071,global_distance_optimum_lp_integral,5476.250005124835,5476.25,5.124835297465324e-06,True,0,lp_relaxation,23.7501,270.18164150795224,0.0,0.0,0.0,,0.021593791985651478,4.674933018208776,0.01760758906922071,0.0,0.0
v2e2_4bc783ae8ece976241af,qwen_flash,e2bv2_fcedc993c5aeb0f830da,S1,stale,defe03250cd56fbc03a01b36cd77cb7f720aa0ac6411126baef0622ab7a9e7a9,5500.0,False,5475.3,global_distance_optimum_lp_integral_distance_focus,global_distance_optimum_lp_integral,5476.250005124835,5476.25,5.124835297465324e-06,True,0,lp_relaxation,23.7501,270.18164150795224,0.0,0.0,0.0,,0.020910416991682723,4.674933018208776,0.01760758906922071,global_distance_optimum_lp_integral,5476.250005124835,5476.25,5.124835297465324e-06,True,0,lp_relaxation,23.7501,270.18164150795224,0.0,0.0,0.0,,0.021593791985651478,4.674933018208776,0.01760758906922071,0.0,0.0
v2e2_4bc783ae8ece976241af,qwen_flash,e2bv2_fcedc993c5aeb0f830da,S2,stale,defe03250cd56fbc03a01b36cd77cb7f720aa0ac6411126baef0622ab7a9e7a9,5500.0,False,5475.3,global_distance_optimum_lp_integral_distance_focus,global_distance_optimum_lp_integral,5476.250005124835,5476.25,5.124835297465324e-06,True,0,lp_relaxation,23.7501,270.18164150795224,0.0,0.0,0.0,,0.020910416991682723,4.674933018208776,0.01760758906922071,global_distance_optimum_lp_integral,5476.250005124835,5476.25,5.124835297465324e-06,True,0,lp_relaxation,23.7501,270.18164150795224,0.0,0.0,0.0,,0.021593791985651478,4.674933018208776,0.01760758906922071,0.0,0.0
v2e2_579d7046347071a2967e,qwen_flash,e2bv2_e14c27fb7f54083cbbf5,C1,canonical,025588c77ce30f8a823a982033052f1ed2a2d39c76db39ed20982ca9e17a6a8b,5562.5,False,5537.8,global_distance_optimum_lp_integral_distance_focus,global_distance_optimum_lp_integral,5538.750005124835,5538.75,5.124835297465324e-06,True,0,lp_relaxation,23.7501,482.513364399259,0.0,0.0,0.0,,0.021386499982327223,0.45655086712440607,0.0009470893353402871,global_distance_optimum_lp_integral,5538.750005124835,5538.75,5.124835297465324e-06,True,0,lp_relaxation,23.7501,482.513364399259,0.0,0.0,0.0,,0.021009166026487947,0.45655086712440607,0.0009470893353402871,0.0,0.0
v2e2_579d7046347071a2967e,qwen_flash,e2bv2_e14c27fb7f54083cbbf5,C2,canonical,025588c77ce30f8a823a982033052f1ed2a2d39c76db39ed20982ca9e17a6a8b,5562.5,False,5537.8,global_distance_optimum_lp_integral_distance_focus,global_distance_optimum_lp_integral,5538.750005124835,5538.75,5.124835297465324e-06,True,0,lp_relaxation,23.7501,482.513364399259,0.0,0.0,0.0,,0.021386499982327223,0.45655086712440607,0.0009470893353402871,global_distance_optimum_lp_integral,5538.750005124835,5538.75,5.124835297465324e-06,True,0,lp_relaxation,23.7501,482.513364399259,0.0,0.0,0.0,,0.021009166026487947,0.45655086712440607,0.0009470893353402871,0.0,0.0
v2e2_579d7046347071a2967e,qwen_flash,e2bv2_e14c27fb7f54083cbbf5,S1,stale,025588c77ce30f8a823a982033052f1ed2a2d39c76db39ed20982ca9e17a6a8b,5562.5,False,5537.8,global_distance_optimum_lp_integral_distance_focus,global_distance_optimum_lp_integral,5538.750005124835,5538.75,5.124835297465324e-06,True,0,lp_relaxation,23.7501,482.513364399259,0.0,0.0,0.0,,0.021386499982327223,0.45655086712440607,0.0009470893353402871,global_distance_optimum_lp_integral,5538.750005124835,5538.75,5.124835297465324e-06,True,0,lp_relaxation,23.7501,482.513364399259,0.0,0.0,0.0,,0.021009166026487947,0.45655086712440607,0.0009470893353402871,0.0,0.0
v2e2_579d7046347071a2967e,qwen_flash,e2bv2_e14c27fb7f54083cbbf5,S2,stale,025588c77ce30f8a823a982033052f1ed2a2d39c76db39ed20982ca9e17a6a8b,5562.5,False,5537.8,global_distance_optimum_lp_integral_distance_focus,global_distance_optimum_lp_integral,5538.750005124835,5538.75,5.124835297465324e-06,True,0,lp_relaxation,23.7501,482.513364399259,0.0,0.0,0.0,,0.021386499982327223,0.45655086712440607,0.0009470893353402871,global_distance_optimum_lp_integral,5538.750005124835,5538.75,5.124835297465324e-06,True,0,lp_relaxation,23.7501,482.513364399259,0.0,0.0,0.0,,0.021009166026487947,0.45655086712440607,0.0009470893353402871,0.0,0.0
v2e2_57ed2833756fcc2a81f4,qwen_flash,e2bv2_e1ab2801ffc994cf90f9,C1,canonical,025588c77ce30f8a823a982033052f1ed2a2d39c76db39ed20982ca9e17a6a8b,5562.5,False,5745.657899861678,global_distance_optimum_lp_integral_distance_focus,global_distance_optimum_lp_integral,5746.710531440625,5746.71052631579,5.124835297465324e-06,True,0,lp_relaxation,184.21062631578948,1089.5692407348706,0.0,0.0,0.0,,0.020952832972398028,10.188306735879905,0.009439027886228564,global_distance_optimum_lp_integral,5746.710531440625,5746.71052631579,5.124835297465324e-06,True,0,lp_relaxation,184.21062631578948,1089.5692407348706,0.0,0.0,0.0,,0.022387832985259593,10.188306735879905,0.009439027886228564,0.0,0.0
v2e2_57ed2833756fcc2a81f4,qwen_flash,e2bv2_e1ab2801ffc994cf90f9,C2,canonical,025588c77ce30f8a823a982033052f1ed2a2d39c76db39ed20982ca9e17a6a8b,5562.5,False,5745.657899861678,global_distance_optimum_lp_integral_distance_focus,global_distance_optimum_lp_integral,5746.710531440625,5746.71052631579,5.124835297465324e-06,True,0,lp_relaxation,184.21062631578948,1089.5692407348706,0.0,0.0,0.0,,0.020952832972398028,10.188306735879905,0.009439027886228564,global_distance_optimum_lp_integral,5746.710531440625,5746.71052631579,5.124835297465324e-06,True,0,lp_relaxation,184.21062631578948,1089.5692407348706,0.0,0.0,0.0,,0.022387832985259593,10.188306735879905,0.009439027886228564,0.0,0.0
v2e2_57ed2833756fcc2a81f4,qwen_flash,e2bv2_e1ab2801ffc994cf90f9,S1,stale,025588c77ce30f8a823a982033052f1ed2a2d39c76db39ed20982ca9e17a6a8b,5562.5,False,5745.657899861678,global_distance_optimum_lp_integral_distance_focus,global_distance_optimum_lp_integral,5746.710531440625,5746.71052631579,5.124835297465324e-06,True,0,lp_relaxation,184.21062631578948,1089.5692407348706,0.0,0.0,0.0,,0.020952832972398028,10.188306735879905,0.009439027886228564,global_distance_optimum_lp_integral,5746.710531440625,5746.71052631579,5.124835297465324e-06,True,0,lp_relaxation,184.21062631578948,1089.5692407348706,0.0,0.0,0.0,,0.022387832985259593,10.188306735879905,0.009439027886228564,0.0,0.0
v2e2_57ed2833756fcc2a81f4,qwen_flash,e2bv2_e1ab2801ffc994cf90f9,S2,stale,87dd761da4a647b0e8b45e85be9601ee0dc3591bf60abc77db8f38eedcc035b8,5562.5,False,5222.33135,feasible_mode_library_upper_bound_distance_focus,feasible_mode_library_upper_bound,5223.28135,5036.585085413929,186.69626458607127,False,60,direct_mpc_sign,428.2792987179448,1080.3581077759438,0.0,0.0,0.056179775280898875,0.18847106059026317,0.01494049999746494,0.9771737769531228,0.0009053094659850981,feasible_mode_library_upper_bound,5223.28135,5036.585085413929,186.69626458607127,False,60,direct_mpc_sign,428.2792987179448,1080.3581077759438,0.0,0.0,0.056179775280898875,0.18847106059026317,0.015482332993997261,0.9771737769531228,0.0009053094659850981,0.0,0.0
v2e2_581afa30a65d6a5d08a5,qwen_flash,e2bv2_81797772a8e01dbc87ef,C1,canonical,25585a42d3e84fc078b0e4cb5a0c2b83181d8e3ad3fa926f9a3e526fe5c105ba,5625.0,False,5600.3,global_distance_optimum_lp_integral_distance_focus,global_distance_optimum_lp_integral,5601.250005124836,5601.25,5.124836206960026e-06,True,0,lp_relaxation,23.7501,259.8925550768931,0.0,0.0,0.0,,0.02156570801162161,7.214478779021704,0.028552056770120664,global_distance_optimum_lp_integral,5601.250005124836,5601.25,5.124836206960026e-06,True,0,lp_relaxation,23.7501,259.8925550768931,0.0,0.0,0.0,,0.021126125007867813,7.214478779021704,0.028552056770120664,0.0,0.0
v2e2_581afa30a65d6a5d08a5,qwen_flash,e2bv2_81797772a8e01dbc87ef,C2,canonical,25585a42d3e84fc078b0e4cb5a0c2b83181d8e3ad3fa926f9a3e526fe5c105ba,5625.0,False,5600.3,global_distance_optimum_lp_integral_distance_focus,global_distance_optimum_lp_integral,5601.250005124836,5601.25,5.124836206960026e-06,True,0,lp_relaxation,23.7501,259.8925550768931,0.0,0.0,0.0,,0.02156570801162161,7.214478779021704,0.028552056770120664,global_distance_optimum_lp_integral,5601.250005124836,5601.25,5.124836206960026e-06,True,0,lp_relaxation,23.7501,259.8925550768931,0.0,0.0,0.0,,0.021126125007867813,7.214478779021704,0.028552056770120664,0.0,0.0
v2e2_581afa30a65d6a5d08a5,qwen_flash,e2bv2_81797772a8e01dbc87ef,S1,stale,25585a42d3e84fc078b0e4cb5a0c2b83181d8e3ad3fa926f9a3e526fe5c105ba,5625.0,False,5600.3,global_distance_optimum_lp_integral_distance_focus,global_distance_optimum_lp_integral,5601.250005124836,5601.25,5.124836206960026e-06,True,0,lp_relaxation,23.7501,259.8925550768931,0.0,0.0,0.0,,0.02156570801162161,7.214478779021704,0.028552056770120664,global_distance_optimum_lp_integral,5601.250005124836,5601.25,5.124836206960026e-06,True,0,lp_relaxation,23.7501,259.8925550768931,0.0,0.0,0.0,,0.021126125007867813,7.214478779021704,0.028552056770120664,0.0,0.0
v2e2_581afa30a65d6a5d08a5,qwen_flash,e2bv2_81797772a8e01dbc87ef,S2,stale,25585a42d3e84fc078b0e4cb5a0c2b83181d8e3ad3fa926f9a3e526fe5c105ba,5625.0,False,5600.3,global_distance_optimum_lp_integral_distance_focus,global_distance_optimum_lp_integral,5601.250005124836,5601.25,5.124836206960026e-06,True,0,lp_relaxation,23.7501,259.8925550768931,0.0,0.0,0.0,,0.02156570801162161,7.214478779021704,0.028552056770120664,global_distance_optimum_lp_integral,5601.250005124836,5601.25,5.124836206960026e-06,True,0,lp_relaxation,23.7501,259.8925550768931,0.0,0.0,0.0,,0.021126125007867813,7.214478779021704,0.028552056770120664,0.0,0.0
v2e2_599ab783e7af2d598059,qwen_flash,e2bv2_a24bcd647a4e8fc6506e,C1,canonical,359431def63e4accc9a1d47633a3ddb3ca4424654a7c667dd1cfd15872376319,5687.5,False,5712.763163019573,global_distance_optimum_lp_integral_distance_focus,global_distance_optimum_lp_integral,5713.81579459852,5713.815789473684,5.124836206960026e-06,True,0,lp_relaxation,26.315889473684212,332.5212610196547,0.0,0.0,0.0,,0.02241725000203587,1.0272076507636143,0.0030987211997450938,global_distance_optimum_lp_integral,5713.81579459852,5713.815789473684,5.124836206960026e-06,True,0,lp_relaxation,26.315889473684212,332.5212610196547,0.0,0.0,0.0,,0.022827832988696173,1.0272076507636143,0.0030987211997450938,0.0,0.0
v2e2_599ab783e7af2d598059,qwen_flash,e2bv2_a24bcd647a4e8fc6506e,C2,canonical,359431def63e4accc9a1d47633a3ddb3ca4424654a7c667dd1cfd15872376319,5687.5,False,5712.763163019573,global_distance_optimum_lp_integral_distance_focus,global_distance_optimum_lp_integral,5713.81579459852,5713.815789473684,5.124836206960026e-06,True,0,lp_relaxation,26.315889473684212,332.5212610196547,0.0,0.0,0.0,,0.02241725000203587,1.0272076507636143,0.0030987211997450938,global_distance_optimum_lp_integral,5713.81579459852,5713.815789473684,5.124836206960026e-06,True,0,lp_relaxation,26.315889473684212,332.5212610196547,0.0,0.0,0.0,,0.022827832988696173,1.0272076507636143,0.0030987211997450938,0.0,0.0
v2e2_599ab783e7af2d598059,qwen_flash,e2bv2_a24bcd647a4e8fc6506e,S1,stale,359431def63e4accc9a1d47633a3ddb3ca4424654a7c667dd1cfd15872376319,5687.5,False,5712.763163019573,global_distance_optimum_lp_integral_distance_focus,global_distance_optimum_lp_integral,5713.81579459852,5713.815789473684,5.124836206960026e-06,True,0,lp_relaxation,26.315889473684212,332.5212610196547,0.0,0.0,0.0,,0.02241725000203587,1.0272076507636143,0.0030987211997450938,global_distance_optimum_lp_integral,5713.81579459852,5713.815789473684,5.124836206960026e-06,True,0,lp_relaxation,26.315889473684212,332.5212610196547,0.0,0.0,0.0,,0.022827832988696173,1.0272076507636143,0.0030987211997450938,0.0,0.0
v2e2_599ab783e7af2d598059,qwen_flash,e2bv2_a24bcd647a4e8fc6506e,S2,stale,359431def63e4accc9a1d47633a3ddb3ca4424654a7c667dd1cfd15872376319,5687.5,False,5712.763163019573,global_distance_optimum_lp_integral_distance_focus,global_distance_optimum_lp_integral,5713.81579459852,5713.815789473684,5.124836206960026e-06,True,0,lp_relaxation,26.315889473684212,332.5212610196547,0.0,0.0,0.0,,0.02241725000203587,1.0272076507636143,0.0030987211997450938,global_distance_optimum_lp_integral,5713.81579459852,5713.815789473684,5.124836206960026e-06,True,0,lp_relaxation,26.315889473684212,332.5212610196547,0.0,0.0,0.0,,0.022827832988696173,1.0272076507636143,0.0030987211997450938,0.0,0.0
v2e2_6044c2cf8efb739eb457,qwen_flash,e2bv2_4d1e188bc7400748c353,C1,canonical,359431def63e4accc9a1d47633a3ddb3ca4424654a7c667dd1cfd15872376319,5687.5,False,5662.8,global_distance_optimum_lp_integral_distance_focus,global_distance_optimum_lp_integral,5663.750005124835,5663.75,5.124835297465324e-06,True,0,lp_relaxation,23.7501,707.4051783332858,0.0,0.0,0.0,,0.022235874988837168,2.3634820041032754,0.003352258478340791,global_distance_optimum_lp_integral,5663.750005124835,5663.75,5.124835297465324e-06,True,0,lp_relaxation,23.7501,707.4051783332858,0.0,0.0,0.0,,0.02118845799122937,2.3634820041032754,0.003352258478340791,0.0,0.0
v2e2_6044c2cf8efb739eb457,qwen_flash,e2bv2_4d1e188bc7400748c353,C2,canonical,359431def63e4accc9a1d47633a3ddb3ca4424654a7c667dd1cfd15872376319,5687.5,False,5662.8,global_distance_optimum_lp_integral_distance_focus,global_distance_optimum_lp_integral,5663.750005124835,5663.75,5.124835297465324e-06,True,0,lp_relaxation,23.7501,707.4051783332858,0.0,0.0,0.0,,0.022235874988837168,2.3634820041032754,0.003352258478340791,global_distance_optimum_lp_integral,5663.750005124835,5663.75,5.124835297465324e-06,True,0,lp_relaxation,23.7501,707.4051783332858,0.0,0.0,0.0,,0.02118845799122937,2.3634820041032754,0.003352258478340791,0.0,0.0
v2e2_6044c2cf8efb739eb457,qwen_flash,e2bv2_4d1e188bc7400748c353,S1,stale,359431def63e4accc9a1d47633a3ddb3ca4424654a7c667dd1cfd15872376319,5687.5,False,5662.8,global_distance_optimum_lp_integral_distance_focus,global_distance_optimum_lp_integral,5663.750005124835,5663.75,5.124835297465324e-06,True,0,lp_relaxation,23.7501,707.4051783332858,0.0,0.0,0.0,,0.022235874988837168,2.3634820041032754,0.003352258478340791,global_distance_optimum_lp_integral,5663.750005124835,5663.75,5.124835297465324e-06,True,0,lp_relaxation,23.7501,707.4051783332858,0.0,0.0,0.0,,0.02118845799122937,2.3634820041032754,0.003352258478340791,0.0,0.0
v2e2_6044c2cf8efb739eb457,qwen_flash,e2bv2_4d1e188bc7400748c353,S2,stale,359431def63e4accc9a1d47633a3ddb3ca4424654a7c667dd1cfd15872376319,5687.5,False,5662.8,global_distance_optimum_lp_integral_distance_focus,global_distance_optimum_lp_integral,5663.750005124835,5663.75,5.124835297465324e-06,True,0,lp_relaxation,23.7501,707.4051783332858,0.0,0.0,0.0,,0.022235874988837168,2.3634820041032754,0.003352258478340791,global_distance_optimum_lp_integral,5663.750005124835,5663.75,5.124835297465324e-06,True,0,lp_relaxation,23.7501,707.4051783332858,0.0,0.0,0.0,,0.02118845799122937,2.3634820041032754,0.003352258478340791,0.0,0.0
v2e2_689fd81bd1f3eec1e27d,qwen_flash,e2bv2_0787415782c7e9d8edc2,C1,canonical,224dfd5f87217678aa3dbcc7eb1673392848d77a2e60030a4038b59853d99975,3075.0,False,3231.8421103879937,global_distance_optimum_lp_integral_distance_focus,global_distance_optimum_lp_integral,3232.894741966941,3232.8947368421054,5.124835752212675e-06,True,0,lp_relaxation,157.89483684210526,369.4788048450823,0.0,0.0,0.0,,0.01335187497898005,0.4218140246530311,0.0011429509131240698,global_distance_optimum_lp_integral,3232.894741966941,3232.8947368421054,5.124835752212675e-06,True,0,lp_relaxation,157.89483684210526,369.4788048450823,0.0,0.0,0.0,,0.01556933400570415,0.4218140246530311,0.0011429509131240698,0.0,0.0
v2e2_689fd81bd1f3eec1e27d,qwen_flash,e2bv2_0787415782c7e9d8edc2,C2,canonical,224dfd5f87217678aa3dbcc7eb1673392848d77a2e60030a4038b59853d99975,3075.0,False,3231.8421103879937,global_distance_optimum_lp_integral_distance_focus,global_distance_optimum_lp_integral,3232.894741966941,3232.8947368421054,5.124835752212675e-06,True,0,lp_relaxation,157.89483684210526,369.4788048450823,0.0,0.0,0.0,,0.01335187497898005,0.4218140246530311,0.0011429509131240698,global_distance_optimum_lp_integral,3232.894741966941,3232.8947368421054,5.124835752212675e-06,True,0,lp_relaxation,157.89483684210526,369.4788048450823,0.0,0.0,0.0,,0.01556933400570415,0.4218140246530311,0.0011429509131240698,0.0,0.0
v2e2_689fd81bd1f3eec1e27d,qwen_flash,e2bv2_0787415782c7e9d8edc2,S1,stale,224dfd5f87217678aa3dbcc7eb1673392848d77a2e60030a4038b59853d99975,3075.0,False,3231.8421103879937,global_distance_optimum_lp_integral_distance_focus,global_distance_optimum_lp_integral,3232.894741966941,3232.8947368421054,5.124835752212675e-06,True,0,lp_relaxation,157.89483684210526,369.4788048450823,0.0,0.0,0.0,,0.01335187497898005,0.4218140246530311,0.0011429509131240698,global_distance_optimum_lp_integral,3232.894741966941,3232.8947368421054,5.124835752212675e-06,True,0,lp_relaxation,157.89483684210526,369.4788048450823,0.0,0.0,0.0,,0.01556933400570415,0.4218140246530311,0.0011429509131240698,0.0,0.0
v2e2_689fd81bd1f3eec1e27d,qwen_flash,e2bv2_0787415782c7e9d8edc2,S2,stale,224dfd5f87217678aa3dbcc7eb1673392848d77a2e60030a4038b59853d99975,3075.0,False,3231.8421103879937,global_distance_optimum_lp_integral_distance_focus,global_distance_optimum_lp_integral,3232.894741966941,3232.8947368421054,5.124835752212675e-06,True,0,lp_relaxation,157.89483684210526,369.4788048450823,0.0,0.0,0.0,,0.01335187497898005,0.4218140246530311,0.0011429509131240698,global_distance_optimum_lp_integral,3232.894741966941,3232.8947368421054,5.124835752212675e-06,True,0,lp_relaxation,157.89483684210526,369.4788048450823,0.0,0.0,0.0,,0.01556933400570415,0.4218140246530311,0.0011429509131240698,0.0,0.0
v2e2_68ad1227a66cd68252f6,qwen_flash,e2bv2_824b8d60fb00d509e601,C1,canonical,01835ca016b6607eda94cb8ff102b2cad69b4a1cb53b69f7d0ebcbc5963fd2b6,3450.0,False,3606.842105263158,global_distance_optimum_lp_integral_distance_focus,global_distance_optimum_lp_integral,3607.894736842105,3607.8947368421054,0.0,True,0,lp_relaxation,157.89473684210526,489.48749045991536,0.0,0.0,0.0,,0.015290417009964585,0.0,0.0,global_distance_optimum_lp_integral,3607.894736842105,3607.8947368421054,0.0,True,0,lp_relaxation,157.89473684210526,489.48749045991536,0.0,0.0,0.0,,0.016112082987092435,0.0,0.0,0.0,0.0
v2e2_68ad1227a66cd68252f6,qwen_flash,e2bv2_824b8d60fb00d509e601,C2,canonical,01835ca016b6607eda94cb8ff102b2cad69b4a1cb53b69f7d0ebcbc5963fd2b6,3450.0,False,3606.842105263158,global_distance_optimum_lp_integral_distance_focus,global_distance_optimum_lp_integral,3607.894736842105,3607.8947368421054,0.0,True,0,lp_relaxation,157.89473684210526,489.48749045991536,0.0,0.0,0.0,,0.015290417009964585,0.0,0.0,global_distance_optimum_lp_integral,3607.894736842105,3607.8947368421054,0.0,True,0,lp_relaxation,157.89473684210526,489.48749045991536,0.0,0.0,0.0,,0.016112082987092435,0.0,0.0,0.0,0.0
v2e2_68ad1227a66cd68252f6,qwen_flash,e2bv2_824b8d60fb00d509e601,S1,stale,01835ca016b6607eda94cb8ff102b2cad69b4a1cb53b69f7d0ebcbc5963fd2b6,3450.0,False,3606.842105263158,global_distance_optimum_lp_integral_distance_focus,global_distance_optimum_lp_integral,3607.894736842105,3607.8947368421054,0.0,True,0,lp_relaxation,157.89473684210526,489.48749045991536,0.0,0.0,0.0,,0.015290417009964585,0.0,0.0,global_distance_optimum_lp_integral,3607.894736842105,3607.8947368421054,0.0,True,0,lp_relaxation,157.89473684210526,489.48749045991536,0.0,0.0,0.0,,0.016112082987092435,0.0,0.0,0.0,0.0
v2e2_68ad1227a66cd68252f6,qwen_flash,e2bv2_824b8d60fb00d509e601,S2,stale,01835ca016b6607eda94cb8ff102b2cad69b4a1cb53b69f7d0ebcbc5963fd2b6,3450.0,False,3606.842105263158,global_distance_optimum_lp_integral_distance_focus,global_distance_optimum_lp_integral,3607.894736842105,3607.8947368421054,0.0,True,0,lp_relaxation,157.89473684210526,489.48749045991536,0.0,0.0,0.0,,0.015290417009964585,0.0,0.0,global_distance_optimum_lp_integral,3607.894736842105,3607.8947368421054,0.0,True,0,lp_relaxation,157.89473684210526,489.48749045991536,0.0,0.0,0.0,,0.016112082987092435,0.0,0.0,0.0,0.0
v2e2_729fd4e9cb1879f64d23,qwen_flash,e2bv2_ddf16423183fa6d22495,C1,canonical,224dfd5f87217678aa3dbcc7eb1673392848d77a2e60030a4038b59853d99975,3075.0,False,3205.5263209143095,global_distance_optimum_lp_integral_distance_focus,global_distance_optimum_lp_integral,3206.578952493257,3206.5789473684213,5.124835752212675e-06,True,0,lp_relaxation,131.57904736842104,506.3481567904443,0.0,0.0,0.0,,0.014107666997006163,0.965996719156692,0.0019114183195948816,global_distance_optimum_lp_integral,3206.578952493257,3206.5789473684213,5.124835752212675e-06,True,0,lp_relaxation,131.57904736842104,506.3481567904443,0.0,0.0,0.0,,0.01496329199289903,0.965996719156692,0.0019114183195948816,0.0,0.0
v2e2_729fd4e9cb1879f64d23,qwen_flash,e2bv2_ddf16423183fa6d22495,C2,canonical,224dfd5f87217678aa3dbcc7eb1673392848d77a2e60030a4038b59853d99975,3075.0,False,3205.5263209143095,global_distance_optimum_lp_integral_distance_focus,global_distance_optimum_lp_integral,3206.578952493257,3206.5789473684213,5.124835752212675e-06,True,0,lp_relaxation,131.57904736842104,506.3481567904443,0.0,0.0,0.0,,0.014107666997006163,0.965996719156692,0.0019114183195948816,global_distance_optimum_lp_integral,3206.578952493257,3206.5789473684213,5.124835752212675e-06,True,0,lp_relaxation,131.57904736842104,506.3481567904443,0.0,0.0,0.0,,0.01496329199289903,0.965996719156692,0.0019114183195948816,0.0,0.0
v2e2_729fd4e9cb1879f64d23,qwen_flash,e2bv2_ddf16423183fa6d22495,S1,stale,224dfd5f87217678aa3dbcc7eb1673392848d77a2e60030a4038b59853d99975,3075.0,False,3205.5263209143095,global_distance_optimum_lp_integral_distance_focus,global_distance_optimum_lp_integral,3206.578952493257,3206.5789473684213,5.124835752212675e-06,True,0,lp_relaxation,131.57904736842104,506.3481567904443,0.0,0.0,0.0,,0.014107666997006163,0.965996719156692,0.0019114183195948816,global_distance_optimum_lp_integral,3206.578952493257,3206.5789473684213,5.124835752212675e-06,True,0,lp_relaxation,131.57904736842104,506.3481567904443,0.0,0.0,0.0,,0.01496329199289903,0.965996719156692,0.0019114183195948816,0.0,0.0
v2e2_729fd4e9cb1879f64d23,qwen_flash,e2bv2_ddf16423183fa6d22495,S2,stale,f4a4b81835e6e7565b7f2302089f1ec2ac95da18ee5c3abe3884de159a6ad559,5125.0,False,5255.5263209143095,global_distance_optimum_lp_integral_distance_focus,global_distance_optimum_lp_integral,5256.578952493257,5256.578947368421,5.124836206960026e-06,True,0,lp_relaxation,131.57904736842104,506.3481567904443,0.0,0.0,0.0,,0.019540124980267137,0.965996719156692,0.0019114183195948816,global_distance_optimum_lp_integral,5256.578952493257,5256.578947368421,5.124836206960026e-06,True,0,lp_relaxation,131.57904736842104,506.3481567904443,0.0,0.0,0.0,,0.01826416701078415,0.965996719156692,0.0019114183195948816,0.0,0.0
v2e2_7778cc641046e1b0a2cd,qwen_flash,e2bv2_55198653b0763541ca2b,C1,canonical,224dfd5f87217678aa3dbcc7eb1673392848d77a2e60030a4038b59853d99975,3075.0,False,3231.8421103879937,global_distance_optimum_lp_integral_distance_focus,global_distance_optimum_lp_integral,3232.894741966941,3232.8947368421054,5.124835752212675e-06,True,0,lp_relaxation,157.89483684210526,424.8554287375644,0.0,0.0,0.0,,0.014278124988777563,0.22897003802290783,0.0005392269683904063,global_distance_optimum_lp_integral,3232.894741966941,3232.8947368421054,5.124835752212675e-06,True,0,lp_relaxation,157.89483684210526,424.8554287375644,0.0,0.0,0.0,,0.01496258398401551,0.22897003802290783,0.0005392269683904063,0.0,0.0
v2e2_7778cc641046e1b0a2cd,qwen_flash,e2bv2_55198653b0763541ca2b,C2,canonical,224dfd5f87217678aa3dbcc7eb1673392848d77a2e60030a4038b59853d99975,3075.0,False,3231.8421103879937,global_distance_optimum_lp_integral_distance_focus,global_distance_optimum_lp_integral,3232.894741966941,3232.8947368421054,5.124835752212675e-06,True,0,lp_relaxation,157.89483684210526,424.8554287375644,0.0,0.0,0.0,,0.014278124988777563,0.22897003802290783,0.0005392269683904063,global_distance_optimum_lp_integral,3232.894741966941,3232.8947368421054,5.124835752212675e-06,True,0,lp_relaxation,157.89483684210526,424.8554287375644,0.0,0.0,0.0,,0.01496258398401551,0.22897003802290783,0.0005392269683904063,0.0,0.0
v2e2_7778cc641046e1b0a2cd,qwen_flash,e2bv2_55198653b0763541ca2b,S1,stale,224dfd5f87217678aa3dbcc7eb1673392848d77a2e60030a4038b59853d99975,3075.0,False,3231.8421103879937,global_distance_optimum_lp_integral_distance_focus,global_distance_optimum_lp_integral,3232.894741966941,3232.8947368421054,5.124835752212675e-06,True,0,lp_relaxation,157.89483684210526,424.8554287375644,0.0,0.0,0.0,,0.014278124988777563,0.22897003802290783,0.0005392269683904063,global_distance_optimum_lp_integral,3232.894741966941,3232.8947368421054,5.124835752212675e-06,True,0,lp_relaxation,157.89483684210526,424.8554287375644,0.0,0.0,0.0,,0.01496258398401551,0.22897003802290783,0.0005392269683904063,0.0,0.0
v2e2_7778cc641046e1b0a2cd,qwen_flash,e2bv2_55198653b0763541ca2b,S2,stale,224dfd5f87217678aa3dbcc7eb1673392848d77a2e60030a4038b59853d99975,3075.0,False,3231.8421103879937,global_distance_optimum_lp_integral_distance_focus,global_distance_optimum_lp_integral,3232.894741966941,3232.8947368421054,5.124835752212675e-06,True,0,lp_relaxation,157.89483684210526,424.8554287375644,0.0,0.0,0.0,,0.014278124988777563,0.22897003802290783,0.0005392269683904063,global_distance_optimum_lp_integral,3232.894741966941,3232.8947368421054,5.124835752212675e-06,True,0,lp_relaxation,157.89483684210526,424.8554287375644,0.0,0.0,0.0,,0.01496258398401551,0.22897003802290783,0.0005392269683904063,0.0,0.0
v2e2_7b2e0628b0d7b7a4badd,qwen_flash,e2bv2_473314a8a15ab0e70264,C1,canonical,01835ca016b6607eda94cb8ff102b2cad69b4a1cb53b69f7d0ebcbc5963fd2b6,3450.0,False,3425.3,global_distance_optimum_lp_integral_distance_focus,global_distance_optimum_lp_integral,3426.2500051248358,3426.25,5.124835752212675e-06,True,0,lp_relaxation,23.7501,291.8389621003977,0.0,0.0,0.0,,0.015070916997501627,13.452825300709833,0.048324336317040764,global_distance_optimum_lp_integral,3426.2500051248358,3426.25,5.124835752212675e-06,True,0,lp_relaxation,23.7501,291.8389621003977,0.0,0.0,0.0,,0.01656841699150391,13.452825300709833,0.048324336317040764,0.0,0.0
v2e2_7b2e0628b0d7b7a4badd,qwen_flash,e2bv2_473314a8a15ab0e70264,C2,canonical,01835ca016b6607eda94cb8ff102b2cad69b4a1cb53b69f7d0ebcbc5963fd2b6,3450.0,False,3425.3,global_distance_optimum_lp_integral_distance_focus,global_distance_optimum_lp_integral,3426.2500051248358,3426.25,5.124835752212675e-06,True,0,lp_relaxation,23.7501,291.8389621003977,0.0,0.0,0.0,,0.015070916997501627,13.452825300709833,0.048324336317040764,global_distance_optimum_lp_integral,3426.2500051248358,3426.25,5.124835752212675e-06,True,0,lp_relaxation,23.7501,291.8389621003977,0.0,0.0,0.0,,0.01656841699150391,13.452825300709833,0.048324336317040764,0.0,0.0
v2e2_7b2e0628b0d7b7a4badd,qwen_flash,e2bv2_473314a8a15ab0e70264,S1,stale,01835ca016b6607eda94cb8ff102b2cad69b4a1cb53b69f7d0ebcbc5963fd2b6,3450.0,False,3425.3,global_distance_optimum_lp_integral_distance_focus,global_distance_optimum_lp_integral,3426.2500051248358,3426.25,5.124835752212675e-06,True,0,lp_relaxation,23.7501,291.8389621003977,0.0,0.0,0.0,,0.015070916997501627,13.452825300709833,0.048324336317040764,global_distance_optimum_lp_integral,3426.2500051248358,3426.25,5.124835752212675e-06,True,0,lp_relaxation,23.7501,291.8389621003977,0.0,0.0,0.0,,0.01656841699150391,13.452825300709833,0.048324336317040764,0.0,0.0
v2e2_7b2e0628b0d7b7a4badd,qwen_flash,e2bv2_473314a8a15ab0e70264,S2,stale,01835ca016b6607eda94cb8ff102b2cad69b4a1cb53b69f7d0ebcbc5963fd2b6,3450.0,False,3425.3,global_distance_optimum_lp_integral_distance_focus,global_distance_optimum_lp_integral,3426.2500051248358,3426.25,5.124835752212675e-06,True,0,lp_relaxation,23.7501,291.8389621003977,0.0,0.0,0.0,,0.015070916997501627,13.452825300709833,0.048324336317040764,global_distance_optimum_lp_integral,3426.2500051248358,3426.25,5.124835752212675e-06,True,0,lp_relaxation,23.7501,291.8389621003977,0.0,0.0,0.0,,0.01656841699150391,13.452825300709833,0.048324336317040764,0.0,0.0
v2e2_7e727667efa4e288ccd0,qwen_flash,e2bv2_9d2cf788ff84007a5859,C1,canonical,9c6fcfdb9267b35bde98c424821d64d64c9dfe98c536f09151920b31e6303e05,312.79999999999984,False,443.32632091430935,global_distance_optimum_lp_integral_distance_focus,global_distance_optimum_lp_integral,444.3789524932567,444.37894736842094,5.124835752212675e-06,True,0,lp_relaxation,131.57904736842104,468.1601546569039,0.0,0.0,0.0,,0.016022333002183586,16.154334704668088,0.03573921837195623,global_distance_optimum_lp_integral,444.3789524932567,444.37894736842094,5.124835752212675e-06,True,0,lp_relaxation,131.57904736842104,468.1601546569039,0.0,0.0,0.0,,0.01629195801797323,16.154334704668088,0.03573921837195623,0.0,0.0
v2e2_7e727667efa4e288ccd0,qwen_flash,e2bv2_9d2cf788ff84007a5859,C2,canonical,01835ca016b6607eda94cb8ff102b2cad69b4a1cb53b69f7d0ebcbc5963fd2b6,3450.0,False,3580.5263209143095,global_distance_optimum_lp_integral_distance_focus,global_distance_optimum_lp_integral,3581.578952493257,3581.5789473684213,5.124835752212675e-06,True,0,lp_relaxation,131.57904736842104,468.16015465690396,0.0,0.0,0.0,,0.015058582997880876,16.154334704668145,0.03573921837195636,global_distance_optimum_lp_integral,3581.578952493257,3581.5789473684213,5.124835752212675e-06,True,0,lp_relaxation,131.57904736842104,468.16015465690396,0.0,0.0,0.0,,0.015785957977641374,16.154334704668145,0.03573921837195636,0.0,0.0
v2e2_7e727667efa4e288ccd0,qwen_flash,e2bv2_9d2cf788ff84007a5859,S1,stale,01835ca016b6607eda94cb8ff102b2cad69b4a1cb53b69f7d0ebcbc5963fd2b6,3450.0,False,3580.5263209143095,global_distance_optimum_lp_integral_distance_focus,global_distance_optimum_lp_integral,3581.578952493257,3581.5789473684213,5.124835752212675e-06,True,0,lp_relaxation,131.57904736842104,468.16015465690396,0.0,0.0,0.0,,0.015058582997880876,16.154334704668145,0.03573921837195636,global_distance_optimum_lp_integral,3581.578952493257,3581.5789473684213,5.124835752212675e-06,True,0,lp_relaxation,131.57904736842104,468.16015465690396,0.0,0.0,0.0,,0.015785957977641374,16.154334704668145,0.03573921837195636,0.0,0.0
v2e2_7e727667efa4e288ccd0,qwen_flash,e2bv2_9d2cf788ff84007a5859,S2,stale,37f012e126dba8590f86fe9b94fec8cf215ad9c54bbcc0074c14a51ac57e9906,345.0,False,475.5263209143094,global_distance_optimum_lp_integral_distance_focus,global_distance_optimum_lp_integral,476.5789524932568,476.57894736842104,5.124835752212675e-06,True,0,lp_relaxation,131.57904736842104,468.1601546569039,0.0,0.0,0.0,,0.015288041991880164,16.154334704668088,0.03573921837195623,global_distance_optimum_lp_integral,476.5789524932568,476.57894736842104,5.124835752212675e-06,True,0,lp_relaxation,131.57904736842104,468.1601546569039,0.0,0.0,0.0,,0.01581045801867731,16.154334704668088,0.03573921837195623,0.0,0.0
v2e2_7f938d120000eec26457,qwen_flash,e2bv2_50fd1b478910d5944f98,C1,canonical,defe03250cd56fbc03a01b36cd77cb7f720aa0ac6411126baef0622ab7a9e7a9,5500.0,False,5656.842110387994,global_distance_optimum_lp_integral_distance_focus,global_distance_optimum_lp_integral,5657.894741966941,5657.894736842105,5.124836206960026e-06,True,0,lp_relaxation,157.89483684210526,276.242228825597,0.0,0.0,0.0,,0.0202045000041835,4.432562301534688,0.016307596261085473,global_distance_optimum_lp_integral,5657.894741966941,5657.894736842105,5.124836206960026e-06,True,0,lp_relaxation,157.89483684210526,276.242228825597,0.0,0.0,0.0,,0.021767208992969245,4.432562301534688,0.016307596261085473,0.0,0.0
v2e2_7f938d120000eec26457,qwen_flash,e2bv2_50fd1b478910d5944f98,C2,canonical,defe03250cd56fbc03a01b36cd77cb7f720aa0ac6411126baef0622ab7a9e7a9,5500.0,False,5656.842110387994,global_distance_optimum_lp_integral_distance_focus,global_distance_optimum_lp_integral,5657.894741966941,5657.894736842105,5.124836206960026e-06,True,0,lp_relaxation,157.89483684210526,276.242228825597,0.0,0.0,0.0,,0.0202045000041835,4.432562301534688,0.016307596261085473,global_distance_optimum_lp_integral,5657.894741966941,5657.894736842105,5.124836206960026e-06,True,0,lp_relaxation,157.89483684210526,276.242228825597,0.0,0.0,0.0,,0.021767208992969245,4.432562301534688,0.016307596261085473,0.0,0.0
v2e2_7f938d120000eec26457,qwen_flash,e2bv2_50fd1b478910d5944f98,S1,stale,ab41adf277f70c3453dca5f9338fdd54d7357ffe975641933a0594c15673b1f0,5500.0,False,4870.536942105263,feasible_mode_library_upper_bound_distance_focus,feasible_mode_library_upper_bound,4871.486942105264,4828.195466491458,43.29147561380523,False,14,raw_sign_with_mpc_zero_anchor,628.5130578947364,273.0470854026768,0.0,0.0,0.10227272727272728,0.4827780183090517,0.018095792009262368,1.2374188786145055,0.004552519762960532,feasible_mode_library_upper_bound,4871.486942105264,4828.195466491458,43.29147561380523,False,14,raw_sign_with_mpc_zero_anchor,628.5130578947364,273.0470854026768,0.0,0.0,0.10227272727272728,0.4827780183090517,0.020720958011224866,1.2374188786145055,0.004552519762960532,0.0,0.0
v2e2_7f938d120000eec26457,qwen_flash,e2bv2_50fd1b478910d5944f98,S2,stale,defe03250cd56fbc03a01b36cd77cb7f720aa0ac6411126baef0622ab7a9e7a9,5500.0,False,5656.842110387994,global_distance_optimum_lp_integral_distance_focus,global_distance_optimum_lp_integral,5657.894741966941,5657.894736842105,5.124836206960026e-06,True,0,lp_relaxation,157.89483684210526,276.242228825597,0.0,0.0,0.0,,0.0202045000041835,4.432562301534688,0.016307596261085473,global_distance_optimum_lp_integral,5657.894741966941,5657.894736842105,5.124836206960026e-06,True,0,lp_relaxation,157.89483684210526,276.242228825597,0.0,0.0,0.0,,0.021767208992969245,4.432562301534688,0.016307596261085473,0.0,0.0
v2e2_8e9a9550f230c7b3cff3,qwen_flash,e2bv2_f483b1e570bed21999a2,C1,canonical,01835ca016b6607eda94cb8ff102b2cad69b4a1cb53b69f7d0ebcbc5963fd2b6,3450.0,False,3606.8421103879937,global_distance_optimum_lp_integral_distance_focus,global_distance_optimum_lp_integral,3607.894741966941,3607.8947368421054,5.124835752212675e-06,True,0,lp_relaxation,157.89483684210526,299.3494776292558,0.0,0.0,0.0,,0.016117457998916507,7.456320067814886,0.025544689468253116,global_distance_optimum_lp_integral,3607.894741966941,3607.8947368421054,5.124835752212675e-06,True,0,lp_relaxation,157.89483684210526,299.3494776292558,0.0,0.0,0.0,,0.01497225000639446,7.456320067814943,0.025544689468253313,0.0,0.0
v2e2_8e9a9550f230c7b3cff3,qwen_flash,e2bv2_f483b1e570bed21999a2,C2,canonical,01835ca016b6607eda94cb8ff102b2cad69b4a1cb53b69f7d0ebcbc5963fd2b6,3450.0,False,3606.8421103879937,global_distance_optimum_lp_integral_distance_focus,global_distance_optimum_lp_integral,3607.894741966941,3607.8947368421054,5.124835752212675e-06,True,0,lp_relaxation,157.89483684210526,299.3494776292558,0.0,0.0,0.0,,0.016117457998916507,7.456320067814886,0.025544689468253116,global_distance_optimum_lp_integral,3607.894741966941,3607.8947368421054,5.124835752212675e-06,True,0,lp_relaxation,157.89483684210526,299.3494776292558,0.0,0.0,0.0,,0.01497225000639446,7.456320067814943,0.025544689468253313,0.0,0.0
v2e2_8e9a9550f230c7b3cff3,qwen_flash,e2bv2_f483b1e570bed21999a2,S1,stale,01835ca016b6607eda94cb8ff102b2cad69b4a1cb53b69f7d0ebcbc5963fd2b6,3450.0,False,3606.8421103879937,global_distance_optimum_lp_integral_distance_focus,global_distance_optimum_lp_integral,3607.894741966941,3607.8947368421054,5.124835752212675e-06,True,0,lp_relaxation,157.89483684210526,299.3494776292558,0.0,0.0,0.0,,0.016117457998916507,7.456320067814886,0.025544689468253116,global_distance_optimum_lp_integral,3607.894741966941,3607.8947368421054,5.124835752212675e-06,True,0,lp_relaxation,157.89483684210526,299.3494776292558,0.0,0.0,0.0,,0.01497225000639446,7.456320067814943,0.025544689468253313,0.0,0.0
v2e2_8e9a9550f230c7b3cff3,qwen_flash,e2bv2_f483b1e570bed21999a2,S2,stale,01835ca016b6607eda94cb8ff102b2cad69b4a1cb53b69f7d0ebcbc5963fd2b6,3450.0,False,3606.8421103879937,global_distance_optimum_lp_integral_distance_focus,global_distance_optimum_lp_integral,3607.894741966941,3607.8947368421054,5.124835752212675e-06,True,0,lp_relaxation,157.89483684210526,299.3494776292558,0.0,0.0,0.0,,0.016117457998916507,7.456320067814886,0.025544689468253116,global_distance_optimum_lp_integral,3607.894741966941,3607.8947368421054,5.124835752212675e-06,True,0,lp_relaxation,157.89483684210526,299.3494776292558,0.0,0.0,0.0,,0.01497225000639446,7.456320067814943,0.025544689468253313,0.0,0.0
v2e2_90357feca5a42c2b5eee,qwen_flash,e2bv2_65cf1d41a33763ed48d9,C1,canonical,25585a42d3e84fc078b0e4cb5a0c2b83181d8e3ad3fa926f9a3e526fe5c105ba,5625.0,False,5781.842110387994,global_distance_optimum_lp_integral_distance_focus,global_distance_optimum_lp_integral,5782.894741966941,5782.894736842105,5.124836206960026e-06,True,0,lp_relaxation,157.89483684210526,189.55449544010926,0.0,0.0,0.0,,0.021452957997098565,2.9080425324335977,0.015580486460527893,global_distance_optimum_lp_integral,5782.894741966941,5782.894736842105,5.124836206960026e-06,True,0,lp_relaxation,157.89483684210526,189.55449544010926,0.0,0.0,0.0,,0.022161125001730397,2.9080425324335977,0.015580486460527893,0.0,0.0
v2e2_90357feca5a42c2b5eee,qwen_flash,e2bv2_65cf1d41a33763ed48d9,C2,canonical,25585a42d3e84fc078b0e4cb5a0c2b83181d8e3ad3fa926f9a3e526fe5c105ba,5625.0,False,5781.842110387994,global_distance_optimum_lp_integral_distance_focus,global_distance_optimum_lp_integral,5782.894741966941,5782.894736842105,5.124836206960026e-06,True,0,lp_relaxation,157.89483684210526,189.55449544010926,0.0,0.0,0.0,,0.021452957997098565,2.9080425324335977,0.015580486460527893,global_distance_optimum_lp_integral,5782.894741966941,5782.894736842105,5.124836206960026e-06,True,0,lp_relaxation,157.89483684210526,189.55449544010926,0.0,0.0,0.0,,0.022161125001730397,2.9080425324335977,0.015580486460527893,0.0,0.0
v2e2_90357feca5a42c2b5eee,qwen_flash,e2bv2_65cf1d41a33763ed48d9,S1,stale,25585a42d3e84fc078b0e4cb5a0c2b83181d8e3ad3fa926f9a3e526fe5c105ba,5625.0,False,5781.842110387994,global_distance_optimum_lp_integral_distance_focus,global_distance_optimum_lp_integral,5782.894741966941,5782.894736842105,5.124836206960026e-06,True,0,lp_relaxation,157.89483684210526,189.55449544010926,0.0,0.0,0.0,,0.021452957997098565,2.9080425324335977,0.015580486460527893,global_distance_optimum_lp_integral,5782.894741966941,5782.894736842105,5.124836206960026e-06,True,0,lp_relaxation,157.89483684210526,189.55449544010926,0.0,0.0,0.0,,0.022161125001730397,2.9080425324335977,0.015580486460527893,0.0,0.0
v2e2_90357feca5a42c2b5eee,qwen_flash,e2bv2_65cf1d41a33763ed48d9,S2,stale,25585a42d3e84fc078b0e4cb5a0c2b83181d8e3ad3fa926f9a3e526fe5c105ba,5625.0,False,5781.842110387994,global_distance_optimum_lp_integral_distance_focus,global_distance_optimum_lp_integral,5782.894741966941,5782.894736842105,5.124836206960026e-06,True,0,lp_relaxation,157.89483684210526,189.55449544010926,0.0,0.0,0.0,,0.021452957997098565,2.9080425324335977,0.015580486460527893,global_distance_optimum_lp_integral,5782.894741966941,5782.894736842105,5.124836206960026e-06,True,0,lp_relaxation,157.89483684210526,189.55449544010926,0.0,0.0,0.0,,0.022161125001730397,2.9080425324335977,0.015580486460527893,0.0,0.0
v2e2_a015340abe1151fa1614,qwen_flash,e2bv2_e6d3415e03136200f34b,C1,canonical,16a2936cdeba791552b0f26dbaf6e3b325e588fa4ba73ed399cb0ba7ea7b0f37,3587.5,False,3744.3421103879937,global_distance_optimum_lp_integral_distance_focus,global_distance_optimum_lp_integral,3745.394741966941,3745.3947368421054,5.124835752212675e-06,True,0,lp_relaxation,157.89483684210526,213.47971397619935,0.0,0.0,0.0,,0.014647083007730544,3.1161707171747253,0.014813264070845798,global_distance_optimum_lp_integral,3745.394741966941,3745.3947368421054,5.124835752212675e-06,True,0,lp_relaxation,157.89483684210526,213.47971397619935,0.0,0.0,0.0,,0.014385207992745563,3.1161707171747253,0.014813264070845798,0.0,0.0
v2e2_a015340abe1151fa1614,qwen_flash,e2bv2_e6d3415e03136200f34b,C2,canonical,224dfd5f87217678aa3dbcc7eb1673392848d77a2e60030a4038b59853d99975,3075.0,False,3231.8421103879937,global_distance_optimum_lp_integral_distance_focus,global_distance_optimum_lp_integral,3232.894741966941,3232.8947368421054,5.124835752212675e-06,True,0,lp_relaxation,157.89483684210526,213.47971397619935,0.0,0.0,0.0,,0.014255791989853606,3.1161707171747253,0.014813264070845798,global_distance_optimum_lp_integral,3232.894741966941,3232.8947368421054,5.124835752212675e-06,True,0,lp_relaxation,157.89483684210526,213.47971397619935,0.0,0.0,0.0,,0.014273540989961475,3.1161707171747253,0.014813264070845798,0.0,0.0
v2e2_a015340abe1151fa1614,qwen_flash,e2bv2_e6d3415e03136200f34b,S1,stale,224dfd5f87217678aa3dbcc7eb1673392848d77a2e60030a4038b59853d99975,3075.0,False,3231.8421103879937,global_distance_optimum_lp_integral_distance_focus,global_distance_optimum_lp_integral,3232.894741966941,3232.8947368421054,5.124835752212675e-06,True,0,lp_relaxation,157.89483684210526,213.47971397619935,0.0,0.0,0.0,,0.014255791989853606,3.1161707171747253,0.014813264070845798,global_distance_optimum_lp_integral,3232.894741966941,3232.8947368421054,5.124835752212675e-06,True,0,lp_relaxation,157.89483684210526,213.47971397619935,0.0,0.0,0.0,,0.014273540989961475,3.1161707171747253,0.014813264070845798,0.0,0.0
v2e2_a015340abe1151fa1614,qwen_flash,e2bv2_e6d3415e03136200f34b,S2,stale,224dfd5f87217678aa3dbcc7eb1673392848d77a2e60030a4038b59853d99975,3075.0,False,3231.8421103879937,global_distance_optimum_lp_integral_distance_focus,global_distance_optimum_lp_integral,3232.894741966941,3232.8947368421054,5.124835752212675e-06,True,0,lp_relaxation,157.89483684210526,213.47971397619935,0.0,0.0,0.0,,0.014255791989853606,3.1161707171747253,0.014813264070845798,global_distance_optimum_lp_integral,3232.894741966941,3232.8947368421054,5.124835752212675e-06,True,0,lp_relaxation,157.89483684210526,213.47971397619935,0.0,0.0,0.0,,0.014273540989961475,3.1161707171747253,0.014813264070845798,0.0,0.0
v2e2_a26fd019af93d45104b8,qwen_flash,e2bv2_42d0ed676d84fe8872c3,C1,canonical,17d476114167a1c0bc9d2c2c8b50648412fb019586a84eccf17e07613d4c4bf4,5187.5,False,5212.763163019573,global_distance_optimum_lp_integral_distance_focus,global_distance_optimum_lp_integral,5213.81579459852,5213.815789473684,5.124836206960026e-06,True,0,lp_relaxation,26.315889473684212,160.39321665585229,0.0,0.0,0.0,,0.018348542012972757,5.771046977170954,0.03732354156692863,global_distance_optimum_lp_integral,5213.81579459852,5213.815789473684,5.124836206960026e-06,True,0,lp_relaxation,26.315889473684212,160.39321665585229,0.0,0.0,0.0,,0.020112291997065768,5.771046977170954,0.03732354156692863,0.0,0.0
v2e2_a26fd019af93d45104b8,qwen_flash,e2bv2_42d0ed676d84fe8872c3,C2,canonical,17d476114167a1c0bc9d2c2c8b50648412fb019586a84eccf17e07613d4c4bf4,5187.5,False,5212.763163019573,global_distance_optimum_lp_integral_distance_focus,global_distance_optimum_lp_integral,5213.81579459852,5213.815789473684,5.124836206960026e-06,True,0,lp_relaxation,26.315889473684212,160.39321665585229,0.0,0.0,0.0,,0.018348542012972757,5.771046977170954,0.03732354156692863,global_distance_optimum_lp_integral,5213.81579459852,5213.815789473684,5.124836206960026e-06,True,0,lp_relaxation,26.315889473684212,160.39321665585229,0.0,0.0,0.0,,0.020112291997065768,5.771046977170954,0.03732354156692863,0.0,0.0
v2e2_a26fd019af93d45104b8,qwen_flash,e2bv2_42d0ed676d84fe8872c3,S1,stale,17d476114167a1c0bc9d2c2c8b50648412fb019586a84eccf17e07613d4c4bf4,5187.5,False,5212.763163019573,global_distance_optimum_lp_integral_distance_focus,global_distance_optimum_lp_integral,5213.81579459852,5213.815789473684,5.124836206960026e-06,True,0,lp_relaxation,26.315889473684212,160.39321665585229,0.0,0.0,0.0,,0.018348542012972757,5.771046977170954,0.03732354156692863,global_distance_optimum_lp_integral,5213.81579459852,5213.815789473684,5.124836206960026e-06,True,0,lp_relaxation,26.315889473684212,160.39321665585229,0.0,0.0,0.0,,0.020112291997065768,5.771046977170954,0.03732354156692863,0.0,0.0
v2e2_a26fd019af93d45104b8,qwen_flash,e2bv2_42d0ed676d84fe8872c3,S2,stale,17d476114167a1c0bc9d2c2c8b50648412fb019586a84eccf17e07613d4c4bf4,5187.5,False,5212.763163019573,global_distance_optimum_lp_integral_distance_focus,global_distance_optimum_lp_integral,5213.81579459852,5213.815789473684,5.124836206960026e-06,True,0,lp_relaxation,26.315889473684212,160.39321665585229,0.0,0.0,0.0,,0.018348542012972757,5.771046977170954,0.03732354156692863,global_distance_optimum_lp_integral,5213.81579459852,5213.815789473684,5.124836206960026e-06,True,0,lp_relaxation,26.315889473684212,160.39321665585229,0.0,0.0,0.0,,0.020112291997065768,5.771046977170954,0.03732354156692863,0.0,0.0
v2e2_a49aba98f0f44c8c6622,qwen_flash,e2bv2_102ef74ca08fac905cd5,C1,canonical,82e196fab5150c31f985efd8e360479bfb937eb11aa847a6a18921a145144db4,5062.5,False,5087.763163019573,global_distance_optimum_lp_integral_distance_focus,global_distance_optimum_lp_integral,5088.81579459852,5088.815789473684,5.124836206960026e-06,True,0,lp_relaxation,26.315889473684212,273.00577504848263,0.0,0.0,0.0,,0.018350540980463848,6.560839959657187,0.024623624230162164,global_distance_optimum_lp_integral,5088.81579459852,5088.815789473684,5.124836206960026e-06,True,0,lp_relaxation,26.315889473684212,273.0057750484825,0.0,0.0,0.0,,0.01848245901055634,6.5608399596570735,0.024623624230161737,0.0,0.0
v2e2_a49aba98f0f44c8c6622,qwen_flash,e2bv2_102ef74ca08fac905cd5,C2,canonical,82e196fab5150c31f985efd8e360479bfb937eb11aa847a6a18921a145144db4,5062.5,False,5087.763163019573,global_distance_optimum_lp_integral_distance_focus,global_distance_optimum_lp_integral,5088.81579459852,5088.815789473684,5.124836206960026e-06,True,0,lp_relaxation,26.315889473684212,273.00577504848263,0.0,0.0,0.0,,0.018350540980463848,6.560839959657187,0.024623624230162164,global_distance_optimum_lp_integral,5088.81579459852,5088.815789473684,5.124836206960026e-06,True,0,lp_relaxation,26.315889473684212,273.0057750484825,0.0,0.0,0.0,,0.01848245901055634,6.5608399596570735,0.024623624230161737,0.0,0.0
v2e2_a49aba98f0f44c8c6622,qwen_flash,e2bv2_102ef74ca08fac905cd5,S1,stale,82e196fab5150c31f985efd8e360479bfb937eb11aa847a6a18921a145144db4,5062.5,False,5087.763163019573,global_distance_optimum_lp_integral_distance_focus,global_distance_optimum_lp_integral,5088.81579459852,5088.815789473684,5.124836206960026e-06,True,0,lp_relaxation,26.315889473684212,273.00577504848263,0.0,0.0,0.0,,0.018350540980463848,6.560839959657187,0.024623624230162164,global_distance_optimum_lp_integral,5088.81579459852,5088.815789473684,5.124836206960026e-06,True,0,lp_relaxation,26.315889473684212,273.0057750484825,0.0,0.0,0.0,,0.01848245901055634,6.5608399596570735,0.024623624230161737,0.0,0.0
v2e2_a49aba98f0f44c8c6622,qwen_flash,e2bv2_102ef74ca08fac905cd5,S2,stale,82e196fab5150c31f985efd8e360479bfb937eb11aa847a6a18921a145144db4,5062.5,False,5087.763163019573,global_distance_optimum_lp_integral_distance_focus,global_distance_optimum_lp_integral,5088.81579459852,5088.815789473684,5.124836206960026e-06,True,0,lp_relaxation,26.315889473684212,273.00577504848263,0.0,0.0,0.0,,0.018350540980463848,6.560839959657187,0.024623624230162164,global_distance_optimum_lp_integral,5088.81579459852,5088.815789473684,5.124836206960026e-06,True,0,lp_relaxation,26.315889473684212,273.0057750484825,0.0,0.0,0.0,,0.01848245901055634,6.5608399596570735,0.024623624230161737,0.0,0.0
v2e2_a614c009acc530c12890,qwen_flash,e2bv2_2f0883e2ab2a12912abc,C1,canonical,359431def63e4accc9a1d47633a3ddb3ca4424654a7c667dd1cfd15872376319,5687.5,False,5712.763163019573,global_distance_optimum_lp_integral_distance_focus,global_distance_optimum_lp_integral,5713.81579459852,5713.815789473684,5.124836206960026e-06,True,0,lp_relaxation,26.315889473684212,353.1935845793822,0.0,0.0,0.0,,0.020883208024315536,22.283474002332582,0.0673399611860577,global_distance_optimum_lp_integral,5713.81579459852,5713.815789473684,5.124836206960026e-06,True,0,lp_relaxation,26.315889473684212,353.1935845793822,0.0,0.0,0.0,,0.020815958007005975,22.283474002332582,0.0673399611860577,0.0,0.0
v2e2_a614c009acc530c12890,qwen_flash,e2bv2_2f0883e2ab2a12912abc,C2,canonical,359431def63e4accc9a1d47633a3ddb3ca4424654a7c667dd1cfd15872376319,5687.5,False,5712.763163019573,global_distance_optimum_lp_integral_distance_focus,global_distance_optimum_lp_integral,5713.81579459852,5713.815789473684,5.124836206960026e-06,True,0,lp_relaxation,26.315889473684212,353.1935845793822,0.0,0.0,0.0,,0.020883208024315536,22.283474002332582,0.0673399611860577,global_distance_optimum_lp_integral,5713.81579459852,5713.815789473684,5.124836206960026e-06,True,0,lp_relaxation,26.315889473684212,353.1935845793822,0.0,0.0,0.0,,0.020815958007005975,22.283474002332582,0.0673399611860577,0.0,0.0
v2e2_a614c009acc530c12890,qwen_flash,e2bv2_2f0883e2ab2a12912abc,S1,stale,359431def63e4accc9a1d47633a3ddb3ca4424654a7c667dd1cfd15872376319,5687.5,False,5712.763163019573,global_distance_optimum_lp_integral_distance_focus,global_distance_optimum_lp_integral,5713.81579459852,5713.815789473684,5.124836206960026e-06,True,0,lp_relaxation,26.315889473684212,353.1935845793822,0.0,0.0,0.0,,0.020883208024315536,22.283474002332582,0.0673399611860577,global_distance_optimum_lp_integral,5713.81579459852,5713.815789473684,5.124836206960026e-06,True,0,lp_relaxation,26.315889473684212,353.1935845793822,0.0,0.0,0.0,,0.020815958007005975,22.283474002332582,0.0673399611860577,0.0,0.0
v2e2_a614c009acc530c12890,qwen_flash,e2bv2_2f0883e2ab2a12912abc,S2,stale,359431def63e4accc9a1d47633a3ddb3ca4424654a7c667dd1cfd15872376319,5687.5,False,5712.763163019573,global_distance_optimum_lp_integral_distance_focus,global_distance_optimum_lp_integral,5713.81579459852,5713.815789473684,5.124836206960026e-06,True,0,lp_relaxation,26.315889473684212,353.1935845793822,0.0,0.0,0.0,,0.020883208024315536,22.283474002332582,0.0673399611860577,global_distance_optimum_lp_integral,5713.81579459852,5713.815789473684,5.124836206960026e-06,True,0,lp_relaxation,26.315889473684212,353.1935845793822,0.0,0.0,0.0,,0.020815958007005975,22.283474002332582,0.0673399611860577,0.0,0.0
v2e2_a66e250328b3cef2064f,qwen_flash,e2bv2_b68636258896ed3a0c91,C1,canonical,359431def63e4accc9a1d47633a3ddb3ca4424654a7c667dd1cfd15872376319,5687.5,False,5662.8,global_distance_optimum_lp_integral_distance_focus,global_distance_optimum_lp_integral,5663.750005124836,5663.75,5.124836206960026e-06,True,0,lp_relaxation,23.7501,189.06612372392263,0.0,0.0,0.0,,0.02184379199752584,3.36053303667876,0.018096025134420442,global_distance_optimum_lp_integral,5663.750005124836,5663.75,5.124836206960026e-06,True,0,lp_relaxation,23.7501,189.06612372392263,0.0,0.0,0.0,,0.021969333000015467,3.36053303667876,0.018096025134420442,0.0,0.0
v2e2_a66e250328b3cef2064f,qwen_flash,e2bv2_b68636258896ed3a0c91,C2,canonical,359431def63e4accc9a1d47633a3ddb3ca4424654a7c667dd1cfd15872376319,5687.5,False,5662.8,global_distance_optimum_lp_integral_distance_focus,global_distance_optimum_lp_integral,5663.750005124836,5663.75,5.124836206960026e-06,True,0,lp_relaxation,23.7501,189.06612372392263,0.0,0.0,0.0,,0.02184379199752584,3.36053303667876,0.018096025134420442,global_distance_optimum_lp_integral,5663.750005124836,5663.75,5.124836206960026e-06,True,0,lp_relaxation,23.7501,189.06612372392263,0.0,0.0,0.0,,0.021969333000015467,3.36053303667876,0.018096025134420442,0.0,0.0
v2e2_a66e250328b3cef2064f,qwen_flash,e2bv2_b68636258896ed3a0c91,S1,stale,359431def63e4accc9a1d47633a3ddb3ca4424654a7c667dd1cfd15872376319,5687.5,False,5662.8,global_distance_optimum_lp_integral_distance_focus,global_distance_optimum_lp_integral,5663.750005124836,5663.75,5.124836206960026e-06,True,0,lp_relaxation,23.7501,189.06612372392263,0.0,0.0,0.0,,0.02184379199752584,3.36053303667876,0.018096025134420442,global_distance_optimum_lp_integral,5663.750005124836,5663.75,5.124836206960026e-06,True,0,lp_relaxation,23.7501,189.06612372392263,0.0,0.0,0.0,,0.021969333000015467,3.36053303667876,0.018096025134420442,0.0,0.0
v2e2_a66e250328b3cef2064f,qwen_flash,e2bv2_b68636258896ed3a0c91,S2,stale,359431def63e4accc9a1d47633a3ddb3ca4424654a7c667dd1cfd15872376319,5687.5,False,5662.8,global_distance_optimum_lp_integral_distance_focus,global_distance_optimum_lp_integral,5663.750005124836,5663.75,5.124836206960026e-06,True,0,lp_relaxation,23.7501,189.06612372392263,0.0,0.0,0.0,,0.02184379199752584,3.36053303667876,0.018096025134420442,global_distance_optimum_lp_integral,5663.750005124836,5663.75,5.124836206960026e-06,True,0,lp_relaxation,23.7501,189.06612372392263,0.0,0.0,0.0,,0.021969333000015467,3.36053303667876,0.018096025134420442,0.0,0.0
v2e2_a7c71f5aa3db3e32fdd1,qwen_flash,e2bv2_02f8e9930d0e0232bdbc,C1,canonical,472104ca527305691d2de1580fd6c2aed00f12dc0eeb755556a43ff731a2acdd,3565.0,False,3540.3,global_distance_optimum_lp_integral_distance_focus,global_distance_optimum_lp_integral,3541.2500051248358,3541.25,5.124835752212675e-06,True,0,lp_relaxation,23.7501,372.0494829294436,0.0,0.0,0.0,,0.022509583010105416,2.0662094986568604,0.00558460245917952,global_distance_optimum_lp_integral,3541.2500051248358,3541.25,5.124835752212675e-06,True,0,lp_relaxation,23.7501,372.0494829294436,0.0,0.0,0.0,,0.023085583990905434,2.0662094986568604,0.00558460245917952,0.0,0.0
v2e2_a7c71f5aa3db3e32fdd1,qwen_flash,e2bv2_02f8e9930d0e0232bdbc,C2,canonical,472104ca527305691d2de1580fd6c2aed00f12dc0eeb755556a43ff731a2acdd,3565.0,False,3540.3,global_distance_optimum_lp_integral_distance_focus,global_distance_optimum_lp_integral,3541.2500051248358,3541.25,5.124835752212675e-06,True,0,lp_relaxation,23.7501,372.0494829294436,0.0,0.0,0.0,,0.022509583010105416,2.0662094986568604,0.00558460245917952,global_distance_optimum_lp_integral,3541.2500051248358,3541.25,5.124835752212675e-06,True,0,lp_relaxation,23.7501,372.0494829294436,0.0,0.0,0.0,,0.023085583990905434,2.0662094986568604,0.00558460245917952,0.0,0.0
v2e2_a7c71f5aa3db3e32fdd1,qwen_flash,e2bv2_02f8e9930d0e0232bdbc,S1,stale,472104ca527305691d2de1580fd6c2aed00f12dc0eeb755556a43ff731a2acdd,3565.0,False,3540.3,global_distance_optimum_lp_integral_distance_focus,global_distance_optimum_lp_integral,3541.2500051248358,3541.25,5.124835752212675e-06,True,0,lp_relaxation,23.7501,372.0494829294436,0.0,0.0,0.0,,0.022509583010105416,2.0662094986568604,0.00558460245917952,global_distance_optimum_lp_integral,3541.2500051248358,3541.25,5.124835752212675e-06,True,0,lp_relaxation,23.7501,372.0494829294436,0.0,0.0,0.0,,0.023085583990905434,2.0662094986568604,0.00558460245917952,0.0,0.0
v2e2_a7c71f5aa3db3e32fdd1,qwen_flash,e2bv2_02f8e9930d0e0232bdbc,S2,stale,472104ca527305691d2de1580fd6c2aed00f12dc0eeb755556a43ff731a2acdd,3565.0,False,3540.3,global_distance_optimum_lp_integral_distance_focus,global_distance_optimum_lp_integral,3541.2500051248358,3541.25,5.124835752212675e-06,True,0,lp_relaxation,23.7501,372.0494829294436,0.0,0.0,0.0,,0.022509583010105416,2.0662094986568604,0.00558460245917952,global_distance_optimum_lp_integral,3541.2500051248358,3541.25,5.124835752212675e-06,True,0,lp_relaxation,23.7501,372.0494829294436,0.0,0.0,0.0,,0.023085583990905434,2.0662094986568604,0.00558460245917952,0.0,0.0
v2e2_aa86ae40329fa58392a5,qwen_flash,e2bv2_1982c6e473319f2a8a6b,C1,canonical,17d476114167a1c0bc9d2c2c8b50648412fb019586a84eccf17e07613d4c4bf4,5187.5,False,5162.8,global_distance_optimum_lp_integral_distance_focus,global_distance_optimum_lp_integral,5163.750005124835,5163.75,5.124835297465324e-06,True,0,lp_relaxation,23.7501,247.94247925661818,0.0,0.0,0.0,,0.01963000002433546,7.8611962464423755,0.03274389468382331,global_distance_optimum_lp_integral,5163.750005124835,5163.75,5.124835297465324e-06,True,0,lp_relaxation,23.7501,247.94247925661818,0.0,0.0,0.0,,0.0188830420083832,7.8611962464423755,0.03274389468382331,0.0,0.0
v2e2_aa86ae40329fa58392a5,qwen_flash,e2bv2_1982c6e473319f2a8a6b,C2,canonical,17d476114167a1c0bc9d2c2c8b50648412fb019586a84eccf17e07613d4c4bf4,5187.5,False,5162.8,global_distance_optimum_lp_integral_distance_focus,global_distance_optimum_lp_integral,5163.750005124835,5163.75,5.124835297465324e-06,True,0,lp_relaxation,23.7501,247.94247925661818,0.0,0.0,0.0,,0.01963000002433546,7.8611962464423755,0.03274389468382331,global_distance_optimum_lp_integral,5163.750005124835,5163.75,5.124835297465324e-06,True,0,lp_relaxation,23.7501,247.94247925661818,0.0,0.0,0.0,,0.0188830420083832,7.8611962464423755,0.03274389468382331,0.0,0.0
v2e2_aa86ae40329fa58392a5,qwen_flash,e2bv2_1982c6e473319f2a8a6b,S1,stale,17d476114167a1c0bc9d2c2c8b50648412fb019586a84eccf17e07613d4c4bf4,5187.5,False,5162.8,global_distance_optimum_lp_integral_distance_focus,global_distance_optimum_lp_integral,5163.750005124835,5163.75,5.124835297465324e-06,True,0,lp_relaxation,23.7501,247.94247925661818,0.0,0.0,0.0,,0.01963000002433546,7.8611962464423755,0.03274389468382331,global_distance_optimum_lp_integral,5163.750005124835,5163.75,5.124835297465324e-06,True,0,lp_relaxation,23.7501,247.94247925661818,0.0,0.0,0.0,,0.0188830420083832,7.8611962464423755,0.03274389468382331,0.0,0.0
v2e2_aa86ae40329fa58392a5,qwen_flash,e2bv2_1982c6e473319f2a8a6b,S2,stale,17d476114167a1c0bc9d2c2c8b50648412fb019586a84eccf17e07613d4c4bf4,5187.5,False,5162.8,global_distance_optimum_lp_integral_distance_focus,global_distance_optimum_lp_integral,5163.750005124835,5163.75,5.124835297465324e-06,True,0,lp_relaxation,23.7501,247.94247925661818,0.0,0.0,0.0,,0.01963000002433546,7.8611962464423755,0.03274389468382331,global_distance_optimum_lp_integral,5163.750005124835,5163.75,5.124835297465324e-06,True,0,lp_relaxation,23.7501,247.94247925661818,0.0,0.0,0.0,,0.0188830420083832,7.8611962464423755,0.03274389468382331,0.0,0.0
v2e2_ac2a6bbea5f71d8219ff,qwen_flash,e2bv2_dd2cd3100ef3af0b0976,C1,canonical,025588c77ce30f8a823a982033052f1ed2a2d39c76db39ed20982ca9e17a6a8b,5562.5,False,5719.342110387994,global_distance_optimum_lp_integral_distance_focus,global_distance_optimum_lp_integral,5720.394741966941,5720.394736842105,5.124836206960026e-06,True,0,lp_relaxation,157.89483684210526,186.69113556353238,0.0,0.0,0.0,,0.021599500003503636,2.6716772403288473,0.01451844965023445,global_distance_optimum_lp_integral,5720.394741966941,5720.394736842105,5.124836206960026e-06,True,0,lp_relaxation,157.89483684210526,186.69113556353238,0.0,0.0,0.0,,0.021031957992818207,2.6716772403288473,0.01451844965023445,0.0,0.0
v2e2_ac2a6bbea5f71d8219ff,qwen_flash,e2bv2_dd2cd3100ef3af0b0976,C2,canonical,025588c77ce30f8a823a982033052f1ed2a2d39c76db39ed20982ca9e17a6a8b,5562.5,False,5719.342110387994,global_distance_optimum_lp_integral_distance_focus,global_distance_optimum_lp_integral,5720.394741966941,5720.394736842105,5.124836206960026e-06,True,0,lp_relaxation,157.89483684210526,186.69113556353238,0.0,0.0,0.0,,0.021599500003503636,2.6716772403288473,0.01451844965023445,global_distance_optimum_lp_integral,5720.394741966941,5720.394736842105,5.124836206960026e-06,True,0,lp_relaxation,157.89483684210526,186.69113556353238,0.0,0.0,0.0,,0.021031957992818207,2.6716772403288473,0.01451844965023445,0.0,0.0
v2e2_ac2a6bbea5f71d8219ff,qwen_flash,e2bv2_dd2cd3100ef3af0b0976,S1,stale,025588c77ce30f8a823a982033052f1ed2a2d39c76db39ed20982ca9e17a6a8b,5562.5,False,5719.342110387994,global_distance_optimum_lp_integral_distance_focus,global_distance_optimum_lp_integral,5720.394741966941,5720.394736842105,5.124836206960026e-06,True,0,lp_relaxation,157.89483684210526,186.69113556353238,0.0,0.0,0.0,,0.021599500003503636,2.6716772403288473,0.01451844965023445,global_distance_optimum_lp_integral,5720.394741966941,5720.394736842105,5.124836206960026e-06,True,0,lp_relaxation,157.89483684210526,186.69113556353238,0.0,0.0,0.0,,0.021031957992818207,2.6716772403288473,0.01451844965023445,0.0,0.0
v2e2_ac2a6bbea5f71d8219ff,qwen_flash,e2bv2_dd2cd3100ef3af0b0976,S2,stale,025588c77ce30f8a823a982033052f1ed2a2d39c76db39ed20982ca9e17a6a8b,5562.5,False,5719.342110387994,global_distance_optimum_lp_integral_distance_focus,global_distance_optimum_lp_integral,5720.394741966941,5720.394736842105,5.124836206960026e-06,True,0,lp_relaxation,157.89483684210526,186.69113556353238,0.0,0.0,0.0,,0.021599500003503636,2.6716772403288473,0.01451844965023445,global_distance_optimum_lp_integral,5720.394741966941,5720.394736842105,5.124836206960026e-06,True,0,lp_relaxation,157.89483684210526,186.69113556353238,0.0,0.0,0.0,,0.021031957992818207,2.6716772403288473,0.01451844965023445,0.0,0.0
v2e2_ade91af586194aa1b583,qwen_flash,e2bv2_08881e1bb8b31d73283a,C1,canonical,359431def63e4accc9a1d47633a3ddb3ca4424654a7c667dd1cfd15872376319,5687.5,False,5712.763163019573,global_distance_optimum_lp_integral_distance_focus,global_distance_optimum_lp_integral,5713.81579459852,5713.815789473684,5.124836206960026e-06,True,0,lp_relaxation,26.315889473684212,464.6453994734668,0.0,0.0,0.0,,0.021588749979855493,11.29534385418009,0.024915280618528626,global_distance_optimum_lp_integral,5713.81579459852,5713.815789473684,5.124836206960026e-06,True,0,lp_relaxation,26.315889473684212,464.6453994734668,0.0,0.0,0.0,,0.022747165989130735,11.29534385418009,0.024915280618528626,0.0,0.0
v2e2_ade91af586194aa1b583,qwen_flash,e2bv2_08881e1bb8b31d73283a,C2,canonical,359431def63e4accc9a1d47633a3ddb3ca4424654a7c667dd1cfd15872376319,5687.5,False,5712.763163019573,global_distance_optimum_lp_integral_distance_focus,global_distance_optimum_lp_integral,5713.81579459852,5713.815789473684,5.124836206960026e-06,True,0,lp_relaxation,26.315889473684212,464.6453994734668,0.0,0.0,0.0,,0.021588749979855493,11.29534385418009,0.024915280618528626,global_distance_optimum_lp_integral,5713.81579459852,5713.815789473684,5.124836206960026e-06,True,0,lp_relaxation,26.315889473684212,464.6453994734668,0.0,0.0,0.0,,0.022747165989130735,11.29534385418009,0.024915280618528626,0.0,0.0
v2e2_ade91af586194aa1b583,qwen_flash,e2bv2_08881e1bb8b31d73283a,S1,stale,359431def63e4accc9a1d47633a3ddb3ca4424654a7c667dd1cfd15872376319,5687.5,False,5712.763163019573,global_distance_optimum_lp_integral_distance_focus,global_distance_optimum_lp_integral,5713.81579459852,5713.815789473684,5.124836206960026e-06,True,0,lp_relaxation,26.315889473684212,464.6453994734668,0.0,0.0,0.0,,0.021588749979855493,11.29534385418009,0.024915280618528626,global_distance_optimum_lp_integral,5713.81579459852,5713.815789473684,5.124836206960026e-06,True,0,lp_relaxation,26.315889473684212,464.6453994734668,0.0,0.0,0.0,,0.022747165989130735,11.29534385418009,0.024915280618528626,0.0,0.0
v2e2_ade91af586194aa1b583,qwen_flash,e2bv2_08881e1bb8b31d73283a,S2,stale,359431def63e4accc9a1d47633a3ddb3ca4424654a7c667dd1cfd15872376319,5687.5,False,5712.763163019573,global_distance_optimum_lp_integral_distance_focus,global_distance_optimum_lp_integral,5713.81579459852,5713.815789473684,5.124836206960026e-06,True,0,lp_relaxation,26.315889473684212,464.6453994734668,0.0,0.0,0.0,,0.021588749979855493,11.29534385418009,0.024915280618528626,global_distance_optimum_lp_integral,5713.81579459852,5713.815789473684,5.124836206960026e-06,True,0,lp_relaxation,26.315889473684212,464.6453994734668,0.0,0.0,0.0,,0.022747165989130735,11.29534385418009,0.024915280618528626,0.0,0.0
v2e2_b7e962716394d888d563,qwen_flash,e2bv2_ba453444ee63f6532431,C1,canonical,359431def63e4accc9a1d47633a3ddb3ca4424654a7c667dd1cfd15872376319,5687.5,False,5870.657899861678,global_distance_optimum_lp_integral_distance_focus,global_distance_optimum_lp_integral,5871.710531440625,5871.710526315789,5.124836206960026e-06,True,0,lp_relaxation,184.21062631578948,505.9621301297628,0.0,0.0,0.0,,0.02275062500848435,4.067525385101078,0.008104341721645775,global_distance_optimum_lp_integral,5871.710531440625,5871.71052631579,5.124835297465324e-06,True,0,lp_relaxation,184.21062631578948,505.9621301297628,0.0,0.0,0.0,,0.021958290977636352,4.067525385101078,0.008104341721645775,0.0,0.0
v2e2_b7e962716394d888d563,qwen_flash,e2bv2_ba453444ee63f6532431,C2,canonical,359431def63e4accc9a1d47633a3ddb3ca4424654a7c667dd1cfd15872376319,5687.5,False,5870.657899861678,global_distance_optimum_lp_integral_distance_focus,global_distance_optimum_lp_integral,5871.710531440625,5871.710526315789,5.124836206960026e-06,True,0,lp_relaxation,184.21062631578948,505.9621301297628,0.0,0.0,0.0,,0.02275062500848435,4.067525385101078,0.008104341721645775,global_distance_optimum_lp_integral,5871.710531440625,5871.71052631579,5.124835297465324e-06,True,0,lp_relaxation,184.21062631578948,505.9621301297628,0.0,0.0,0.0,,0.021958290977636352,4.067525385101078,0.008104341721645775,0.0,0.0
v2e2_b7e962716394d888d563,qwen_flash,e2bv2_ba453444ee63f6532431,S1,stale,359431def63e4accc9a1d47633a3ddb3ca4424654a7c667dd1cfd15872376319,5687.5,False,5870.657899861678,global_distance_optimum_lp_integral_distance_focus,global_distance_optimum_lp_integral,5871.710531440625,5871.710526315789,5.124836206960026e-06,True,0,lp_relaxation,184.21062631578948,505.9621301297628,0.0,0.0,0.0,,0.02275062500848435,4.067525385101078,0.008104341721645775,global_distance_optimum_lp_integral,5871.710531440625,5871.71052631579,5.124835297465324e-06,True,0,lp_relaxation,184.21062631578948,505.9621301297628,0.0,0.0,0.0,,0.021958290977636352,4.067525385101078,0.008104341721645775,0.0,0.0
v2e2_b7e962716394d888d563,qwen_flash,e2bv2_ba453444ee63f6532431,S2,stale,359431def63e4accc9a1d47633a3ddb3ca4424654a7c667dd1cfd15872376319,5687.5,False,5870.657899861678,global_distance_optimum_lp_integral_distance_focus,global_distance_optimum_lp_integral,5871.710531440625,5871.710526315789,5.124836206960026e-06,True,0,lp_relaxation,184.21062631578948,505.9621301297628,0.0,0.0,0.0,,0.02275062500848435,4.067525385101078,0.008104341721645775,global_distance_optimum_lp_integral,5871.710531440625,5871.71052631579,5.124835297465324e-06,True,0,lp_relaxation,184.21062631578948,505.9621301297628,0.0,0.0,0.0,,0.021958290977636352,4.067525385101078,0.008104341721645775,0.0,0.0
v2e2_babe8da2420b974ae448,qwen_flash,e2bv2_66a3cad8f45f6f9319e2,C1,canonical,25585a42d3e84fc078b0e4cb5a0c2b83181d8e3ad3fa926f9a3e526fe5c105ba,5625.0,False,5755.5263209143095,global_distance_optimum_lp_integral_distance_focus,global_distance_optimum_lp_integral,5756.578952493257,5756.578947368421,5.124836206960026e-06,True,0,lp_relaxation,131.57904736842104,229.2084075683478,0.0,0.0,0.0,,0.021046083013061434,1.3961302418266257,0.0061284240612965975,global_distance_optimum_lp_integral,5756.578952493257,5756.578947368421,5.124836206960026e-06,True,0,lp_relaxation,131.57904736842104,229.2084075683478,0.0,0.0,0.0,,0.022692291997373104,1.3961302418266257,0.0061284240612965975,0.0,0.0
v2e2_babe8da2420b974ae448,qwen_flash,e2bv2_66a3cad8f45f6f9319e2,C2,canonical,25585a42d3e84fc078b0e4cb5a0c2b83181d8e3ad3fa926f9a3e526fe5c105ba,5625.0,False,5755.5263209143095,global_distance_optimum_lp_integral_distance_focus,global_distance_optimum_lp_integral,5756.578952493257,5756.578947368421,5.124836206960026e-06,True,0,lp_relaxation,131.57904736842104,229.2084075683478,0.0,0.0,0.0,,0.021046083013061434,1.3961302418266257,0.0061284240612965975,global_distance_optimum_lp_integral,5756.578952493257,5756.578947368421,5.124836206960026e-06,True,0,lp_relaxation,131.57904736842104,229.2084075683478,0.0,0.0,0.0,,0.022692291997373104,1.3961302418266257,0.0061284240612965975,0.0,0.0
v2e2_babe8da2420b974ae448,qwen_flash,e2bv2_66a3cad8f45f6f9319e2,S1,stale,25585a42d3e84fc078b0e4cb5a0c2b83181d8e3ad3fa926f9a3e526fe5c105ba,5625.0,False,5755.5263209143095,global_distance_optimum_lp_integral_distance_focus,global_distance_optimum_lp_integral,5756.578952493257,5756.578947368421,5.124836206960026e-06,True,0,lp_relaxation,131.57904736842104,229.2084075683478,0.0,0.0,0.0,,0.021046083013061434,1.3961302418266257,0.0061284240612965975,global_distance_optimum_lp_integral,5756.578952493257,5756.578947368421,5.124836206960026e-06,True,0,lp_relaxation,131.57904736842104,229.2084075683478,0.0,0.0,0.0,,0.022692291997373104,1.3961302418266257,0.0061284240612965975,0.0,0.0
v2e2_babe8da2420b974ae448,qwen_flash,e2bv2_66a3cad8f45f6f9319e2,S2,stale,25585a42d3e84fc078b0e4cb5a0c2b83181d8e3ad3fa926f9a3e526fe5c105ba,5625.0,False,5755.5263209143095,global_distance_optimum_lp_integral_distance_focus,global_distance_optimum_lp_integral,5756.578952493257,5756.578947368421,5.124836206960026e-06,True,0,lp_relaxation,131.57904736842104,229.2084075683478,0.0,0.0,0.0,,0.021046083013061434,1.3961302418266257,0.0061284240612965975,global_distance_optimum_lp_integral,5756.578952493257,5756.578947368421,5.124836206960026e-06,True,0,lp_relaxation,131.57904736842104,229.2084075683478,0.0,0.0,0.0,,0.022692291997373104,1.3961302418266257,0.0061284240612965975,0.0,0.0
v2e2_be357ad7fa505f6b8f35,qwen_flash,e2bv2_fdc7fce540f74c3efcc1,C1,canonical,defe03250cd56fbc03a01b36cd77cb7f720aa0ac6411126baef0622ab7a9e7a9,5500.0,False,5630.5263209143095,global_distance_optimum_lp_integral_distance_focus,global_distance_optimum_lp_integral,5631.578952493257,5631.578947368421,5.124836206960026e-06,True,0,lp_relaxation,131.57904736842104,339.3230573058648,0.0,0.0,0.0,,0.02104870800394565,1.4660068394843506,0.004339133481040765,global_distance_optimum_lp_integral,5631.578952493257,5631.578947368421,5.124836206960026e-06,True,0,lp_relaxation,131.57904736842104,339.3230573058648,0.0,0.0,0.0,,0.021444415993755683,1.4660068394843506,0.004339133481040765,0.0,0.0
v2e2_be357ad7fa505f6b8f35,qwen_flash,e2bv2_fdc7fce540f74c3efcc1,C2,canonical,defe03250cd56fbc03a01b36cd77cb7f720aa0ac6411126baef0622ab7a9e7a9,5500.0,False,5630.5263209143095,global_distance_optimum_lp_integral_distance_focus,global_distance_optimum_lp_integral,5631.578952493257,5631.578947368421,5.124836206960026e-06,True,0,lp_relaxation,131.57904736842104,339.3230573058648,0.0,0.0,0.0,,0.02104870800394565,1.4660068394843506,0.004339133481040765,global_distance_optimum_lp_integral,5631.578952493257,5631.578947368421,5.124836206960026e-06,True,0,lp_relaxation,131.57904736842104,339.3230573058648,0.0,0.0,0.0,,0.021444415993755683,1.4660068394843506,0.004339133481040765,0.0,0.0
v2e2_be357ad7fa505f6b8f35,qwen_flash,e2bv2_fdc7fce540f74c3efcc1,S1,stale,defe03250cd56fbc03a01b36cd77cb7f720aa0ac6411126baef0622ab7a9e7a9,5500.0,False,5630.5263209143095,global_distance_optimum_lp_integral_distance_focus,global_distance_optimum_lp_integral,5631.578952493257,5631.578947368421,5.124836206960026e-06,True,0,lp_relaxation,131.57904736842104,339.3230573058648,0.0,0.0,0.0,,0.02104870800394565,1.4660068394843506,0.004339133481040765,global_distance_optimum_lp_integral,5631.578952493257,5631.578947368421,5.124836206960026e-06,True,0,lp_relaxation,131.57904736842104,339.3230573058648,0.0,0.0,0.0,,0.021444415993755683,1.4660068394843506,0.004339133481040765,0.0,0.0
v2e2_be357ad7fa505f6b8f35,qwen_flash,e2bv2_fdc7fce540f74c3efcc1,S2,stale,defe03250cd56fbc03a01b36cd77cb7f720aa0ac6411126baef0622ab7a9e7a9,5500.0,False,5630.5263209143095,global_distance_optimum_lp_integral_distance_focus,global_distance_optimum_lp_integral,5631.578952493257,5631.578947368421,5.124836206960026e-06,True,0,lp_relaxation,131.57904736842104,339.3230573058648,0.0,0.0,0.0,,0.02104870800394565,1.4660068394843506,0.004339133481040765,global_distance_optimum_lp_integral,5631.578952493257,5631.578947368421,5.124836206960026e-06,True,0,lp_relaxation,131.57904736842104,339.3230573058648,0.0,0.0,0.0,,0.021444415993755683,1.4660068394843506,0.004339133481040765,0.0,0.0
v2e2_c049d4bc657bdc82a484,qwen_flash,e2bv2_4765d96a6c9ce28ab185,C1,canonical,359431def63e4accc9a1d47633a3ddb3ca4424654a7c667dd1cfd15872376319,5687.5,False,5712.763163019573,global_distance_optimum_lp_integral_distance_focus,global_distance_optimum_lp_integral,5713.81579459852,5713.815789473684,5.124836206960026e-06,True,0,lp_relaxation,26.315889473684212,464.6453994734668,0.0,0.0,0.0,,0.02208295901073143,3.445762573732736,0.007471303743636411,global_distance_optimum_lp_integral,5713.81579459852,5713.815789473684,5.124836206960026e-06,True,0,lp_relaxation,26.315889473684212,464.6453994734668,0.0,0.0,0.0,,0.021449583990033716,3.445762573732736,0.007471303743636411,0.0,0.0
v2e2_c049d4bc657bdc82a484,qwen_flash,e2bv2_4765d96a6c9ce28ab185,C2,canonical,359431def63e4accc9a1d47633a3ddb3ca4424654a7c667dd1cfd15872376319,5687.5,False,5712.763163019573,global_distance_optimum_lp_integral_distance_focus,global_distance_optimum_lp_integral,5713.81579459852,5713.815789473684,5.124836206960026e-06,True,0,lp_relaxation,26.315889473684212,464.6453994734668,0.0,0.0,0.0,,0.02208295901073143,3.445762573732736,0.007471303743636411,global_distance_optimum_lp_integral,5713.81579459852,5713.815789473684,5.124836206960026e-06,True,0,lp_relaxation,26.315889473684212,464.6453994734668,0.0,0.0,0.0,,0.021449583990033716,3.445762573732736,0.007471303743636411,0.0,0.0
v2e2_c049d4bc657bdc82a484,qwen_flash,e2bv2_4765d96a6c9ce28ab185,S1,stale,359431def63e4accc9a1d47633a3ddb3ca4424654a7c667dd1cfd15872376319,5687.5,False,5712.763163019573,global_distance_optimum_lp_integral_distance_focus,global_distance_optimum_lp_integral,5713.81579459852,5713.815789473684,5.124836206960026e-06,True,0,lp_relaxation,26.315889473684212,464.6453994734668,0.0,0.0,0.0,,0.02208295901073143,3.445762573732736,0.007471303743636411,global_distance_optimum_lp_integral,5713.81579459852,5713.815789473684,5.124836206960026e-06,True,0,lp_relaxation,26.315889473684212,464.6453994734668,0.0,0.0,0.0,,0.021449583990033716,3.445762573732736,0.007471303743636411,0.0,0.0
v2e2_c049d4bc657bdc82a484,qwen_flash,e2bv2_4765d96a6c9ce28ab185,S2,stale,359431def63e4accc9a1d47633a3ddb3ca4424654a7c667dd1cfd15872376319,5687.5,False,5712.763163019573,global_distance_optimum_lp_integral_distance_focus,global_distance_optimum_lp_integral,5713.81579459852,5713.815789473684,5.124836206960026e-06,True,0,lp_relaxation,26.315889473684212,464.6453994734668,0.0,0.0,0.0,,0.02208295901073143,3.445762573732736,0.007471303743636411,global_distance_optimum_lp_integral,5713.81579459852,5713.815789473684,5.124836206960026e-06,True,0,lp_relaxation,26.315889473684212,464.6453994734668,0.0,0.0,0.0,,0.021449583990033716,3.445762573732736,0.007471303743636411,0.0,0.0
v2e2_c4d42554da4b1f44862b,qwen_flash,e2bv2_0bd240f8d29b9618cf8b,C1,canonical,4e28b1dfc57dae2a46fde2464b47f1a4cba72117012d6bab7739e1f246809fa4,3526.25,False,3501.55,global_distance_optimum_lp_integral_distance_focus,global_distance_optimum_lp_integral,3502.5000051248358,3502.5,5.124835752212675e-06,True,0,lp_relaxation,23.7501,666.4082828710965,0.0,0.0,0.0,,0.022983333008596674,2.0552650280644684,0.003093633915801779,global_distance_optimum_lp_integral,3502.5000051248358,3502.5,5.124835752212675e-06,True,0,lp_relaxation,23.7501,666.4082828710965,0.0,0.0,0.0,,0.02221562500926666,2.0552650280644684,0.003093633915801779,0.0,0.0
v2e2_c4d42554da4b1f44862b,qwen_flash,e2bv2_0bd240f8d29b9618cf8b,C2,canonical,4e28b1dfc57dae2a46fde2464b47f1a4cba72117012d6bab7739e1f246809fa4,3526.25,False,3501.55,global_distance_optimum_lp_integral_distance_focus,global_distance_optimum_lp_integral,3502.5000051248358,3502.5,5.124835752212675e-06,True,0,lp_relaxation,23.7501,666.4082828710965,0.0,0.0,0.0,,0.022983333008596674,2.0552650280644684,0.003093633915801779,global_distance_optimum_lp_integral,3502.5000051248358,3502.5,5.124835752212675e-06,True,0,lp_relaxation,23.7501,666.4082828710965,0.0,0.0,0.0,,0.02221562500926666,2.0552650280644684,0.003093633915801779,0.0,0.0
v2e2_c4d42554da4b1f44862b,qwen_flash,e2bv2_0bd240f8d29b9618cf8b,S1,stale,4e28b1dfc57dae2a46fde2464b47f1a4cba72117012d6bab7739e1f246809fa4,3526.25,False,3501.55,global_distance_optimum_lp_integral_distance_focus,global_distance_optimum_lp_integral,3502.5000051248358,3502.5,5.124835752212675e-06,True,0,lp_relaxation,23.7501,666.4082828710965,0.0,0.0,0.0,,0.022983333008596674,2.0552650280644684,0.003093633915801779,global_distance_optimum_lp_integral,3502.5000051248358,3502.5,5.124835752212675e-06,True,0,lp_relaxation,23.7501,666.4082828710965,0.0,0.0,0.0,,0.02221562500926666,2.0552650280644684,0.003093633915801779,0.0,0.0
v2e2_c4d42554da4b1f44862b,qwen_flash,e2bv2_0bd240f8d29b9618cf8b,S2,stale,4e28b1dfc57dae2a46fde2464b47f1a4cba72117012d6bab7739e1f246809fa4,3526.25,False,3501.55,global_distance_optimum_lp_integral_distance_focus,global_distance_optimum_lp_integral,3502.5000051248358,3502.5,5.124835752212675e-06,True,0,lp_relaxation,23.7501,666.4082828710965,0.0,0.0,0.0,,0.022983333008596674,2.0552650280644684,0.003093633915801779,global_distance_optimum_lp_integral,3502.5000051248358,3502.5,5.124835752212675e-06,True,0,lp_relaxation,23.7501,666.4082828710965,0.0,0.0,0.0,,0.02221562500926666,2.0552650280644684,0.003093633915801779,0.0,0.0
v2e2_c577765fa5c45c1fea7a,qwen_flash,e2bv2_24e2ae5e5c519929b6c8,C1,canonical,defe03250cd56fbc03a01b36cd77cb7f720aa0ac6411126baef0622ab7a9e7a9,5500.0,False,5630.5263209143095,global_distance_optimum_lp_integral_distance_focus,global_distance_optimum_lp_integral,5631.578952493257,5631.578947368421,5.124836206960026e-06,True,0,lp_relaxation,131.57904736842104,306.6074692801484,0.0,0.0,0.0,,0.02198462499654852,1.1635553136981116,0.0038093910550986315,global_distance_optimum_lp_integral,5631.578952493257,5631.578947368421,5.124836206960026e-06,True,0,lp_relaxation,131.57904736842104,306.6074692801484,0.0,0.0,0.0,,0.021703791979234666,1.1635553136980548,0.0038093910550984445,0.0,0.0
v2e2_c577765fa5c45c1fea7a,qwen_flash,e2bv2_24e2ae5e5c519929b6c8,C2,canonical,defe03250cd56fbc03a01b36cd77cb7f720aa0ac6411126baef0622ab7a9e7a9,5500.0,False,5630.5263209143095,global_distance_optimum_lp_integral_distance_focus,global_distance_optimum_lp_integral,5631.578952493257,5631.578947368421,5.124836206960026e-06,True,0,lp_relaxation,131.57904736842104,306.6074692801484,0.0,0.0,0.0,,0.02198462499654852,1.1635553136981116,0.0038093910550986315,global_distance_optimum_lp_integral,5631.578952493257,5631.578947368421,5.124836206960026e-06,True,0,lp_relaxation,131.57904736842104,306.6074692801484,0.0,0.0,0.0,,0.021703791979234666,1.1635553136980548,0.0038093910550984445,0.0,0.0
v2e2_c577765fa5c45c1fea7a,qwen_flash,e2bv2_24e2ae5e5c519929b6c8,S1,stale,309d42f11f298e6c3b120c4432446a690aeb9bb63f1c74a7d462efcc92263ac0,5500.0,False,5349.83135,feasible_mode_library_upper_bound_distance_focus,feasible_mode_library_upper_bound,5350.78135,5093.298291721419,257.48305827858076,False,83,direct_mpc_sign,475.77929871794504,305.60286291529553,0.0,0.0,0.045454545454545456,,0.013547667011152953,0.15894894884525002,0.0005203866948310152,feasible_mode_library_upper_bound,5348.8401277008315,5093.298291721419,255.5418359794121,False,82,lp_net_sign_with_mpc_zero_anchor,513.6580210171078,305.88305024237536,0.0,0.0,0.056818181818181816,,0.015581707993987948,0.4391362759250228,0.0014376985621434156,-1.9412222991686576,1.9412222991686576
v2e2_c577765fa5c45c1fea7a,qwen_flash,e2bv2_24e2ae5e5c519929b6c8,S2,stale,defe03250cd56fbc03a01b36cd77cb7f720aa0ac6411126baef0622ab7a9e7a9,5500.0,False,5630.5263209143095,global_distance_optimum_lp_integral_distance_focus,global_distance_optimum_lp_integral,5631.578952493257,5631.578947368421,5.124836206960026e-06,True,0,lp_relaxation,131.57904736842104,306.6074692801484,0.0,0.0,0.0,,0.02198462499654852,1.1635553136981116,0.0038093910550986315,global_distance_optimum_lp_integral,5631.578952493257,5631.578947368421,5.124836206960026e-06,True,0,lp_relaxation,131.57904736842104,306.6074692801484,0.0,0.0,0.0,,0.021703791979234666,1.1635553136980548,0.0038093910550984445,0.0,0.0
v2e2_c9b994f593c92dd9efa9,qwen_flash,e2bv2_3da8226505438a5134d6,C1,canonical,4e28b1dfc57dae2a46fde2464b47f1a4cba72117012d6bab7739e1f246809fa4,3526.25,False,3656.7763209143095,global_distance_optimum_lp_integral_distance_focus,global_distance_optimum_lp_integral,3657.828952493257,3657.8289473684213,5.124835752212675e-06,True,0,lp_relaxation,131.57904736842104,353.12580095120376,0.0,0.0,0.0,,0.021435167000163347,16.22597919812199,0.04816262327978974,global_distance_optimum_lp_integral,3657.828952493257,3657.828947368421,5.124836206960026e-06,True,0,lp_relaxation,131.57904736842104,353.12580095120376,0.0,0.0,0.0,,0.02120229200227186,16.22597919812199,0.04816262327978974,0.0,0.0
v2e2_c9b994f593c92dd9efa9,qwen_flash,e2bv2_3da8226505438a5134d6,C2,canonical,4e28b1dfc57dae2a46fde2464b47f1a4cba72117012d6bab7739e1f246809fa4,3526.25,False,3656.7763209143095,global_distance_optimum_lp_integral_distance_focus,global_distance_optimum_lp_integral,3657.828952493257,3657.8289473684213,5.124835752212675e-06,True,0,lp_relaxation,131.57904736842104,353.12580095120376,0.0,0.0,0.0,,0.021435167000163347,16.22597919812199,0.04816262327978974,global_distance_optimum_lp_integral,3657.828952493257,3657.828947368421,5.124836206960026e-06,True,0,lp_relaxation,131.57904736842104,353.12580095120376,0.0,0.0,0.0,,0.02120229200227186,16.22597919812199,0.04816262327978974,0.0,0.0
v2e2_c9b994f593c92dd9efa9,qwen_flash,e2bv2_3da8226505438a5134d6,S1,stale,4e28b1dfc57dae2a46fde2464b47f1a4cba72117012d6bab7739e1f246809fa4,3526.25,False,3656.7763209143095,global_distance_optimum_lp_integral_distance_focus,global_distance_optimum_lp_integral,3657.828952493257,3657.8289473684213,5.124835752212675e-06,True,0,lp_relaxation,131.57904736842104,353.12580095120376,0.0,0.0,0.0,,0.021435167000163347,16.22597919812199,0.04816262327978974,global_distance_optimum_lp_integral,3657.828952493257,3657.828947368421,5.124836206960026e-06,True,0,lp_relaxation,131.57904736842104,353.12580095120376,0.0,0.0,0.0,,0.02120229200227186,16.22597919812199,0.04816262327978974,0.0,0.0
v2e2_c9b994f593c92dd9efa9,qwen_flash,e2bv2_3da8226505438a5134d6,S2,stale,4e28b1dfc57dae2a46fde2464b47f1a4cba72117012d6bab7739e1f246809fa4,3526.25,False,3656.7763209143095,global_distance_optimum_lp_integral_distance_focus,global_distance_optimum_lp_integral,3657.828952493257,3657.8289473684213,5.124835752212675e-06,True,0,lp_relaxation,131.57904736842104,353.12580095120376,0.0,0.0,0.0,,0.021435167000163347,16.22597919812199,0.04816262327978974,global_distance_optimum_lp_integral,3657.828952493257,3657.828947368421,5.124836206960026e-06,True,0,lp_relaxation,131.57904736842104,353.12580095120376,0.0,0.0,0.0,,0.02120229200227186,16.22597919812199,0.04816262327978974,0.0,0.0
v2e2_cd47662d04581b339960,qwen_flash,e2bv2_32930730a64400f50094,C1,canonical,c1d5713b8266c33b9f676a974365332e134e3022500b97ecf17ec667669f4cb5,3375.0,False,3505.5263209143095,global_distance_optimum_lp_integral_distance_focus,global_distance_optimum_lp_integral,3506.578952493257,3506.578947368421,5.124836206960026e-06,True,0,lp_relaxation,131.57904736842104,284.83725125532,0.0,0.0,0.0,,0.015774625004269183,3.8601389015762493,0.013738268107462159,global_distance_optimum_lp_integral,3506.578952493257,3506.578947368421,5.124836206960026e-06,True,0,lp_relaxation,131.57904736842104,283.0689629605525,369.16248325000004,-1.7682882947675,0.0,,0.015645750012481585,3.860138901576306,0.013825275453188917,0.0,0.0
v2e2_cd47662d04581b339960,qwen_flash,e2bv2_32930730a64400f50094,C2,canonical,a509cef6ada863e036debd317eea520bbd7f03c2becb2fefc9de8ea7fe2f2eaa,4500.0,False,4630.5263209143095,global_distance_optimum_lp_integral_distance_focus,global_distance_optimum_lp_integral,4631.578952493257,4631.578947368421,5.124836206960026e-06,True,0,lp_relaxation,131.57904736842104,284.83725125532,0.0,0.0,0.0,,0.020625375007512048,3.8601389015762493,0.013738268107462159,global_distance_optimum_lp_integral,4631.578952493257,4631.578947368421,5.124836206960026e-06,True,0,lp_relaxation,131.57904736842104,283.0689629605525,369.16248325000004,-1.7682882947675,0.0,,0.02245220899931155,3.860138901576306,0.013825275453188917,0.0,0.0
v2e2_cd47662d04581b339960,qwen_flash,e2bv2_32930730a64400f50094,S1,stale,c1d5713b8266c33b9f676a974365332e134e3022500b97ecf17ec667669f4cb5,3375.0,False,3505.5263209143095,global_distance_optimum_lp_integral_distance_focus,global_distance_optimum_lp_integral,3506.578952493257,3506.578947368421,5.124836206960026e-06,True,0,lp_relaxation,131.57904736842104,284.83725125532,0.0,0.0,0.0,,0.015774625004269183,3.8601389015762493,0.013738268107462159,global_distance_optimum_lp_integral,3506.578952493257,3506.578947368421,5.124836206960026e-06,True,0,lp_relaxation,131.57904736842104,283.0689629605525,369.16248325000004,-1.7682882947675,0.0,,0.015645750012481585,3.860138901576306,0.013825275453188917,0.0,0.0
v2e2_cd47662d04581b339960,qwen_flash,e2bv2_32930730a64400f50094,S2,stale,c1d5713b8266c33b9f676a974365332e134e3022500b97ecf17ec667669f4cb5,3375.0,False,3505.5263209143095,global_distance_optimum_lp_integral_distance_focus,global_distance_optimum_lp_integral,3506.578952493257,3506.578947368421,5.124836206960026e-06,True,0,lp_relaxation,131.57904736842104,284.83725125532,0.0,0.0,0.0,,0.015774625004269183,3.8601389015762493,0.013738268107462159,global_distance_optimum_lp_integral,3506.578952493257,3506.578947368421,5.124836206960026e-06,True,0,lp_relaxation,131.57904736842104,283.0689629605525,369.16248325000004,-1.7682882947675,0.0,,0.015645750012481585,3.860138901576306,0.013825275453188917,0.0,0.0
v2e2_d00d3a4d54f973fa24ac,qwen_flash,e2bv2_f81916a9751afb1e07b4,C1,canonical,01835ca016b6607eda94cb8ff102b2cad69b4a1cb53b69f7d0ebcbc5963fd2b6,3450.0,False,3606.8421103879937,global_distance_optimum_lp_integral_distance_focus,global_distance_optimum_lp_integral,3607.894741966941,3607.8947368421054,5.124835752212675e-06,True,0,lp_relaxation,157.89483684210526,580.1289322320442,0.0,0.0,0.0,,0.015542250010184944,0.13255248425798527,0.0002285401924674534,global_distance_optimum_lp_integral,3607.894741966941,3607.8947368421054,5.124835752212675e-06,True,0,lp_relaxation,157.89483684210526,580.1289322320442,0.0,0.0,0.0,,0.016559209005208686,0.13255248425798527,0.0002285401924674534,0.0,0.0
v2e2_d00d3a4d54f973fa24ac,qwen_flash,e2bv2_f81916a9751afb1e07b4,C2,canonical,9ef41a593e5f4d0a88f80870603ae0b51511451ec51d1ff47f98eb17a8f46164,4025.0,False,4181.842110387994,global_distance_optimum_lp_integral_distance_focus,global_distance_optimum_lp_integral,4182.894741966941,4182.894736842105,5.124836206960026e-06,True,0,lp_relaxation,157.89483684210526,580.1289322320442,0.0,0.0,0.0,,0.01652616701903753,0.13255248425798527,0.0002285401924674534,global_distance_optimum_lp_integral,4182.894741966941,4182.894736842105,5.124836206960026e-06,True,0,lp_relaxation,157.89483684210526,580.1289322320442,0.0,0.0,0.0,,0.015741958981379867,0.13255248425798527,0.0002285401924674534,0.0,0.0
v2e2_d00d3a4d54f973fa24ac,qwen_flash,e2bv2_f81916a9751afb1e07b4,S1,stale,01835ca016b6607eda94cb8ff102b2cad69b4a1cb53b69f7d0ebcbc5963fd2b6,3450.0,False,3606.8421103879937,global_distance_optimum_lp_integral_distance_focus,global_distance_optimum_lp_integral,3607.894741966941,3607.8947368421054,5.124835752212675e-06,True,0,lp_relaxation,157.89483684210526,580.1289322320442,0.0,0.0,0.0,,0.015542250010184944,0.13255248425798527,0.0002285401924674534,global_distance_optimum_lp_integral,3607.894741966941,3607.8947368421054,5.124835752212675e-06,True,0,lp_relaxation,157.89483684210526,580.1289322320442,0.0,0.0,0.0,,0.016559209005208686,0.13255248425798527,0.0002285401924674534,0.0,0.0
v2e2_d00d3a4d54f973fa24ac,qwen_flash,e2bv2_f81916a9751afb1e07b4,S2,stale,01835ca016b6607eda94cb8ff102b2cad69b4a1cb53b69f7d0ebcbc5963fd2b6,3450.0,False,3606.8421103879937,global_distance_optimum_lp_integral_distance_focus,global_distance_optimum_lp_integral,3607.894741966941,3607.8947368421054,5.124835752212675e-06,True,0,lp_relaxation,157.89483684210526,580.1289322320442,0.0,0.0,0.0,,0.015542250010184944,0.13255248425798527,0.0002285401924674534,global_distance_optimum_lp_integral,3607.894741966941,3607.8947368421054,5.124835752212675e-06,True,0,lp_relaxation,157.89483684210526,580.1289322320442,0.0,0.0,0.0,,0.016559209005208686,0.13255248425798527,0.0002285401924674534,0.0,0.0
v2e2_d2a42e359dd264f920da,qwen_flash,e2bv2_a7a0be05e22e1bc02ab8,C1,canonical,a8e6ed1486c41066fd213b9bcf29f103c6a91e10b87ded7d790986410c780f12,4550.0,False,4706.842110387994,global_distance_optimum_lp_integral_distance_focus,global_distance_optimum_lp_integral,4707.894741966941,4707.894736842105,5.124836206960026e-06,True,0,lp_relaxation,157.89483684210526,471.603538947151,0.0,0.0,0.0,,0.022224499989533797,5.415486890364264,0.011616528708686423,global_distance_optimum_lp_integral,4707.894741966941,4707.894736842105,5.124836206960026e-06,True,0,lp_relaxation,157.89483684210526,471.603538947151,0.0,0.0,0.0,,0.02184158400632441,5.415486890364264,0.011616528708686423,0.0,0.0
v2e2_d2a42e359dd264f920da,qwen_flash,e2bv2_a7a0be05e22e1bc02ab8,C2,canonical,a8e6ed1486c41066fd213b9bcf29f103c6a91e10b87ded7d790986410c780f12,4550.0,False,4706.842110387994,global_distance_optimum_lp_integral_distance_focus,global_distance_optimum_lp_integral,4707.894741966941,4707.894736842105,5.124836206960026e-06,True,0,lp_relaxation,157.89483684210526,471.603538947151,0.0,0.0,0.0,,0.022224499989533797,5.415486890364264,0.011616528708686423,global_distance_optimum_lp_integral,4707.894741966941,4707.894736842105,5.124836206960026e-06,True,0,lp_relaxation,157.89483684210526,471.603538947151,0.0,0.0,0.0,,0.02184158400632441,5.415486890364264,0.011616528708686423,0.0,0.0
v2e2_d2a42e359dd264f920da,qwen_flash,e2bv2_a7a0be05e22e1bc02ab8,S1,stale,a8e6ed1486c41066fd213b9bcf29f103c6a91e10b87ded7d790986410c780f12,4550.0,False,4706.842110387994,global_distance_optimum_lp_integral_distance_focus,global_distance_optimum_lp_integral,4707.894741966941,4707.894736842105,5.124836206960026e-06,True,0,lp_relaxation,157.89483684210526,471.603538947151,0.0,0.0,0.0,,0.022224499989533797,5.415486890364264,0.011616528708686423,global_distance_optimum_lp_integral,4707.894741966941,4707.894736842105,5.124836206960026e-06,True,0,lp_relaxation,157.89483684210526,471.603538947151,0.0,0.0,0.0,,0.02184158400632441,5.415486890364264,0.011616528708686423,0.0,0.0
v2e2_d2a42e359dd264f920da,qwen_flash,e2bv2_a7a0be05e22e1bc02ab8,S2,stale,a8e6ed1486c41066fd213b9bcf29f103c6a91e10b87ded7d790986410c780f12,4550.0,False,4706.842110387994,global_distance_optimum_lp_integral_distance_focus,global_distance_optimum_lp_integral,4707.894741966941,4707.894736842105,5.124836206960026e-06,True,0,lp_relaxation,157.89483684210526,471.603538947151,0.0,0.0,0.0,,0.022224499989533797,5.415486890364264,0.011616528708686423,global_distance_optimum_lp_integral,4707.894741966941,4707.894736842105,5.124836206960026e-06,True,0,lp_relaxation,157.89483684210526,471.603538947151,0.0,0.0,0.0,,0.02184158400632441,5.415486890364264,0.011616528708686423,0.0,0.0
v2e2_d6701d548a93409fed9a,qwen_flash,e2bv2_706f6543b8c72f6485d0,C1,canonical,01835ca016b6607eda94cb8ff102b2cad69b4a1cb53b69f7d0ebcbc5963fd2b6,3450.0,False,3580.5263209143095,global_distance_optimum_lp_integral_distance_focus,global_distance_optimum_lp_integral,3581.578952493257,3581.5789473684213,5.124835752212675e-06,True,0,lp_relaxation,131.57904736842104,404.76762376142113,0.0,0.0,0.0,,0.01649133299360983,14.025322884290631,0.03589404795131437,global_distance_optimum_lp_integral,3581.578952493257,3581.5789473684213,5.124835752212675e-06,True,0,lp_relaxation,131.57904736842104,404.76762376142113,0.0,0.0,0.0,,0.015795207989867777,14.025322884290631,0.03589404795131437,0.0,0.0
v2e2_d6701d548a93409fed9a,qwen_flash,e2bv2_706f6543b8c72f6485d0,C2,canonical,01835ca016b6607eda94cb8ff102b2cad69b4a1cb53b69f7d0ebcbc5963fd2b6,3450.0,False,3580.5263209143095,global_distance_optimum_lp_integral_distance_focus,global_distance_optimum_lp_integral,3581.578952493257,3581.5789473684213,5.124835752212675e-06,True,0,lp_relaxation,131.57904736842104,404.76762376142113,0.0,0.0,0.0,,0.01649133299360983,14.025322884290631,0.03589404795131437,global_distance_optimum_lp_integral,3581.578952493257,3581.5789473684213,5.124835752212675e-06,True,0,lp_relaxation,131.57904736842104,404.76762376142113,0.0,0.0,0.0,,0.015795207989867777,14.025322884290631,0.03589404795131437,0.0,0.0
v2e2_d6701d548a93409fed9a,qwen_flash,e2bv2_706f6543b8c72f6485d0,S1,stale,01835ca016b6607eda94cb8ff102b2cad69b4a1cb53b69f7d0ebcbc5963fd2b6,3450.0,False,3580.5263209143095,global_distance_optimum_lp_integral_distance_focus,global_distance_optimum_lp_integral,3581.578952493257,3581.5789473684213,5.124835752212675e-06,True,0,lp_relaxation,131.57904736842104,404.76762376142113,0.0,0.0,0.0,,0.01649133299360983,14.025322884290631,0.03589404795131437,global_distance_optimum_lp_integral,3581.578952493257,3581.5789473684213,5.124835752212675e-06,True,0,lp_relaxation,131.57904736842104,404.76762376142113,0.0,0.0,0.0,,0.015795207989867777,14.025322884290631,0.03589404795131437,0.0,0.0
v2e2_d6701d548a93409fed9a,qwen_flash,e2bv2_706f6543b8c72f6485d0,S2,stale,01835ca016b6607eda94cb8ff102b2cad69b4a1cb53b69f7d0ebcbc5963fd2b6,3450.0,False,3580.5263209143095,global_distance_optimum_lp_integral_distance_focus,global_distance_optimum_lp_integral,3581.578952493257,3581.5789473684213,5.124835752212675e-06,True,0,lp_relaxation,131.57904736842104,404.76762376142113,0.0,0.0,0.0,,0.01649133299360983,14.025322884290631,0.03589404795131437,global_distance_optimum_lp_integral,3581.578952493257,3581.5789473684213,5.124835752212675e-06,True,0,lp_relaxation,131.57904736842104,404.76762376142113,0.0,0.0,0.0,,0.015795207989867777,14.025322884290631,0.03589404795131437,0.0,0.0
v2e2_d6ba00286f170447ebbf,qwen_flash,e2bv2_18a7375daa96cf6a350e,C1,canonical,01835ca016b6607eda94cb8ff102b2cad69b4a1cb53b69f7d0ebcbc5963fd2b6,3450.0,False,3606.8421103879937,global_distance_optimum_lp_integral_distance_focus,global_distance_optimum_lp_integral,3607.894741966941,3607.8947368421054,5.124835752212675e-06,True,0,lp_relaxation,157.89483684210526,404.4870479844754,0.0,0.0,0.0,,0.016543792007723823,12.233846568501178,0.031188646834082828,global_distance_optimum_lp_integral,3607.894741966941,3607.8947368421054,5.124835752212675e-06,True,0,lp_relaxation,157.89483684210526,404.4870479844754,0.0,0.0,0.0,,0.015644416998839006,12.233846568501178,0.031188646834082828,0.0,0.0
v2e2_d6ba00286f170447ebbf,qwen_flash,e2bv2_18a7375daa96cf6a350e,C2,canonical,01835ca016b6607eda94cb8ff102b2cad69b4a1cb53b69f7d0ebcbc5963fd2b6,3450.0,False,3606.8421103879937,global_distance_optimum_lp_integral_distance_focus,global_distance_optimum_lp_integral,3607.894741966941,3607.8947368421054,5.124835752212675e-06,True,0,lp_relaxation,157.89483684210526,404.4870479844754,0.0,0.0,0.0,,0.016543792007723823,12.233846568501178,0.031188646834082828,global_distance_optimum_lp_integral,3607.894741966941,3607.8947368421054,5.124835752212675e-06,True,0,lp_relaxation,157.89483684210526,404.4870479844754,0.0,0.0,0.0,,0.015644416998839006,12.233846568501178,0.031188646834082828,0.0,0.0
v2e2_d6ba00286f170447ebbf,qwen_flash,e2bv2_18a7375daa96cf6a350e,S1,stale,01835ca016b6607eda94cb8ff102b2cad69b4a1cb53b69f7d0ebcbc5963fd2b6,3450.0,False,3606.8421103879937,global_distance_optimum_lp_integral_distance_focus,global_distance_optimum_lp_integral,3607.894741966941,3607.8947368421054,5.124835752212675e-06,True,0,lp_relaxation,157.89483684210526,404.4870479844754,0.0,0.0,0.0,,0.016543792007723823,12.233846568501178,0.031188646834082828,global_distance_optimum_lp_integral,3607.894741966941,3607.8947368421054,5.124835752212675e-06,True,0,lp_relaxation,157.89483684210526,404.4870479844754,0.0,0.0,0.0,,0.015644416998839006,12.233846568501178,0.031188646834082828,0.0,0.0
v2e2_d6ba00286f170447ebbf,qwen_flash,e2bv2_18a7375daa96cf6a350e,S2,stale,01835ca016b6607eda94cb8ff102b2cad69b4a1cb53b69f7d0ebcbc5963fd2b6,3450.0,False,3606.8421103879937,global_distance_optimum_lp_integral_distance_focus,global_distance_optimum_lp_integral,3607.894741966941,3607.8947368421054,5.124835752212675e-06,True,0,lp_relaxation,157.89483684210526,404.4870479844754,0.0,0.0,0.0,,0.016543792007723823,12.233846568501178,0.031188646834082828,global_distance_optimum_lp_integral,3607.894741966941,3607.8947368421054,5.124835752212675e-06,True,0,lp_relaxation,157.89483684210526,404.4870479844754,0.0,0.0,0.0,,0.015644416998839006,12.233846568501178,0.031188646834082828,0.0,0.0
v2e2_e6c8a896df3972a400a6,qwen_flash,e2bv2_330204dda0af85f3081c,C1,canonical,01835ca016b6607eda94cb8ff102b2cad69b4a1cb53b69f7d0ebcbc5963fd2b6,3450.0,False,3606.8421103879937,global_distance_optimum_lp_integral_distance_focus,global_distance_optimum_lp_integral,3607.894741966941,3607.8947368421054,5.124835752212675e-06,True,0,lp_relaxation,157.89483684210526,404.37682015464577,0.0,0.0,0.0,,0.015743249998195097,6.061373125370892,0.015217519608084396,global_distance_optimum_lp_integral,3607.894741966941,3607.8947368421054,5.124835752212675e-06,True,0,lp_relaxation,157.89483684210526,404.37682015464577,0.0,0.0,0.0,,0.015875999990385026,6.061373125370892,0.015217519608084396,0.0,0.0
v2e2_e6c8a896df3972a400a6,qwen_flash,e2bv2_330204dda0af85f3081c,C2,canonical,01835ca016b6607eda94cb8ff102b2cad69b4a1cb53b69f7d0ebcbc5963fd2b6,3450.0,False,3606.8421103879937,global_distance_optimum_lp_integral_distance_focus,global_distance_optimum_lp_integral,3607.894741966941,3607.8947368421054,5.124835752212675e-06,True,0,lp_relaxation,157.89483684210526,404.37682015464577,0.0,0.0,0.0,,0.015743249998195097,6.061373125370892,0.015217519608084396,global_distance_optimum_lp_integral,3607.894741966941,3607.8947368421054,5.124835752212675e-06,True,0,lp_relaxation,157.89483684210526,404.37682015464577,0.0,0.0,0.0,,0.015875999990385026,6.061373125370892,0.015217519608084396,0.0,0.0
v2e2_e6c8a896df3972a400a6,qwen_flash,e2bv2_330204dda0af85f3081c,S1,stale,01835ca016b6607eda94cb8ff102b2cad69b4a1cb53b69f7d0ebcbc5963fd2b6,3450.0,False,3606.8421103879937,global_distance_optimum_lp_integral_distance_focus,global_distance_optimum_lp_integral,3607.894741966941,3607.8947368421054,5.124835752212675e-06,True,0,lp_relaxation,157.89483684210526,404.37682015464577,0.0,0.0,0.0,,0.015743249998195097,6.061373125370892,0.015217519608084396,global_distance_optimum_lp_integral,3607.894741966941,3607.8947368421054,5.124835752212675e-06,True,0,lp_relaxation,157.89483684210526,404.37682015464577,0.0,0.0,0.0,,0.015875999990385026,6.061373125370892,0.015217519608084396,0.0,0.0
v2e2_e6c8a896df3972a400a6,qwen_flash,e2bv2_330204dda0af85f3081c,S2,stale,326487469a33980196e4690ed24a8cc8aad86ae014a41bd0f24a4ab118d2a150,5750.0,False,5541.487600000001,feasible_mode_library_upper_bound_distance_focus,feasible_mode_library_upper_bound,5542.4376,5430.033837056505,112.40376294349517,False,42,direct_mpc_sign,570.935548717945,400.8760616664104,0.0,0.0,0.05434782608695652,0.12362581321163836,0.018140541011234745,2.5606146371355294,0.006428609927717246,feasible_mode_library_upper_bound,5542.4376,5430.033837056505,112.40376294349517,False,42,direct_mpc_sign,570.935548717945,400.8760616664104,0.0,0.0,0.05434782608695652,0.12362581321163836,0.01739854199695401,2.5606146371355294,0.006428609927717246,0.0,0.0
v2e2_e87de31d325befcf7b51,qwen_flash,e2bv2_424b6f1c95155ed9ff19,C1,canonical,025588c77ce30f8a823a982033052f1ed2a2d39c76db39ed20982ca9e17a6a8b,5562.5,False,5587.763163019573,global_distance_optimum_lp_integral_distance_focus,global_distance_optimum_lp_integral,5588.81579459852,5588.815789473684,5.124836206960026e-06,True,0,lp_relaxation,26.315889473684212,377.0637943405262,0.0,0.0,0.0,,0.02145854098489508,4.641418532248224,0.012462781061891979,global_distance_optimum_lp_integral,5588.81579459852,5588.815789473684,5.124836206960026e-06,True,0,lp_relaxation,26.315889473684212,377.0637943405262,0.0,0.0,0.0,,0.02270183397922665,4.641418532248224,0.012462781061891979,0.0,0.0
v2e2_e87de31d325befcf7b51,qwen_flash,e2bv2_424b6f1c95155ed9ff19,C2,canonical,025588c77ce30f8a823a982033052f1ed2a2d39c76db39ed20982ca9e17a6a8b,5562.5,False,5587.763163019573,global_distance_optimum_lp_integral_distance_focus,global_distance_optimum_lp_integral,5588.81579459852,5588.815789473684,5.124836206960026e-06,True,0,lp_relaxation,26.315889473684212,377.0637943405262,0.0,0.0,0.0,,0.02145854098489508,4.641418532248224,0.012462781061891979,global_distance_optimum_lp_integral,5588.81579459852,5588.815789473684,5.124836206960026e-06,True,0,lp_relaxation,26.315889473684212,377.0637943405262,0.0,0.0,0.0,,0.02270183397922665,4.641418532248224,0.012462781061891979,0.0,0.0
v2e2_e87de31d325befcf7b51,qwen_flash,e2bv2_424b6f1c95155ed9ff19,S1,stale,025588c77ce30f8a823a982033052f1ed2a2d39c76db39ed20982ca9e17a6a8b,5562.5,False,5587.763163019573,global_distance_optimum_lp_integral_distance_focus,global_distance_optimum_lp_integral,5588.81579459852,5588.815789473684,5.124836206960026e-06,True,0,lp_relaxation,26.315889473684212,377.0637943405262,0.0,0.0,0.0,,0.02145854098489508,4.641418532248224,0.012462781061891979,global_distance_optimum_lp_integral,5588.81579459852,5588.815789473684,5.124836206960026e-06,True,0,lp_relaxation,26.315889473684212,377.0637943405262,0.0,0.0,0.0,,0.02270183397922665,4.641418532248224,0.012462781061891979,0.0,0.0
v2e2_e87de31d325befcf7b51,qwen_flash,e2bv2_424b6f1c95155ed9ff19,S2,stale,025588c77ce30f8a823a982033052f1ed2a2d39c76db39ed20982ca9e17a6a8b,5562.5,False,5587.763163019573,global_distance_optimum_lp_integral_distance_focus,global_distance_optimum_lp_integral,5588.81579459852,5588.815789473684,5.124836206960026e-06,True,0,lp_relaxation,26.315889473684212,377.0637943405262,0.0,0.0,0.0,,0.02145854098489508,4.641418532248224,0.012462781061891979,global_distance_optimum_lp_integral,5588.81579459852,5588.815789473684,5.124836206960026e-06,True,0,lp_relaxation,26.315889473684212,377.0637943405262,0.0,0.0,0.0,,0.02270183397922665,4.641418532248224,0.012462781061891979,0.0,0.0
v2e2_e9230cb9c5afdd6582ec,qwen_flash,e2bv2_4c2a7c6129663b4e8e86,C1,canonical,e10d7818c317ac2b375d81fe4e13cb8aa10f95b38e5ce1bae5815ba492f050c2,3448.75,False,3631.907899861678,global_distance_optimum_lp_integral_distance_focus,global_distance_optimum_lp_integral,3632.9605314406253,3632.9605263157896,5.124835752212675e-06,True,0,lp_relaxation,184.21062631578948,488.9265086439131,0.0,0.0,0.0,,0.022401624999474734,0.29745114153297436,0.0006087463219101035,global_distance_optimum_lp_integral,3632.9605314406253,3632.9605263157896,5.124835752212675e-06,True,0,lp_relaxation,184.21062631578948,488.9265086439131,0.0,0.0,0.0,,0.02130262498394586,0.29745114153297436,0.0006087463219101035,0.0,0.0
v2e2_e9230cb9c5afdd6582ec,qwen_flash,e2bv2_4c2a7c6129663b4e8e86,C2,canonical,e10d7818c317ac2b375d81fe4e13cb8aa10f95b38e5ce1bae5815ba492f050c2,3448.75,False,3631.907899861678,global_distance_optimum_lp_integral_distance_focus,global_distance_optimum_lp_integral,3632.9605314406253,3632.9605263157896,5.124835752212675e-06,True,0,lp_relaxation,184.21062631578948,488.9265086439131,0.0,0.0,0.0,,0.022401624999474734,0.29745114153297436,0.0006087463219101035,global_distance_optimum_lp_integral,3632.9605314406253,3632.9605263157896,5.124835752212675e-06,True,0,lp_relaxation,184.21062631578948,488.9265086439131,0.0,0.0,0.0,,0.02130262498394586,0.29745114153297436,0.0006087463219101035,0.0,0.0
v2e2_e9230cb9c5afdd6582ec,qwen_flash,e2bv2_4c2a7c6129663b4e8e86,S1,stale,e10d7818c317ac2b375d81fe4e13cb8aa10f95b38e5ce1bae5815ba492f050c2,3448.75,False,3631.907899861678,global_distance_optimum_lp_integral_distance_focus,global_distance_optimum_lp_integral,3632.9605314406253,3632.9605263157896,5.124835752212675e-06,True,0,lp_relaxation,184.21062631578948,488.9265086439131,0.0,0.0,0.0,,0.022401624999474734,0.29745114153297436,0.0006087463219101035,global_distance_optimum_lp_integral,3632.9605314406253,3632.9605263157896,5.124835752212675e-06,True,0,lp_relaxation,184.21062631578948,488.9265086439131,0.0,0.0,0.0,,0.02130262498394586,0.29745114153297436,0.0006087463219101035,0.0,0.0
v2e2_e9230cb9c5afdd6582ec,qwen_flash,e2bv2_4c2a7c6129663b4e8e86,S2,stale,e10d7818c317ac2b375d81fe4e13cb8aa10f95b38e5ce1bae5815ba492f050c2,3448.75,False,3631.907899861678,global_distance_optimum_lp_integral_distance_focus,global_distance_optimum_lp_integral,3632.9605314406253,3632.9605263157896,5.124835752212675e-06,True,0,lp_relaxation,184.21062631578948,488.9265086439131,0.0,0.0,0.0,,0.022401624999474734,0.29745114153297436,0.0006087463219101035,global_distance_optimum_lp_integral,3632.9605314406253,3632.9605263157896,5.124835752212675e-06,True,0,lp_relaxation,184.21062631578948,488.9265086439131,0.0,0.0,0.0,,0.02130262498394586,0.29745114153297436,0.0006087463219101035,0.0,0.0
v2e2_ea69a5744fe4489919e6,qwen_flash,e2bv2_ee50862513a4cdbf07e4,C1,canonical,17d476114167a1c0bc9d2c2c8b50648412fb019586a84eccf17e07613d4c4bf4,5187.5,False,5162.8,global_distance_optimum_lp_integral_distance_focus,global_distance_optimum_lp_integral,5163.750005124835,5163.75,5.124835297465324e-06,True,0,lp_relaxation,23.7501,332.964765656805,0.0,0.0,0.0,,0.019092625007033348,6.56677319666602,0.02011891417337066,global_distance_optimum_lp_integral,5163.750005124835,5163.75,5.124835297465324e-06,True,0,lp_relaxation,23.7501,332.964765656805,0.0,0.0,0.0,,0.0184639579965733,6.56677319666602,0.02011891417337066,0.0,0.0
v2e2_ea69a5744fe4489919e6,qwen_flash,e2bv2_ee50862513a4cdbf07e4,C2,canonical,17d476114167a1c0bc9d2c2c8b50648412fb019586a84eccf17e07613d4c4bf4,5187.5,False,5162.8,global_distance_optimum_lp_integral_distance_focus,global_distance_optimum_lp_integral,5163.750005124835,5163.75,5.124835297465324e-06,True,0,lp_relaxation,23.7501,332.964765656805,0.0,0.0,0.0,,0.019092625007033348,6.56677319666602,0.02011891417337066,global_distance_optimum_lp_integral,5163.750005124835,5163.75,5.124835297465324e-06,True,0,lp_relaxation,23.7501,332.964765656805,0.0,0.0,0.0,,0.0184639579965733,6.56677319666602,0.02011891417337066,0.0,0.0
v2e2_ea69a5744fe4489919e6,qwen_flash,e2bv2_ee50862513a4cdbf07e4,S1,stale,f7f9a1bcdc2549262e5a0e396f8dbb3f4d1bf207af61934aac2bf0de84370ee2,5187.5,False,5161.5501,feasible_mode_library_upper_bound_distance_focus,feasible_mode_library_upper_bound,5162.5001,4946.61629434954,215.8838056504601,False,73,direct_mpc_sign,974.9980487179454,327.35317242890744,0.0,0.0,0.08433734939759036,,0.012875334010459483,0.9551799687684479,0.002926427217180566,feasible_mode_library_upper_bound,5162.5001,4946.61629434954,215.8838056504601,False,75,direct_mpc_sign,974.9980487179454,327.3531724289074,0.0,0.0,0.08433734939759036,,0.013022833009017631,0.9551799687683911,0.002926427217180392,0.0,0.0
v2e2_ea69a5744fe4489919e6,qwen_flash,e2bv2_ee50862513a4cdbf07e4,S2,stale,f7f9a1bcdc2549262e5a0e396f8dbb3f4d1bf207af61934aac2bf0de84370ee2,5187.5,False,5161.5501,feasible_mode_library_upper_bound_distance_focus,feasible_mode_library_upper_bound,5162.5001,4946.61629434954,215.8838056504601,False,73,direct_mpc_sign,974.9980487179454,327.35317242890744,0.0,0.0,0.08433734939759036,,0.012875334010459483,0.9551799687684479,0.002926427217180566,feasible_mode_library_upper_bound,5162.5001,4946.61629434954,215.8838056504601,False,75,direct_mpc_sign,974.9980487179454,327.3531724289074,0.0,0.0,0.08433734939759036,,0.013022833009017631,0.9551799687683911,0.002926427217180392,0.0,0.0
v2e2_eabe3c90461f173e872b,qwen_flash,e2bv2_6f189c0a63425c25daf9,C1,canonical,25585a42d3e84fc078b0e4cb5a0c2b83181d8e3ad3fa926f9a3e526fe5c105ba,5625.0,False,5808.157899861678,global_distance_optimum_lp_integral_distance_focus,global_distance_optimum_lp_integral,5809.210531440625,5809.21052631579,5.124835297465324e-06,True,0,lp_relaxation,184.21062631578948,301.72470665360186,0.0,0.0,0.0,,0.021286958013661206,3.4198032676221715,0.011464120196499934,global_distance_optimum_lp_integral,5809.210531440625,5809.210526315789,5.124836206960026e-06,True,0,lp_relaxation,184.21062631578948,301.72470665360186,0.0,0.0,0.0,,0.021781667019240558,3.4198032676221715,0.011464120196499934,0.0,0.0
v2e2_eabe3c90461f173e872b,qwen_flash,e2bv2_6f189c0a63425c25daf9,C2,canonical,25585a42d3e84fc078b0e4cb5a0c2b83181d8e3ad3fa926f9a3e526fe5c105ba,5625.0,False,5808.157899861678,global_distance_optimum_lp_integral_distance_focus,global_distance_optimum_lp_integral,5809.210531440625,5809.21052631579,5.124835297465324e-06,True,0,lp_relaxation,184.21062631578948,301.72470665360186,0.0,0.0,0.0,,0.021286958013661206,3.4198032676221715,0.011464120196499934,global_distance_optimum_lp_integral,5809.210531440625,5809.210526315789,5.124836206960026e-06,True,0,lp_relaxation,184.21062631578948,301.72470665360186,0.0,0.0,0.0,,0.021781667019240558,3.4198032676221715,0.011464120196499934,0.0,0.0
v2e2_eabe3c90461f173e872b,qwen_flash,e2bv2_6f189c0a63425c25daf9,S1,stale,25585a42d3e84fc078b0e4cb5a0c2b83181d8e3ad3fa926f9a3e526fe5c105ba,5625.0,False,5808.157899861678,global_distance_optimum_lp_integral_distance_focus,global_distance_optimum_lp_integral,5809.210531440625,5809.21052631579,5.124835297465324e-06,True,0,lp_relaxation,184.21062631578948,301.72470665360186,0.0,0.0,0.0,,0.021286958013661206,3.4198032676221715,0.011464120196499934,global_distance_optimum_lp_integral,5809.210531440625,5809.210526315789,5.124836206960026e-06,True,0,lp_relaxation,184.21062631578948,301.72470665360186,0.0,0.0,0.0,,0.021781667019240558,3.4198032676221715,0.011464120196499934,0.0,0.0
v2e2_eabe3c90461f173e872b,qwen_flash,e2bv2_6f189c0a63425c25daf9,S2,stale,25585a42d3e84fc078b0e4cb5a0c2b83181d8e3ad3fa926f9a3e526fe5c105ba,5625.0,False,5808.157899861678,global_distance_optimum_lp_integral_distance_focus,global_distance_optimum_lp_integral,5809.210531440625,5809.21052631579,5.124835297465324e-06,True,0,lp_relaxation,184.21062631578948,301.72470665360186,0.0,0.0,0.0,,0.021286958013661206,3.4198032676221715,0.011464120196499934,global_distance_optimum_lp_integral,5809.210531440625,5809.210526315789,5.124836206960026e-06,True,0,lp_relaxation,184.21062631578948,301.72470665360186,0.0,0.0,0.0,,0.021781667019240558,3.4198032676221715,0.011464120196499934,0.0,0.0
v2e2_eeaa2f40bad66efc8c57,qwen_flash,e2bv2_97f971894961663ca81d,C1,canonical,b5b6ad8609aabca0e47ae6b8ace99c3a17781d5d6bfe62eb14f301d8ca0b2f83,5232.5,False,5415.657894736842,global_distance_optimum_lp_integral_distance_focus,global_distance_optimum_lp_integral,5416.71052631579,5416.71052631579,0.0,True,0,lp_relaxation,184.21052631578948,316.78808647676533,0.0,0.0,0.0,,0.02143583301221952,0.0,0.0,global_distance_optimum_lp_integral,5416.71052631579,5416.71052631579,0.0,True,0,lp_relaxation,184.21052631578948,316.78808647676533,0.0,0.0,0.0,,0.02274458299507387,0.0,0.0,0.0,0.0
v2e2_eeaa2f40bad66efc8c57,qwen_flash,e2bv2_97f971894961663ca81d,C2,canonical,b5b6ad8609aabca0e47ae6b8ace99c3a17781d5d6bfe62eb14f301d8ca0b2f83,5232.5,False,5415.657894736842,global_distance_optimum_lp_integral_distance_focus,global_distance_optimum_lp_integral,5416.71052631579,5416.71052631579,0.0,True,0,lp_relaxation,184.21052631578948,316.78808647676533,0.0,0.0,0.0,,0.02143583301221952,0.0,0.0,global_distance_optimum_lp_integral,5416.71052631579,5416.71052631579,0.0,True,0,lp_relaxation,184.21052631578948,316.78808647676533,0.0,0.0,0.0,,0.02274458299507387,0.0,0.0,0.0,0.0
v2e2_eeaa2f40bad66efc8c57,qwen_flash,e2bv2_97f971894961663ca81d,S1,stale,b5b6ad8609aabca0e47ae6b8ace99c3a17781d5d6bfe62eb14f301d8ca0b2f83,5232.5,False,5415.657894736842,global_distance_optimum_lp_integral_distance_focus,global_distance_optimum_lp_integral,5416.71052631579,5416.71052631579,0.0,True,0,lp_relaxation,184.21052631578948,316.78808647676533,0.0,0.0,0.0,,0.02143583301221952,0.0,0.0,global_distance_optimum_lp_integral,5416.71052631579,5416.71052631579,0.0,True,0,lp_relaxation,184.21052631578948,316.78808647676533,0.0,0.0,0.0,,0.02274458299507387,0.0,0.0,0.0,0.0
v2e2_eeaa2f40bad66efc8c57,qwen_flash,e2bv2_97f971894961663ca81d,S2,stale,b5b6ad8609aabca0e47ae6b8ace99c3a17781d5d6bfe62eb14f301d8ca0b2f83,5232.5,False,5415.657894736842,global_distance_optimum_lp_integral_distance_focus,global_distance_optimum_lp_integral,5416.71052631579,5416.71052631579,0.0,True,0,lp_relaxation,184.21052631578948,316.78808647676533,0.0,0.0,0.0,,0.02143583301221952,0.0,0.0,global_distance_optimum_lp_integral,5416.71052631579,5416.71052631579,0.0,True,0,lp_relaxation,184.21052631578948,316.78808647676533,0.0,0.0,0.0,,0.02274458299507387,0.0,0.0,0.0,0.0
v2e2_eefa2a6aa00281c6d0de,qwen_flash,e2bv2_655a350b899a51313c0b,C1,canonical,25585a42d3e84fc078b0e4cb5a0c2b83181d8e3ad3fa926f9a3e526fe5c105ba,5625.0,False,5650.263163019573,global_distance_optimum_lp_integral_distance_focus,global_distance_optimum_lp_integral,5651.31579459852,5651.315789473684,5.124836206960026e-06,True,0,lp_relaxation,26.315889473684212,647.9590759134833,0.0,0.0,0.0,,0.02214908300084062,80.20924288890319,0.14127567851777884,global_distance_optimum_lp_integral,5651.31579459852,5651.315789473684,5.124836206960026e-06,True,0,lp_relaxation,26.315889473684212,647.9590759134833,0.0,0.0,0.0,,0.021347208006773144,80.20924288890319,0.14127567851777884,0.0,0.0
v2e2_eefa2a6aa00281c6d0de,qwen_flash,e2bv2_655a350b899a51313c0b,C2,canonical,25585a42d3e84fc078b0e4cb5a0c2b83181d8e3ad3fa926f9a3e526fe5c105ba,5625.0,False,5650.263163019573,global_distance_optimum_lp_integral_distance_focus,global_distance_optimum_lp_integral,5651.31579459852,5651.315789473684,5.124836206960026e-06,True,0,lp_relaxation,26.315889473684212,647.9590759134833,0.0,0.0,0.0,,0.02214908300084062,80.20924288890319,0.14127567851777884,global_distance_optimum_lp_integral,5651.31579459852,5651.315789473684,5.124836206960026e-06,True,0,lp_relaxation,26.315889473684212,647.9590759134833,0.0,0.0,0.0,,0.021347208006773144,80.20924288890319,0.14127567851777884,0.0,0.0
v2e2_eefa2a6aa00281c6d0de,qwen_flash,e2bv2_655a350b899a51313c0b,S1,stale,25585a42d3e84fc078b0e4cb5a0c2b83181d8e3ad3fa926f9a3e526fe5c105ba,5625.0,False,5650.263163019573,global_distance_optimum_lp_integral_distance_focus,global_distance_optimum_lp_integral,5651.31579459852,5651.315789473684,5.124836206960026e-06,True,0,lp_relaxation,26.315889473684212,647.9590759134833,0.0,0.0,0.0,,0.02214908300084062,80.20924288890319,0.14127567851777884,global_distance_optimum_lp_integral,5651.31579459852,5651.315789473684,5.124836206960026e-06,True,0,lp_relaxation,26.315889473684212,647.9590759134833,0.0,0.0,0.0,,0.021347208006773144,80.20924288890319,0.14127567851777884,0.0,0.0
v2e2_eefa2a6aa00281c6d0de,qwen_flash,e2bv2_655a350b899a51313c0b,S2,stale,25585a42d3e84fc078b0e4cb5a0c2b83181d8e3ad3fa926f9a3e526fe5c105ba,5625.0,False,5650.263163019573,global_distance_optimum_lp_integral_distance_focus,global_distance_optimum_lp_integral,5651.31579459852,5651.315789473684,5.124836206960026e-06,True,0,lp_relaxation,26.315889473684212,647.9590759134833,0.0,0.0,0.0,,0.02214908300084062,80.20924288890319,0.14127567851777884,global_distance_optimum_lp_integral,5651.31579459852,5651.315789473684,5.124836206960026e-06,True,0,lp_relaxation,26.315889473684212,647.9590759134833,0.0,0.0,0.0,,0.021347208006773144,80.20924288890319,0.14127567851777884,0.0,0.0
v2e2_f5ed58c9117bb14967a8,qwen_flash,e2bv2_9c4060405a974598b4e7,C1,canonical,a8e6ed1486c41066fd213b9bcf29f103c6a91e10b87ded7d790986410c780f12,4550.0,False,4733.157899861678,global_distance_optimum_lp_integral_distance_focus,global_distance_optimum_lp_integral,4734.210531440625,4734.21052631579,5.124835297465324e-06,True,0,lp_relaxation,184.21062631578948,366.6098611590923,0.0,0.0,0.0,,0.021360749989980832,1.1684926869741048,0.00319748333873497,global_distance_optimum_lp_integral,4734.210531440625,4734.21052631579,5.124835297465324e-06,True,0,lp_relaxation,184.21062631578948,366.6098611590923,0.0,0.0,0.0,,0.02281500000390224,1.1684926869741048,0.00319748333873497,0.0,0.0
v2e2_f5ed58c9117bb14967a8,qwen_flash,e2bv2_9c4060405a974598b4e7,C2,canonical,eb6bb5bcbaefb3806e29ce3efe79f877e6d092fc58af6cbe538810faaedc7a66,4550.0,False,4353.5501,feasible_mode_library_upper_bound_distance_focus,feasible_mode_library_upper_bound,4354.5001,4142.049934296978,212.45016570302232,False,85,direct_mpc_sign,404.49804871794504,365.93510727649436,0.0,0.0,0.054945054945054944,,0.01441299999714829,0.49373880437616435,0.0013510752940764416,feasible_mode_library_upper_bound,4354.5001,4142.049934296978,212.45016570302232,False,85,direct_mpc_sign,404.49804871794504,365.93510727649436,0.0,0.0,0.054945054945054944,,0.013424750010017306,0.49373880437616435,0.0013510752940764416,0.0,0.0
v2e2_f5ed58c9117bb14967a8,qwen_flash,e2bv2_9c4060405a974598b4e7,S1,stale,a8e6ed1486c41066fd213b9bcf29f103c6a91e10b87ded7d790986410c780f12,4550.0,False,4733.157899861678,global_distance_optimum_lp_integral_distance_focus,global_distance_optimum_lp_integral,4734.210531440625,4734.21052631579,5.124835297465324e-06,True,0,lp_relaxation,184.21062631578948,366.6098611590923,0.0,0.0,0.0,,0.021360749989980832,1.1684926869741048,0.00319748333873497,global_distance_optimum_lp_integral,4734.210531440625,4734.21052631579,5.124835297465324e-06,True,0,lp_relaxation,184.21062631578948,366.6098611590923,0.0,0.0,0.0,,0.02281500000390224,1.1684926869741048,0.00319748333873497,0.0,0.0
v2e2_f5ed58c9117bb14967a8,qwen_flash,e2bv2_9c4060405a974598b4e7,S2,stale,a8e6ed1486c41066fd213b9bcf29f103c6a91e10b87ded7d790986410c780f12,4550.0,False,4733.157899861678,global_distance_optimum_lp_integral_distance_focus,global_distance_optimum_lp_integral,4734.210531440625,4734.21052631579,5.124835297465324e-06,True,0,lp_relaxation,184.21062631578948,366.6098611590923,0.0,0.0,0.0,,0.021360749989980832,1.1684926869741048,0.00319748333873497,global_distance_optimum_lp_integral,4734.210531440625,4734.21052631579,5.124835297465324e-06,True,0,lp_relaxation,184.21062631578948,366.6098611590923,0.0,0.0,0.0,,0.02281500000390224,1.1684926869741048,0.00319748333873497,0.0,0.0
v2e2_f60d5d4b26a4ec302fa4,qwen_flash,e2bv2_90ca24d952905ebcbd31,C1,canonical,025588c77ce30f8a823a982033052f1ed2a2d39c76db39ed20982ca9e17a6a8b,5562.5,False,5719.342110387994,global_distance_optimum_lp_integral_distance_focus,global_distance_optimum_lp_integral,5720.394741966941,5720.394736842105,5.124836206960026e-06,True,0,lp_relaxation,157.89483684210526,229.36579975374272,0.0,0.0,0.0,,0.021307666989741847,1.7145758930313946,0.007531590930872658,global_distance_optimum_lp_integral,5720.394741966941,5720.394736842105,5.124836206960026e-06,True,0,lp_relaxation,157.89483684210526,229.36579975374272,0.0,0.0,0.0,,0.021270958008244634,1.7145758930313946,0.007531590930872658,0.0,0.0
v2e2_f60d5d4b26a4ec302fa4,qwen_flash,e2bv2_90ca24d952905ebcbd31,C2,canonical,025588c77ce30f8a823a982033052f1ed2a2d39c76db39ed20982ca9e17a6a8b,5562.5,False,5719.342110387994,global_distance_optimum_lp_integral_distance_focus,global_distance_optimum_lp_integral,5720.394741966941,5720.394736842105,5.124836206960026e-06,True,0,lp_relaxation,157.89483684210526,229.36579975374272,0.0,0.0,0.0,,0.021307666989741847,1.7145758930313946,0.007531590930872658,global_distance_optimum_lp_integral,5720.394741966941,5720.394736842105,5.124836206960026e-06,True,0,lp_relaxation,157.89483684210526,229.36579975374272,0.0,0.0,0.0,,0.021270958008244634,1.7145758930313946,0.007531590930872658,0.0,0.0
v2e2_f60d5d4b26a4ec302fa4,qwen_flash,e2bv2_90ca24d952905ebcbd31,S1,stale,2cc3f2dc33992090cd3e8b424fc469b126c94d55984d714abb97ac2434f31214,4312.5,False,3948.5813500000004,feasible_mode_library_upper_bound_distance_focus,feasible_mode_library_upper_bound,3949.53135,3842.9106438896188,106.62070611038143,False,35,direct_mpc_sign,452.0292987179447,228.0058362880665,0.0,0.0,0.06741573033707865,0.2628823303034747,0.016014791995985433,0.3546124273551641,0.0015577005093200557,feasible_mode_library_upper_bound,3949.53135,3842.9106438896188,106.62070611038143,False,35,direct_mpc_sign,452.0292987179447,228.00583628806652,0.0,0.0,0.06741573033707865,0.2628823303034747,0.014552583015756682,0.3546124273551925,0.0015577005093201806,0.0,0.0
v2e2_f60d5d4b26a4ec302fa4,qwen_flash,e2bv2_90ca24d952905ebcbd31,S2,stale,025588c77ce30f8a823a982033052f1ed2a2d39c76db39ed20982ca9e17a6a8b,5562.5,False,5719.342110387994,global_distance_optimum_lp_integral_distance_focus,global_distance_optimum_lp_integral,5720.394741966941,5720.394736842105,5.124836206960026e-06,True,0,lp_relaxation,157.89483684210526,229.36579975374272,0.0,0.0,0.0,,0.021307666989741847,1.7145758930313946,0.007531590930872658,global_distance_optimum_lp_integral,5720.394741966941,5720.394736842105,5.124836206960026e-06,True,0,lp_relaxation,157.89483684210526,229.36579975374272,0.0,0.0,0.0,,0.021270958008244634,1.7145758930313946,0.007531590930872658,0.0,0.0
v2e2_ff7d4d179a2e6d483137,qwen_flash,e2bv2_0a17bfd746dc8ad8a01e,C1,canonical,359431def63e4accc9a1d47633a3ddb3ca4424654a7c667dd1cfd15872376319,5687.5,False,5662.8,global_distance_optimum_lp_integral_distance_focus,global_distance_optimum_lp_integral,5663.750005124835,5663.75,5.124835297465324e-06,True,0,lp_relaxation,23.7501,634.0075492734704,0.0,0.0,0.0,,0.02237191700260155,0.21724586938057655,0.0003427724725571664,global_distance_optimum_lp_integral,5663.750005124835,5663.75,5.124835297465324e-06,True,0,lp_relaxation,23.7501,634.0075492734704,0.0,0.0,0.0,,0.02263895800570026,0.21724586938057655,0.0003427724725571664,0.0,0.0
v2e2_ff7d4d179a2e6d483137,qwen_flash,e2bv2_0a17bfd746dc8ad8a01e,C2,canonical,359431def63e4accc9a1d47633a3ddb3ca4424654a7c667dd1cfd15872376319,5687.5,False,5662.8,global_distance_optimum_lp_integral_distance_focus,global_distance_optimum_lp_integral,5663.750005124835,5663.75,5.124835297465324e-06,True,0,lp_relaxation,23.7501,634.0075492734704,0.0,0.0,0.0,,0.02237191700260155,0.21724586938057655,0.0003427724725571664,global_distance_optimum_lp_integral,5663.750005124835,5663.75,5.124835297465324e-06,True,0,lp_relaxation,23.7501,634.0075492734704,0.0,0.0,0.0,,0.02263895800570026,0.21724586938057655,0.0003427724725571664,0.0,0.0
v2e2_ff7d4d179a2e6d483137,qwen_flash,e2bv2_0a17bfd746dc8ad8a01e,S1,stale,359431def63e4accc9a1d47633a3ddb3ca4424654a7c667dd1cfd15872376319,5687.5,False,5662.8,global_distance_optimum_lp_integral_distance_focus,global_distance_optimum_lp_integral,5663.750005124835,5663.75,5.124835297465324e-06,True,0,lp_relaxation,23.7501,634.0075492734704,0.0,0.0,0.0,,0.02237191700260155,0.21724586938057655,0.0003427724725571664,global_distance_optimum_lp_integral,5663.750005124835,5663.75,5.124835297465324e-06,True,0,lp_relaxation,23.7501,634.0075492734704,0.0,0.0,0.0,,0.02263895800570026,0.21724586938057655,0.0003427724725571664,0.0,0.0
v2e2_ff7d4d179a2e6d483137,qwen_flash,e2bv2_0a17bfd746dc8ad8a01e,S2,stale,359431def63e4accc9a1d47633a3ddb3ca4424654a7c667dd1cfd15872376319,5687.5,False,5662.8,global_distance_optimum_lp_integral_distance_focus,global_distance_optimum_lp_integral,5663.750005124835,5663.75,5.124835297465324e-06,True,0,lp_relaxation,23.7501,634.0075492734704,0.0,0.0,0.0,,0.02237191700260155,0.21724586938057655,0.0003427724725571664,global_distance_optimum_lp_integral,5663.750005124835,5663.75,5.124835297465324e-06,True,0,lp_relaxation,23.7501,634.0075492734704,0.0,0.0,0.0,,0.02263895800570026,0.21724586938057655,0.0003427724725571664,0.0,0.0
