tier,block_id,scenario_id,model_condition,branch,replay_type,max_trace_abs_diff,abs_diff_terminal_soc_kwh,abs_diff_terminal_signed_error_kwh,abs_diff_terminal_absolute_error_kwh,abs_diff_total_violation_energy,abs_diff_action_energy_kwh,abs_diff_physical_cost_usd,all_flag_matches,match_dynamic_constraints_ok,match_engineering_feasible,match_strict_feasible,match_violation_interval_count
F1,e2bv2_02f8e9930d0e0232bdbc,v2e2_a7c71f5aa3db3e32fdd1,qwen_flash,C2,carrier_consistent,0.0,0.0,0.0,0.0,0.0,0.0,0.0,True,True,True,True,True
F1,e2bv2_02f8e9930d0e0232bdbc,v2e2_a7c71f5aa3db3e32fdd1,qwen_flash,C2,authoritative,0.0,0.0,0.0,0.0,0.0,0.0,0.0,True,True,True,True,True
F1,e2bv2_02f8e9930d0e0232bdbc,v2e2_a7c71f5aa3db3e32fdd1,qwen_flash,S2,carrier_consistent,0.0,0.0,0.0,0.0,0.0,0.0,0.0,True,True,True,True,True
F1,e2bv2_02f8e9930d0e0232bdbc,v2e2_a7c71f5aa3db3e32fdd1,qwen_flash,S2,authoritative,0.0,0.0,0.0,0.0,0.0,0.0,0.0,True,True,True,True,True
F1,e2bv2_02f8e9930d0e0232bdbc,v2e2_a7c71f5aa3db3e32fdd1,qwen_flash,C1,carrier_consistent,0.0,0.0,0.0,0.0,0.0,0.0,0.0,True,True,True,True,True
F1,e2bv2_02f8e9930d0e0232bdbc,v2e2_a7c71f5aa3db3e32fdd1,qwen_flash,C1,authoritative,0.0,0.0,0.0,0.0,0.0,0.0,0.0,True,True,True,True,True
F1,e2bv2_02f8e9930d0e0232bdbc,v2e2_a7c71f5aa3db3e32fdd1,qwen_flash,S1,carrier_consistent,0.0,0.0,0.0,0.0,0.0,0.0,0.0,True,True,True,True,True
F1,e2bv2_02f8e9930d0e0232bdbc,v2e2_a7c71f5aa3db3e32fdd1,qwen_flash,S1,authoritative,0.0,0.0,0.0,0.0,0.0,0.0,0.0,True,True,True,True,True
F1,e2bv2_063e4dae2070d79d92fc,v2e2_31906e8fff0262a0bd53,deepseek_formal,C2,carrier_consistent,0.0,0.0,0.0,0.0,0.0,0.0,0.0,True,True,True,True,True
F1,e2bv2_063e4dae2070d79d92fc,v2e2_31906e8fff0262a0bd53,deepseek_formal,C2,authoritative,0.0,0.0,0.0,0.0,0.0,0.0,0.0,True,True,True,True,True
F1,e2bv2_063e4dae2070d79d92fc,v2e2_31906e8fff0262a0bd53,deepseek_formal,S2,carrier_consistent,0.0,0.0,0.0,0.0,0.0,0.0,0.0,True,True,True,True,True
F1,e2bv2_063e4dae2070d79d92fc,v2e2_31906e8fff0262a0bd53,deepseek_formal,S2,authoritative,0.0,0.0,0.0,0.0,0.0,0.0,0.0,True,True,True,True,True
F1,e2bv2_063e4dae2070d79d92fc,v2e2_31906e8fff0262a0bd53,deepseek_formal,C1,carrier_consistent,0.0,0.0,0.0,0.0,0.0,0.0,0.0,True,True,True,True,True
F1,e2bv2_063e4dae2070d79d92fc,v2e2_31906e8fff0262a0bd53,deepseek_formal,C1,authoritative,0.0,0.0,0.0,0.0,0.0,0.0,0.0,True,True,True,True,True
F1,e2bv2_063e4dae2070d79d92fc,v2e2_31906e8fff0262a0bd53,deepseek_formal,S1,carrier_consistent,0.0,0.0,0.0,0.0,0.0,0.0,0.0,True,True,True,True,True
F1,e2bv2_063e4dae2070d79d92fc,v2e2_31906e8fff0262a0bd53,deepseek_formal,S1,authoritative,0.0,0.0,0.0,0.0,0.0,0.0,0.0,True,True,True,True,True
F1,e2bv2_074dcbf2a80e3ff78303,v2e2_28d9724eea09520d5cd7,qwen_flash,S1,carrier_consistent,0.0,0.0,0.0,0.0,0.0,0.0,0.0,True,True,True,True,True
F1,e2bv2_074dcbf2a80e3ff78303,v2e2_28d9724eea09520d5cd7,qwen_flash,S1,authoritative,0.0,0.0,0.0,0.0,0.0,0.0,0.0,True,True,True,True,True
F1,e2bv2_074dcbf2a80e3ff78303,v2e2_28d9724eea09520d5cd7,qwen_flash,C2,carrier_consistent,0.0,0.0,0.0,0.0,0.0,0.0,0.0,True,True,True,True,True
F1,e2bv2_074dcbf2a80e3ff78303,v2e2_28d9724eea09520d5cd7,qwen_flash,C2,authoritative,0.0,0.0,0.0,0.0,0.0,0.0,0.0,True,True,True,True,True
F1,e2bv2_074dcbf2a80e3ff78303,v2e2_28d9724eea09520d5cd7,qwen_flash,S2,carrier_consistent,0.0,0.0,0.0,0.0,0.0,0.0,0.0,True,True,True,True,True
F1,e2bv2_074dcbf2a80e3ff78303,v2e2_28d9724eea09520d5cd7,qwen_flash,S2,authoritative,0.0,0.0,0.0,0.0,0.0,0.0,0.0,True,True,True,True,True
F1,e2bv2_074dcbf2a80e3ff78303,v2e2_28d9724eea09520d5cd7,qwen_flash,C1,carrier_consistent,0.0,0.0,0.0,0.0,0.0,0.0,0.0,True,True,True,True,True
F1,e2bv2_074dcbf2a80e3ff78303,v2e2_28d9724eea09520d5cd7,qwen_flash,C1,authoritative,0.0,0.0,0.0,0.0,0.0,0.0,0.0,True,True,True,True,True
F1,e2bv2_0787415782c7e9d8edc2,v2e2_689fd81bd1f3eec1e27d,qwen_flash,C1,carrier_consistent,0.0,0.0,0.0,0.0,0.0,0.0,0.0,True,True,True,True,True
F1,e2bv2_0787415782c7e9d8edc2,v2e2_689fd81bd1f3eec1e27d,qwen_flash,C1,authoritative,0.0,0.0,0.0,0.0,0.0,0.0,0.0,True,True,True,True,True
F1,e2bv2_0787415782c7e9d8edc2,v2e2_689fd81bd1f3eec1e27d,qwen_flash,S1,carrier_consistent,0.0,0.0,0.0,0.0,0.0,0.0,0.0,True,True,True,True,True
F1,e2bv2_0787415782c7e9d8edc2,v2e2_689fd81bd1f3eec1e27d,qwen_flash,S1,authoritative,0.0,0.0,0.0,0.0,0.0,0.0,0.0,True,True,True,True,True
F1,e2bv2_0787415782c7e9d8edc2,v2e2_689fd81bd1f3eec1e27d,qwen_flash,C2,carrier_consistent,0.0,0.0,0.0,0.0,0.0,0.0,0.0,True,True,True,True,True
F1,e2bv2_0787415782c7e9d8edc2,v2e2_689fd81bd1f3eec1e27d,qwen_flash,C2,authoritative,0.0,0.0,0.0,0.0,0.0,0.0,0.0,True,True,True,True,True
F1,e2bv2_0787415782c7e9d8edc2,v2e2_689fd81bd1f3eec1e27d,qwen_flash,S2,carrier_consistent,0.0,0.0,0.0,0.0,0.0,0.0,0.0,True,True,True,True,True
F1,e2bv2_0787415782c7e9d8edc2,v2e2_689fd81bd1f3eec1e27d,qwen_flash,S2,authoritative,0.0,0.0,0.0,0.0,0.0,0.0,0.0,True,True,True,True,True
F1,e2bv2_07ea54043eaf99939dcb,v2e2_12b72852882928644d40,deepseek_formal,C2,carrier_consistent,0.0,0.0,0.0,0.0,0.0,0.0,0.0,True,True,True,True,True
F1,e2bv2_07ea54043eaf99939dcb,v2e2_12b72852882928644d40,deepseek_formal,C2,authoritative,0.0,0.0,0.0,0.0,0.0,0.0,0.0,True,True,True,True,True
F1,e2bv2_07ea54043eaf99939dcb,v2e2_12b72852882928644d40,deepseek_formal,S2,carrier_consistent,0.0,0.0,0.0,0.0,0.0,0.0,0.0,True,True,True,True,True
F1,e2bv2_07ea54043eaf99939dcb,v2e2_12b72852882928644d40,deepseek_formal,S2,authoritative,0.0,0.0,0.0,0.0,0.0,0.0,0.0,True,True,True,True,True
F1,e2bv2_07ea54043eaf99939dcb,v2e2_12b72852882928644d40,deepseek_formal,C1,carrier_consistent,0.0,0.0,0.0,0.0,0.0,0.0,0.0,True,True,True,True,True
F1,e2bv2_07ea54043eaf99939dcb,v2e2_12b72852882928644d40,deepseek_formal,C1,authoritative,0.0,0.0,0.0,0.0,0.0,0.0,0.0,True,True,True,True,True
F1,e2bv2_07ea54043eaf99939dcb,v2e2_12b72852882928644d40,deepseek_formal,S1,carrier_consistent,0.0,0.0,0.0,0.0,0.0,0.0,0.0,True,True,True,True,True
F1,e2bv2_07ea54043eaf99939dcb,v2e2_12b72852882928644d40,deepseek_formal,S1,authoritative,0.0,0.0,0.0,0.0,0.0,0.0,0.0,True,True,True,True,True
F1,e2bv2_08881e1bb8b31d73283a,v2e2_ade91af586194aa1b583,qwen_flash,S1,carrier_consistent,0.0,0.0,0.0,0.0,0.0,0.0,0.0,True,True,True,True,True
F1,e2bv2_08881e1bb8b31d73283a,v2e2_ade91af586194aa1b583,qwen_flash,S1,authoritative,0.0,0.0,0.0,0.0,0.0,0.0,0.0,True,True,True,True,True
F1,e2bv2_08881e1bb8b31d73283a,v2e2_ade91af586194aa1b583,qwen_flash,C2,carrier_consistent,0.0,0.0,0.0,0.0,0.0,0.0,0.0,True,True,True,True,True
F1,e2bv2_08881e1bb8b31d73283a,v2e2_ade91af586194aa1b583,qwen_flash,C2,authoritative,0.0,0.0,0.0,0.0,0.0,0.0,0.0,True,True,True,True,True
F1,e2bv2_08881e1bb8b31d73283a,v2e2_ade91af586194aa1b583,qwen_flash,S2,carrier_consistent,0.0,0.0,0.0,0.0,0.0,0.0,0.0,True,True,True,True,True
F1,e2bv2_08881e1bb8b31d73283a,v2e2_ade91af586194aa1b583,qwen_flash,S2,authoritative,0.0,0.0,0.0,0.0,0.0,0.0,0.0,True,True,True,True,True
F1,e2bv2_08881e1bb8b31d73283a,v2e2_ade91af586194aa1b583,qwen_flash,C1,carrier_consistent,0.0,0.0,0.0,0.0,0.0,0.0,0.0,True,True,True,True,True
F1,e2bv2_08881e1bb8b31d73283a,v2e2_ade91af586194aa1b583,qwen_flash,C1,authoritative,0.0,0.0,0.0,0.0,0.0,0.0,0.0,True,True,True,True,True
F1,e2bv2_096aba26d125a00ae3fa,v2e2_a49aba98f0f44c8c6622,deepseek_formal,S2,carrier_consistent,0.0,0.0,0.0,0.0,0.0,0.0,0.0,True,True,True,True,True
F1,e2bv2_096aba26d125a00ae3fa,v2e2_a49aba98f0f44c8c6622,deepseek_formal,S2,authoritative,0.0,0.0,0.0,0.0,0.0,0.0,0.0,True,True,True,True,True
F1,e2bv2_096aba26d125a00ae3fa,v2e2_a49aba98f0f44c8c6622,deepseek_formal,C1,carrier_consistent,0.0,0.0,0.0,0.0,0.0,0.0,0.0,True,True,True,True,True
F1,e2bv2_096aba26d125a00ae3fa,v2e2_a49aba98f0f44c8c6622,deepseek_formal,C1,authoritative,0.0,0.0,0.0,0.0,0.0,0.0,0.0,True,True,True,True,True
F1,e2bv2_096aba26d125a00ae3fa,v2e2_a49aba98f0f44c8c6622,deepseek_formal,S1,carrier_consistent,0.0,0.0,0.0,0.0,0.0,0.0,0.0,True,True,True,True,True
F1,e2bv2_096aba26d125a00ae3fa,v2e2_a49aba98f0f44c8c6622,deepseek_formal,S1,authoritative,0.0,0.0,0.0,0.0,0.0,0.0,0.0,True,True,True,True,True
F1,e2bv2_096aba26d125a00ae3fa,v2e2_a49aba98f0f44c8c6622,deepseek_formal,C2,carrier_consistent,0.0,0.0,0.0,0.0,0.0,0.0,0.0,True,True,True,True,True
F1,e2bv2_096aba26d125a00ae3fa,v2e2_a49aba98f0f44c8c6622,deepseek_formal,C2,authoritative,0.0,0.0,0.0,0.0,0.0,0.0,0.0,True,True,True,True,True
F1,e2bv2_0a0eaab54b0649123a14,v2e2_581afa30a65d6a5d08a5,deepseek_formal,S1,carrier_consistent,0.0,0.0,0.0,0.0,0.0,0.0,0.0,True,True,True,True,True
F1,e2bv2_0a0eaab54b0649123a14,v2e2_581afa30a65d6a5d08a5,deepseek_formal,S1,authoritative,0.0,0.0,0.0,0.0,0.0,0.0,0.0,True,True,True,True,True
F1,e2bv2_0a0eaab54b0649123a14,v2e2_581afa30a65d6a5d08a5,deepseek_formal,C2,carrier_consistent,0.0,0.0,0.0,0.0,0.0,0.0,0.0,True,True,True,True,True
F1,e2bv2_0a0eaab54b0649123a14,v2e2_581afa30a65d6a5d08a5,deepseek_formal,C2,authoritative,0.0,0.0,0.0,0.0,0.0,0.0,0.0,True,True,True,True,True
F1,e2bv2_0a0eaab54b0649123a14,v2e2_581afa30a65d6a5d08a5,deepseek_formal,S2,carrier_consistent,0.0,0.0,0.0,0.0,0.0,0.0,0.0,True,True,True,True,True
F1,e2bv2_0a0eaab54b0649123a14,v2e2_581afa30a65d6a5d08a5,deepseek_formal,S2,authoritative,0.0,0.0,0.0,0.0,0.0,0.0,0.0,True,True,True,True,True
F1,e2bv2_0a0eaab54b0649123a14,v2e2_581afa30a65d6a5d08a5,deepseek_formal,C1,carrier_consistent,0.0,0.0,0.0,0.0,0.0,0.0,0.0,True,True,True,True,True
F1,e2bv2_0a0eaab54b0649123a14,v2e2_581afa30a65d6a5d08a5,deepseek_formal,C1,authoritative,0.0,0.0,0.0,0.0,0.0,0.0,0.0,True,True,True,True,True
F1,e2bv2_0a17bfd746dc8ad8a01e,v2e2_ff7d4d179a2e6d483137,qwen_flash,S2,carrier_consistent,0.0,0.0,0.0,0.0,0.0,0.0,0.0,True,True,True,True,True
F1,e2bv2_0a17bfd746dc8ad8a01e,v2e2_ff7d4d179a2e6d483137,qwen_flash,S2,authoritative,0.0,0.0,0.0,0.0,0.0,0.0,0.0,True,True,True,True,True
F1,e2bv2_0a17bfd746dc8ad8a01e,v2e2_ff7d4d179a2e6d483137,qwen_flash,C1,carrier_consistent,0.0,0.0,0.0,0.0,0.0,0.0,0.0,True,True,True,True,True
F1,e2bv2_0a17bfd746dc8ad8a01e,v2e2_ff7d4d179a2e6d483137,qwen_flash,C1,authoritative,0.0,0.0,0.0,0.0,0.0,0.0,0.0,True,True,True,True,True
F1,e2bv2_0a17bfd746dc8ad8a01e,v2e2_ff7d4d179a2e6d483137,qwen_flash,S1,carrier_consistent,0.0,0.0,0.0,0.0,0.0,0.0,0.0,True,True,True,True,True
F1,e2bv2_0a17bfd746dc8ad8a01e,v2e2_ff7d4d179a2e6d483137,qwen_flash,S1,authoritative,0.0,0.0,0.0,0.0,0.0,0.0,0.0,True,True,True,True,True
F1,e2bv2_0a17bfd746dc8ad8a01e,v2e2_ff7d4d179a2e6d483137,qwen_flash,C2,carrier_consistent,0.0,0.0,0.0,0.0,0.0,0.0,0.0,True,True,True,True,True
F1,e2bv2_0a17bfd746dc8ad8a01e,v2e2_ff7d4d179a2e6d483137,qwen_flash,C2,authoritative,0.0,0.0,0.0,0.0,0.0,0.0,0.0,True,True,True,True,True
F1,e2bv2_0bd240f8d29b9618cf8b,v2e2_c4d42554da4b1f44862b,qwen_flash,C2,carrier_consistent,0.0,0.0,0.0,0.0,0.0,0.0,0.0,True,True,True,True,True
F1,e2bv2_0bd240f8d29b9618cf8b,v2e2_c4d42554da4b1f44862b,qwen_flash,C2,authoritative,0.0,0.0,0.0,0.0,0.0,0.0,0.0,True,True,True,True,True
F1,e2bv2_0bd240f8d29b9618cf8b,v2e2_c4d42554da4b1f44862b,qwen_flash,S2,carrier_consistent,0.0,0.0,0.0,0.0,0.0,0.0,0.0,True,True,True,True,True
F1,e2bv2_0bd240f8d29b9618cf8b,v2e2_c4d42554da4b1f44862b,qwen_flash,S2,authoritative,0.0,0.0,0.0,0.0,0.0,0.0,0.0,True,True,True,True,True
F1,e2bv2_0bd240f8d29b9618cf8b,v2e2_c4d42554da4b1f44862b,qwen_flash,C1,carrier_consistent,0.0,0.0,0.0,0.0,0.0,0.0,0.0,True,True,True,True,True
F1,e2bv2_0bd240f8d29b9618cf8b,v2e2_c4d42554da4b1f44862b,qwen_flash,C1,authoritative,0.0,0.0,0.0,0.0,0.0,0.0,0.0,True,True,True,True,True
F1,e2bv2_0bd240f8d29b9618cf8b,v2e2_c4d42554da4b1f44862b,qwen_flash,S1,carrier_consistent,0.0,0.0,0.0,0.0,0.0,0.0,0.0,True,True,True,True,True
F1,e2bv2_0bd240f8d29b9618cf8b,v2e2_c4d42554da4b1f44862b,qwen_flash,S1,authoritative,0.0,0.0,0.0,0.0,0.0,0.0,0.0,True,True,True,True,True
F1,e2bv2_102ef74ca08fac905cd5,v2e2_a49aba98f0f44c8c6622,qwen_flash,S2,carrier_consistent,0.0,0.0,0.0,0.0,0.0,0.0,0.0,True,True,True,True,True
F1,e2bv2_102ef74ca08fac905cd5,v2e2_a49aba98f0f44c8c6622,qwen_flash,S2,authoritative,0.0,0.0,0.0,0.0,0.0,0.0,0.0,True,True,True,True,True
F1,e2bv2_102ef74ca08fac905cd5,v2e2_a49aba98f0f44c8c6622,qwen_flash,C1,carrier_consistent,0.0,0.0,0.0,0.0,0.0,0.0,0.0,True,True,True,True,True
F1,e2bv2_102ef74ca08fac905cd5,v2e2_a49aba98f0f44c8c6622,qwen_flash,C1,authoritative,0.0,0.0,0.0,0.0,0.0,0.0,0.0,True,True,True,True,True
F1,e2bv2_102ef74ca08fac905cd5,v2e2_a49aba98f0f44c8c6622,qwen_flash,S1,carrier_consistent,0.0,0.0,0.0,0.0,0.0,0.0,0.0,True,True,True,True,True
F1,e2bv2_102ef74ca08fac905cd5,v2e2_a49aba98f0f44c8c6622,qwen_flash,S1,authoritative,0.0,0.0,0.0,0.0,0.0,0.0,0.0,True,True,True,True,True
F1,e2bv2_102ef74ca08fac905cd5,v2e2_a49aba98f0f44c8c6622,qwen_flash,C2,carrier_consistent,0.0,0.0,0.0,0.0,0.0,0.0,0.0,True,True,True,True,True
F1,e2bv2_102ef74ca08fac905cd5,v2e2_a49aba98f0f44c8c6622,qwen_flash,C2,authoritative,0.0,0.0,0.0,0.0,0.0,0.0,0.0,True,True,True,True,True
F1,e2bv2_106f78fe39b79a37486f,v2e2_16b5f26ad506f7afac02,deepseek_formal,S2,carrier_consistent,0.0,0.0,0.0,0.0,0.0,0.0,0.0,True,True,True,True,True
F1,e2bv2_106f78fe39b79a37486f,v2e2_16b5f26ad506f7afac02,deepseek_formal,S2,authoritative,0.0,0.0,0.0,0.0,0.0,0.0,0.0,True,True,True,True,True
F1,e2bv2_106f78fe39b79a37486f,v2e2_16b5f26ad506f7afac02,deepseek_formal,C1,carrier_consistent,0.0,0.0,0.0,0.0,0.0,0.0,0.0,True,True,True,True,True
F1,e2bv2_106f78fe39b79a37486f,v2e2_16b5f26ad506f7afac02,deepseek_formal,C1,authoritative,0.0,0.0,0.0,0.0,0.0,0.0,0.0,True,True,True,True,True
F1,e2bv2_106f78fe39b79a37486f,v2e2_16b5f26ad506f7afac02,deepseek_formal,S1,carrier_consistent,0.0,0.0,0.0,0.0,0.0,0.0,0.0,True,True,True,True,True
F1,e2bv2_106f78fe39b79a37486f,v2e2_16b5f26ad506f7afac02,deepseek_formal,S1,authoritative,0.0,0.0,0.0,0.0,0.0,0.0,0.0,True,True,True,True,True
F1,e2bv2_106f78fe39b79a37486f,v2e2_16b5f26ad506f7afac02,deepseek_formal,C2,carrier_consistent,0.0,0.0,0.0,0.0,0.0,0.0,0.0,True,True,True,True,True
F1,e2bv2_106f78fe39b79a37486f,v2e2_16b5f26ad506f7afac02,deepseek_formal,C2,authoritative,0.0,0.0,0.0,0.0,0.0,0.0,0.0,True,True,True,True,True
F1,e2bv2_13bd328dd30210a825ec,v2e2_a614c009acc530c12890,deepseek_formal,C1,carrier_consistent,0.0,0.0,0.0,0.0,0.0,0.0,0.0,True,True,True,True,True
F1,e2bv2_13bd328dd30210a825ec,v2e2_a614c009acc530c12890,deepseek_formal,C1,authoritative,0.0,0.0,0.0,0.0,0.0,0.0,0.0,True,True,True,True,True
F1,e2bv2_13bd328dd30210a825ec,v2e2_a614c009acc530c12890,deepseek_formal,S1,carrier_consistent,0.0,0.0,0.0,0.0,0.0,0.0,0.0,True,True,True,True,True
F1,e2bv2_13bd328dd30210a825ec,v2e2_a614c009acc530c12890,deepseek_formal,S1,authoritative,0.0,0.0,0.0,0.0,0.0,0.0,0.0,True,True,True,True,True
F1,e2bv2_13bd328dd30210a825ec,v2e2_a614c009acc530c12890,deepseek_formal,C2,carrier_consistent,0.0,0.0,0.0,0.0,0.0,0.0,0.0,True,True,True,True,True
F1,e2bv2_13bd328dd30210a825ec,v2e2_a614c009acc530c12890,deepseek_formal,C2,authoritative,0.0,0.0,0.0,0.0,0.0,0.0,0.0,True,True,True,True,True
F1,e2bv2_13bd328dd30210a825ec,v2e2_a614c009acc530c12890,deepseek_formal,S2,carrier_consistent,0.0,0.0,0.0,0.0,0.0,0.0,0.0,True,True,True,True,True
F1,e2bv2_13bd328dd30210a825ec,v2e2_a614c009acc530c12890,deepseek_formal,S2,authoritative,0.0,0.0,0.0,0.0,0.0,0.0,0.0,True,True,True,True,True
F1,e2bv2_1627c6ac82f892173eaf,v2e2_c4d42554da4b1f44862b,deepseek_formal,C2,carrier_consistent,0.0,0.0,0.0,0.0,0.0,0.0,0.0,True,True,True,True,True
F1,e2bv2_1627c6ac82f892173eaf,v2e2_c4d42554da4b1f44862b,deepseek_formal,C2,authoritative,0.0,0.0,0.0,0.0,0.0,0.0,0.0,True,True,True,True,True
F1,e2bv2_1627c6ac82f892173eaf,v2e2_c4d42554da4b1f44862b,deepseek_formal,S2,carrier_consistent,0.0,0.0,0.0,0.0,0.0,0.0,0.0,True,True,True,True,True
F1,e2bv2_1627c6ac82f892173eaf,v2e2_c4d42554da4b1f44862b,deepseek_formal,S2,authoritative,0.0,0.0,0.0,0.0,0.0,0.0,0.0,True,True,True,True,True
F1,e2bv2_1627c6ac82f892173eaf,v2e2_c4d42554da4b1f44862b,deepseek_formal,C1,carrier_consistent,0.0,0.0,0.0,0.0,0.0,0.0,0.0,True,True,True,True,True
F1,e2bv2_1627c6ac82f892173eaf,v2e2_c4d42554da4b1f44862b,deepseek_formal,C1,authoritative,0.0,0.0,0.0,0.0,0.0,0.0,0.0,True,True,True,True,True
F1,e2bv2_1627c6ac82f892173eaf,v2e2_c4d42554da4b1f44862b,deepseek_formal,S1,carrier_consistent,0.0,0.0,0.0,0.0,0.0,0.0,0.0,True,True,True,True,True
F1,e2bv2_1627c6ac82f892173eaf,v2e2_c4d42554da4b1f44862b,deepseek_formal,S1,authoritative,0.0,0.0,0.0,0.0,0.0,0.0,0.0,True,True,True,True,True
F1,e2bv2_16cf0baa917b3889276e,v2e2_babe8da2420b974ae448,deepseek_formal,S2,carrier_consistent,0.0,0.0,0.0,0.0,0.0,0.0,0.0,True,True,True,True,True
F1,e2bv2_16cf0baa917b3889276e,v2e2_babe8da2420b974ae448,deepseek_formal,S2,authoritative,0.0,0.0,0.0,0.0,0.0,0.0,0.0,True,True,True,True,True
F1,e2bv2_16cf0baa917b3889276e,v2e2_babe8da2420b974ae448,deepseek_formal,C1,carrier_consistent,0.0,0.0,0.0,0.0,0.0,0.0,0.0,True,True,True,True,True
F1,e2bv2_16cf0baa917b3889276e,v2e2_babe8da2420b974ae448,deepseek_formal,C1,authoritative,0.0,0.0,0.0,0.0,0.0,0.0,0.0,True,True,True,True,True
F1,e2bv2_16cf0baa917b3889276e,v2e2_babe8da2420b974ae448,deepseek_formal,S1,carrier_consistent,0.0,0.0,0.0,0.0,0.0,0.0,0.0,True,True,True,True,True
F1,e2bv2_16cf0baa917b3889276e,v2e2_babe8da2420b974ae448,deepseek_formal,S1,authoritative,0.0,0.0,0.0,0.0,0.0,0.0,0.0,True,True,True,True,True
F1,e2bv2_16cf0baa917b3889276e,v2e2_babe8da2420b974ae448,deepseek_formal,C2,carrier_consistent,0.0,0.0,0.0,0.0,0.0,0.0,0.0,True,True,True,True,True
F1,e2bv2_16cf0baa917b3889276e,v2e2_babe8da2420b974ae448,deepseek_formal,C2,authoritative,0.0,0.0,0.0,0.0,0.0,0.0,0.0,True,True,True,True,True
F1,e2bv2_17ed2261ecd19dec6230,v2e2_a26fd019af93d45104b8,deepseek_formal,C2,carrier_consistent,0.0,0.0,0.0,0.0,0.0,0.0,0.0,True,True,True,True,True
F1,e2bv2_17ed2261ecd19dec6230,v2e2_a26fd019af93d45104b8,deepseek_formal,C2,authoritative,0.0,0.0,0.0,0.0,0.0,0.0,0.0,True,True,True,True,True
F1,e2bv2_17ed2261ecd19dec6230,v2e2_a26fd019af93d45104b8,deepseek_formal,S2,carrier_consistent,0.0,0.0,0.0,0.0,0.0,0.0,0.0,True,True,True,True,True
F1,e2bv2_17ed2261ecd19dec6230,v2e2_a26fd019af93d45104b8,deepseek_formal,S2,authoritative,0.0,0.0,0.0,0.0,0.0,0.0,0.0,True,True,True,True,True
F1,e2bv2_17ed2261ecd19dec6230,v2e2_a26fd019af93d45104b8,deepseek_formal,C1,carrier_consistent,0.0,0.0,0.0,0.0,0.0,0.0,0.0,True,True,True,True,True
F1,e2bv2_17ed2261ecd19dec6230,v2e2_a26fd019af93d45104b8,deepseek_formal,C1,authoritative,0.0,0.0,0.0,0.0,0.0,0.0,0.0,True,True,True,True,True
F1,e2bv2_17ed2261ecd19dec6230,v2e2_a26fd019af93d45104b8,deepseek_formal,S1,carrier_consistent,0.0,0.0,0.0,0.0,0.0,0.0,0.0,True,True,True,True,True
F1,e2bv2_17ed2261ecd19dec6230,v2e2_a26fd019af93d45104b8,deepseek_formal,S1,authoritative,0.0,0.0,0.0,0.0,0.0,0.0,0.0,True,True,True,True,True
F1,e2bv2_18157d185d442405c6ee,v2e2_16b5f26ad506f7afac02,qwen_flash,S2,carrier_consistent,0.0,0.0,0.0,0.0,0.0,0.0,0.0,True,True,True,True,True
F1,e2bv2_18157d185d442405c6ee,v2e2_16b5f26ad506f7afac02,qwen_flash,S2,authoritative,0.0,0.0,0.0,0.0,0.0,0.0,0.0,True,True,True,True,True
F1,e2bv2_18157d185d442405c6ee,v2e2_16b5f26ad506f7afac02,qwen_flash,C1,carrier_consistent,0.0,0.0,0.0,0.0,0.0,0.0,0.0,True,True,True,True,True
F1,e2bv2_18157d185d442405c6ee,v2e2_16b5f26ad506f7afac02,qwen_flash,C1,authoritative,0.0,0.0,0.0,0.0,0.0,0.0,0.0,True,True,True,True,True
F1,e2bv2_18157d185d442405c6ee,v2e2_16b5f26ad506f7afac02,qwen_flash,S1,carrier_consistent,0.0,0.0,0.0,0.0,0.0,0.0,0.0,True,True,True,True,True
F1,e2bv2_18157d185d442405c6ee,v2e2_16b5f26ad506f7afac02,qwen_flash,S1,authoritative,0.0,0.0,0.0,0.0,0.0,0.0,0.0,True,True,True,True,True
F1,e2bv2_18157d185d442405c6ee,v2e2_16b5f26ad506f7afac02,qwen_flash,C2,carrier_consistent,0.0,0.0,0.0,0.0,0.0,0.0,0.0,True,True,True,True,True
F1,e2bv2_18157d185d442405c6ee,v2e2_16b5f26ad506f7afac02,qwen_flash,C2,authoritative,0.0,0.0,0.0,0.0,0.0,0.0,0.0,True,True,True,True,True
F1,e2bv2_18a7375daa96cf6a350e,v2e2_d6ba00286f170447ebbf,qwen_flash,S1,carrier_consistent,0.0,0.0,0.0,0.0,0.0,0.0,0.0,True,True,True,True,True
F1,e2bv2_18a7375daa96cf6a350e,v2e2_d6ba00286f170447ebbf,qwen_flash,S1,authoritative,0.0,0.0,0.0,0.0,0.0,0.0,0.0,True,True,True,True,True
F1,e2bv2_18a7375daa96cf6a350e,v2e2_d6ba00286f170447ebbf,qwen_flash,C2,carrier_consistent,0.0,0.0,0.0,0.0,0.0,0.0,0.0,True,True,True,True,True
F1,e2bv2_18a7375daa96cf6a350e,v2e2_d6ba00286f170447ebbf,qwen_flash,C2,authoritative,0.0,0.0,0.0,0.0,0.0,0.0,0.0,True,True,True,True,True
F1,e2bv2_18a7375daa96cf6a350e,v2e2_d6ba00286f170447ebbf,qwen_flash,S2,carrier_consistent,0.0,0.0,0.0,0.0,0.0,0.0,0.0,True,True,True,True,True
F1,e2bv2_18a7375daa96cf6a350e,v2e2_d6ba00286f170447ebbf,qwen_flash,S2,authoritative,0.0,0.0,0.0,0.0,0.0,0.0,0.0,True,True,True,True,True
F1,e2bv2_18a7375daa96cf6a350e,v2e2_d6ba00286f170447ebbf,qwen_flash,C1,carrier_consistent,0.0,0.0,0.0,0.0,0.0,0.0,0.0,True,True,True,True,True
F1,e2bv2_18a7375daa96cf6a350e,v2e2_d6ba00286f170447ebbf,qwen_flash,C1,authoritative,0.0,0.0,0.0,0.0,0.0,0.0,0.0,True,True,True,True,True
F1,e2bv2_1982c6e473319f2a8a6b,v2e2_aa86ae40329fa58392a5,qwen_flash,S2,carrier_consistent,0.0,0.0,0.0,0.0,0.0,0.0,0.0,True,True,True,True,True
F1,e2bv2_1982c6e473319f2a8a6b,v2e2_aa86ae40329fa58392a5,qwen_flash,S2,authoritative,0.0,0.0,0.0,0.0,0.0,0.0,0.0,True,True,True,True,True
F1,e2bv2_1982c6e473319f2a8a6b,v2e2_aa86ae40329fa58392a5,qwen_flash,C1,carrier_consistent,0.0,0.0,0.0,0.0,0.0,0.0,0.0,True,True,True,True,True
F1,e2bv2_1982c6e473319f2a8a6b,v2e2_aa86ae40329fa58392a5,qwen_flash,C1,authoritative,0.0,0.0,0.0,0.0,0.0,0.0,0.0,True,True,True,True,True
F1,e2bv2_1982c6e473319f2a8a6b,v2e2_aa86ae40329fa58392a5,qwen_flash,S1,carrier_consistent,0.0,0.0,0.0,0.0,0.0,0.0,0.0,True,True,True,True,True
F1,e2bv2_1982c6e473319f2a8a6b,v2e2_aa86ae40329fa58392a5,qwen_flash,S1,authoritative,0.0,0.0,0.0,0.0,0.0,0.0,0.0,True,True,True,True,True
F1,e2bv2_1982c6e473319f2a8a6b,v2e2_aa86ae40329fa58392a5,qwen_flash,C2,carrier_consistent,0.0,0.0,0.0,0.0,0.0,0.0,0.0,True,True,True,True,True
F1,e2bv2_1982c6e473319f2a8a6b,v2e2_aa86ae40329fa58392a5,qwen_flash,C2,authoritative,0.0,0.0,0.0,0.0,0.0,0.0,0.0,True,True,True,True,True
F1,e2bv2_1a5a7a43da5111b0cfaa,v2e2_20534de655a33fde87ca,deepseek_formal,S2,carrier_consistent,0.0,0.0,0.0,0.0,0.0,0.0,0.0,True,True,True,True,True
F1,e2bv2_1a5a7a43da5111b0cfaa,v2e2_20534de655a33fde87ca,deepseek_formal,S2,authoritative,0.0,0.0,0.0,0.0,0.0,0.0,0.0,True,True,True,True,True
F1,e2bv2_1a5a7a43da5111b0cfaa,v2e2_20534de655a33fde87ca,deepseek_formal,C1,carrier_consistent,0.0,0.0,0.0,0.0,0.0,0.0,0.0,True,True,True,True,True
F1,e2bv2_1a5a7a43da5111b0cfaa,v2e2_20534de655a33fde87ca,deepseek_formal,C1,authoritative,0.0,0.0,0.0,0.0,0.0,0.0,0.0,True,True,True,True,True
F1,e2bv2_1a5a7a43da5111b0cfaa,v2e2_20534de655a33fde87ca,deepseek_formal,S1,carrier_consistent,0.0,0.0,0.0,0.0,0.0,0.0,0.0,True,True,True,True,True
F1,e2bv2_1a5a7a43da5111b0cfaa,v2e2_20534de655a33fde87ca,deepseek_formal,S1,authoritative,0.0,0.0,0.0,0.0,0.0,0.0,0.0,True,True,True,True,True
F1,e2bv2_1a5a7a43da5111b0cfaa,v2e2_20534de655a33fde87ca,deepseek_formal,C2,carrier_consistent,0.0,0.0,0.0,0.0,0.0,0.0,0.0,True,True,True,True,True
F1,e2bv2_1a5a7a43da5111b0cfaa,v2e2_20534de655a33fde87ca,deepseek_formal,C2,authoritative,0.0,0.0,0.0,0.0,0.0,0.0,0.0,True,True,True,True,True
F1,e2bv2_1cf79f85c896ff137766,v2e2_ea69a5744fe4489919e6,deepseek_formal,S1,carrier_consistent,0.0,0.0,0.0,0.0,0.0,0.0,0.0,True,True,True,True,True
F1,e2bv2_1cf79f85c896ff137766,v2e2_ea69a5744fe4489919e6,deepseek_formal,S1,authoritative,0.0,0.0,0.0,0.0,0.0,0.0,0.0,True,True,True,True,True
F1,e2bv2_1cf79f85c896ff137766,v2e2_ea69a5744fe4489919e6,deepseek_formal,C2,carrier_consistent,0.0,0.0,0.0,0.0,0.0,0.0,0.0,True,True,True,True,True
F1,e2bv2_1cf79f85c896ff137766,v2e2_ea69a5744fe4489919e6,deepseek_formal,C2,authoritative,0.0,0.0,0.0,0.0,0.0,0.0,0.0,True,True,True,True,True
F1,e2bv2_1cf79f85c896ff137766,v2e2_ea69a5744fe4489919e6,deepseek_formal,S2,carrier_consistent,0.0,0.0,0.0,0.0,0.0,0.0,0.0,True,True,True,True,True
F1,e2bv2_1cf79f85c896ff137766,v2e2_ea69a5744fe4489919e6,deepseek_formal,S2,authoritative,0.0,0.0,0.0,0.0,0.0,0.0,0.0,True,True,True,True,True
F1,e2bv2_1cf79f85c896ff137766,v2e2_ea69a5744fe4489919e6,deepseek_formal,C1,carrier_consistent,0.0,0.0,0.0,0.0,0.0,0.0,0.0,True,True,True,True,True
F1,e2bv2_1cf79f85c896ff137766,v2e2_ea69a5744fe4489919e6,deepseek_formal,C1,authoritative,0.0,0.0,0.0,0.0,0.0,0.0,0.0,True,True,True,True,True
F1,e2bv2_1d70637db8f666877223,v2e2_57ed2833756fcc2a81f4,deepseek_formal,C1,carrier_consistent,0.0,0.0,0.0,0.0,0.0,0.0,0.0,True,True,True,True,True
F1,e2bv2_1d70637db8f666877223,v2e2_57ed2833756fcc2a81f4,deepseek_formal,C1,authoritative,0.0,0.0,0.0,0.0,0.0,0.0,0.0,True,True,True,True,True
F1,e2bv2_1d70637db8f666877223,v2e2_57ed2833756fcc2a81f4,deepseek_formal,S1,carrier_consistent,0.0,0.0,0.0,0.0,0.0,0.0,0.0,True,True,True,True,True
F1,e2bv2_1d70637db8f666877223,v2e2_57ed2833756fcc2a81f4,deepseek_formal,S1,authoritative,0.0,0.0,0.0,0.0,0.0,0.0,0.0,True,True,True,True,True
F1,e2bv2_1d70637db8f666877223,v2e2_57ed2833756fcc2a81f4,deepseek_formal,C2,carrier_consistent,0.0,0.0,0.0,0.0,0.0,0.0,0.0,True,True,True,True,True
F1,e2bv2_1d70637db8f666877223,v2e2_57ed2833756fcc2a81f4,deepseek_formal,C2,authoritative,0.0,0.0,0.0,0.0,0.0,0.0,0.0,True,True,True,True,True
F1,e2bv2_1d70637db8f666877223,v2e2_57ed2833756fcc2a81f4,deepseek_formal,S2,carrier_consistent,0.0,0.0,0.0,0.0,0.0,0.0,0.0,True,True,True,True,True
F1,e2bv2_1d70637db8f666877223,v2e2_57ed2833756fcc2a81f4,deepseek_formal,S2,authoritative,0.0,0.0,0.0,0.0,0.0,0.0,0.0,True,True,True,True,True
F1,e2bv2_23fc96e4a29a7c7a9cd1,v2e2_aa86ae40329fa58392a5,deepseek_formal,S2,carrier_consistent,0.0,0.0,0.0,0.0,0.0,0.0,0.0,True,True,True,True,True
F1,e2bv2_23fc96e4a29a7c7a9cd1,v2e2_aa86ae40329fa58392a5,deepseek_formal,S2,authoritative,0.0,0.0,0.0,0.0,0.0,0.0,0.0,True,True,True,True,True
F1,e2bv2_23fc96e4a29a7c7a9cd1,v2e2_aa86ae40329fa58392a5,deepseek_formal,C1,carrier_consistent,0.0,0.0,0.0,0.0,0.0,0.0,0.0,True,True,True,True,True
F1,e2bv2_23fc96e4a29a7c7a9cd1,v2e2_aa86ae40329fa58392a5,deepseek_formal,C1,authoritative,0.0,0.0,0.0,0.0,0.0,0.0,0.0,True,True,True,True,True
F1,e2bv2_23fc96e4a29a7c7a9cd1,v2e2_aa86ae40329fa58392a5,deepseek_formal,S1,carrier_consistent,0.0,0.0,0.0,0.0,0.0,0.0,0.0,True,True,True,True,True
F1,e2bv2_23fc96e4a29a7c7a9cd1,v2e2_aa86ae40329fa58392a5,deepseek_formal,S1,authoritative,0.0,0.0,0.0,0.0,0.0,0.0,0.0,True,True,True,True,True
F1,e2bv2_23fc96e4a29a7c7a9cd1,v2e2_aa86ae40329fa58392a5,deepseek_formal,C2,carrier_consistent,0.0,0.0,0.0,0.0,0.0,0.0,0.0,True,True,True,True,True
F1,e2bv2_23fc96e4a29a7c7a9cd1,v2e2_aa86ae40329fa58392a5,deepseek_formal,C2,authoritative,0.0,0.0,0.0,0.0,0.0,0.0,0.0,True,True,True,True,True
F1,e2bv2_24e2ae5e5c519929b6c8,v2e2_c577765fa5c45c1fea7a,qwen_flash,S2,carrier_consistent,0.0,0.0,0.0,0.0,0.0,0.0,0.0,True,True,True,True,True
F1,e2bv2_24e2ae5e5c519929b6c8,v2e2_c577765fa5c45c1fea7a,qwen_flash,S2,authoritative,0.0,0.0,0.0,0.0,0.0,0.0,0.0,True,True,True,True,True
F1,e2bv2_24e2ae5e5c519929b6c8,v2e2_c577765fa5c45c1fea7a,qwen_flash,C1,carrier_consistent,0.0,0.0,0.0,0.0,0.0,0.0,0.0,True,True,True,True,True
F1,e2bv2_24e2ae5e5c519929b6c8,v2e2_c577765fa5c45c1fea7a,qwen_flash,C1,authoritative,0.0,0.0,0.0,0.0,0.0,0.0,0.0,True,True,True,True,True
F1,e2bv2_24e2ae5e5c519929b6c8,v2e2_c577765fa5c45c1fea7a,qwen_flash,S1,carrier_consistent,0.0,0.0,0.0,0.0,0.0,0.0,0.0,True,True,True,True,True
F1,e2bv2_24e2ae5e5c519929b6c8,v2e2_c577765fa5c45c1fea7a,qwen_flash,S1,authoritative,0.0,0.0,0.0,0.0,0.0,0.0,0.0,True,True,True,True,True
F1,e2bv2_24e2ae5e5c519929b6c8,v2e2_c577765fa5c45c1fea7a,qwen_flash,C2,carrier_consistent,0.0,0.0,0.0,0.0,0.0,0.0,0.0,True,True,True,True,True
F1,e2bv2_24e2ae5e5c519929b6c8,v2e2_c577765fa5c45c1fea7a,qwen_flash,C2,authoritative,0.0,0.0,0.0,0.0,0.0,0.0,0.0,True,True,True,True,True
F1,e2bv2_2c6257569fb5f1aff24d,v2e2_d6701d548a93409fed9a,deepseek_formal,C1,carrier_consistent,0.0,0.0,0.0,0.0,0.0,0.0,0.0,True,True,True,True,True
F1,e2bv2_2c6257569fb5f1aff24d,v2e2_d6701d548a93409fed9a,deepseek_formal,C1,authoritative,0.0,0.0,0.0,0.0,0.0,0.0,0.0,True,True,True,True,True
F1,e2bv2_2c6257569fb5f1aff24d,v2e2_d6701d548a93409fed9a,deepseek_formal,S1,carrier_consistent,0.0,0.0,0.0,0.0,0.0,0.0,0.0,True,True,True,True,True
F1,e2bv2_2c6257569fb5f1aff24d,v2e2_d6701d548a93409fed9a,deepseek_formal,S1,authoritative,0.0,0.0,0.0,0.0,0.0,0.0,0.0,True,True,True,True,True
F1,e2bv2_2c6257569fb5f1aff24d,v2e2_d6701d548a93409fed9a,deepseek_formal,C2,carrier_consistent,0.0,0.0,0.0,0.0,0.0,0.0,0.0,True,True,True,True,True
F1,e2bv2_2c6257569fb5f1aff24d,v2e2_d6701d548a93409fed9a,deepseek_formal,C2,authoritative,0.0,0.0,0.0,0.0,0.0,0.0,0.0,True,True,True,True,True
F1,e2bv2_2c6257569fb5f1aff24d,v2e2_d6701d548a93409fed9a,deepseek_formal,S2,carrier_consistent,0.0,0.0,0.0,0.0,0.0,0.0,0.0,True,True,True,True,True
F1,e2bv2_2c6257569fb5f1aff24d,v2e2_d6701d548a93409fed9a,deepseek_formal,S2,authoritative,0.0,0.0,0.0,0.0,0.0,0.0,0.0,True,True,True,True,True
F1,e2bv2_2f0883e2ab2a12912abc,v2e2_a614c009acc530c12890,qwen_flash,C1,carrier_consistent,0.0,0.0,0.0,0.0,0.0,0.0,0.0,True,True,True,True,True
F1,e2bv2_2f0883e2ab2a12912abc,v2e2_a614c009acc530c12890,qwen_flash,C1,authoritative,0.0,0.0,0.0,0.0,0.0,0.0,0.0,True,True,True,True,True
F1,e2bv2_2f0883e2ab2a12912abc,v2e2_a614c009acc530c12890,qwen_flash,S1,carrier_consistent,0.0,0.0,0.0,0.0,0.0,0.0,0.0,True,True,True,True,True
F1,e2bv2_2f0883e2ab2a12912abc,v2e2_a614c009acc530c12890,qwen_flash,S1,authoritative,0.0,0.0,0.0,0.0,0.0,0.0,0.0,True,True,True,True,True
F1,e2bv2_2f0883e2ab2a12912abc,v2e2_a614c009acc530c12890,qwen_flash,C2,carrier_consistent,0.0,0.0,0.0,0.0,0.0,0.0,0.0,True,True,True,True,True
F1,e2bv2_2f0883e2ab2a12912abc,v2e2_a614c009acc530c12890,qwen_flash,C2,authoritative,0.0,0.0,0.0,0.0,0.0,0.0,0.0,True,True,True,True,True
F1,e2bv2_2f0883e2ab2a12912abc,v2e2_a614c009acc530c12890,qwen_flash,S2,carrier_consistent,0.0,0.0,0.0,0.0,0.0,0.0,0.0,True,True,True,True,True
F1,e2bv2_2f0883e2ab2a12912abc,v2e2_a614c009acc530c12890,qwen_flash,S2,authoritative,0.0,0.0,0.0,0.0,0.0,0.0,0.0,True,True,True,True,True
F1,e2bv2_32930730a64400f50094,v2e2_cd47662d04581b339960,qwen_flash,S1,carrier_consistent,0.0,0.0,0.0,0.0,0.0,0.0,0.0,True,True,True,True,True
F1,e2bv2_32930730a64400f50094,v2e2_cd47662d04581b339960,qwen_flash,S1,authoritative,0.0,0.0,0.0,0.0,0.0,0.0,0.0,True,True,True,True,True
F1,e2bv2_32930730a64400f50094,v2e2_cd47662d04581b339960,qwen_flash,C2,carrier_consistent,0.0,0.0,0.0,0.0,0.0,0.0,0.0,True,True,True,True,True
F1,e2bv2_32930730a64400f50094,v2e2_cd47662d04581b339960,qwen_flash,C2,authoritative,0.0,0.0,0.0,0.0,0.0,0.0,0.0,True,True,True,True,True
F1,e2bv2_32930730a64400f50094,v2e2_cd47662d04581b339960,qwen_flash,S2,carrier_consistent,0.0,0.0,0.0,0.0,0.0,0.0,0.0,True,True,True,True,True
F1,e2bv2_32930730a64400f50094,v2e2_cd47662d04581b339960,qwen_flash,S2,authoritative,0.0,0.0,0.0,0.0,0.0,0.0,0.0,True,True,True,True,True
F1,e2bv2_32930730a64400f50094,v2e2_cd47662d04581b339960,qwen_flash,C1,carrier_consistent,0.0,0.0,0.0,0.0,0.0,0.0,0.0,True,True,True,True,True
F1,e2bv2_32930730a64400f50094,v2e2_cd47662d04581b339960,qwen_flash,C1,authoritative,0.0,0.0,0.0,0.0,0.0,0.0,0.0,True,True,True,True,True
F1,e2bv2_330204dda0af85f3081c,v2e2_e6c8a896df3972a400a6,qwen_flash,C2,carrier_consistent,0.0,0.0,0.0,0.0,0.0,0.0,0.0,True,True,True,True,True
F1,e2bv2_330204dda0af85f3081c,v2e2_e6c8a896df3972a400a6,qwen_flash,C2,authoritative,0.0,0.0,0.0,0.0,0.0,0.0,0.0,True,True,True,True,True
F1,e2bv2_330204dda0af85f3081c,v2e2_e6c8a896df3972a400a6,qwen_flash,S2,carrier_consistent,0.0,0.0,0.0,0.0,0.0,0.0,0.0,True,True,True,True,True
F1,e2bv2_330204dda0af85f3081c,v2e2_e6c8a896df3972a400a6,qwen_flash,S2,authoritative,0.0,0.0,0.0,0.0,0.0,0.0,0.0,True,True,True,True,True
F1,e2bv2_330204dda0af85f3081c,v2e2_e6c8a896df3972a400a6,qwen_flash,C1,carrier_consistent,0.0,0.0,0.0,0.0,0.0,0.0,0.0,True,True,True,True,True
F1,e2bv2_330204dda0af85f3081c,v2e2_e6c8a896df3972a400a6,qwen_flash,C1,authoritative,0.0,0.0,0.0,0.0,0.0,0.0,0.0,True,True,True,True,True
F1,e2bv2_330204dda0af85f3081c,v2e2_e6c8a896df3972a400a6,qwen_flash,S1,carrier_consistent,0.0,0.0,0.0,0.0,0.0,0.0,0.0,True,True,True,True,True
F1,e2bv2_330204dda0af85f3081c,v2e2_e6c8a896df3972a400a6,qwen_flash,S1,authoritative,0.0,0.0,0.0,0.0,0.0,0.0,0.0,True,True,True,True,True
F1,e2bv2_36c9ee18183bf93dcc42,v2e2_689fd81bd1f3eec1e27d,deepseek_formal,C1,carrier_consistent,0.0,0.0,0.0,0.0,0.0,0.0,0.0,True,True,True,True,True
F1,e2bv2_36c9ee18183bf93dcc42,v2e2_689fd81bd1f3eec1e27d,deepseek_formal,C1,authoritative,0.0,0.0,0.0,0.0,0.0,0.0,0.0,True,True,True,True,True
F1,e2bv2_36c9ee18183bf93dcc42,v2e2_689fd81bd1f3eec1e27d,deepseek_formal,S1,carrier_consistent,0.0,0.0,0.0,0.0,0.0,0.0,0.0,True,True,True,True,True
F1,e2bv2_36c9ee18183bf93dcc42,v2e2_689fd81bd1f3eec1e27d,deepseek_formal,S1,authoritative,0.0,0.0,0.0,0.0,0.0,0.0,0.0,True,True,True,True,True
F1,e2bv2_36c9ee18183bf93dcc42,v2e2_689fd81bd1f3eec1e27d,deepseek_formal,C2,carrier_consistent,0.0,0.0,0.0,0.0,0.0,0.0,0.0,True,True,True,True,True
F1,e2bv2_36c9ee18183bf93dcc42,v2e2_689fd81bd1f3eec1e27d,deepseek_formal,C2,authoritative,0.0,0.0,0.0,0.0,0.0,0.0,0.0,True,True,True,True,True
F1,e2bv2_36c9ee18183bf93dcc42,v2e2_689fd81bd1f3eec1e27d,deepseek_formal,S2,carrier_consistent,0.0,0.0,0.0,0.0,0.0,0.0,0.0,True,True,True,True,True
F1,e2bv2_36c9ee18183bf93dcc42,v2e2_689fd81bd1f3eec1e27d,deepseek_formal,S2,authoritative,0.0,0.0,0.0,0.0,0.0,0.0,0.0,True,True,True,True,True
F1,e2bv2_385ceed2777d1604128f,v2e2_20534de655a33fde87ca,qwen_flash,S2,carrier_consistent,0.0,0.0,0.0,0.0,0.0,0.0,0.0,True,True,True,True,True
F1,e2bv2_385ceed2777d1604128f,v2e2_20534de655a33fde87ca,qwen_flash,S2,authoritative,0.0,0.0,0.0,0.0,0.0,0.0,0.0,True,True,True,True,True
F1,e2bv2_385ceed2777d1604128f,v2e2_20534de655a33fde87ca,qwen_flash,C1,carrier_consistent,0.0,0.0,0.0,0.0,0.0,0.0,0.0,True,True,True,True,True
F1,e2bv2_385ceed2777d1604128f,v2e2_20534de655a33fde87ca,qwen_flash,C1,authoritative,0.0,0.0,0.0,0.0,0.0,0.0,0.0,True,True,True,True,True
F1,e2bv2_385ceed2777d1604128f,v2e2_20534de655a33fde87ca,qwen_flash,S1,carrier_consistent,0.0,0.0,0.0,0.0,0.0,0.0,0.0,True,True,True,True,True
F1,e2bv2_385ceed2777d1604128f,v2e2_20534de655a33fde87ca,qwen_flash,S1,authoritative,0.0,0.0,0.0,0.0,0.0,0.0,0.0,True,True,True,True,True
F1,e2bv2_385ceed2777d1604128f,v2e2_20534de655a33fde87ca,qwen_flash,C2,carrier_consistent,0.0,0.0,0.0,0.0,0.0,0.0,0.0,True,True,True,True,True
F1,e2bv2_385ceed2777d1604128f,v2e2_20534de655a33fde87ca,qwen_flash,C2,authoritative,0.0,0.0,0.0,0.0,0.0,0.0,0.0,True,True,True,True,True
F1,e2bv2_398c1bf0d35d9c1f454a,v2e2_1a991ca6b21c0ed79241,qwen_flash,S1,carrier_consistent,0.0,0.0,0.0,0.0,0.0,0.0,0.0,True,True,True,True,True
F1,e2bv2_398c1bf0d35d9c1f454a,v2e2_1a991ca6b21c0ed79241,qwen_flash,S1,authoritative,0.0,0.0,0.0,0.0,0.0,0.0,0.0,True,True,True,True,True
F1,e2bv2_398c1bf0d35d9c1f454a,v2e2_1a991ca6b21c0ed79241,qwen_flash,C2,carrier_consistent,0.0,0.0,0.0,0.0,0.0,0.0,0.0,True,True,True,True,True
F1,e2bv2_398c1bf0d35d9c1f454a,v2e2_1a991ca6b21c0ed79241,qwen_flash,C2,authoritative,0.0,0.0,0.0,0.0,0.0,0.0,0.0,True,True,True,True,True
F1,e2bv2_398c1bf0d35d9c1f454a,v2e2_1a991ca6b21c0ed79241,qwen_flash,S2,carrier_consistent,0.0,0.0,0.0,0.0,0.0,0.0,0.0,True,True,True,True,True
F1,e2bv2_398c1bf0d35d9c1f454a,v2e2_1a991ca6b21c0ed79241,qwen_flash,S2,authoritative,0.0,0.0,0.0,0.0,0.0,0.0,0.0,True,True,True,True,True
F1,e2bv2_398c1bf0d35d9c1f454a,v2e2_1a991ca6b21c0ed79241,qwen_flash,C1,carrier_consistent,0.0,0.0,0.0,0.0,0.0,0.0,0.0,True,True,True,True,True
F1,e2bv2_398c1bf0d35d9c1f454a,v2e2_1a991ca6b21c0ed79241,qwen_flash,C1,authoritative,0.0,0.0,0.0,0.0,0.0,0.0,0.0,True,True,True,True,True
F1,e2bv2_3da8226505438a5134d6,v2e2_c9b994f593c92dd9efa9,qwen_flash,C1,carrier_consistent,0.0,0.0,0.0,0.0,0.0,0.0,0.0,True,True,True,True,True
F1,e2bv2_3da8226505438a5134d6,v2e2_c9b994f593c92dd9efa9,qwen_flash,C1,authoritative,0.0,0.0,0.0,0.0,0.0,0.0,0.0,True,True,True,True,True
F1,e2bv2_3da8226505438a5134d6,v2e2_c9b994f593c92dd9efa9,qwen_flash,S1,carrier_consistent,0.0,0.0,0.0,0.0,0.0,0.0,0.0,True,True,True,True,True
F1,e2bv2_3da8226505438a5134d6,v2e2_c9b994f593c92dd9efa9,qwen_flash,S1,authoritative,0.0,0.0,0.0,0.0,0.0,0.0,0.0,True,True,True,True,True
F1,e2bv2_3da8226505438a5134d6,v2e2_c9b994f593c92dd9efa9,qwen_flash,C2,carrier_consistent,0.0,0.0,0.0,0.0,0.0,0.0,0.0,True,True,True,True,True
F1,e2bv2_3da8226505438a5134d6,v2e2_c9b994f593c92dd9efa9,qwen_flash,C2,authoritative,0.0,0.0,0.0,0.0,0.0,0.0,0.0,True,True,True,True,True
F1,e2bv2_3da8226505438a5134d6,v2e2_c9b994f593c92dd9efa9,qwen_flash,S2,carrier_consistent,0.0,0.0,0.0,0.0,0.0,0.0,0.0,True,True,True,True,True
F1,e2bv2_3da8226505438a5134d6,v2e2_c9b994f593c92dd9efa9,qwen_flash,S2,authoritative,0.0,0.0,0.0,0.0,0.0,0.0,0.0,True,True,True,True,True
F1,e2bv2_424b6f1c95155ed9ff19,v2e2_e87de31d325befcf7b51,qwen_flash,S2,carrier_consistent,0.0,0.0,0.0,0.0,0.0,0.0,0.0,True,True,True,True,True
F1,e2bv2_424b6f1c95155ed9ff19,v2e2_e87de31d325befcf7b51,qwen_flash,S2,authoritative,0.0,0.0,0.0,0.0,0.0,0.0,0.0,True,True,True,True,True
F1,e2bv2_424b6f1c95155ed9ff19,v2e2_e87de31d325befcf7b51,qwen_flash,C1,carrier_consistent,0.0,0.0,0.0,0.0,0.0,0.0,0.0,True,True,True,True,True
F1,e2bv2_424b6f1c95155ed9ff19,v2e2_e87de31d325befcf7b51,qwen_flash,C1,authoritative,0.0,0.0,0.0,0.0,0.0,0.0,0.0,True,True,True,True,True
F1,e2bv2_424b6f1c95155ed9ff19,v2e2_e87de31d325befcf7b51,qwen_flash,S1,carrier_consistent,0.0,0.0,0.0,0.0,0.0,0.0,0.0,True,True,True,True,True
F1,e2bv2_424b6f1c95155ed9ff19,v2e2_e87de31d325befcf7b51,qwen_flash,S1,authoritative,0.0,0.0,0.0,0.0,0.0,0.0,0.0,True,True,True,True,True
F1,e2bv2_424b6f1c95155ed9ff19,v2e2_e87de31d325befcf7b51,qwen_flash,C2,carrier_consistent,0.0,0.0,0.0,0.0,0.0,0.0,0.0,True,True,True,True,True
F1,e2bv2_424b6f1c95155ed9ff19,v2e2_e87de31d325befcf7b51,qwen_flash,C2,authoritative,0.0,0.0,0.0,0.0,0.0,0.0,0.0,True,True,True,True,True
F1,e2bv2_42d0ed676d84fe8872c3,v2e2_a26fd019af93d45104b8,qwen_flash,C2,carrier_consistent,0.0,0.0,0.0,0.0,0.0,0.0,0.0,True,True,True,True,True
F1,e2bv2_42d0ed676d84fe8872c3,v2e2_a26fd019af93d45104b8,qwen_flash,C2,authoritative,0.0,0.0,0.0,0.0,0.0,0.0,0.0,True,True,True,True,True
F1,e2bv2_42d0ed676d84fe8872c3,v2e2_a26fd019af93d45104b8,qwen_flash,S2,carrier_consistent,0.0,0.0,0.0,0.0,0.0,0.0,0.0,True,True,True,True,True
F1,e2bv2_42d0ed676d84fe8872c3,v2e2_a26fd019af93d45104b8,qwen_flash,S2,authoritative,0.0,0.0,0.0,0.0,0.0,0.0,0.0,True,True,True,True,True
F1,e2bv2_42d0ed676d84fe8872c3,v2e2_a26fd019af93d45104b8,qwen_flash,C1,carrier_consistent,0.0,0.0,0.0,0.0,0.0,0.0,0.0,True,True,True,True,True
F1,e2bv2_42d0ed676d84fe8872c3,v2e2_a26fd019af93d45104b8,qwen_flash,C1,authoritative,0.0,0.0,0.0,0.0,0.0,0.0,0.0,True,True,True,True,True
F1,e2bv2_42d0ed676d84fe8872c3,v2e2_a26fd019af93d45104b8,qwen_flash,S1,carrier_consistent,0.0,0.0,0.0,0.0,0.0,0.0,0.0,True,True,True,True,True
F1,e2bv2_42d0ed676d84fe8872c3,v2e2_a26fd019af93d45104b8,qwen_flash,S1,authoritative,0.0,0.0,0.0,0.0,0.0,0.0,0.0,True,True,True,True,True
F1,e2bv2_473314a8a15ab0e70264,v2e2_7b2e0628b0d7b7a4badd,qwen_flash,C1,carrier_consistent,0.0,0.0,0.0,0.0,0.0,0.0,0.0,True,True,True,True,True
F1,e2bv2_473314a8a15ab0e70264,v2e2_7b2e0628b0d7b7a4badd,qwen_flash,C1,authoritative,0.0,0.0,0.0,0.0,0.0,0.0,0.0,True,True,True,True,True
F1,e2bv2_473314a8a15ab0e70264,v2e2_7b2e0628b0d7b7a4badd,qwen_flash,S1,carrier_consistent,0.0,0.0,0.0,0.0,0.0,0.0,0.0,True,True,True,True,True
F1,e2bv2_473314a8a15ab0e70264,v2e2_7b2e0628b0d7b7a4badd,qwen_flash,S1,authoritative,0.0,0.0,0.0,0.0,0.0,0.0,0.0,True,True,True,True,True
F1,e2bv2_473314a8a15ab0e70264,v2e2_7b2e0628b0d7b7a4badd,qwen_flash,C2,carrier_consistent,0.0,0.0,0.0,0.0,0.0,0.0,0.0,True,True,True,True,True
F1,e2bv2_473314a8a15ab0e70264,v2e2_7b2e0628b0d7b7a4badd,qwen_flash,C2,authoritative,0.0,0.0,0.0,0.0,0.0,0.0,0.0,True,True,True,True,True
F1,e2bv2_473314a8a15ab0e70264,v2e2_7b2e0628b0d7b7a4badd,qwen_flash,S2,carrier_consistent,0.0,0.0,0.0,0.0,0.0,0.0,0.0,True,True,True,True,True
F1,e2bv2_473314a8a15ab0e70264,v2e2_7b2e0628b0d7b7a4badd,qwen_flash,S2,authoritative,0.0,0.0,0.0,0.0,0.0,0.0,0.0,True,True,True,True,True
F1,e2bv2_4765d96a6c9ce28ab185,v2e2_c049d4bc657bdc82a484,qwen_flash,S1,carrier_consistent,0.0,0.0,0.0,0.0,0.0,0.0,0.0,True,True,True,True,True
F1,e2bv2_4765d96a6c9ce28ab185,v2e2_c049d4bc657bdc82a484,qwen_flash,S1,authoritative,0.0,0.0,0.0,0.0,0.0,0.0,0.0,True,True,True,True,True
F1,e2bv2_4765d96a6c9ce28ab185,v2e2_c049d4bc657bdc82a484,qwen_flash,C2,carrier_consistent,0.0,0.0,0.0,0.0,0.0,0.0,0.0,True,True,True,True,True
F1,e2bv2_4765d96a6c9ce28ab185,v2e2_c049d4bc657bdc82a484,qwen_flash,C2,authoritative,0.0,0.0,0.0,0.0,0.0,0.0,0.0,True,True,True,True,True
F1,e2bv2_4765d96a6c9ce28ab185,v2e2_c049d4bc657bdc82a484,qwen_flash,S2,carrier_consistent,0.0,0.0,0.0,0.0,0.0,0.0,0.0,True,True,True,True,True
F1,e2bv2_4765d96a6c9ce28ab185,v2e2_c049d4bc657bdc82a484,qwen_flash,S2,authoritative,0.0,0.0,0.0,0.0,0.0,0.0,0.0,True,True,True,True,True
F1,e2bv2_4765d96a6c9ce28ab185,v2e2_c049d4bc657bdc82a484,qwen_flash,C1,carrier_consistent,0.0,0.0,0.0,0.0,0.0,0.0,0.0,True,True,True,True,True
F1,e2bv2_4765d96a6c9ce28ab185,v2e2_c049d4bc657bdc82a484,qwen_flash,C1,authoritative,0.0,0.0,0.0,0.0,0.0,0.0,0.0,True,True,True,True,True
F1,e2bv2_4877df0b1c592f6bee11,v2e2_7e727667efa4e288ccd0,deepseek_formal,S1,carrier_consistent,0.0,0.0,0.0,0.0,0.0,0.0,0.0,True,True,True,True,True
F1,e2bv2_4877df0b1c592f6bee11,v2e2_7e727667efa4e288ccd0,deepseek_formal,S1,authoritative,0.0,0.0,0.0,0.0,0.0,0.0,0.0,True,True,True,True,True
F1,e2bv2_4877df0b1c592f6bee11,v2e2_7e727667efa4e288ccd0,deepseek_formal,C2,carrier_consistent,0.0,0.0,0.0,0.0,0.0,0.0,0.0,True,True,True,True,True
F1,e2bv2_4877df0b1c592f6bee11,v2e2_7e727667efa4e288ccd0,deepseek_formal,C2,authoritative,0.0,0.0,0.0,0.0,0.0,0.0,0.0,True,True,True,True,True
F1,e2bv2_4877df0b1c592f6bee11,v2e2_7e727667efa4e288ccd0,deepseek_formal,S2,carrier_consistent,0.0,0.0,0.0,0.0,0.0,0.0,0.0,True,True,True,True,True
F1,e2bv2_4877df0b1c592f6bee11,v2e2_7e727667efa4e288ccd0,deepseek_formal,S2,authoritative,0.0,0.0,0.0,0.0,0.0,0.0,0.0,True,True,True,True,True
F1,e2bv2_4877df0b1c592f6bee11,v2e2_7e727667efa4e288ccd0,deepseek_formal,C1,carrier_consistent,0.0,0.0,0.0,0.0,0.0,0.0,0.0,True,True,True,True,True
F1,e2bv2_4877df0b1c592f6bee11,v2e2_7e727667efa4e288ccd0,deepseek_formal,C1,authoritative,0.0,0.0,0.0,0.0,0.0,0.0,0.0,True,True,True,True,True
F1,e2bv2_4c2a7c6129663b4e8e86,v2e2_e9230cb9c5afdd6582ec,qwen_flash,C1,carrier_consistent,0.0,0.0,0.0,0.0,0.0,0.0,0.0,True,True,True,True,True
F1,e2bv2_4c2a7c6129663b4e8e86,v2e2_e9230cb9c5afdd6582ec,qwen_flash,C1,authoritative,0.0,0.0,0.0,0.0,0.0,0.0,0.0,True,True,True,True,True
F1,e2bv2_4c2a7c6129663b4e8e86,v2e2_e9230cb9c5afdd6582ec,qwen_flash,S1,carrier_consistent,0.0,0.0,0.0,0.0,0.0,0.0,0.0,True,True,True,True,True
F1,e2bv2_4c2a7c6129663b4e8e86,v2e2_e9230cb9c5afdd6582ec,qwen_flash,S1,authoritative,0.0,0.0,0.0,0.0,0.0,0.0,0.0,True,True,True,True,True
F1,e2bv2_4c2a7c6129663b4e8e86,v2e2_e9230cb9c5afdd6582ec,qwen_flash,C2,carrier_consistent,0.0,0.0,0.0,0.0,0.0,0.0,0.0,True,True,True,True,True
F1,e2bv2_4c2a7c6129663b4e8e86,v2e2_e9230cb9c5afdd6582ec,qwen_flash,C2,authoritative,0.0,0.0,0.0,0.0,0.0,0.0,0.0,True,True,True,True,True
F1,e2bv2_4c2a7c6129663b4e8e86,v2e2_e9230cb9c5afdd6582ec,qwen_flash,S2,carrier_consistent,0.0,0.0,0.0,0.0,0.0,0.0,0.0,True,True,True,True,True
F1,e2bv2_4c2a7c6129663b4e8e86,v2e2_e9230cb9c5afdd6582ec,qwen_flash,S2,authoritative,0.0,0.0,0.0,0.0,0.0,0.0,0.0,True,True,True,True,True
F1,e2bv2_4d1e188bc7400748c353,v2e2_6044c2cf8efb739eb457,qwen_flash,S2,carrier_consistent,0.0,0.0,0.0,0.0,0.0,0.0,0.0,True,True,True,True,True
F1,e2bv2_4d1e188bc7400748c353,v2e2_6044c2cf8efb739eb457,qwen_flash,S2,authoritative,0.0,0.0,0.0,0.0,0.0,0.0,0.0,True,True,True,True,True
F1,e2bv2_4d1e188bc7400748c353,v2e2_6044c2cf8efb739eb457,qwen_flash,C1,carrier_consistent,0.0,0.0,0.0,0.0,0.0,0.0,0.0,True,True,True,True,True
F1,e2bv2_4d1e188bc7400748c353,v2e2_6044c2cf8efb739eb457,qwen_flash,C1,authoritative,0.0,0.0,0.0,0.0,0.0,0.0,0.0,True,True,True,True,True
F1,e2bv2_4d1e188bc7400748c353,v2e2_6044c2cf8efb739eb457,qwen_flash,S1,carrier_consistent,0.0,0.0,0.0,0.0,0.0,0.0,0.0,True,True,True,True,True
F1,e2bv2_4d1e188bc7400748c353,v2e2_6044c2cf8efb739eb457,qwen_flash,S1,authoritative,0.0,0.0,0.0,0.0,0.0,0.0,0.0,True,True,True,True,True
F1,e2bv2_4d1e188bc7400748c353,v2e2_6044c2cf8efb739eb457,qwen_flash,C2,carrier_consistent,0.0,0.0,0.0,0.0,0.0,0.0,0.0,True,True,True,True,True
F1,e2bv2_4d1e188bc7400748c353,v2e2_6044c2cf8efb739eb457,qwen_flash,C2,authoritative,0.0,0.0,0.0,0.0,0.0,0.0,0.0,True,True,True,True,True
F1,e2bv2_4dfc1feffc9c52490cff,v2e2_f60d5d4b26a4ec302fa4,deepseek_formal,C2,carrier_consistent,0.0,0.0,0.0,0.0,0.0,0.0,0.0,True,True,True,True,True
F1,e2bv2_4dfc1feffc9c52490cff,v2e2_f60d5d4b26a4ec302fa4,deepseek_formal,C2,authoritative,0.0,0.0,0.0,0.0,0.0,0.0,0.0,True,True,True,True,True
F1,e2bv2_4dfc1feffc9c52490cff,v2e2_f60d5d4b26a4ec302fa4,deepseek_formal,S2,carrier_consistent,0.0,0.0,0.0,0.0,0.0,0.0,0.0,True,True,True,True,True
F1,e2bv2_4dfc1feffc9c52490cff,v2e2_f60d5d4b26a4ec302fa4,deepseek_formal,S2,authoritative,0.0,0.0,0.0,0.0,0.0,0.0,0.0,True,True,True,True,True
F1,e2bv2_4dfc1feffc9c52490cff,v2e2_f60d5d4b26a4ec302fa4,deepseek_formal,C1,carrier_consistent,0.0,0.0,0.0,0.0,0.0,0.0,0.0,True,True,True,True,True
F1,e2bv2_4dfc1feffc9c52490cff,v2e2_f60d5d4b26a4ec302fa4,deepseek_formal,C1,authoritative,0.0,0.0,0.0,0.0,0.0,0.0,0.0,True,True,True,True,True
F1,e2bv2_4dfc1feffc9c52490cff,v2e2_f60d5d4b26a4ec302fa4,deepseek_formal,S1,carrier_consistent,0.0,0.0,0.0,0.0,0.0,0.0,0.0,True,True,True,True,True
F1,e2bv2_4dfc1feffc9c52490cff,v2e2_f60d5d4b26a4ec302fa4,deepseek_formal,S1,authoritative,0.0,0.0,0.0,0.0,0.0,0.0,0.0,True,True,True,True,True
F1,e2bv2_50fd1b478910d5944f98,v2e2_7f938d120000eec26457,qwen_flash,C2,carrier_consistent,0.0,0.0,0.0,0.0,0.0,0.0,0.0,True,True,True,True,True
F1,e2bv2_50fd1b478910d5944f98,v2e2_7f938d120000eec26457,qwen_flash,C2,authoritative,0.0,0.0,0.0,0.0,0.0,0.0,0.0,True,True,True,True,True
F1,e2bv2_50fd1b478910d5944f98,v2e2_7f938d120000eec26457,qwen_flash,S2,carrier_consistent,0.0,0.0,0.0,0.0,0.0,0.0,0.0,True,True,True,True,True
F1,e2bv2_50fd1b478910d5944f98,v2e2_7f938d120000eec26457,qwen_flash,S2,authoritative,0.0,0.0,0.0,0.0,0.0,0.0,0.0,True,True,True,True,True
F1,e2bv2_50fd1b478910d5944f98,v2e2_7f938d120000eec26457,qwen_flash,C1,carrier_consistent,0.0,0.0,0.0,0.0,0.0,0.0,0.0,True,True,True,True,True
F1,e2bv2_50fd1b478910d5944f98,v2e2_7f938d120000eec26457,qwen_flash,C1,authoritative,0.0,0.0,0.0,0.0,0.0,0.0,0.0,True,True,True,True,True
F1,e2bv2_50fd1b478910d5944f98,v2e2_7f938d120000eec26457,qwen_flash,S1,carrier_consistent,0.0,0.0,0.0,0.0,0.0,0.0,0.0,True,True,True,True,True
F1,e2bv2_50fd1b478910d5944f98,v2e2_7f938d120000eec26457,qwen_flash,S1,authoritative,0.0,0.0,0.0,0.0,0.0,0.0,0.0,True,True,True,True,True
F1,e2bv2_51dca7ed1e43a2dc2f29,v2e2_25e030e6613f44a39649,deepseek_formal,C1,carrier_consistent,0.0,0.0,0.0,0.0,0.0,0.0,0.0,True,True,True,True,True
F1,e2bv2_51dca7ed1e43a2dc2f29,v2e2_25e030e6613f44a39649,deepseek_formal,C1,authoritative,0.0,0.0,0.0,0.0,0.0,0.0,0.0,True,True,True,True,True
F1,e2bv2_51dca7ed1e43a2dc2f29,v2e2_25e030e6613f44a39649,deepseek_formal,S1,carrier_consistent,0.0,0.0,0.0,0.0,0.0,0.0,0.0,True,True,True,True,True
F1,e2bv2_51dca7ed1e43a2dc2f29,v2e2_25e030e6613f44a39649,deepseek_formal,S1,authoritative,0.0,0.0,0.0,0.0,0.0,0.0,0.0,True,True,True,True,True
F1,e2bv2_51dca7ed1e43a2dc2f29,v2e2_25e030e6613f44a39649,deepseek_formal,C2,carrier_consistent,0.0,0.0,0.0,0.0,0.0,0.0,0.0,True,True,True,True,True
F1,e2bv2_51dca7ed1e43a2dc2f29,v2e2_25e030e6613f44a39649,deepseek_formal,C2,authoritative,0.0,0.0,0.0,0.0,0.0,0.0,0.0,True,True,True,True,True
F1,e2bv2_51dca7ed1e43a2dc2f29,v2e2_25e030e6613f44a39649,deepseek_formal,S2,carrier_consistent,0.0,0.0,0.0,0.0,0.0,0.0,0.0,True,True,True,True,True
F1,e2bv2_51dca7ed1e43a2dc2f29,v2e2_25e030e6613f44a39649,deepseek_formal,S2,authoritative,0.0,0.0,0.0,0.0,0.0,0.0,0.0,True,True,True,True,True
F1,e2bv2_55198653b0763541ca2b,v2e2_7778cc641046e1b0a2cd,qwen_flash,S2,carrier_consistent,0.0,0.0,0.0,0.0,0.0,0.0,0.0,True,True,True,True,True
F1,e2bv2_55198653b0763541ca2b,v2e2_7778cc641046e1b0a2cd,qwen_flash,S2,authoritative,0.0,0.0,0.0,0.0,0.0,0.0,0.0,True,True,True,True,True
F1,e2bv2_55198653b0763541ca2b,v2e2_7778cc641046e1b0a2cd,qwen_flash,C1,carrier_consistent,0.0,0.0,0.0,0.0,0.0,0.0,0.0,True,True,True,True,True
F1,e2bv2_55198653b0763541ca2b,v2e2_7778cc641046e1b0a2cd,qwen_flash,C1,authoritative,0.0,0.0,0.0,0.0,0.0,0.0,0.0,True,True,True,True,True
F1,e2bv2_55198653b0763541ca2b,v2e2_7778cc641046e1b0a2cd,qwen_flash,S1,carrier_consistent,0.0,0.0,0.0,0.0,0.0,0.0,0.0,True,True,True,True,True
F1,e2bv2_55198653b0763541ca2b,v2e2_7778cc641046e1b0a2cd,qwen_flash,S1,authoritative,0.0,0.0,0.0,0.0,0.0,0.0,0.0,True,True,True,True,True
F1,e2bv2_55198653b0763541ca2b,v2e2_7778cc641046e1b0a2cd,qwen_flash,C2,carrier_consistent,0.0,0.0,0.0,0.0,0.0,0.0,0.0,True,True,True,True,True
F1,e2bv2_55198653b0763541ca2b,v2e2_7778cc641046e1b0a2cd,qwen_flash,C2,authoritative,0.0,0.0,0.0,0.0,0.0,0.0,0.0,True,True,True,True,True
F1,e2bv2_5abcf05f2df5d05495d2,v2e2_e9230cb9c5afdd6582ec,deepseek_formal,C1,carrier_consistent,0.0,0.0,0.0,0.0,0.0,0.0,0.0,True,True,True,True,True
F1,e2bv2_5abcf05f2df5d05495d2,v2e2_e9230cb9c5afdd6582ec,deepseek_formal,C1,authoritative,0.0,0.0,0.0,0.0,0.0,0.0,0.0,True,True,True,True,True
F1,e2bv2_5abcf05f2df5d05495d2,v2e2_e9230cb9c5afdd6582ec,deepseek_formal,S1,carrier_consistent,0.0,0.0,0.0,0.0,0.0,0.0,0.0,True,True,True,True,True
F1,e2bv2_5abcf05f2df5d05495d2,v2e2_e9230cb9c5afdd6582ec,deepseek_formal,S1,authoritative,0.0,0.0,0.0,0.0,0.0,0.0,0.0,True,True,True,True,True
F1,e2bv2_5abcf05f2df5d05495d2,v2e2_e9230cb9c5afdd6582ec,deepseek_formal,C2,carrier_consistent,0.0,0.0,0.0,0.0,0.0,0.0,0.0,True,True,True,True,True
F1,e2bv2_5abcf05f2df5d05495d2,v2e2_e9230cb9c5afdd6582ec,deepseek_formal,C2,authoritative,0.0,0.0,0.0,0.0,0.0,0.0,0.0,True,True,True,True,True
F1,e2bv2_5abcf05f2df5d05495d2,v2e2_e9230cb9c5afdd6582ec,deepseek_formal,S2,carrier_consistent,0.0,0.0,0.0,0.0,0.0,0.0,0.0,True,True,True,True,True
F1,e2bv2_5abcf05f2df5d05495d2,v2e2_e9230cb9c5afdd6582ec,deepseek_formal,S2,authoritative,0.0,0.0,0.0,0.0,0.0,0.0,0.0,True,True,True,True,True
F1,e2bv2_6064b98f998842591327,v2e2_f5ed58c9117bb14967a8,deepseek_formal,S1,carrier_consistent,0.0,0.0,0.0,0.0,0.0,0.0,0.0,True,True,True,True,True
F1,e2bv2_6064b98f998842591327,v2e2_f5ed58c9117bb14967a8,deepseek_formal,S1,authoritative,0.0,0.0,0.0,0.0,0.0,0.0,0.0,True,True,True,True,True
F1,e2bv2_6064b98f998842591327,v2e2_f5ed58c9117bb14967a8,deepseek_formal,C2,carrier_consistent,0.0,0.0,0.0,0.0,0.0,0.0,0.0,True,True,True,True,True
F1,e2bv2_6064b98f998842591327,v2e2_f5ed58c9117bb14967a8,deepseek_formal,C2,authoritative,0.0,0.0,0.0,0.0,0.0,0.0,0.0,True,True,True,True,True
F1,e2bv2_6064b98f998842591327,v2e2_f5ed58c9117bb14967a8,deepseek_formal,S2,carrier_consistent,0.0,0.0,0.0,0.0,0.0,0.0,0.0,True,True,True,True,True
F1,e2bv2_6064b98f998842591327,v2e2_f5ed58c9117bb14967a8,deepseek_formal,S2,authoritative,0.0,0.0,0.0,0.0,0.0,0.0,0.0,True,True,True,True,True
F1,e2bv2_6064b98f998842591327,v2e2_f5ed58c9117bb14967a8,deepseek_formal,C1,carrier_consistent,0.0,0.0,0.0,0.0,0.0,0.0,0.0,True,True,True,True,True
F1,e2bv2_6064b98f998842591327,v2e2_f5ed58c9117bb14967a8,deepseek_formal,C1,authoritative,0.0,0.0,0.0,0.0,0.0,0.0,0.0,True,True,True,True,True
F1,e2bv2_655a350b899a51313c0b,v2e2_eefa2a6aa00281c6d0de,qwen_flash,C1,carrier_consistent,0.0,0.0,0.0,0.0,0.0,0.0,0.0,True,True,True,True,True
F1,e2bv2_655a350b899a51313c0b,v2e2_eefa2a6aa00281c6d0de,qwen_flash,C1,authoritative,0.0,0.0,0.0,0.0,0.0,0.0,0.0,True,True,True,True,True
F1,e2bv2_655a350b899a51313c0b,v2e2_eefa2a6aa00281c6d0de,qwen_flash,S1,carrier_consistent,0.0,0.0,0.0,0.0,0.0,0.0,0.0,True,True,True,True,True
F1,e2bv2_655a350b899a51313c0b,v2e2_eefa2a6aa00281c6d0de,qwen_flash,S1,authoritative,0.0,0.0,0.0,0.0,0.0,0.0,0.0,True,True,True,True,True
F1,e2bv2_655a350b899a51313c0b,v2e2_eefa2a6aa00281c6d0de,qwen_flash,C2,carrier_consistent,0.0,0.0,0.0,0.0,0.0,0.0,0.0,True,True,True,True,True
F1,e2bv2_655a350b899a51313c0b,v2e2_eefa2a6aa00281c6d0de,qwen_flash,C2,authoritative,0.0,0.0,0.0,0.0,0.0,0.0,0.0,True,True,True,True,True
F1,e2bv2_655a350b899a51313c0b,v2e2_eefa2a6aa00281c6d0de,qwen_flash,S2,carrier_consistent,0.0,0.0,0.0,0.0,0.0,0.0,0.0,True,True,True,True,True
F1,e2bv2_655a350b899a51313c0b,v2e2_eefa2a6aa00281c6d0de,qwen_flash,S2,authoritative,0.0,0.0,0.0,0.0,0.0,0.0,0.0,True,True,True,True,True
F1,e2bv2_65a2adb54b7fa70641c7,v2e2_28d9724eea09520d5cd7,deepseek_formal,S1,carrier_consistent,0.0,0.0,0.0,0.0,0.0,0.0,0.0,True,True,True,True,True
F1,e2bv2_65a2adb54b7fa70641c7,v2e2_28d9724eea09520d5cd7,deepseek_formal,S1,authoritative,0.0,0.0,0.0,0.0,0.0,0.0,0.0,True,True,True,True,True
F1,e2bv2_65a2adb54b7fa70641c7,v2e2_28d9724eea09520d5cd7,deepseek_formal,C2,carrier_consistent,0.0,0.0,0.0,0.0,0.0,0.0,0.0,True,True,True,True,True
F1,e2bv2_65a2adb54b7fa70641c7,v2e2_28d9724eea09520d5cd7,deepseek_formal,C2,authoritative,0.0,0.0,0.0,0.0,0.0,0.0,0.0,True,True,True,True,True
F1,e2bv2_65a2adb54b7fa70641c7,v2e2_28d9724eea09520d5cd7,deepseek_formal,S2,carrier_consistent,0.0,0.0,0.0,0.0,0.0,0.0,0.0,True,True,True,True,True
F1,e2bv2_65a2adb54b7fa70641c7,v2e2_28d9724eea09520d5cd7,deepseek_formal,S2,authoritative,0.0,0.0,0.0,0.0,0.0,0.0,0.0,True,True,True,True,True
F1,e2bv2_65a2adb54b7fa70641c7,v2e2_28d9724eea09520d5cd7,deepseek_formal,C1,carrier_consistent,0.0,0.0,0.0,0.0,0.0,0.0,0.0,True,True,True,True,True
F1,e2bv2_65a2adb54b7fa70641c7,v2e2_28d9724eea09520d5cd7,deepseek_formal,C1,authoritative,0.0,0.0,0.0,0.0,0.0,0.0,0.0,True,True,True,True,True
F1,e2bv2_65cf1d41a33763ed48d9,v2e2_90357feca5a42c2b5eee,qwen_flash,C1,carrier_consistent,0.0,0.0,0.0,0.0,0.0,0.0,0.0,True,True,True,True,True
F1,e2bv2_65cf1d41a33763ed48d9,v2e2_90357feca5a42c2b5eee,qwen_flash,C1,authoritative,0.0,0.0,0.0,0.0,0.0,0.0,0.0,True,True,True,True,True
F1,e2bv2_65cf1d41a33763ed48d9,v2e2_90357feca5a42c2b5eee,qwen_flash,S1,carrier_consistent,0.0,0.0,0.0,0.0,0.0,0.0,0.0,True,True,True,True,True
F1,e2bv2_65cf1d41a33763ed48d9,v2e2_90357feca5a42c2b5eee,qwen_flash,S1,authoritative,0.0,0.0,0.0,0.0,0.0,0.0,0.0,True,True,True,True,True
F1,e2bv2_65cf1d41a33763ed48d9,v2e2_90357feca5a42c2b5eee,qwen_flash,C2,carrier_consistent,0.0,0.0,0.0,0.0,0.0,0.0,0.0,True,True,True,True,True
F1,e2bv2_65cf1d41a33763ed48d9,v2e2_90357feca5a42c2b5eee,qwen_flash,C2,authoritative,0.0,0.0,0.0,0.0,0.0,0.0,0.0,True,True,True,True,True
F1,e2bv2_65cf1d41a33763ed48d9,v2e2_90357feca5a42c2b5eee,qwen_flash,S2,carrier_consistent,0.0,0.0,0.0,0.0,0.0,0.0,0.0,True,True,True,True,True
F1,e2bv2_65cf1d41a33763ed48d9,v2e2_90357feca5a42c2b5eee,qwen_flash,S2,authoritative,0.0,0.0,0.0,0.0,0.0,0.0,0.0,True,True,True,True,True
F1,e2bv2_66a3cad8f45f6f9319e2,v2e2_babe8da2420b974ae448,qwen_flash,S2,carrier_consistent,0.0,0.0,0.0,0.0,0.0,0.0,0.0,True,True,True,True,True
F1,e2bv2_66a3cad8f45f6f9319e2,v2e2_babe8da2420b974ae448,qwen_flash,S2,authoritative,0.0,0.0,0.0,0.0,0.0,0.0,0.0,True,True,True,True,True
F1,e2bv2_66a3cad8f45f6f9319e2,v2e2_babe8da2420b974ae448,qwen_flash,C1,carrier_consistent,0.0,0.0,0.0,0.0,0.0,0.0,0.0,True,True,True,True,True
F1,e2bv2_66a3cad8f45f6f9319e2,v2e2_babe8da2420b974ae448,qwen_flash,C1,authoritative,0.0,0.0,0.0,0.0,0.0,0.0,0.0,True,True,True,True,True
F1,e2bv2_66a3cad8f45f6f9319e2,v2e2_babe8da2420b974ae448,qwen_flash,S1,carrier_consistent,0.0,0.0,0.0,0.0,0.0,0.0,0.0,True,True,True,True,True
F1,e2bv2_66a3cad8f45f6f9319e2,v2e2_babe8da2420b974ae448,qwen_flash,S1,authoritative,0.0,0.0,0.0,0.0,0.0,0.0,0.0,True,True,True,True,True
F1,e2bv2_66a3cad8f45f6f9319e2,v2e2_babe8da2420b974ae448,qwen_flash,C2,carrier_consistent,0.0,0.0,0.0,0.0,0.0,0.0,0.0,True,True,True,True,True
F1,e2bv2_66a3cad8f45f6f9319e2,v2e2_babe8da2420b974ae448,qwen_flash,C2,authoritative,0.0,0.0,0.0,0.0,0.0,0.0,0.0,True,True,True,True,True
F1,e2bv2_676111e1c5a00e4b041f,v2e2_7f938d120000eec26457,deepseek_formal,C2,carrier_consistent,0.0,0.0,0.0,0.0,0.0,0.0,0.0,True,True,True,True,True
F1,e2bv2_676111e1c5a00e4b041f,v2e2_7f938d120000eec26457,deepseek_formal,C2,authoritative,0.0,0.0,0.0,0.0,0.0,0.0,0.0,True,True,True,True,True
F1,e2bv2_676111e1c5a00e4b041f,v2e2_7f938d120000eec26457,deepseek_formal,S2,carrier_consistent,0.0,0.0,0.0,0.0,0.0,0.0,0.0,True,True,True,True,True
F1,e2bv2_676111e1c5a00e4b041f,v2e2_7f938d120000eec26457,deepseek_formal,S2,authoritative,0.0,0.0,0.0,0.0,0.0,0.0,0.0,True,True,True,True,True
F1,e2bv2_676111e1c5a00e4b041f,v2e2_7f938d120000eec26457,deepseek_formal,C1,carrier_consistent,0.0,0.0,0.0,0.0,0.0,0.0,0.0,True,True,True,True,True
F1,e2bv2_676111e1c5a00e4b041f,v2e2_7f938d120000eec26457,deepseek_formal,C1,authoritative,0.0,0.0,0.0,0.0,0.0,0.0,0.0,True,True,True,True,True
F1,e2bv2_676111e1c5a00e4b041f,v2e2_7f938d120000eec26457,deepseek_formal,S1,carrier_consistent,0.0,0.0,0.0,0.0,0.0,0.0,0.0,True,True,True,True,True
F1,e2bv2_676111e1c5a00e4b041f,v2e2_7f938d120000eec26457,deepseek_formal,S1,authoritative,0.0,0.0,0.0,0.0,0.0,0.0,0.0,True,True,True,True,True
F1,e2bv2_6aa925a62084087965a0,v2e2_e6c8a896df3972a400a6,deepseek_formal,C2,carrier_consistent,0.0,0.0,0.0,0.0,0.0,0.0,0.0,True,True,True,True,True
F1,e2bv2_6aa925a62084087965a0,v2e2_e6c8a896df3972a400a6,deepseek_formal,C2,authoritative,0.0,0.0,0.0,0.0,0.0,0.0,0.0,True,True,True,True,True
F1,e2bv2_6aa925a62084087965a0,v2e2_e6c8a896df3972a400a6,deepseek_formal,S2,carrier_consistent,0.0,0.0,0.0,0.0,0.0,0.0,0.0,True,True,True,True,True
F1,e2bv2_6aa925a62084087965a0,v2e2_e6c8a896df3972a400a6,deepseek_formal,S2,authoritative,0.0,0.0,0.0,0.0,0.0,0.0,0.0,True,True,True,True,True
F1,e2bv2_6aa925a62084087965a0,v2e2_e6c8a896df3972a400a6,deepseek_formal,C1,carrier_consistent,0.0,0.0,0.0,0.0,0.0,0.0,0.0,True,True,True,True,True
F1,e2bv2_6aa925a62084087965a0,v2e2_e6c8a896df3972a400a6,deepseek_formal,C1,authoritative,0.0,0.0,0.0,0.0,0.0,0.0,0.0,True,True,True,True,True
F1,e2bv2_6aa925a62084087965a0,v2e2_e6c8a896df3972a400a6,deepseek_formal,S1,carrier_consistent,0.0,0.0,0.0,0.0,0.0,0.0,0.0,True,True,True,True,True
F1,e2bv2_6aa925a62084087965a0,v2e2_e6c8a896df3972a400a6,deepseek_formal,S1,authoritative,0.0,0.0,0.0,0.0,0.0,0.0,0.0,True,True,True,True,True
F1,e2bv2_6afd7a98da797934f948,v2e2_4029a98e7ae402335d31,qwen_flash,C1,carrier_consistent,0.0,0.0,0.0,0.0,0.0,0.0,0.0,True,True,True,True,True
F1,e2bv2_6afd7a98da797934f948,v2e2_4029a98e7ae402335d31,qwen_flash,C1,authoritative,0.0,0.0,0.0,0.0,0.0,0.0,0.0,True,True,True,True,True
F1,e2bv2_6afd7a98da797934f948,v2e2_4029a98e7ae402335d31,qwen_flash,S1,carrier_consistent,0.0,0.0,0.0,0.0,0.0,0.0,0.0,True,True,True,True,True
F1,e2bv2_6afd7a98da797934f948,v2e2_4029a98e7ae402335d31,qwen_flash,S1,authoritative,0.0,0.0,0.0,0.0,0.0,0.0,0.0,True,True,True,True,True
F1,e2bv2_6afd7a98da797934f948,v2e2_4029a98e7ae402335d31,qwen_flash,C2,carrier_consistent,0.0,0.0,0.0,0.0,0.0,0.0,0.0,True,True,True,True,True
F1,e2bv2_6afd7a98da797934f948,v2e2_4029a98e7ae402335d31,qwen_flash,C2,authoritative,0.0,0.0,0.0,0.0,0.0,0.0,0.0,True,True,True,True,True
F1,e2bv2_6afd7a98da797934f948,v2e2_4029a98e7ae402335d31,qwen_flash,S2,carrier_consistent,0.0,0.0,0.0,0.0,0.0,0.0,0.0,True,True,True,True,True
F1,e2bv2_6afd7a98da797934f948,v2e2_4029a98e7ae402335d31,qwen_flash,S2,authoritative,0.0,0.0,0.0,0.0,0.0,0.0,0.0,True,True,True,True,True
F1,e2bv2_6de44f7f22478000b190,v2e2_394e89f7d166924e9409,deepseek_formal,S2,carrier_consistent,0.0,0.0,0.0,0.0,0.0,0.0,0.0,True,True,True,True,True
F1,e2bv2_6de44f7f22478000b190,v2e2_394e89f7d166924e9409,deepseek_formal,S2,authoritative,0.0,0.0,0.0,0.0,0.0,0.0,0.0,True,True,True,True,True
F1,e2bv2_6de44f7f22478000b190,v2e2_394e89f7d166924e9409,deepseek_formal,C1,carrier_consistent,0.0,0.0,0.0,0.0,0.0,0.0,0.0,True,True,True,True,True
F1,e2bv2_6de44f7f22478000b190,v2e2_394e89f7d166924e9409,deepseek_formal,C1,authoritative,0.0,0.0,0.0,0.0,0.0,0.0,0.0,True,True,True,True,True
F1,e2bv2_6de44f7f22478000b190,v2e2_394e89f7d166924e9409,deepseek_formal,S1,carrier_consistent,0.0,0.0,0.0,0.0,0.0,0.0,0.0,True,True,True,True,True
F1,e2bv2_6de44f7f22478000b190,v2e2_394e89f7d166924e9409,deepseek_formal,S1,authoritative,0.0,0.0,0.0,0.0,0.0,0.0,0.0,True,True,True,True,True
F1,e2bv2_6de44f7f22478000b190,v2e2_394e89f7d166924e9409,deepseek_formal,C2,carrier_consistent,0.0,0.0,0.0,0.0,0.0,0.0,0.0,True,True,True,True,True
F1,e2bv2_6de44f7f22478000b190,v2e2_394e89f7d166924e9409,deepseek_formal,C2,authoritative,0.0,0.0,0.0,0.0,0.0,0.0,0.0,True,True,True,True,True
F1,e2bv2_6e44d58ae86a30969c94,v2e2_8e9a9550f230c7b3cff3,deepseek_formal,S2,carrier_consistent,0.0,0.0,0.0,0.0,0.0,0.0,0.0,True,True,True,True,True
F1,e2bv2_6e44d58ae86a30969c94,v2e2_8e9a9550f230c7b3cff3,deepseek_formal,S2,authoritative,0.0,0.0,0.0,0.0,0.0,0.0,0.0,True,True,True,True,True
F1,e2bv2_6e44d58ae86a30969c94,v2e2_8e9a9550f230c7b3cff3,deepseek_formal,C1,carrier_consistent,0.0,0.0,0.0,0.0,0.0,0.0,0.0,True,True,True,True,True
F1,e2bv2_6e44d58ae86a30969c94,v2e2_8e9a9550f230c7b3cff3,deepseek_formal,C1,authoritative,0.0,0.0,0.0,0.0,0.0,0.0,0.0,True,True,True,True,True
F1,e2bv2_6e44d58ae86a30969c94,v2e2_8e9a9550f230c7b3cff3,deepseek_formal,S1,carrier_consistent,0.0,0.0,0.0,0.0,0.0,0.0,0.0,True,True,True,True,True
F1,e2bv2_6e44d58ae86a30969c94,v2e2_8e9a9550f230c7b3cff3,deepseek_formal,S1,authoritative,0.0,0.0,0.0,0.0,0.0,0.0,0.0,True,True,True,True,True
F1,e2bv2_6e44d58ae86a30969c94,v2e2_8e9a9550f230c7b3cff3,deepseek_formal,C2,carrier_consistent,0.0,0.0,0.0,0.0,0.0,0.0,0.0,True,True,True,True,True
F1,e2bv2_6e44d58ae86a30969c94,v2e2_8e9a9550f230c7b3cff3,deepseek_formal,C2,authoritative,0.0,0.0,0.0,0.0,0.0,0.0,0.0,True,True,True,True,True
F1,e2bv2_6f189c0a63425c25daf9,v2e2_eabe3c90461f173e872b,qwen_flash,C2,carrier_consistent,0.0,0.0,0.0,0.0,0.0,0.0,0.0,True,True,True,True,True
F1,e2bv2_6f189c0a63425c25daf9,v2e2_eabe3c90461f173e872b,qwen_flash,C2,authoritative,0.0,0.0,0.0,0.0,0.0,0.0,0.0,True,True,True,True,True
F1,e2bv2_6f189c0a63425c25daf9,v2e2_eabe3c90461f173e872b,qwen_flash,S2,carrier_consistent,0.0,0.0,0.0,0.0,0.0,0.0,0.0,True,True,True,True,True
F1,e2bv2_6f189c0a63425c25daf9,v2e2_eabe3c90461f173e872b,qwen_flash,S2,authoritative,0.0,0.0,0.0,0.0,0.0,0.0,0.0,True,True,True,True,True
F1,e2bv2_6f189c0a63425c25daf9,v2e2_eabe3c90461f173e872b,qwen_flash,C1,carrier_consistent,0.0,0.0,0.0,0.0,0.0,0.0,0.0,True,True,True,True,True
F1,e2bv2_6f189c0a63425c25daf9,v2e2_eabe3c90461f173e872b,qwen_flash,C1,authoritative,0.0,0.0,0.0,0.0,0.0,0.0,0.0,True,True,True,True,True
F1,e2bv2_6f189c0a63425c25daf9,v2e2_eabe3c90461f173e872b,qwen_flash,S1,carrier_consistent,0.0,0.0,0.0,0.0,0.0,0.0,0.0,True,True,True,True,True
F1,e2bv2_6f189c0a63425c25daf9,v2e2_eabe3c90461f173e872b,qwen_flash,S1,authoritative,0.0,0.0,0.0,0.0,0.0,0.0,0.0,True,True,True,True,True
F1,e2bv2_706f6543b8c72f6485d0,v2e2_d6701d548a93409fed9a,qwen_flash,C1,carrier_consistent,0.0,0.0,0.0,0.0,0.0,0.0,0.0,True,True,True,True,True
F1,e2bv2_706f6543b8c72f6485d0,v2e2_d6701d548a93409fed9a,qwen_flash,C1,authoritative,0.0,0.0,0.0,0.0,0.0,0.0,0.0,True,True,True,True,True
F1,e2bv2_706f6543b8c72f6485d0,v2e2_d6701d548a93409fed9a,qwen_flash,S1,carrier_consistent,0.0,0.0,0.0,0.0,0.0,0.0,0.0,True,True,True,True,True
F1,e2bv2_706f6543b8c72f6485d0,v2e2_d6701d548a93409fed9a,qwen_flash,S1,authoritative,0.0,0.0,0.0,0.0,0.0,0.0,0.0,True,True,True,True,True
F1,e2bv2_706f6543b8c72f6485d0,v2e2_d6701d548a93409fed9a,qwen_flash,C2,carrier_consistent,0.0,0.0,0.0,0.0,0.0,0.0,0.0,True,True,True,True,True
F1,e2bv2_706f6543b8c72f6485d0,v2e2_d6701d548a93409fed9a,qwen_flash,C2,authoritative,0.0,0.0,0.0,0.0,0.0,0.0,0.0,True,True,True,True,True
F1,e2bv2_706f6543b8c72f6485d0,v2e2_d6701d548a93409fed9a,qwen_flash,S2,carrier_consistent,0.0,0.0,0.0,0.0,0.0,0.0,0.0,True,True,True,True,True
F1,e2bv2_706f6543b8c72f6485d0,v2e2_d6701d548a93409fed9a,qwen_flash,S2,authoritative,0.0,0.0,0.0,0.0,0.0,0.0,0.0,True,True,True,True,True
F1,e2bv2_70e92887d1d87307d2b7,v2e2_d6ba00286f170447ebbf,deepseek_formal,S1,carrier_consistent,0.0,0.0,0.0,0.0,0.0,0.0,0.0,True,True,True,True,True
F1,e2bv2_70e92887d1d87307d2b7,v2e2_d6ba00286f170447ebbf,deepseek_formal,S1,authoritative,0.0,0.0,0.0,0.0,0.0,0.0,0.0,True,True,True,True,True
F1,e2bv2_70e92887d1d87307d2b7,v2e2_d6ba00286f170447ebbf,deepseek_formal,C2,carrier_consistent,0.0,0.0,0.0,0.0,0.0,0.0,0.0,True,True,True,True,True
F1,e2bv2_70e92887d1d87307d2b7,v2e2_d6ba00286f170447ebbf,deepseek_formal,C2,authoritative,0.0,0.0,0.0,0.0,0.0,0.0,0.0,True,True,True,True,True
F1,e2bv2_70e92887d1d87307d2b7,v2e2_d6ba00286f170447ebbf,deepseek_formal,S2,carrier_consistent,0.0,0.0,0.0,0.0,0.0,0.0,0.0,True,True,True,True,True
F1,e2bv2_70e92887d1d87307d2b7,v2e2_d6ba00286f170447ebbf,deepseek_formal,S2,authoritative,0.0,0.0,0.0,0.0,0.0,0.0,0.0,True,True,True,True,True
F1,e2bv2_70e92887d1d87307d2b7,v2e2_d6ba00286f170447ebbf,deepseek_formal,C1,carrier_consistent,0.0,0.0,0.0,0.0,0.0,0.0,0.0,True,True,True,True,True
F1,e2bv2_70e92887d1d87307d2b7,v2e2_d6ba00286f170447ebbf,deepseek_formal,C1,authoritative,0.0,0.0,0.0,0.0,0.0,0.0,0.0,True,True,True,True,True
F1,e2bv2_72aa2e644478ad3fe46c,v2e2_c577765fa5c45c1fea7a,deepseek_formal,S2,carrier_consistent,0.0,0.0,0.0,0.0,0.0,0.0,0.0,True,True,True,True,True
F1,e2bv2_72aa2e644478ad3fe46c,v2e2_c577765fa5c45c1fea7a,deepseek_formal,S2,authoritative,0.0,0.0,0.0,0.0,0.0,0.0,0.0,True,True,True,True,True
F1,e2bv2_72aa2e644478ad3fe46c,v2e2_c577765fa5c45c1fea7a,deepseek_formal,C1,carrier_consistent,0.0,0.0,0.0,0.0,0.0,0.0,0.0,True,True,True,True,True
F1,e2bv2_72aa2e644478ad3fe46c,v2e2_c577765fa5c45c1fea7a,deepseek_formal,C1,authoritative,0.0,0.0,0.0,0.0,0.0,0.0,0.0,True,True,True,True,True
F1,e2bv2_72aa2e644478ad3fe46c,v2e2_c577765fa5c45c1fea7a,deepseek_formal,S1,carrier_consistent,0.0,0.0,0.0,0.0,0.0,0.0,0.0,True,True,True,True,True
F1,e2bv2_72aa2e644478ad3fe46c,v2e2_c577765fa5c45c1fea7a,deepseek_formal,S1,authoritative,0.0,0.0,0.0,0.0,0.0,0.0,0.0,True,True,True,True,True
F1,e2bv2_72aa2e644478ad3fe46c,v2e2_c577765fa5c45c1fea7a,deepseek_formal,C2,carrier_consistent,0.0,0.0,0.0,0.0,0.0,0.0,0.0,True,True,True,True,True
F1,e2bv2_72aa2e644478ad3fe46c,v2e2_c577765fa5c45c1fea7a,deepseek_formal,C2,authoritative,0.0,0.0,0.0,0.0,0.0,0.0,0.0,True,True,True,True,True
F1,e2bv2_7840ed7e07a5f5efde94,v2e2_4bc783ae8ece976241af,deepseek_formal,C2,carrier_consistent,0.0,0.0,0.0,0.0,0.0,0.0,0.0,True,True,True,True,True
F1,e2bv2_7840ed7e07a5f5efde94,v2e2_4bc783ae8ece976241af,deepseek_formal,C2,authoritative,0.0,0.0,0.0,0.0,0.0,0.0,0.0,True,True,True,True,True
F1,e2bv2_7840ed7e07a5f5efde94,v2e2_4bc783ae8ece976241af,deepseek_formal,S2,carrier_consistent,0.0,0.0,0.0,0.0,0.0,0.0,0.0,True,True,True,True,True
F1,e2bv2_7840ed7e07a5f5efde94,v2e2_4bc783ae8ece976241af,deepseek_formal,S2,authoritative,0.0,0.0,0.0,0.0,0.0,0.0,0.0,True,True,True,True,True
F1,e2bv2_7840ed7e07a5f5efde94,v2e2_4bc783ae8ece976241af,deepseek_formal,C1,carrier_consistent,0.0,0.0,0.0,0.0,0.0,0.0,0.0,True,True,True,True,True
F1,e2bv2_7840ed7e07a5f5efde94,v2e2_4bc783ae8ece976241af,deepseek_formal,C1,authoritative,0.0,0.0,0.0,0.0,0.0,0.0,0.0,True,True,True,True,True
F1,e2bv2_7840ed7e07a5f5efde94,v2e2_4bc783ae8ece976241af,deepseek_formal,S1,carrier_consistent,0.0,0.0,0.0,0.0,0.0,0.0,0.0,True,True,True,True,True
F1,e2bv2_7840ed7e07a5f5efde94,v2e2_4bc783ae8ece976241af,deepseek_formal,S1,authoritative,0.0,0.0,0.0,0.0,0.0,0.0,0.0,True,True,True,True,True
F1,e2bv2_7963de2a76bbaaef9416,v2e2_a66e250328b3cef2064f,deepseek_formal,S1,carrier_consistent,0.0,0.0,0.0,0.0,0.0,0.0,0.0,True,True,True,True,True
F1,e2bv2_7963de2a76bbaaef9416,v2e2_a66e250328b3cef2064f,deepseek_formal,S1,authoritative,0.0,0.0,0.0,0.0,0.0,0.0,0.0,True,True,True,True,True
F1,e2bv2_7963de2a76bbaaef9416,v2e2_a66e250328b3cef2064f,deepseek_formal,C2,carrier_consistent,0.0,0.0,0.0,0.0,0.0,0.0,0.0,True,True,True,True,True
F1,e2bv2_7963de2a76bbaaef9416,v2e2_a66e250328b3cef2064f,deepseek_formal,C2,authoritative,0.0,0.0,0.0,0.0,0.0,0.0,0.0,True,True,True,True,True
F1,e2bv2_7963de2a76bbaaef9416,v2e2_a66e250328b3cef2064f,deepseek_formal,S2,carrier_consistent,0.0,0.0,0.0,0.0,0.0,0.0,0.0,True,True,True,True,True
F1,e2bv2_7963de2a76bbaaef9416,v2e2_a66e250328b3cef2064f,deepseek_formal,S2,authoritative,0.0,0.0,0.0,0.0,0.0,0.0,0.0,True,True,True,True,True
F1,e2bv2_7963de2a76bbaaef9416,v2e2_a66e250328b3cef2064f,deepseek_formal,C1,carrier_consistent,0.0,0.0,0.0,0.0,0.0,0.0,0.0,True,True,True,True,True
F1,e2bv2_7963de2a76bbaaef9416,v2e2_a66e250328b3cef2064f,deepseek_formal,C1,authoritative,0.0,0.0,0.0,0.0,0.0,0.0,0.0,True,True,True,True,True
F1,e2bv2_7c9796613960a15b9922,v2e2_729fd4e9cb1879f64d23,deepseek_formal,C2,carrier_consistent,0.0,0.0,0.0,0.0,0.0,0.0,0.0,True,True,True,True,True
F1,e2bv2_7c9796613960a15b9922,v2e2_729fd4e9cb1879f64d23,deepseek_formal,C2,authoritative,0.0,0.0,0.0,0.0,0.0,0.0,0.0,True,True,True,True,True
F1,e2bv2_7c9796613960a15b9922,v2e2_729fd4e9cb1879f64d23,deepseek_formal,S2,carrier_consistent,0.0,0.0,0.0,0.0,0.0,0.0,0.0,True,True,True,True,True
F1,e2bv2_7c9796613960a15b9922,v2e2_729fd4e9cb1879f64d23,deepseek_formal,S2,authoritative,0.0,0.0,0.0,0.0,0.0,0.0,0.0,True,True,True,True,True
F1,e2bv2_7c9796613960a15b9922,v2e2_729fd4e9cb1879f64d23,deepseek_formal,C1,carrier_consistent,0.0,0.0,0.0,0.0,0.0,0.0,0.0,True,True,True,True,True
F1,e2bv2_7c9796613960a15b9922,v2e2_729fd4e9cb1879f64d23,deepseek_formal,C1,authoritative,0.0,0.0,0.0,0.0,0.0,0.0,0.0,True,True,True,True,True
F1,e2bv2_7c9796613960a15b9922,v2e2_729fd4e9cb1879f64d23,deepseek_formal,S1,carrier_consistent,0.0,0.0,0.0,0.0,0.0,0.0,0.0,True,True,True,True,True
F1,e2bv2_7c9796613960a15b9922,v2e2_729fd4e9cb1879f64d23,deepseek_formal,S1,authoritative,0.0,0.0,0.0,0.0,0.0,0.0,0.0,True,True,True,True,True
F1,e2bv2_7fe27f5daf58c1b88056,v2e2_d2a42e359dd264f920da,deepseek_formal,S2,carrier_consistent,0.0,0.0,0.0,0.0,0.0,0.0,0.0,True,True,True,True,True
F1,e2bv2_7fe27f5daf58c1b88056,v2e2_d2a42e359dd264f920da,deepseek_formal,S2,authoritative,0.0,0.0,0.0,0.0,0.0,0.0,0.0,True,True,True,True,True
F1,e2bv2_7fe27f5daf58c1b88056,v2e2_d2a42e359dd264f920da,deepseek_formal,C1,carrier_consistent,0.0,0.0,0.0,0.0,0.0,0.0,0.0,True,True,True,True,True
F1,e2bv2_7fe27f5daf58c1b88056,v2e2_d2a42e359dd264f920da,deepseek_formal,C1,authoritative,0.0,0.0,0.0,0.0,0.0,0.0,0.0,True,True,True,True,True
F1,e2bv2_7fe27f5daf58c1b88056,v2e2_d2a42e359dd264f920da,deepseek_formal,S1,carrier_consistent,0.0,0.0,0.0,0.0,0.0,0.0,0.0,True,True,True,True,True
F1,e2bv2_7fe27f5daf58c1b88056,v2e2_d2a42e359dd264f920da,deepseek_formal,S1,authoritative,0.0,0.0,0.0,0.0,0.0,0.0,0.0,True,True,True,True,True
F1,e2bv2_7fe27f5daf58c1b88056,v2e2_d2a42e359dd264f920da,deepseek_formal,C2,carrier_consistent,0.0,0.0,0.0,0.0,0.0,0.0,0.0,True,True,True,True,True
F1,e2bv2_7fe27f5daf58c1b88056,v2e2_d2a42e359dd264f920da,deepseek_formal,C2,authoritative,0.0,0.0,0.0,0.0,0.0,0.0,0.0,True,True,True,True,True
F1,e2bv2_81797772a8e01dbc87ef,v2e2_581afa30a65d6a5d08a5,qwen_flash,S1,carrier_consistent,0.0,0.0,0.0,0.0,0.0,0.0,0.0,True,True,True,True,True
F1,e2bv2_81797772a8e01dbc87ef,v2e2_581afa30a65d6a5d08a5,qwen_flash,S1,authoritative,0.0,0.0,0.0,0.0,0.0,0.0,0.0,True,True,True,True,True
F1,e2bv2_81797772a8e01dbc87ef,v2e2_581afa30a65d6a5d08a5,qwen_flash,C2,carrier_consistent,0.0,0.0,0.0,0.0,0.0,0.0,0.0,True,True,True,True,True
F1,e2bv2_81797772a8e01dbc87ef,v2e2_581afa30a65d6a5d08a5,qwen_flash,C2,authoritative,0.0,0.0,0.0,0.0,0.0,0.0,0.0,True,True,True,True,True
F1,e2bv2_81797772a8e01dbc87ef,v2e2_581afa30a65d6a5d08a5,qwen_flash,S2,carrier_consistent,0.0,0.0,0.0,0.0,0.0,0.0,0.0,True,True,True,True,True
F1,e2bv2_81797772a8e01dbc87ef,v2e2_581afa30a65d6a5d08a5,qwen_flash,S2,authoritative,0.0,0.0,0.0,0.0,0.0,0.0,0.0,True,True,True,True,True
F1,e2bv2_81797772a8e01dbc87ef,v2e2_581afa30a65d6a5d08a5,qwen_flash,C1,carrier_consistent,0.0,0.0,0.0,0.0,0.0,0.0,0.0,True,True,True,True,True
F1,e2bv2_81797772a8e01dbc87ef,v2e2_581afa30a65d6a5d08a5,qwen_flash,C1,authoritative,0.0,0.0,0.0,0.0,0.0,0.0,0.0,True,True,True,True,True
F1,e2bv2_824b8d60fb00d509e601,v2e2_68ad1227a66cd68252f6,qwen_flash,S1,carrier_consistent,0.0,0.0,0.0,0.0,0.0,0.0,0.0,True,True,True,True,True
F1,e2bv2_824b8d60fb00d509e601,v2e2_68ad1227a66cd68252f6,qwen_flash,S1,authoritative,0.0,0.0,0.0,0.0,0.0,0.0,0.0,True,True,True,True,True
F1,e2bv2_824b8d60fb00d509e601,v2e2_68ad1227a66cd68252f6,qwen_flash,C2,carrier_consistent,0.0,0.0,0.0,0.0,0.0,0.0,0.0,True,True,True,True,True
F1,e2bv2_824b8d60fb00d509e601,v2e2_68ad1227a66cd68252f6,qwen_flash,C2,authoritative,0.0,0.0,0.0,0.0,0.0,0.0,0.0,True,True,True,True,True
F1,e2bv2_824b8d60fb00d509e601,v2e2_68ad1227a66cd68252f6,qwen_flash,S2,carrier_consistent,0.0,0.0,0.0,0.0,0.0,0.0,0.0,True,True,True,True,True
F1,e2bv2_824b8d60fb00d509e601,v2e2_68ad1227a66cd68252f6,qwen_flash,S2,authoritative,0.0,0.0,0.0,0.0,0.0,0.0,0.0,True,True,True,True,True
F1,e2bv2_824b8d60fb00d509e601,v2e2_68ad1227a66cd68252f6,qwen_flash,C1,carrier_consistent,0.0,0.0,0.0,0.0,0.0,0.0,0.0,True,True,True,True,True
F1,e2bv2_824b8d60fb00d509e601,v2e2_68ad1227a66cd68252f6,qwen_flash,C1,authoritative,0.0,0.0,0.0,0.0,0.0,0.0,0.0,True,True,True,True,True
F1,e2bv2_857ed212cb3ade75decf,v2e2_394e89f7d166924e9409,qwen_flash,S2,carrier_consistent,0.0,0.0,0.0,0.0,0.0,0.0,0.0,True,True,True,True,True
F1,e2bv2_857ed212cb3ade75decf,v2e2_394e89f7d166924e9409,qwen_flash,S2,authoritative,0.0,0.0,0.0,0.0,0.0,0.0,0.0,True,True,True,True,True
F1,e2bv2_857ed212cb3ade75decf,v2e2_394e89f7d166924e9409,qwen_flash,C1,carrier_consistent,0.0,0.0,0.0,0.0,0.0,0.0,0.0,True,True,True,True,True
F1,e2bv2_857ed212cb3ade75decf,v2e2_394e89f7d166924e9409,qwen_flash,C1,authoritative,0.0,0.0,0.0,0.0,0.0,0.0,0.0,True,True,True,True,True
F1,e2bv2_857ed212cb3ade75decf,v2e2_394e89f7d166924e9409,qwen_flash,S1,carrier_consistent,0.0,0.0,0.0,0.0,0.0,0.0,0.0,True,True,True,True,True
F1,e2bv2_857ed212cb3ade75decf,v2e2_394e89f7d166924e9409,qwen_flash,S1,authoritative,0.0,0.0,0.0,0.0,0.0,0.0,0.0,True,True,True,True,True
F1,e2bv2_857ed212cb3ade75decf,v2e2_394e89f7d166924e9409,qwen_flash,C2,carrier_consistent,0.0,0.0,0.0,0.0,0.0,0.0,0.0,True,True,True,True,True
F1,e2bv2_857ed212cb3ade75decf,v2e2_394e89f7d166924e9409,qwen_flash,C2,authoritative,0.0,0.0,0.0,0.0,0.0,0.0,0.0,True,True,True,True,True
F1,e2bv2_8e5894fd943a5544d909,v2e2_68ad1227a66cd68252f6,deepseek_formal,S1,carrier_consistent,0.0,0.0,0.0,0.0,0.0,0.0,0.0,True,True,True,True,True
F1,e2bv2_8e5894fd943a5544d909,v2e2_68ad1227a66cd68252f6,deepseek_formal,S1,authoritative,0.0,0.0,0.0,0.0,0.0,0.0,0.0,True,True,True,True,True
F1,e2bv2_8e5894fd943a5544d909,v2e2_68ad1227a66cd68252f6,deepseek_formal,C2,carrier_consistent,0.0,0.0,0.0,0.0,0.0,0.0,0.0,True,True,True,True,True
F1,e2bv2_8e5894fd943a5544d909,v2e2_68ad1227a66cd68252f6,deepseek_formal,C2,authoritative,0.0,0.0,0.0,0.0,0.0,0.0,0.0,True,True,True,True,True
F1,e2bv2_8e5894fd943a5544d909,v2e2_68ad1227a66cd68252f6,deepseek_formal,S2,carrier_consistent,0.0,0.0,0.0,0.0,0.0,0.0,0.0,True,True,True,True,True
F1,e2bv2_8e5894fd943a5544d909,v2e2_68ad1227a66cd68252f6,deepseek_formal,S2,authoritative,0.0,0.0,0.0,0.0,0.0,0.0,0.0,True,True,True,True,True
F1,e2bv2_8e5894fd943a5544d909,v2e2_68ad1227a66cd68252f6,deepseek_formal,C1,carrier_consistent,0.0,0.0,0.0,0.0,0.0,0.0,0.0,True,True,True,True,True
F1,e2bv2_8e5894fd943a5544d909,v2e2_68ad1227a66cd68252f6,deepseek_formal,C1,authoritative,0.0,0.0,0.0,0.0,0.0,0.0,0.0,True,True,True,True,True
F1,e2bv2_90a214c9f95f65c0e06e,v2e2_1fd8536d13787e44dc17,deepseek_formal,C2,carrier_consistent,0.0,0.0,0.0,0.0,0.0,0.0,0.0,True,True,True,True,True
F1,e2bv2_90a214c9f95f65c0e06e,v2e2_1fd8536d13787e44dc17,deepseek_formal,C2,authoritative,0.0,0.0,0.0,0.0,0.0,0.0,0.0,True,True,True,True,True
F1,e2bv2_90a214c9f95f65c0e06e,v2e2_1fd8536d13787e44dc17,deepseek_formal,S2,carrier_consistent,0.0,0.0,0.0,0.0,0.0,0.0,0.0,True,True,True,True,True
F1,e2bv2_90a214c9f95f65c0e06e,v2e2_1fd8536d13787e44dc17,deepseek_formal,S2,authoritative,0.0,0.0,0.0,0.0,0.0,0.0,0.0,True,True,True,True,True
F1,e2bv2_90a214c9f95f65c0e06e,v2e2_1fd8536d13787e44dc17,deepseek_formal,C1,carrier_consistent,0.0,0.0,0.0,0.0,0.0,0.0,0.0,True,True,True,True,True
F1,e2bv2_90a214c9f95f65c0e06e,v2e2_1fd8536d13787e44dc17,deepseek_formal,C1,authoritative,0.0,0.0,0.0,0.0,0.0,0.0,0.0,True,True,True,True,True
F1,e2bv2_90a214c9f95f65c0e06e,v2e2_1fd8536d13787e44dc17,deepseek_formal,S1,carrier_consistent,0.0,0.0,0.0,0.0,0.0,0.0,0.0,True,True,True,True,True
F1,e2bv2_90a214c9f95f65c0e06e,v2e2_1fd8536d13787e44dc17,deepseek_formal,S1,authoritative,0.0,0.0,0.0,0.0,0.0,0.0,0.0,True,True,True,True,True
F1,e2bv2_90ca24d952905ebcbd31,v2e2_f60d5d4b26a4ec302fa4,qwen_flash,C2,carrier_consistent,0.0,0.0,0.0,0.0,0.0,0.0,0.0,True,True,True,True,True
F1,e2bv2_90ca24d952905ebcbd31,v2e2_f60d5d4b26a4ec302fa4,qwen_flash,C2,authoritative,0.0,0.0,0.0,0.0,0.0,0.0,0.0,True,True,True,True,True
F1,e2bv2_90ca24d952905ebcbd31,v2e2_f60d5d4b26a4ec302fa4,qwen_flash,S2,carrier_consistent,0.0,0.0,0.0,0.0,0.0,0.0,0.0,True,True,True,True,True
F1,e2bv2_90ca24d952905ebcbd31,v2e2_f60d5d4b26a4ec302fa4,qwen_flash,S2,authoritative,0.0,0.0,0.0,0.0,0.0,0.0,0.0,True,True,True,True,True
F1,e2bv2_90ca24d952905ebcbd31,v2e2_f60d5d4b26a4ec302fa4,qwen_flash,C1,carrier_consistent,0.0,0.0,0.0,0.0,0.0,0.0,0.0,True,True,True,True,True
F1,e2bv2_90ca24d952905ebcbd31,v2e2_f60d5d4b26a4ec302fa4,qwen_flash,C1,authoritative,0.0,0.0,0.0,0.0,0.0,0.0,0.0,True,True,True,True,True
F1,e2bv2_90ca24d952905ebcbd31,v2e2_f60d5d4b26a4ec302fa4,qwen_flash,S1,carrier_consistent,0.0,0.0,0.0,0.0,0.0,0.0,0.0,True,True,True,True,True
F1,e2bv2_90ca24d952905ebcbd31,v2e2_f60d5d4b26a4ec302fa4,qwen_flash,S1,authoritative,0.0,0.0,0.0,0.0,0.0,0.0,0.0,True,True,True,True,True
F1,e2bv2_93a98b647864d0934ec6,v2e2_25e030e6613f44a39649,qwen_flash,C1,carrier_consistent,0.0,0.0,0.0,0.0,0.0,0.0,0.0,True,True,True,True,True
F1,e2bv2_93a98b647864d0934ec6,v2e2_25e030e6613f44a39649,qwen_flash,C1,authoritative,0.0,0.0,0.0,0.0,0.0,0.0,0.0,True,True,True,True,True
F1,e2bv2_93a98b647864d0934ec6,v2e2_25e030e6613f44a39649,qwen_flash,S1,carrier_consistent,0.0,0.0,0.0,0.0,0.0,0.0,0.0,True,True,True,True,True
F1,e2bv2_93a98b647864d0934ec6,v2e2_25e030e6613f44a39649,qwen_flash,S1,authoritative,0.0,0.0,0.0,0.0,0.0,0.0,0.0,True,True,True,True,True
F1,e2bv2_93a98b647864d0934ec6,v2e2_25e030e6613f44a39649,qwen_flash,C2,carrier_consistent,0.0,0.0,0.0,0.0,0.0,0.0,0.0,True,True,True,True,True
F1,e2bv2_93a98b647864d0934ec6,v2e2_25e030e6613f44a39649,qwen_flash,C2,authoritative,0.0,0.0,0.0,0.0,0.0,0.0,0.0,True,True,True,True,True
F1,e2bv2_93a98b647864d0934ec6,v2e2_25e030e6613f44a39649,qwen_flash,S2,carrier_consistent,0.0,0.0,0.0,0.0,0.0,0.0,0.0,True,True,True,True,True
F1,e2bv2_93a98b647864d0934ec6,v2e2_25e030e6613f44a39649,qwen_flash,S2,authoritative,0.0,0.0,0.0,0.0,0.0,0.0,0.0,True,True,True,True,True
F1,e2bv2_96ac3ec6cf72f05980c7,v2e2_01647af4ab413aad9430,qwen_flash,C1,carrier_consistent,0.0,0.0,0.0,0.0,0.0,0.0,0.0,True,True,True,True,True
F1,e2bv2_96ac3ec6cf72f05980c7,v2e2_01647af4ab413aad9430,qwen_flash,C1,authoritative,0.0,0.0,0.0,0.0,0.0,0.0,0.0,True,True,True,True,True
F1,e2bv2_96ac3ec6cf72f05980c7,v2e2_01647af4ab413aad9430,qwen_flash,S1,carrier_consistent,0.0,0.0,0.0,0.0,0.0,0.0,0.0,True,True,True,True,True
F1,e2bv2_96ac3ec6cf72f05980c7,v2e2_01647af4ab413aad9430,qwen_flash,S1,authoritative,0.0,0.0,0.0,0.0,0.0,0.0,0.0,True,True,True,True,True
F1,e2bv2_96ac3ec6cf72f05980c7,v2e2_01647af4ab413aad9430,qwen_flash,C2,carrier_consistent,0.0,0.0,0.0,0.0,0.0,0.0,0.0,True,True,True,True,True
F1,e2bv2_96ac3ec6cf72f05980c7,v2e2_01647af4ab413aad9430,qwen_flash,C2,authoritative,0.0,0.0,0.0,0.0,0.0,0.0,0.0,True,True,True,True,True
F1,e2bv2_96ac3ec6cf72f05980c7,v2e2_01647af4ab413aad9430,qwen_flash,S2,carrier_consistent,0.0,0.0,0.0,0.0,0.0,0.0,0.0,True,True,True,True,True
F1,e2bv2_96ac3ec6cf72f05980c7,v2e2_01647af4ab413aad9430,qwen_flash,S2,authoritative,0.0,0.0,0.0,0.0,0.0,0.0,0.0,True,True,True,True,True
F1,e2bv2_979167b67f17ecabf6a5,v2e2_599ab783e7af2d598059,deepseek_formal,C2,carrier_consistent,0.0,0.0,0.0,0.0,0.0,0.0,0.0,True,True,True,True,True
F1,e2bv2_979167b67f17ecabf6a5,v2e2_599ab783e7af2d598059,deepseek_formal,C2,authoritative,0.0,0.0,0.0,0.0,0.0,0.0,0.0,True,True,True,True,True
F1,e2bv2_979167b67f17ecabf6a5,v2e2_599ab783e7af2d598059,deepseek_formal,S2,carrier_consistent,0.0,0.0,0.0,0.0,0.0,0.0,0.0,True,True,True,True,True
F1,e2bv2_979167b67f17ecabf6a5,v2e2_599ab783e7af2d598059,deepseek_formal,S2,authoritative,0.0,0.0,0.0,0.0,0.0,0.0,0.0,True,True,True,True,True
F1,e2bv2_979167b67f17ecabf6a5,v2e2_599ab783e7af2d598059,deepseek_formal,C1,carrier_consistent,0.0,0.0,0.0,0.0,0.0,0.0,0.0,True,True,True,True,True
F1,e2bv2_979167b67f17ecabf6a5,v2e2_599ab783e7af2d598059,deepseek_formal,C1,authoritative,0.0,0.0,0.0,0.0,0.0,0.0,0.0,True,True,True,True,True
F1,e2bv2_979167b67f17ecabf6a5,v2e2_599ab783e7af2d598059,deepseek_formal,S1,carrier_consistent,0.0,0.0,0.0,0.0,0.0,0.0,0.0,True,True,True,True,True
F1,e2bv2_979167b67f17ecabf6a5,v2e2_599ab783e7af2d598059,deepseek_formal,S1,authoritative,0.0,0.0,0.0,0.0,0.0,0.0,0.0,True,True,True,True,True
F1,e2bv2_97f971894961663ca81d,v2e2_eeaa2f40bad66efc8c57,qwen_flash,S2,carrier_consistent,0.0,0.0,0.0,0.0,0.0,0.0,0.0,True,True,True,True,True
F1,e2bv2_97f971894961663ca81d,v2e2_eeaa2f40bad66efc8c57,qwen_flash,S2,authoritative,0.0,0.0,0.0,0.0,0.0,0.0,0.0,True,True,True,True,True
F1,e2bv2_97f971894961663ca81d,v2e2_eeaa2f40bad66efc8c57,qwen_flash,C1,carrier_consistent,0.0,0.0,0.0,0.0,0.0,0.0,0.0,True,True,True,True,True
F1,e2bv2_97f971894961663ca81d,v2e2_eeaa2f40bad66efc8c57,qwen_flash,C1,authoritative,0.0,0.0,0.0,0.0,0.0,0.0,0.0,True,True,True,True,True
F1,e2bv2_97f971894961663ca81d,v2e2_eeaa2f40bad66efc8c57,qwen_flash,S1,carrier_consistent,0.0,0.0,0.0,0.0,0.0,0.0,0.0,True,True,True,True,True
F1,e2bv2_97f971894961663ca81d,v2e2_eeaa2f40bad66efc8c57,qwen_flash,S1,authoritative,0.0,0.0,0.0,0.0,0.0,0.0,0.0,True,True,True,True,True
F1,e2bv2_97f971894961663ca81d,v2e2_eeaa2f40bad66efc8c57,qwen_flash,C2,carrier_consistent,0.0,0.0,0.0,0.0,0.0,0.0,0.0,True,True,True,True,True
F1,e2bv2_97f971894961663ca81d,v2e2_eeaa2f40bad66efc8c57,qwen_flash,C2,authoritative,0.0,0.0,0.0,0.0,0.0,0.0,0.0,True,True,True,True,True
F1,e2bv2_982df10d9f7cdfe9b8af,v2e2_47a354a03084871e0ca3,qwen_flash,S1,carrier_consistent,0.0,0.0,0.0,0.0,0.0,0.0,0.0,True,True,True,True,True
F1,e2bv2_982df10d9f7cdfe9b8af,v2e2_47a354a03084871e0ca3,qwen_flash,S1,authoritative,0.0,0.0,0.0,0.0,0.0,0.0,0.0,True,True,True,True,True
F1,e2bv2_982df10d9f7cdfe9b8af,v2e2_47a354a03084871e0ca3,qwen_flash,C2,carrier_consistent,0.0,0.0,0.0,0.0,0.0,0.0,0.0,True,True,True,True,True
F1,e2bv2_982df10d9f7cdfe9b8af,v2e2_47a354a03084871e0ca3,qwen_flash,C2,authoritative,0.0,0.0,0.0,0.0,0.0,0.0,0.0,True,True,True,True,True
F1,e2bv2_982df10d9f7cdfe9b8af,v2e2_47a354a03084871e0ca3,qwen_flash,S2,carrier_consistent,0.0,0.0,0.0,0.0,0.0,0.0,0.0,True,True,True,True,True
F1,e2bv2_982df10d9f7cdfe9b8af,v2e2_47a354a03084871e0ca3,qwen_flash,S2,authoritative,0.0,0.0,0.0,0.0,0.0,0.0,0.0,True,True,True,True,True
F1,e2bv2_982df10d9f7cdfe9b8af,v2e2_47a354a03084871e0ca3,qwen_flash,C1,carrier_consistent,0.0,0.0,0.0,0.0,0.0,0.0,0.0,True,True,True,True,True
F1,e2bv2_982df10d9f7cdfe9b8af,v2e2_47a354a03084871e0ca3,qwen_flash,C1,authoritative,0.0,0.0,0.0,0.0,0.0,0.0,0.0,True,True,True,True,True
F1,e2bv2_994a383269924f806ecb,v2e2_a015340abe1151fa1614,deepseek_formal,S1,carrier_consistent,0.0,0.0,0.0,0.0,0.0,0.0,0.0,True,True,True,True,True
F1,e2bv2_994a383269924f806ecb,v2e2_a015340abe1151fa1614,deepseek_formal,S1,authoritative,0.0,0.0,0.0,0.0,0.0,0.0,0.0,True,True,True,True,True
F1,e2bv2_994a383269924f806ecb,v2e2_a015340abe1151fa1614,deepseek_formal,C2,carrier_consistent,0.0,0.0,0.0,0.0,0.0,0.0,0.0,True,True,True,True,True
F1,e2bv2_994a383269924f806ecb,v2e2_a015340abe1151fa1614,deepseek_formal,C2,authoritative,0.0,0.0,0.0,0.0,0.0,0.0,0.0,True,True,True,True,True
F1,e2bv2_994a383269924f806ecb,v2e2_a015340abe1151fa1614,deepseek_formal,S2,carrier_consistent,0.0,0.0,0.0,0.0,0.0,0.0,0.0,True,True,True,True,True
F1,e2bv2_994a383269924f806ecb,v2e2_a015340abe1151fa1614,deepseek_formal,S2,authoritative,0.0,0.0,0.0,0.0,0.0,0.0,0.0,True,True,True,True,True
F1,e2bv2_994a383269924f806ecb,v2e2_a015340abe1151fa1614,deepseek_formal,C1,carrier_consistent,0.0,0.0,0.0,0.0,0.0,0.0,0.0,True,True,True,True,True
F1,e2bv2_994a383269924f806ecb,v2e2_a015340abe1151fa1614,deepseek_formal,C1,authoritative,0.0,0.0,0.0,0.0,0.0,0.0,0.0,True,True,True,True,True
F1,e2bv2_9bf3f6a59ac5bc9e510a,v2e2_be357ad7fa505f6b8f35,deepseek_formal,C1,carrier_consistent,0.0,0.0,0.0,0.0,0.0,0.0,0.0,True,True,True,True,True
F1,e2bv2_9bf3f6a59ac5bc9e510a,v2e2_be357ad7fa505f6b8f35,deepseek_formal,C1,authoritative,0.0,0.0,0.0,0.0,0.0,0.0,0.0,True,True,True,True,True
F1,e2bv2_9bf3f6a59ac5bc9e510a,v2e2_be357ad7fa505f6b8f35,deepseek_formal,S1,carrier_consistent,0.0,0.0,0.0,0.0,0.0,0.0,0.0,True,True,True,True,True
F1,e2bv2_9bf3f6a59ac5bc9e510a,v2e2_be357ad7fa505f6b8f35,deepseek_formal,S1,authoritative,0.0,0.0,0.0,0.0,0.0,0.0,0.0,True,True,True,True,True
F1,e2bv2_9bf3f6a59ac5bc9e510a,v2e2_be357ad7fa505f6b8f35,deepseek_formal,C2,carrier_consistent,0.0,0.0,0.0,0.0,0.0,0.0,0.0,True,True,True,True,True
F1,e2bv2_9bf3f6a59ac5bc9e510a,v2e2_be357ad7fa505f6b8f35,deepseek_formal,C2,authoritative,0.0,0.0,0.0,0.0,0.0,0.0,0.0,True,True,True,True,True
F1,e2bv2_9bf3f6a59ac5bc9e510a,v2e2_be357ad7fa505f6b8f35,deepseek_formal,S2,carrier_consistent,0.0,0.0,0.0,0.0,0.0,0.0,0.0,True,True,True,True,True
F1,e2bv2_9bf3f6a59ac5bc9e510a,v2e2_be357ad7fa505f6b8f35,deepseek_formal,S2,authoritative,0.0,0.0,0.0,0.0,0.0,0.0,0.0,True,True,True,True,True
F1,e2bv2_9c4060405a974598b4e7,v2e2_f5ed58c9117bb14967a8,qwen_flash,S1,carrier_consistent,0.0,0.0,0.0,0.0,0.0,0.0,0.0,True,True,True,True,True
F1,e2bv2_9c4060405a974598b4e7,v2e2_f5ed58c9117bb14967a8,qwen_flash,S1,authoritative,0.0,0.0,0.0,0.0,0.0,0.0,0.0,True,True,True,True,True
F1,e2bv2_9c4060405a974598b4e7,v2e2_f5ed58c9117bb14967a8,qwen_flash,C2,carrier_consistent,0.0,0.0,0.0,0.0,0.0,0.0,0.0,True,True,True,True,True
F1,e2bv2_9c4060405a974598b4e7,v2e2_f5ed58c9117bb14967a8,qwen_flash,C2,authoritative,0.0,0.0,0.0,0.0,0.0,0.0,0.0,True,True,True,True,True
F1,e2bv2_9c4060405a974598b4e7,v2e2_f5ed58c9117bb14967a8,qwen_flash,S2,carrier_consistent,0.0,0.0,0.0,0.0,0.0,0.0,0.0,True,True,True,True,True
F1,e2bv2_9c4060405a974598b4e7,v2e2_f5ed58c9117bb14967a8,qwen_flash,S2,authoritative,0.0,0.0,0.0,0.0,0.0,0.0,0.0,True,True,True,True,True
F1,e2bv2_9c4060405a974598b4e7,v2e2_f5ed58c9117bb14967a8,qwen_flash,C1,carrier_consistent,0.0,0.0,0.0,0.0,0.0,0.0,0.0,True,True,True,True,True
F1,e2bv2_9c4060405a974598b4e7,v2e2_f5ed58c9117bb14967a8,qwen_flash,C1,authoritative,0.0,0.0,0.0,0.0,0.0,0.0,0.0,True,True,True,True,True
F1,e2bv2_9d2cf788ff84007a5859,v2e2_7e727667efa4e288ccd0,qwen_flash,S1,carrier_consistent,0.0,0.0,0.0,0.0,0.0,0.0,0.0,True,True,True,True,True
F1,e2bv2_9d2cf788ff84007a5859,v2e2_7e727667efa4e288ccd0,qwen_flash,S1,authoritative,0.0,0.0,0.0,0.0,0.0,0.0,0.0,True,True,True,True,True
F1,e2bv2_9d2cf788ff84007a5859,v2e2_7e727667efa4e288ccd0,qwen_flash,C2,carrier_consistent,0.0,0.0,0.0,0.0,0.0,0.0,0.0,True,True,True,True,True
F1,e2bv2_9d2cf788ff84007a5859,v2e2_7e727667efa4e288ccd0,qwen_flash,C2,authoritative,0.0,0.0,0.0,0.0,0.0,0.0,0.0,True,True,True,True,True
F1,e2bv2_9d2cf788ff84007a5859,v2e2_7e727667efa4e288ccd0,qwen_flash,S2,carrier_consistent,0.0,0.0,0.0,0.0,0.0,0.0,0.0,True,True,True,True,True
F1,e2bv2_9d2cf788ff84007a5859,v2e2_7e727667efa4e288ccd0,qwen_flash,S2,authoritative,0.0,0.0,0.0,0.0,0.0,0.0,0.0,True,True,True,True,True
F1,e2bv2_9d2cf788ff84007a5859,v2e2_7e727667efa4e288ccd0,qwen_flash,C1,carrier_consistent,0.0,0.0,0.0,0.0,0.0,0.0,0.0,True,True,True,True,True
F1,e2bv2_9d2cf788ff84007a5859,v2e2_7e727667efa4e288ccd0,qwen_flash,C1,authoritative,0.0,0.0,0.0,0.0,0.0,0.0,0.0,True,True,True,True,True
F1,e2bv2_9db3f8fa84244a39ebdd,v2e2_ade91af586194aa1b583,deepseek_formal,S1,carrier_consistent,0.0,0.0,0.0,0.0,0.0,0.0,0.0,True,True,True,True,True
F1,e2bv2_9db3f8fa84244a39ebdd,v2e2_ade91af586194aa1b583,deepseek_formal,S1,authoritative,0.0,0.0,0.0,0.0,0.0,0.0,0.0,True,True,True,True,True
F1,e2bv2_9db3f8fa84244a39ebdd,v2e2_ade91af586194aa1b583,deepseek_formal,C2,carrier_consistent,0.0,0.0,0.0,0.0,0.0,0.0,0.0,True,True,True,True,True
F1,e2bv2_9db3f8fa84244a39ebdd,v2e2_ade91af586194aa1b583,deepseek_formal,C2,authoritative,0.0,0.0,0.0,0.0,0.0,0.0,0.0,True,True,True,True,True
F1,e2bv2_9db3f8fa84244a39ebdd,v2e2_ade91af586194aa1b583,deepseek_formal,S2,carrier_consistent,0.0,0.0,0.0,0.0,0.0,0.0,0.0,True,True,True,True,True
F1,e2bv2_9db3f8fa84244a39ebdd,v2e2_ade91af586194aa1b583,deepseek_formal,S2,authoritative,0.0,0.0,0.0,0.0,0.0,0.0,0.0,True,True,True,True,True
F1,e2bv2_9db3f8fa84244a39ebdd,v2e2_ade91af586194aa1b583,deepseek_formal,C1,carrier_consistent,0.0,0.0,0.0,0.0,0.0,0.0,0.0,True,True,True,True,True
F1,e2bv2_9db3f8fa84244a39ebdd,v2e2_ade91af586194aa1b583,deepseek_formal,C1,authoritative,0.0,0.0,0.0,0.0,0.0,0.0,0.0,True,True,True,True,True
F1,e2bv2_a195292ce70a9bd164f5,v2e2_16c288d882ac6a326385,deepseek_formal,C1,carrier_consistent,0.0,0.0,0.0,0.0,0.0,0.0,0.0,True,True,True,True,True
F1,e2bv2_a195292ce70a9bd164f5,v2e2_16c288d882ac6a326385,deepseek_formal,C1,authoritative,0.0,0.0,0.0,0.0,0.0,0.0,0.0,True,True,True,True,True
F1,e2bv2_a195292ce70a9bd164f5,v2e2_16c288d882ac6a326385,deepseek_formal,S1,carrier_consistent,0.0,0.0,0.0,0.0,0.0,0.0,0.0,True,True,True,True,True
F1,e2bv2_a195292ce70a9bd164f5,v2e2_16c288d882ac6a326385,deepseek_formal,S1,authoritative,0.0,0.0,0.0,0.0,0.0,0.0,0.0,True,True,True,True,True
F1,e2bv2_a195292ce70a9bd164f5,v2e2_16c288d882ac6a326385,deepseek_formal,C2,carrier_consistent,0.0,0.0,0.0,0.0,0.0,0.0,0.0,True,True,True,True,True
F1,e2bv2_a195292ce70a9bd164f5,v2e2_16c288d882ac6a326385,deepseek_formal,C2,authoritative,0.0,0.0,0.0,0.0,0.0,0.0,0.0,True,True,True,True,True
F1,e2bv2_a195292ce70a9bd164f5,v2e2_16c288d882ac6a326385,deepseek_formal,S2,carrier_consistent,0.0,0.0,0.0,0.0,0.0,0.0,0.0,True,True,True,True,True
F1,e2bv2_a195292ce70a9bd164f5,v2e2_16c288d882ac6a326385,deepseek_formal,S2,authoritative,0.0,0.0,0.0,0.0,0.0,0.0,0.0,True,True,True,True,True
F1,e2bv2_a24bcd647a4e8fc6506e,v2e2_599ab783e7af2d598059,qwen_flash,C2,carrier_consistent,0.0,0.0,0.0,0.0,0.0,0.0,0.0,True,True,True,True,True
F1,e2bv2_a24bcd647a4e8fc6506e,v2e2_599ab783e7af2d598059,qwen_flash,C2,authoritative,0.0,0.0,0.0,0.0,0.0,0.0,0.0,True,True,True,True,True
F1,e2bv2_a24bcd647a4e8fc6506e,v2e2_599ab783e7af2d598059,qwen_flash,S2,carrier_consistent,0.0,0.0,0.0,0.0,0.0,0.0,0.0,True,True,True,True,True
F1,e2bv2_a24bcd647a4e8fc6506e,v2e2_599ab783e7af2d598059,qwen_flash,S2,authoritative,0.0,0.0,0.0,0.0,0.0,0.0,0.0,True,True,True,True,True
F1,e2bv2_a24bcd647a4e8fc6506e,v2e2_599ab783e7af2d598059,qwen_flash,C1,carrier_consistent,0.0,0.0,0.0,0.0,0.0,0.0,0.0,True,True,True,True,True
F1,e2bv2_a24bcd647a4e8fc6506e,v2e2_599ab783e7af2d598059,qwen_flash,C1,authoritative,0.0,0.0,0.0,0.0,0.0,0.0,0.0,True,True,True,True,True
F1,e2bv2_a24bcd647a4e8fc6506e,v2e2_599ab783e7af2d598059,qwen_flash,S1,carrier_consistent,0.0,0.0,0.0,0.0,0.0,0.0,0.0,True,True,True,True,True
F1,e2bv2_a24bcd647a4e8fc6506e,v2e2_599ab783e7af2d598059,qwen_flash,S1,authoritative,0.0,0.0,0.0,0.0,0.0,0.0,0.0,True,True,True,True,True
F1,e2bv2_a7a0be05e22e1bc02ab8,v2e2_d2a42e359dd264f920da,qwen_flash,S2,carrier_consistent,0.0,0.0,0.0,0.0,0.0,0.0,0.0,True,True,True,True,True
F1,e2bv2_a7a0be05e22e1bc02ab8,v2e2_d2a42e359dd264f920da,qwen_flash,S2,authoritative,0.0,0.0,0.0,0.0,0.0,0.0,0.0,True,True,True,True,True
F1,e2bv2_a7a0be05e22e1bc02ab8,v2e2_d2a42e359dd264f920da,qwen_flash,C1,carrier_consistent,0.0,0.0,0.0,0.0,0.0,0.0,0.0,True,True,True,True,True
F1,e2bv2_a7a0be05e22e1bc02ab8,v2e2_d2a42e359dd264f920da,qwen_flash,C1,authoritative,0.0,0.0,0.0,0.0,0.0,0.0,0.0,True,True,True,True,True
F1,e2bv2_a7a0be05e22e1bc02ab8,v2e2_d2a42e359dd264f920da,qwen_flash,S1,carrier_consistent,0.0,0.0,0.0,0.0,0.0,0.0,0.0,True,True,True,True,True
F1,e2bv2_a7a0be05e22e1bc02ab8,v2e2_d2a42e359dd264f920da,qwen_flash,S1,authoritative,0.0,0.0,0.0,0.0,0.0,0.0,0.0,True,True,True,True,True
F1,e2bv2_a7a0be05e22e1bc02ab8,v2e2_d2a42e359dd264f920da,qwen_flash,C2,carrier_consistent,0.0,0.0,0.0,0.0,0.0,0.0,0.0,True,True,True,True,True
F1,e2bv2_a7a0be05e22e1bc02ab8,v2e2_d2a42e359dd264f920da,qwen_flash,C2,authoritative,0.0,0.0,0.0,0.0,0.0,0.0,0.0,True,True,True,True,True
F1,e2bv2_a85aaf939683e1aca7e7,v2e2_c049d4bc657bdc82a484,deepseek_formal,S1,carrier_consistent,0.0,0.0,0.0,0.0,0.0,0.0,0.0,True,True,True,True,True
F1,e2bv2_a85aaf939683e1aca7e7,v2e2_c049d4bc657bdc82a484,deepseek_formal,S1,authoritative,0.0,0.0,0.0,0.0,0.0,0.0,0.0,True,True,True,True,True
F1,e2bv2_a85aaf939683e1aca7e7,v2e2_c049d4bc657bdc82a484,deepseek_formal,C2,carrier_consistent,0.0,0.0,0.0,0.0,0.0,0.0,0.0,True,True,True,True,True
F1,e2bv2_a85aaf939683e1aca7e7,v2e2_c049d4bc657bdc82a484,deepseek_formal,C2,authoritative,0.0,0.0,0.0,0.0,0.0,0.0,0.0,True,True,True,True,True
F1,e2bv2_a85aaf939683e1aca7e7,v2e2_c049d4bc657bdc82a484,deepseek_formal,S2,carrier_consistent,0.0,0.0,0.0,0.0,0.0,0.0,0.0,True,True,True,True,True
F1,e2bv2_a85aaf939683e1aca7e7,v2e2_c049d4bc657bdc82a484,deepseek_formal,S2,authoritative,0.0,0.0,0.0,0.0,0.0,0.0,0.0,True,True,True,True,True
F1,e2bv2_a85aaf939683e1aca7e7,v2e2_c049d4bc657bdc82a484,deepseek_formal,C1,carrier_consistent,0.0,0.0,0.0,0.0,0.0,0.0,0.0,True,True,True,True,True
F1,e2bv2_a85aaf939683e1aca7e7,v2e2_c049d4bc657bdc82a484,deepseek_formal,C1,authoritative,0.0,0.0,0.0,0.0,0.0,0.0,0.0,True,True,True,True,True
F1,e2bv2_aeeef828263653af0df7,v2e2_01647af4ab413aad9430,deepseek_formal,C1,carrier_consistent,0.0,0.0,0.0,0.0,0.0,0.0,0.0,True,True,True,True,True
F1,e2bv2_aeeef828263653af0df7,v2e2_01647af4ab413aad9430,deepseek_formal,C1,authoritative,0.0,0.0,0.0,0.0,0.0,0.0,0.0,True,True,True,True,True
F1,e2bv2_aeeef828263653af0df7,v2e2_01647af4ab413aad9430,deepseek_formal,S1,carrier_consistent,0.0,0.0,0.0,0.0,0.0,0.0,0.0,True,True,True,True,True
F1,e2bv2_aeeef828263653af0df7,v2e2_01647af4ab413aad9430,deepseek_formal,S1,authoritative,0.0,0.0,0.0,0.0,0.0,0.0,0.0,True,True,True,True,True
F1,e2bv2_aeeef828263653af0df7,v2e2_01647af4ab413aad9430,deepseek_formal,C2,carrier_consistent,0.0,0.0,0.0,0.0,0.0,0.0,0.0,True,True,True,True,True
F1,e2bv2_aeeef828263653af0df7,v2e2_01647af4ab413aad9430,deepseek_formal,C2,authoritative,0.0,0.0,0.0,0.0,0.0,0.0,0.0,True,True,True,True,True
F1,e2bv2_aeeef828263653af0df7,v2e2_01647af4ab413aad9430,deepseek_formal,S2,carrier_consistent,0.0,0.0,0.0,0.0,0.0,0.0,0.0,True,True,True,True,True
F1,e2bv2_aeeef828263653af0df7,v2e2_01647af4ab413aad9430,deepseek_formal,S2,authoritative,0.0,0.0,0.0,0.0,0.0,0.0,0.0,True,True,True,True,True
F1,e2bv2_b24c0acf9fe87fa8ba9d,v2e2_16c288d882ac6a326385,qwen_flash,C1,carrier_consistent,0.0,0.0,0.0,0.0,0.0,0.0,0.0,True,True,True,True,True
F1,e2bv2_b24c0acf9fe87fa8ba9d,v2e2_16c288d882ac6a326385,qwen_flash,C1,authoritative,0.0,0.0,0.0,0.0,0.0,0.0,0.0,True,True,True,True,True
F1,e2bv2_b24c0acf9fe87fa8ba9d,v2e2_16c288d882ac6a326385,qwen_flash,S1,carrier_consistent,0.0,0.0,0.0,0.0,0.0,0.0,0.0,True,True,True,True,True
F1,e2bv2_b24c0acf9fe87fa8ba9d,v2e2_16c288d882ac6a326385,qwen_flash,S1,authoritative,0.0,0.0,0.0,0.0,0.0,0.0,0.0,True,True,True,True,True
F1,e2bv2_b24c0acf9fe87fa8ba9d,v2e2_16c288d882ac6a326385,qwen_flash,C2,carrier_consistent,0.0,0.0,0.0,0.0,0.0,0.0,0.0,True,True,True,True,True
F1,e2bv2_b24c0acf9fe87fa8ba9d,v2e2_16c288d882ac6a326385,qwen_flash,C2,authoritative,0.0,0.0,0.0,0.0,0.0,0.0,0.0,True,True,True,True,True
F1,e2bv2_b24c0acf9fe87fa8ba9d,v2e2_16c288d882ac6a326385,qwen_flash,S2,carrier_consistent,0.0,0.0,0.0,0.0,0.0,0.0,0.0,True,True,True,True,True
F1,e2bv2_b24c0acf9fe87fa8ba9d,v2e2_16c288d882ac6a326385,qwen_flash,S2,authoritative,0.0,0.0,0.0,0.0,0.0,0.0,0.0,True,True,True,True,True
F1,e2bv2_b68636258896ed3a0c91,v2e2_a66e250328b3cef2064f,qwen_flash,S1,carrier_consistent,0.0,0.0,0.0,0.0,0.0,0.0,0.0,True,True,True,True,True
F1,e2bv2_b68636258896ed3a0c91,v2e2_a66e250328b3cef2064f,qwen_flash,S1,authoritative,0.0,0.0,0.0,0.0,0.0,0.0,0.0,True,True,True,True,True
F1,e2bv2_b68636258896ed3a0c91,v2e2_a66e250328b3cef2064f,qwen_flash,C2,carrier_consistent,0.0,0.0,0.0,0.0,0.0,0.0,0.0,True,True,True,True,True
F1,e2bv2_b68636258896ed3a0c91,v2e2_a66e250328b3cef2064f,qwen_flash,C2,authoritative,0.0,0.0,0.0,0.0,0.0,0.0,0.0,True,True,True,True,True
F1,e2bv2_b68636258896ed3a0c91,v2e2_a66e250328b3cef2064f,qwen_flash,S2,carrier_consistent,0.0,0.0,0.0,0.0,0.0,0.0,0.0,True,True,True,True,True
F1,e2bv2_b68636258896ed3a0c91,v2e2_a66e250328b3cef2064f,qwen_flash,S2,authoritative,0.0,0.0,0.0,0.0,0.0,0.0,0.0,True,True,True,True,True
F1,e2bv2_b68636258896ed3a0c91,v2e2_a66e250328b3cef2064f,qwen_flash,C1,carrier_consistent,0.0,0.0,0.0,0.0,0.0,0.0,0.0,True,True,True,True,True
F1,e2bv2_b68636258896ed3a0c91,v2e2_a66e250328b3cef2064f,qwen_flash,C1,authoritative,0.0,0.0,0.0,0.0,0.0,0.0,0.0,True,True,True,True,True
F1,e2bv2_b9a034cfca44742fe81f,v2e2_eeaa2f40bad66efc8c57,deepseek_formal,S2,carrier_consistent,0.0,0.0,0.0,0.0,0.0,0.0,0.0,True,True,True,True,True
F1,e2bv2_b9a034cfca44742fe81f,v2e2_eeaa2f40bad66efc8c57,deepseek_formal,S2,authoritative,0.0,0.0,0.0,0.0,0.0,0.0,0.0,True,True,True,True,True
F1,e2bv2_b9a034cfca44742fe81f,v2e2_eeaa2f40bad66efc8c57,deepseek_formal,C1,carrier_consistent,0.0,0.0,0.0,0.0,0.0,0.0,0.0,True,True,True,True,True
F1,e2bv2_b9a034cfca44742fe81f,v2e2_eeaa2f40bad66efc8c57,deepseek_formal,C1,authoritative,0.0,0.0,0.0,0.0,0.0,0.0,0.0,True,True,True,True,True
F1,e2bv2_b9a034cfca44742fe81f,v2e2_eeaa2f40bad66efc8c57,deepseek_formal,S1,carrier_consistent,0.0,0.0,0.0,0.0,0.0,0.0,0.0,True,True,True,True,True
F1,e2bv2_b9a034cfca44742fe81f,v2e2_eeaa2f40bad66efc8c57,deepseek_formal,S1,authoritative,0.0,0.0,0.0,0.0,0.0,0.0,0.0,True,True,True,True,True
F1,e2bv2_b9a034cfca44742fe81f,v2e2_eeaa2f40bad66efc8c57,deepseek_formal,C2,carrier_consistent,0.0,0.0,0.0,0.0,0.0,0.0,0.0,True,True,True,True,True
F1,e2bv2_b9a034cfca44742fe81f,v2e2_eeaa2f40bad66efc8c57,deepseek_formal,C2,authoritative,0.0,0.0,0.0,0.0,0.0,0.0,0.0,True,True,True,True,True
F1,e2bv2_ba453444ee63f6532431,v2e2_b7e962716394d888d563,qwen_flash,C2,carrier_consistent,0.0,0.0,0.0,0.0,0.0,0.0,0.0,True,True,True,True,True
F1,e2bv2_ba453444ee63f6532431,v2e2_b7e962716394d888d563,qwen_flash,C2,authoritative,0.0,0.0,0.0,0.0,0.0,0.0,0.0,True,True,True,True,True
F1,e2bv2_ba453444ee63f6532431,v2e2_b7e962716394d888d563,qwen_flash,S2,carrier_consistent,0.0,0.0,0.0,0.0,0.0,0.0,0.0,True,True,True,True,True
F1,e2bv2_ba453444ee63f6532431,v2e2_b7e962716394d888d563,qwen_flash,S2,authoritative,0.0,0.0,0.0,0.0,0.0,0.0,0.0,True,True,True,True,True
F1,e2bv2_ba453444ee63f6532431,v2e2_b7e962716394d888d563,qwen_flash,C1,carrier_consistent,0.0,0.0,0.0,0.0,0.0,0.0,0.0,True,True,True,True,True
F1,e2bv2_ba453444ee63f6532431,v2e2_b7e962716394d888d563,qwen_flash,C1,authoritative,0.0,0.0,0.0,0.0,0.0,0.0,0.0,True,True,True,True,True
F1,e2bv2_ba453444ee63f6532431,v2e2_b7e962716394d888d563,qwen_flash,S1,carrier_consistent,0.0,0.0,0.0,0.0,0.0,0.0,0.0,True,True,True,True,True
F1,e2bv2_ba453444ee63f6532431,v2e2_b7e962716394d888d563,qwen_flash,S1,authoritative,0.0,0.0,0.0,0.0,0.0,0.0,0.0,True,True,True,True,True
F1,e2bv2_bc3027bd46ee5949bf79,v2e2_eabe3c90461f173e872b,deepseek_formal,C2,carrier_consistent,0.0,0.0,0.0,0.0,0.0,0.0,0.0,True,True,True,True,True
F1,e2bv2_bc3027bd46ee5949bf79,v2e2_eabe3c90461f173e872b,deepseek_formal,C2,authoritative,0.0,0.0,0.0,0.0,0.0,0.0,0.0,True,True,True,True,True
F1,e2bv2_bc3027bd46ee5949bf79,v2e2_eabe3c90461f173e872b,deepseek_formal,S2,carrier_consistent,0.0,0.0,0.0,0.0,0.0,0.0,0.0,True,True,True,True,True
F1,e2bv2_bc3027bd46ee5949bf79,v2e2_eabe3c90461f173e872b,deepseek_formal,S2,authoritative,0.0,0.0,0.0,0.0,0.0,0.0,0.0,True,True,True,True,True
F1,e2bv2_bc3027bd46ee5949bf79,v2e2_eabe3c90461f173e872b,deepseek_formal,C1,carrier_consistent,0.0,0.0,0.0,0.0,0.0,0.0,0.0,True,True,True,True,True
F1,e2bv2_bc3027bd46ee5949bf79,v2e2_eabe3c90461f173e872b,deepseek_formal,C1,authoritative,0.0,0.0,0.0,0.0,0.0,0.0,0.0,True,True,True,True,True
F1,e2bv2_bc3027bd46ee5949bf79,v2e2_eabe3c90461f173e872b,deepseek_formal,S1,carrier_consistent,0.0,0.0,0.0,0.0,0.0,0.0,0.0,True,True,True,True,True
F1,e2bv2_bc3027bd46ee5949bf79,v2e2_eabe3c90461f173e872b,deepseek_formal,S1,authoritative,0.0,0.0,0.0,0.0,0.0,0.0,0.0,True,True,True,True,True
F1,e2bv2_c33c40c91f4db11dd9f8,v2e2_4029a98e7ae402335d31,deepseek_formal,C1,carrier_consistent,0.0,0.0,0.0,0.0,0.0,0.0,0.0,True,True,True,True,True
F1,e2bv2_c33c40c91f4db11dd9f8,v2e2_4029a98e7ae402335d31,deepseek_formal,C1,authoritative,0.0,0.0,0.0,0.0,0.0,0.0,0.0,True,True,True,True,True
F1,e2bv2_c33c40c91f4db11dd9f8,v2e2_4029a98e7ae402335d31,deepseek_formal,S1,carrier_consistent,0.0,0.0,0.0,0.0,0.0,0.0,0.0,True,True,True,True,True
F1,e2bv2_c33c40c91f4db11dd9f8,v2e2_4029a98e7ae402335d31,deepseek_formal,S1,authoritative,0.0,0.0,0.0,0.0,0.0,0.0,0.0,True,True,True,True,True
F1,e2bv2_c33c40c91f4db11dd9f8,v2e2_4029a98e7ae402335d31,deepseek_formal,C2,carrier_consistent,0.0,0.0,0.0,0.0,0.0,0.0,0.0,True,True,True,True,True
F1,e2bv2_c33c40c91f4db11dd9f8,v2e2_4029a98e7ae402335d31,deepseek_formal,C2,authoritative,0.0,0.0,0.0,0.0,0.0,0.0,0.0,True,True,True,True,True
F1,e2bv2_c33c40c91f4db11dd9f8,v2e2_4029a98e7ae402335d31,deepseek_formal,S2,carrier_consistent,0.0,0.0,0.0,0.0,0.0,0.0,0.0,True,True,True,True,True
F1,e2bv2_c33c40c91f4db11dd9f8,v2e2_4029a98e7ae402335d31,deepseek_formal,S2,authoritative,0.0,0.0,0.0,0.0,0.0,0.0,0.0,True,True,True,True,True
F1,e2bv2_c96bd416b4a37d66b6eb,v2e2_ac2a6bbea5f71d8219ff,deepseek_formal,C1,carrier_consistent,0.0,0.0,0.0,0.0,0.0,0.0,0.0,True,True,True,True,True
F1,e2bv2_c96bd416b4a37d66b6eb,v2e2_ac2a6bbea5f71d8219ff,deepseek_formal,C1,authoritative,0.0,0.0,0.0,0.0,0.0,0.0,0.0,True,True,True,True,True
F1,e2bv2_c96bd416b4a37d66b6eb,v2e2_ac2a6bbea5f71d8219ff,deepseek_formal,S1,carrier_consistent,0.0,0.0,0.0,0.0,0.0,0.0,0.0,True,True,True,True,True
F1,e2bv2_c96bd416b4a37d66b6eb,v2e2_ac2a6bbea5f71d8219ff,deepseek_formal,S1,authoritative,0.0,0.0,0.0,0.0,0.0,0.0,0.0,True,True,True,True,True
F1,e2bv2_c96bd416b4a37d66b6eb,v2e2_ac2a6bbea5f71d8219ff,deepseek_formal,C2,carrier_consistent,0.0,0.0,0.0,0.0,0.0,0.0,0.0,True,True,True,True,True
F1,e2bv2_c96bd416b4a37d66b6eb,v2e2_ac2a6bbea5f71d8219ff,deepseek_formal,C2,authoritative,0.0,0.0,0.0,0.0,0.0,0.0,0.0,True,True,True,True,True
F1,e2bv2_c96bd416b4a37d66b6eb,v2e2_ac2a6bbea5f71d8219ff,deepseek_formal,S2,carrier_consistent,0.0,0.0,0.0,0.0,0.0,0.0,0.0,True,True,True,True,True
F1,e2bv2_c96bd416b4a37d66b6eb,v2e2_ac2a6bbea5f71d8219ff,deepseek_formal,S2,authoritative,0.0,0.0,0.0,0.0,0.0,0.0,0.0,True,True,True,True,True
F1,e2bv2_cab59d28fc0a8167afa4,v2e2_07ecea8c63a586f9fa3b,qwen_flash,S1,carrier_consistent,0.0,0.0,0.0,0.0,0.0,0.0,0.0,True,True,True,True,True
F1,e2bv2_cab59d28fc0a8167afa4,v2e2_07ecea8c63a586f9fa3b,qwen_flash,S1,authoritative,0.0,0.0,0.0,0.0,0.0,0.0,0.0,True,True,True,True,True
F1,e2bv2_cab59d28fc0a8167afa4,v2e2_07ecea8c63a586f9fa3b,qwen_flash,C2,carrier_consistent,0.0,0.0,0.0,0.0,0.0,0.0,0.0,True,True,True,True,True
F1,e2bv2_cab59d28fc0a8167afa4,v2e2_07ecea8c63a586f9fa3b,qwen_flash,C2,authoritative,0.0,0.0,0.0,0.0,0.0,0.0,0.0,True,True,True,True,True
F1,e2bv2_cab59d28fc0a8167afa4,v2e2_07ecea8c63a586f9fa3b,qwen_flash,S2,carrier_consistent,0.0,0.0,0.0,0.0,0.0,0.0,0.0,True,True,True,True,True
F1,e2bv2_cab59d28fc0a8167afa4,v2e2_07ecea8c63a586f9fa3b,qwen_flash,S2,authoritative,0.0,0.0,0.0,0.0,0.0,0.0,0.0,True,True,True,True,True
F1,e2bv2_cab59d28fc0a8167afa4,v2e2_07ecea8c63a586f9fa3b,qwen_flash,C1,carrier_consistent,0.0,0.0,0.0,0.0,0.0,0.0,0.0,True,True,True,True,True
F1,e2bv2_cab59d28fc0a8167afa4,v2e2_07ecea8c63a586f9fa3b,qwen_flash,C1,authoritative,0.0,0.0,0.0,0.0,0.0,0.0,0.0,True,True,True,True,True
F1,e2bv2_ccd2f73e977e0f60938a,v2e2_1fd8536d13787e44dc17,qwen_flash,C2,carrier_consistent,0.0,0.0,0.0,0.0,0.0,0.0,0.0,True,True,True,True,True
F1,e2bv2_ccd2f73e977e0f60938a,v2e2_1fd8536d13787e44dc17,qwen_flash,C2,authoritative,0.0,0.0,0.0,0.0,0.0,0.0,0.0,True,True,True,True,True
F1,e2bv2_ccd2f73e977e0f60938a,v2e2_1fd8536d13787e44dc17,qwen_flash,S2,carrier_consistent,0.0,0.0,0.0,0.0,0.0,0.0,0.0,True,True,True,True,True
F1,e2bv2_ccd2f73e977e0f60938a,v2e2_1fd8536d13787e44dc17,qwen_flash,S2,authoritative,0.0,0.0,0.0,0.0,0.0,0.0,0.0,True,True,True,True,True
F1,e2bv2_ccd2f73e977e0f60938a,v2e2_1fd8536d13787e44dc17,qwen_flash,C1,carrier_consistent,0.0,0.0,0.0,0.0,0.0,0.0,0.0,True,True,True,True,True
F1,e2bv2_ccd2f73e977e0f60938a,v2e2_1fd8536d13787e44dc17,qwen_flash,C1,authoritative,0.0,0.0,0.0,0.0,0.0,0.0,0.0,True,True,True,True,True
F1,e2bv2_ccd2f73e977e0f60938a,v2e2_1fd8536d13787e44dc17,qwen_flash,S1,carrier_consistent,0.0,0.0,0.0,0.0,0.0,0.0,0.0,True,True,True,True,True
F1,e2bv2_ccd2f73e977e0f60938a,v2e2_1fd8536d13787e44dc17,qwen_flash,S1,authoritative,0.0,0.0,0.0,0.0,0.0,0.0,0.0,True,True,True,True,True
F1,e2bv2_cd25d067696014e32388,v2e2_a7c71f5aa3db3e32fdd1,deepseek_formal,C2,carrier_consistent,0.0,0.0,0.0,0.0,0.0,0.0,0.0,True,True,True,True,True
F1,e2bv2_cd25d067696014e32388,v2e2_a7c71f5aa3db3e32fdd1,deepseek_formal,C2,authoritative,0.0,0.0,0.0,0.0,0.0,0.0,0.0,True,True,True,True,True
F1,e2bv2_cd25d067696014e32388,v2e2_a7c71f5aa3db3e32fdd1,deepseek_formal,S2,carrier_consistent,0.0,0.0,0.0,0.0,0.0,0.0,0.0,True,True,True,True,True
F1,e2bv2_cd25d067696014e32388,v2e2_a7c71f5aa3db3e32fdd1,deepseek_formal,S2,authoritative,0.0,0.0,0.0,0.0,0.0,0.0,0.0,True,True,True,True,True
F1,e2bv2_cd25d067696014e32388,v2e2_a7c71f5aa3db3e32fdd1,deepseek_formal,C1,carrier_consistent,0.0,0.0,0.0,0.0,0.0,0.0,0.0,True,True,True,True,True
F1,e2bv2_cd25d067696014e32388,v2e2_a7c71f5aa3db3e32fdd1,deepseek_formal,C1,authoritative,0.0,0.0,0.0,0.0,0.0,0.0,0.0,True,True,True,True,True
F1,e2bv2_cd25d067696014e32388,v2e2_a7c71f5aa3db3e32fdd1,deepseek_formal,S1,carrier_consistent,0.0,0.0,0.0,0.0,0.0,0.0,0.0,True,True,True,True,True
F1,e2bv2_cd25d067696014e32388,v2e2_a7c71f5aa3db3e32fdd1,deepseek_formal,S1,authoritative,0.0,0.0,0.0,0.0,0.0,0.0,0.0,True,True,True,True,True
F1,e2bv2_cd8a18111aa5daa36f7f,v2e2_12b72852882928644d40,qwen_flash,C2,carrier_consistent,0.0,0.0,0.0,0.0,0.0,0.0,0.0,True,True,True,True,True
F1,e2bv2_cd8a18111aa5daa36f7f,v2e2_12b72852882928644d40,qwen_flash,C2,authoritative,0.0,0.0,0.0,0.0,0.0,0.0,0.0,True,True,True,True,True
F1,e2bv2_cd8a18111aa5daa36f7f,v2e2_12b72852882928644d40,qwen_flash,S2,carrier_consistent,0.0,0.0,0.0,0.0,0.0,0.0,0.0,True,True,True,True,True
F1,e2bv2_cd8a18111aa5daa36f7f,v2e2_12b72852882928644d40,qwen_flash,S2,authoritative,0.0,0.0,0.0,0.0,0.0,0.0,0.0,True,True,True,True,True
F1,e2bv2_cd8a18111aa5daa36f7f,v2e2_12b72852882928644d40,qwen_flash,C1,carrier_consistent,0.0,0.0,0.0,0.0,0.0,0.0,0.0,True,True,True,True,True
F1,e2bv2_cd8a18111aa5daa36f7f,v2e2_12b72852882928644d40,qwen_flash,C1,authoritative,0.0,0.0,0.0,0.0,0.0,0.0,0.0,True,True,True,True,True
F1,e2bv2_cd8a18111aa5daa36f7f,v2e2_12b72852882928644d40,qwen_flash,S1,carrier_consistent,0.0,0.0,0.0,0.0,0.0,0.0,0.0,True,True,True,True,True
F1,e2bv2_cd8a18111aa5daa36f7f,v2e2_12b72852882928644d40,qwen_flash,S1,authoritative,0.0,0.0,0.0,0.0,0.0,0.0,0.0,True,True,True,True,True
F1,e2bv2_cda454721173d31dd1af,v2e2_cd47662d04581b339960,deepseek_formal,S1,carrier_consistent,0.0,0.0,0.0,0.0,0.0,0.0,0.0,True,True,True,True,True
F1,e2bv2_cda454721173d31dd1af,v2e2_cd47662d04581b339960,deepseek_formal,S1,authoritative,0.0,0.0,0.0,0.0,0.0,0.0,0.0,True,True,True,True,True
F1,e2bv2_cda454721173d31dd1af,v2e2_cd47662d04581b339960,deepseek_formal,C2,carrier_consistent,0.0,0.0,0.0,0.0,0.0,0.0,0.0,True,True,True,True,True
F1,e2bv2_cda454721173d31dd1af,v2e2_cd47662d04581b339960,deepseek_formal,C2,authoritative,0.0,0.0,0.0,0.0,0.0,0.0,0.0,True,True,True,True,True
F1,e2bv2_cda454721173d31dd1af,v2e2_cd47662d04581b339960,deepseek_formal,S2,carrier_consistent,0.0,0.0,0.0,0.0,0.0,0.0,0.0,True,True,True,True,True
F1,e2bv2_cda454721173d31dd1af,v2e2_cd47662d04581b339960,deepseek_formal,S2,authoritative,0.0,0.0,0.0,0.0,0.0,0.0,0.0,True,True,True,True,True
F1,e2bv2_cda454721173d31dd1af,v2e2_cd47662d04581b339960,deepseek_formal,C1,carrier_consistent,0.0,0.0,0.0,0.0,0.0,0.0,0.0,True,True,True,True,True
F1,e2bv2_cda454721173d31dd1af,v2e2_cd47662d04581b339960,deepseek_formal,C1,authoritative,0.0,0.0,0.0,0.0,0.0,0.0,0.0,True,True,True,True,True
F1,e2bv2_d59d4b99214e88058150,v2e2_b7e962716394d888d563,deepseek_formal,C2,carrier_consistent,0.0,0.0,0.0,0.0,0.0,0.0,0.0,True,True,True,True,True
F1,e2bv2_d59d4b99214e88058150,v2e2_b7e962716394d888d563,deepseek_formal,C2,authoritative,0.0,0.0,0.0,0.0,0.0,0.0,0.0,True,True,True,True,True
F1,e2bv2_d59d4b99214e88058150,v2e2_b7e962716394d888d563,deepseek_formal,S2,carrier_consistent,0.0,0.0,0.0,0.0,0.0,0.0,0.0,True,True,True,True,True
F1,e2bv2_d59d4b99214e88058150,v2e2_b7e962716394d888d563,deepseek_formal,S2,authoritative,0.0,0.0,0.0,0.0,0.0,0.0,0.0,True,True,True,True,True
F1,e2bv2_d59d4b99214e88058150,v2e2_b7e962716394d888d563,deepseek_formal,C1,carrier_consistent,0.0,0.0,0.0,0.0,0.0,0.0,0.0,True,True,True,True,True
F1,e2bv2_d59d4b99214e88058150,v2e2_b7e962716394d888d563,deepseek_formal,C1,authoritative,0.0,0.0,0.0,0.0,0.0,0.0,0.0,True,True,True,True,True
F1,e2bv2_d59d4b99214e88058150,v2e2_b7e962716394d888d563,deepseek_formal,S1,carrier_consistent,0.0,0.0,0.0,0.0,0.0,0.0,0.0,True,True,True,True,True
F1,e2bv2_d59d4b99214e88058150,v2e2_b7e962716394d888d563,deepseek_formal,S1,authoritative,0.0,0.0,0.0,0.0,0.0,0.0,0.0,True,True,True,True,True
F1,e2bv2_d66afb532081a4b42cb0,v2e2_eefa2a6aa00281c6d0de,deepseek_formal,C1,carrier_consistent,0.0,0.0,0.0,0.0,0.0,0.0,0.0,True,True,True,True,True
F1,e2bv2_d66afb532081a4b42cb0,v2e2_eefa2a6aa00281c6d0de,deepseek_formal,C1,authoritative,0.0,0.0,0.0,0.0,0.0,0.0,0.0,True,True,True,True,True
F1,e2bv2_d66afb532081a4b42cb0,v2e2_eefa2a6aa00281c6d0de,deepseek_formal,S1,carrier_consistent,0.0,0.0,0.0,0.0,0.0,0.0,0.0,True,True,True,True,True
F1,e2bv2_d66afb532081a4b42cb0,v2e2_eefa2a6aa00281c6d0de,deepseek_formal,S1,authoritative,0.0,0.0,0.0,0.0,0.0,0.0,0.0,True,True,True,True,True
F1,e2bv2_d66afb532081a4b42cb0,v2e2_eefa2a6aa00281c6d0de,deepseek_formal,C2,carrier_consistent,0.0,0.0,0.0,0.0,0.0,0.0,0.0,True,True,True,True,True
F1,e2bv2_d66afb532081a4b42cb0,v2e2_eefa2a6aa00281c6d0de,deepseek_formal,C2,authoritative,0.0,0.0,0.0,0.0,0.0,0.0,0.0,True,True,True,True,True
F1,e2bv2_d66afb532081a4b42cb0,v2e2_eefa2a6aa00281c6d0de,deepseek_formal,S2,carrier_consistent,0.0,0.0,0.0,0.0,0.0,0.0,0.0,True,True,True,True,True
F1,e2bv2_d66afb532081a4b42cb0,v2e2_eefa2a6aa00281c6d0de,deepseek_formal,S2,authoritative,0.0,0.0,0.0,0.0,0.0,0.0,0.0,True,True,True,True,True
F1,e2bv2_d73f619db0513777829b,v2e2_47a354a03084871e0ca3,deepseek_formal,S1,carrier_consistent,0.0,0.0,0.0,0.0,0.0,0.0,0.0,True,True,True,True,True
F1,e2bv2_d73f619db0513777829b,v2e2_47a354a03084871e0ca3,deepseek_formal,S1,authoritative,0.0,0.0,0.0,0.0,0.0,0.0,0.0,True,True,True,True,True
F1,e2bv2_d73f619db0513777829b,v2e2_47a354a03084871e0ca3,deepseek_formal,C2,carrier_consistent,0.0,0.0,0.0,0.0,0.0,0.0,0.0,True,True,True,True,True
F1,e2bv2_d73f619db0513777829b,v2e2_47a354a03084871e0ca3,deepseek_formal,C2,authoritative,0.0,0.0,0.0,0.0,0.0,0.0,0.0,True,True,True,True,True
F1,e2bv2_d73f619db0513777829b,v2e2_47a354a03084871e0ca3,deepseek_formal,S2,carrier_consistent,0.0,0.0,0.0,0.0,0.0,0.0,0.0,True,True,True,True,True
F1,e2bv2_d73f619db0513777829b,v2e2_47a354a03084871e0ca3,deepseek_formal,S2,authoritative,0.0,0.0,0.0,0.0,0.0,0.0,0.0,True,True,True,True,True
F1,e2bv2_d73f619db0513777829b,v2e2_47a354a03084871e0ca3,deepseek_formal,C1,carrier_consistent,0.0,0.0,0.0,0.0,0.0,0.0,0.0,True,True,True,True,True
F1,e2bv2_d73f619db0513777829b,v2e2_47a354a03084871e0ca3,deepseek_formal,C1,authoritative,0.0,0.0,0.0,0.0,0.0,0.0,0.0,True,True,True,True,True
F1,e2bv2_d7645df22cbc33d958b7,v2e2_c9b994f593c92dd9efa9,deepseek_formal,C1,carrier_consistent,0.0,0.0,0.0,0.0,0.0,0.0,0.0,True,True,True,True,True
F1,e2bv2_d7645df22cbc33d958b7,v2e2_c9b994f593c92dd9efa9,deepseek_formal,C1,authoritative,0.0,0.0,0.0,0.0,0.0,0.0,0.0,True,True,True,True,True
F1,e2bv2_d7645df22cbc33d958b7,v2e2_c9b994f593c92dd9efa9,deepseek_formal,S1,carrier_consistent,0.0,0.0,0.0,0.0,0.0,0.0,0.0,True,True,True,True,True
F1,e2bv2_d7645df22cbc33d958b7,v2e2_c9b994f593c92dd9efa9,deepseek_formal,S1,authoritative,0.0,0.0,0.0,0.0,0.0,0.0,0.0,True,True,True,True,True
F1,e2bv2_d7645df22cbc33d958b7,v2e2_c9b994f593c92dd9efa9,deepseek_formal,C2,carrier_consistent,0.0,0.0,0.0,0.0,0.0,0.0,0.0,True,True,True,True,True
F1,e2bv2_d7645df22cbc33d958b7,v2e2_c9b994f593c92dd9efa9,deepseek_formal,C2,authoritative,0.0,0.0,0.0,0.0,0.0,0.0,0.0,True,True,True,True,True
F1,e2bv2_d7645df22cbc33d958b7,v2e2_c9b994f593c92dd9efa9,deepseek_formal,S2,carrier_consistent,0.0,0.0,0.0,0.0,0.0,0.0,0.0,True,True,True,True,True
F1,e2bv2_d7645df22cbc33d958b7,v2e2_c9b994f593c92dd9efa9,deepseek_formal,S2,authoritative,0.0,0.0,0.0,0.0,0.0,0.0,0.0,True,True,True,True,True
F1,e2bv2_dd2cd3100ef3af0b0976,v2e2_ac2a6bbea5f71d8219ff,qwen_flash,C1,carrier_consistent,0.0,0.0,0.0,0.0,0.0,0.0,0.0,True,True,True,True,True
F1,e2bv2_dd2cd3100ef3af0b0976,v2e2_ac2a6bbea5f71d8219ff,qwen_flash,C1,authoritative,0.0,0.0,0.0,0.0,0.0,0.0,0.0,True,True,True,True,True
F1,e2bv2_dd2cd3100ef3af0b0976,v2e2_ac2a6bbea5f71d8219ff,qwen_flash,S1,carrier_consistent,0.0,0.0,0.0,0.0,0.0,0.0,0.0,True,True,True,True,True
F1,e2bv2_dd2cd3100ef3af0b0976,v2e2_ac2a6bbea5f71d8219ff,qwen_flash,S1,authoritative,0.0,0.0,0.0,0.0,0.0,0.0,0.0,True,True,True,True,True
F1,e2bv2_dd2cd3100ef3af0b0976,v2e2_ac2a6bbea5f71d8219ff,qwen_flash,C2,carrier_consistent,0.0,0.0,0.0,0.0,0.0,0.0,0.0,True,True,True,True,True
F1,e2bv2_dd2cd3100ef3af0b0976,v2e2_ac2a6bbea5f71d8219ff,qwen_flash,C2,authoritative,0.0,0.0,0.0,0.0,0.0,0.0,0.0,True,True,True,True,True
F1,e2bv2_dd2cd3100ef3af0b0976,v2e2_ac2a6bbea5f71d8219ff,qwen_flash,S2,carrier_consistent,0.0,0.0,0.0,0.0,0.0,0.0,0.0,True,True,True,True,True
F1,e2bv2_dd2cd3100ef3af0b0976,v2e2_ac2a6bbea5f71d8219ff,qwen_flash,S2,authoritative,0.0,0.0,0.0,0.0,0.0,0.0,0.0,True,True,True,True,True
F1,e2bv2_ddf16423183fa6d22495,v2e2_729fd4e9cb1879f64d23,qwen_flash,C2,carrier_consistent,0.0,0.0,0.0,0.0,0.0,0.0,0.0,True,True,True,True,True
F1,e2bv2_ddf16423183fa6d22495,v2e2_729fd4e9cb1879f64d23,qwen_flash,C2,authoritative,0.0,0.0,0.0,0.0,0.0,0.0,0.0,True,True,True,True,True
F1,e2bv2_ddf16423183fa6d22495,v2e2_729fd4e9cb1879f64d23,qwen_flash,S2,carrier_consistent,0.0,0.0,0.0,0.0,0.0,0.0,0.0,True,True,True,True,True
F1,e2bv2_ddf16423183fa6d22495,v2e2_729fd4e9cb1879f64d23,qwen_flash,S2,authoritative,0.0,0.0,0.0,0.0,0.0,0.0,0.0,True,True,True,True,True
F1,e2bv2_ddf16423183fa6d22495,v2e2_729fd4e9cb1879f64d23,qwen_flash,C1,carrier_consistent,0.0,0.0,0.0,0.0,0.0,0.0,0.0,True,True,True,True,True
F1,e2bv2_ddf16423183fa6d22495,v2e2_729fd4e9cb1879f64d23,qwen_flash,C1,authoritative,0.0,0.0,0.0,0.0,0.0,0.0,0.0,True,True,True,True,True
F1,e2bv2_ddf16423183fa6d22495,v2e2_729fd4e9cb1879f64d23,qwen_flash,S1,carrier_consistent,0.0,0.0,0.0,0.0,0.0,0.0,0.0,True,True,True,True,True
F1,e2bv2_ddf16423183fa6d22495,v2e2_729fd4e9cb1879f64d23,qwen_flash,S1,authoritative,0.0,0.0,0.0,0.0,0.0,0.0,0.0,True,True,True,True,True
F1,e2bv2_de38e57ab0f0657ef6d2,v2e2_31906e8fff0262a0bd53,qwen_flash,C2,carrier_consistent,0.0,0.0,0.0,0.0,0.0,0.0,0.0,True,True,True,True,True
F1,e2bv2_de38e57ab0f0657ef6d2,v2e2_31906e8fff0262a0bd53,qwen_flash,C2,authoritative,0.0,0.0,0.0,0.0,0.0,0.0,0.0,True,True,True,True,True
F1,e2bv2_de38e57ab0f0657ef6d2,v2e2_31906e8fff0262a0bd53,qwen_flash,S2,carrier_consistent,0.0,0.0,0.0,0.0,0.0,0.0,0.0,True,True,True,True,True
F1,e2bv2_de38e57ab0f0657ef6d2,v2e2_31906e8fff0262a0bd53,qwen_flash,S2,authoritative,0.0,0.0,0.0,0.0,0.0,0.0,0.0,True,True,True,True,True
F1,e2bv2_de38e57ab0f0657ef6d2,v2e2_31906e8fff0262a0bd53,qwen_flash,C1,carrier_consistent,0.0,0.0,0.0,0.0,0.0,0.0,0.0,True,True,True,True,True
F1,e2bv2_de38e57ab0f0657ef6d2,v2e2_31906e8fff0262a0bd53,qwen_flash,C1,authoritative,0.0,0.0,0.0,0.0,0.0,0.0,0.0,True,True,True,True,True
F1,e2bv2_de38e57ab0f0657ef6d2,v2e2_31906e8fff0262a0bd53,qwen_flash,S1,carrier_consistent,0.0,0.0,0.0,0.0,0.0,0.0,0.0,True,True,True,True,True
F1,e2bv2_de38e57ab0f0657ef6d2,v2e2_31906e8fff0262a0bd53,qwen_flash,S1,authoritative,0.0,0.0,0.0,0.0,0.0,0.0,0.0,True,True,True,True,True
F1,e2bv2_dfd1acf73d2da6bbba61,v2e2_579d7046347071a2967e,deepseek_formal,S2,carrier_consistent,0.0,0.0,0.0,0.0,0.0,0.0,0.0,True,True,True,True,True
F1,e2bv2_dfd1acf73d2da6bbba61,v2e2_579d7046347071a2967e,deepseek_formal,S2,authoritative,0.0,0.0,0.0,0.0,0.0,0.0,0.0,True,True,True,True,True
F1,e2bv2_dfd1acf73d2da6bbba61,v2e2_579d7046347071a2967e,deepseek_formal,C1,carrier_consistent,0.0,0.0,0.0,0.0,0.0,0.0,0.0,True,True,True,True,True
F1,e2bv2_dfd1acf73d2da6bbba61,v2e2_579d7046347071a2967e,deepseek_formal,C1,authoritative,0.0,0.0,0.0,0.0,0.0,0.0,0.0,True,True,True,True,True
F1,e2bv2_dfd1acf73d2da6bbba61,v2e2_579d7046347071a2967e,deepseek_formal,S1,carrier_consistent,0.0,0.0,0.0,0.0,0.0,0.0,0.0,True,True,True,True,True
F1,e2bv2_dfd1acf73d2da6bbba61,v2e2_579d7046347071a2967e,deepseek_formal,S1,authoritative,0.0,0.0,0.0,0.0,0.0,0.0,0.0,True,True,True,True,True
F1,e2bv2_dfd1acf73d2da6bbba61,v2e2_579d7046347071a2967e,deepseek_formal,C2,carrier_consistent,0.0,0.0,0.0,0.0,0.0,0.0,0.0,True,True,True,True,True
F1,e2bv2_dfd1acf73d2da6bbba61,v2e2_579d7046347071a2967e,deepseek_formal,C2,authoritative,0.0,0.0,0.0,0.0,0.0,0.0,0.0,True,True,True,True,True
F1,e2bv2_e01f8d4e8519f79c8b87,v2e2_90357feca5a42c2b5eee,deepseek_formal,C1,carrier_consistent,0.0,0.0,0.0,0.0,0.0,0.0,0.0,True,True,True,True,True
F1,e2bv2_e01f8d4e8519f79c8b87,v2e2_90357feca5a42c2b5eee,deepseek_formal,C1,authoritative,0.0,0.0,0.0,0.0,0.0,0.0,0.0,True,True,True,True,True
F1,e2bv2_e01f8d4e8519f79c8b87,v2e2_90357feca5a42c2b5eee,deepseek_formal,S1,carrier_consistent,0.0,0.0,0.0,0.0,0.0,0.0,0.0,True,True,True,True,True
F1,e2bv2_e01f8d4e8519f79c8b87,v2e2_90357feca5a42c2b5eee,deepseek_formal,S1,authoritative,0.0,0.0,0.0,0.0,0.0,0.0,0.0,True,True,True,True,True
F1,e2bv2_e01f8d4e8519f79c8b87,v2e2_90357feca5a42c2b5eee,deepseek_formal,C2,carrier_consistent,0.0,0.0,0.0,0.0,0.0,0.0,0.0,True,True,True,True,True
F1,e2bv2_e01f8d4e8519f79c8b87,v2e2_90357feca5a42c2b5eee,deepseek_formal,C2,authoritative,0.0,0.0,0.0,0.0,0.0,0.0,0.0,True,True,True,True,True
F1,e2bv2_e01f8d4e8519f79c8b87,v2e2_90357feca5a42c2b5eee,deepseek_formal,S2,carrier_consistent,0.0,0.0,0.0,0.0,0.0,0.0,0.0,True,True,True,True,True
F1,e2bv2_e01f8d4e8519f79c8b87,v2e2_90357feca5a42c2b5eee,deepseek_formal,S2,authoritative,0.0,0.0,0.0,0.0,0.0,0.0,0.0,True,True,True,True,True
F1,e2bv2_e020d22055ecf31d0818,v2e2_e87de31d325befcf7b51,deepseek_formal,S2,carrier_consistent,0.0,0.0,0.0,0.0,0.0,0.0,0.0,True,True,True,True,True
F1,e2bv2_e020d22055ecf31d0818,v2e2_e87de31d325befcf7b51,deepseek_formal,S2,authoritative,0.0,0.0,0.0,0.0,0.0,0.0,0.0,True,True,True,True,True
F1,e2bv2_e020d22055ecf31d0818,v2e2_e87de31d325befcf7b51,deepseek_formal,C1,carrier_consistent,0.0,0.0,0.0,0.0,0.0,0.0,0.0,True,True,True,True,True
F1,e2bv2_e020d22055ecf31d0818,v2e2_e87de31d325befcf7b51,deepseek_formal,C1,authoritative,0.0,0.0,0.0,0.0,0.0,0.0,0.0,True,True,True,True,True
F1,e2bv2_e020d22055ecf31d0818,v2e2_e87de31d325befcf7b51,deepseek_formal,S1,carrier_consistent,0.0,0.0,0.0,0.0,0.0,0.0,0.0,True,True,True,True,True
F1,e2bv2_e020d22055ecf31d0818,v2e2_e87de31d325befcf7b51,deepseek_formal,S1,authoritative,0.0,0.0,0.0,0.0,0.0,0.0,0.0,True,True,True,True,True
F1,e2bv2_e020d22055ecf31d0818,v2e2_e87de31d325befcf7b51,deepseek_formal,C2,carrier_consistent,0.0,0.0,0.0,0.0,0.0,0.0,0.0,True,True,True,True,True
F1,e2bv2_e020d22055ecf31d0818,v2e2_e87de31d325befcf7b51,deepseek_formal,C2,authoritative,0.0,0.0,0.0,0.0,0.0,0.0,0.0,True,True,True,True,True
F1,e2bv2_e14c27fb7f54083cbbf5,v2e2_579d7046347071a2967e,qwen_flash,S2,carrier_consistent,0.0,0.0,0.0,0.0,0.0,0.0,0.0,True,True,True,True,True
F1,e2bv2_e14c27fb7f54083cbbf5,v2e2_579d7046347071a2967e,qwen_flash,S2,authoritative,0.0,0.0,0.0,0.0,0.0,0.0,0.0,True,True,True,True,True
F1,e2bv2_e14c27fb7f54083cbbf5,v2e2_579d7046347071a2967e,qwen_flash,C1,carrier_consistent,0.0,0.0,0.0,0.0,0.0,0.0,0.0,True,True,True,True,True
F1,e2bv2_e14c27fb7f54083cbbf5,v2e2_579d7046347071a2967e,qwen_flash,C1,authoritative,0.0,0.0,0.0,0.0,0.0,0.0,0.0,True,True,True,True,True
F1,e2bv2_e14c27fb7f54083cbbf5,v2e2_579d7046347071a2967e,qwen_flash,S1,carrier_consistent,0.0,0.0,0.0,0.0,0.0,0.0,0.0,True,True,True,True,True
F1,e2bv2_e14c27fb7f54083cbbf5,v2e2_579d7046347071a2967e,qwen_flash,S1,authoritative,0.0,0.0,0.0,0.0,0.0,0.0,0.0,True,True,True,True,True
F1,e2bv2_e14c27fb7f54083cbbf5,v2e2_579d7046347071a2967e,qwen_flash,C2,carrier_consistent,0.0,0.0,0.0,0.0,0.0,0.0,0.0,True,True,True,True,True
F1,e2bv2_e14c27fb7f54083cbbf5,v2e2_579d7046347071a2967e,qwen_flash,C2,authoritative,0.0,0.0,0.0,0.0,0.0,0.0,0.0,True,True,True,True,True
F1,e2bv2_e1ab2801ffc994cf90f9,v2e2_57ed2833756fcc2a81f4,qwen_flash,C1,carrier_consistent,0.0,0.0,0.0,0.0,0.0,0.0,0.0,True,True,True,True,True
F1,e2bv2_e1ab2801ffc994cf90f9,v2e2_57ed2833756fcc2a81f4,qwen_flash,C1,authoritative,0.0,0.0,0.0,0.0,0.0,0.0,0.0,True,True,True,True,True
F1,e2bv2_e1ab2801ffc994cf90f9,v2e2_57ed2833756fcc2a81f4,qwen_flash,S1,carrier_consistent,0.0,0.0,0.0,0.0,0.0,0.0,0.0,True,True,True,True,True
F1,e2bv2_e1ab2801ffc994cf90f9,v2e2_57ed2833756fcc2a81f4,qwen_flash,S1,authoritative,0.0,0.0,0.0,0.0,0.0,0.0,0.0,True,True,True,True,True
F1,e2bv2_e1ab2801ffc994cf90f9,v2e2_57ed2833756fcc2a81f4,qwen_flash,C2,carrier_consistent,0.0,0.0,0.0,0.0,0.0,0.0,0.0,True,True,True,True,True
F1,e2bv2_e1ab2801ffc994cf90f9,v2e2_57ed2833756fcc2a81f4,qwen_flash,C2,authoritative,0.0,0.0,0.0,0.0,0.0,0.0,0.0,True,True,True,True,True
F1,e2bv2_e1ab2801ffc994cf90f9,v2e2_57ed2833756fcc2a81f4,qwen_flash,S2,carrier_consistent,0.0,0.0,0.0,0.0,0.0,0.0,0.0,True,True,True,True,True
F1,e2bv2_e1ab2801ffc994cf90f9,v2e2_57ed2833756fcc2a81f4,qwen_flash,S2,authoritative,0.0,0.0,0.0,0.0,0.0,0.0,0.0,True,True,True,True,True
F1,e2bv2_e2508c066e226a6c65b3,v2e2_1a991ca6b21c0ed79241,deepseek_formal,S1,carrier_consistent,0.0,0.0,0.0,0.0,0.0,0.0,0.0,True,True,True,True,True
F1,e2bv2_e2508c066e226a6c65b3,v2e2_1a991ca6b21c0ed79241,deepseek_formal,S1,authoritative,0.0,0.0,0.0,0.0,0.0,0.0,0.0,True,True,True,True,True
F1,e2bv2_e2508c066e226a6c65b3,v2e2_1a991ca6b21c0ed79241,deepseek_formal,C2,carrier_consistent,0.0,0.0,0.0,0.0,0.0,0.0,0.0,True,True,True,True,True
F1,e2bv2_e2508c066e226a6c65b3,v2e2_1a991ca6b21c0ed79241,deepseek_formal,C2,authoritative,0.0,0.0,0.0,0.0,0.0,0.0,0.0,True,True,True,True,True
F1,e2bv2_e2508c066e226a6c65b3,v2e2_1a991ca6b21c0ed79241,deepseek_formal,S2,carrier_consistent,0.0,0.0,0.0,0.0,0.0,0.0,0.0,True,True,True,True,True
F1,e2bv2_e2508c066e226a6c65b3,v2e2_1a991ca6b21c0ed79241,deepseek_formal,S2,authoritative,0.0,0.0,0.0,0.0,0.0,0.0,0.0,True,True,True,True,True
F1,e2bv2_e2508c066e226a6c65b3,v2e2_1a991ca6b21c0ed79241,deepseek_formal,C1,carrier_consistent,0.0,0.0,0.0,0.0,0.0,0.0,0.0,True,True,True,True,True
F1,e2bv2_e2508c066e226a6c65b3,v2e2_1a991ca6b21c0ed79241,deepseek_formal,C1,authoritative,0.0,0.0,0.0,0.0,0.0,0.0,0.0,True,True,True,True,True
F1,e2bv2_e54f249d180de8a55671,v2e2_d00d3a4d54f973fa24ac,deepseek_formal,C2,carrier_consistent,0.0,0.0,0.0,0.0,0.0,0.0,0.0,True,True,True,True,True
F1,e2bv2_e54f249d180de8a55671,v2e2_d00d3a4d54f973fa24ac,deepseek_formal,C2,authoritative,0.0,0.0,0.0,0.0,0.0,0.0,0.0,True,True,True,True,True
F1,e2bv2_e54f249d180de8a55671,v2e2_d00d3a4d54f973fa24ac,deepseek_formal,S2,carrier_consistent,0.0,0.0,0.0,0.0,0.0,0.0,0.0,True,True,True,True,True
F1,e2bv2_e54f249d180de8a55671,v2e2_d00d3a4d54f973fa24ac,deepseek_formal,S2,authoritative,0.0,0.0,0.0,0.0,0.0,0.0,0.0,True,True,True,True,True
F1,e2bv2_e54f249d180de8a55671,v2e2_d00d3a4d54f973fa24ac,deepseek_formal,C1,carrier_consistent,0.0,0.0,0.0,0.0,0.0,0.0,0.0,True,True,True,True,True
F1,e2bv2_e54f249d180de8a55671,v2e2_d00d3a4d54f973fa24ac,deepseek_formal,C1,authoritative,0.0,0.0,0.0,0.0,0.0,0.0,0.0,True,True,True,True,True
F1,e2bv2_e54f249d180de8a55671,v2e2_d00d3a4d54f973fa24ac,deepseek_formal,S1,carrier_consistent,0.0,0.0,0.0,0.0,0.0,0.0,0.0,True,True,True,True,True
F1,e2bv2_e54f249d180de8a55671,v2e2_d00d3a4d54f973fa24ac,deepseek_formal,S1,authoritative,0.0,0.0,0.0,0.0,0.0,0.0,0.0,True,True,True,True,True
F1,e2bv2_e6d3415e03136200f34b,v2e2_a015340abe1151fa1614,qwen_flash,S1,carrier_consistent,0.0,0.0,0.0,0.0,0.0,0.0,0.0,True,True,True,True,True
F1,e2bv2_e6d3415e03136200f34b,v2e2_a015340abe1151fa1614,qwen_flash,S1,authoritative,0.0,0.0,0.0,0.0,0.0,0.0,0.0,True,True,True,True,True
F1,e2bv2_e6d3415e03136200f34b,v2e2_a015340abe1151fa1614,qwen_flash,C2,carrier_consistent,0.0,0.0,0.0,0.0,0.0,0.0,0.0,True,True,True,True,True
F1,e2bv2_e6d3415e03136200f34b,v2e2_a015340abe1151fa1614,qwen_flash,C2,authoritative,0.0,0.0,0.0,0.0,0.0,0.0,0.0,True,True,True,True,True
F1,e2bv2_e6d3415e03136200f34b,v2e2_a015340abe1151fa1614,qwen_flash,S2,carrier_consistent,0.0,0.0,0.0,0.0,0.0,0.0,0.0,True,True,True,True,True
F1,e2bv2_e6d3415e03136200f34b,v2e2_a015340abe1151fa1614,qwen_flash,S2,authoritative,0.0,0.0,0.0,0.0,0.0,0.0,0.0,True,True,True,True,True
F1,e2bv2_e6d3415e03136200f34b,v2e2_a015340abe1151fa1614,qwen_flash,C1,carrier_consistent,0.0,0.0,0.0,0.0,0.0,0.0,0.0,True,True,True,True,True
F1,e2bv2_e6d3415e03136200f34b,v2e2_a015340abe1151fa1614,qwen_flash,C1,authoritative,0.0,0.0,0.0,0.0,0.0,0.0,0.0,True,True,True,True,True
F1,e2bv2_eb08c3116b763ca158ec,v2e2_07ecea8c63a586f9fa3b,deepseek_formal,S1,carrier_consistent,0.0,0.0,0.0,0.0,0.0,0.0,0.0,True,True,True,True,True
F1,e2bv2_eb08c3116b763ca158ec,v2e2_07ecea8c63a586f9fa3b,deepseek_formal,S1,authoritative,0.0,0.0,0.0,0.0,0.0,0.0,0.0,True,True,True,True,True
F1,e2bv2_eb08c3116b763ca158ec,v2e2_07ecea8c63a586f9fa3b,deepseek_formal,C2,carrier_consistent,0.0,0.0,0.0,0.0,0.0,0.0,0.0,True,True,True,True,True
F1,e2bv2_eb08c3116b763ca158ec,v2e2_07ecea8c63a586f9fa3b,deepseek_formal,C2,authoritative,0.0,0.0,0.0,0.0,0.0,0.0,0.0,True,True,True,True,True
F1,e2bv2_eb08c3116b763ca158ec,v2e2_07ecea8c63a586f9fa3b,deepseek_formal,S2,carrier_consistent,0.0,0.0,0.0,0.0,0.0,0.0,0.0,True,True,True,True,True
F1,e2bv2_eb08c3116b763ca158ec,v2e2_07ecea8c63a586f9fa3b,deepseek_formal,S2,authoritative,0.0,0.0,0.0,0.0,0.0,0.0,0.0,True,True,True,True,True
F1,e2bv2_eb08c3116b763ca158ec,v2e2_07ecea8c63a586f9fa3b,deepseek_formal,C1,carrier_consistent,0.0,0.0,0.0,0.0,0.0,0.0,0.0,True,True,True,True,True
F1,e2bv2_eb08c3116b763ca158ec,v2e2_07ecea8c63a586f9fa3b,deepseek_formal,C1,authoritative,0.0,0.0,0.0,0.0,0.0,0.0,0.0,True,True,True,True,True
F1,e2bv2_ed7aafb6b6bf57083afc,v2e2_ff7d4d179a2e6d483137,deepseek_formal,S2,carrier_consistent,0.0,0.0,0.0,0.0,0.0,0.0,0.0,True,True,True,True,True
F1,e2bv2_ed7aafb6b6bf57083afc,v2e2_ff7d4d179a2e6d483137,deepseek_formal,S2,authoritative,0.0,0.0,0.0,0.0,0.0,0.0,0.0,True,True,True,True,True
F1,e2bv2_ed7aafb6b6bf57083afc,v2e2_ff7d4d179a2e6d483137,deepseek_formal,C1,carrier_consistent,0.0,0.0,0.0,0.0,0.0,0.0,0.0,True,True,True,True,True
F1,e2bv2_ed7aafb6b6bf57083afc,v2e2_ff7d4d179a2e6d483137,deepseek_formal,C1,authoritative,0.0,0.0,0.0,0.0,0.0,0.0,0.0,True,True,True,True,True
F1,e2bv2_ed7aafb6b6bf57083afc,v2e2_ff7d4d179a2e6d483137,deepseek_formal,S1,carrier_consistent,0.0,0.0,0.0,0.0,0.0,0.0,0.0,True,True,True,True,True
F1,e2bv2_ed7aafb6b6bf57083afc,v2e2_ff7d4d179a2e6d483137,deepseek_formal,S1,authoritative,0.0,0.0,0.0,0.0,0.0,0.0,0.0,True,True,True,True,True
F1,e2bv2_ed7aafb6b6bf57083afc,v2e2_ff7d4d179a2e6d483137,deepseek_formal,C2,carrier_consistent,0.0,0.0,0.0,0.0,0.0,0.0,0.0,True,True,True,True,True
F1,e2bv2_ed7aafb6b6bf57083afc,v2e2_ff7d4d179a2e6d483137,deepseek_formal,C2,authoritative,0.0,0.0,0.0,0.0,0.0,0.0,0.0,True,True,True,True,True
F1,e2bv2_ee50862513a4cdbf07e4,v2e2_ea69a5744fe4489919e6,qwen_flash,S1,carrier_consistent,0.0,0.0,0.0,0.0,0.0,0.0,0.0,True,True,True,True,True
F1,e2bv2_ee50862513a4cdbf07e4,v2e2_ea69a5744fe4489919e6,qwen_flash,S1,authoritative,0.0,0.0,0.0,0.0,0.0,0.0,0.0,True,True,True,True,True
F1,e2bv2_ee50862513a4cdbf07e4,v2e2_ea69a5744fe4489919e6,qwen_flash,C2,carrier_consistent,0.0,0.0,0.0,0.0,0.0,0.0,0.0,True,True,True,True,True
F1,e2bv2_ee50862513a4cdbf07e4,v2e2_ea69a5744fe4489919e6,qwen_flash,C2,authoritative,0.0,0.0,0.0,0.0,0.0,0.0,0.0,True,True,True,True,True
F1,e2bv2_ee50862513a4cdbf07e4,v2e2_ea69a5744fe4489919e6,qwen_flash,S2,carrier_consistent,0.0,0.0,0.0,0.0,0.0,0.0,0.0,True,True,True,True,True
F1,e2bv2_ee50862513a4cdbf07e4,v2e2_ea69a5744fe4489919e6,qwen_flash,S2,authoritative,0.0,0.0,0.0,0.0,0.0,0.0,0.0,True,True,True,True,True
F1,e2bv2_ee50862513a4cdbf07e4,v2e2_ea69a5744fe4489919e6,qwen_flash,C1,carrier_consistent,0.0,0.0,0.0,0.0,0.0,0.0,0.0,True,True,True,True,True
F1,e2bv2_ee50862513a4cdbf07e4,v2e2_ea69a5744fe4489919e6,qwen_flash,C1,authoritative,0.0,0.0,0.0,0.0,0.0,0.0,0.0,True,True,True,True,True
F1,e2bv2_efd03696157b9e4346bf,v2e2_6044c2cf8efb739eb457,deepseek_formal,S2,carrier_consistent,0.0,0.0,0.0,0.0,0.0,0.0,0.0,True,True,True,True,True
F1,e2bv2_efd03696157b9e4346bf,v2e2_6044c2cf8efb739eb457,deepseek_formal,S2,authoritative,0.0,0.0,0.0,0.0,0.0,0.0,0.0,True,True,True,True,True
F1,e2bv2_efd03696157b9e4346bf,v2e2_6044c2cf8efb739eb457,deepseek_formal,C1,carrier_consistent,0.0,0.0,0.0,0.0,0.0,0.0,0.0,True,True,True,True,True
F1,e2bv2_efd03696157b9e4346bf,v2e2_6044c2cf8efb739eb457,deepseek_formal,C1,authoritative,0.0,0.0,0.0,0.0,0.0,0.0,0.0,True,True,True,True,True
F1,e2bv2_efd03696157b9e4346bf,v2e2_6044c2cf8efb739eb457,deepseek_formal,S1,carrier_consistent,0.0,0.0,0.0,0.0,0.0,0.0,0.0,True,True,True,True,True
F1,e2bv2_efd03696157b9e4346bf,v2e2_6044c2cf8efb739eb457,deepseek_formal,S1,authoritative,0.0,0.0,0.0,0.0,0.0,0.0,0.0,True,True,True,True,True
F1,e2bv2_efd03696157b9e4346bf,v2e2_6044c2cf8efb739eb457,deepseek_formal,C2,carrier_consistent,0.0,0.0,0.0,0.0,0.0,0.0,0.0,True,True,True,True,True
F1,e2bv2_efd03696157b9e4346bf,v2e2_6044c2cf8efb739eb457,deepseek_formal,C2,authoritative,0.0,0.0,0.0,0.0,0.0,0.0,0.0,True,True,True,True,True
F1,e2bv2_f483b1e570bed21999a2,v2e2_8e9a9550f230c7b3cff3,qwen_flash,S2,carrier_consistent,0.0,0.0,0.0,0.0,0.0,0.0,0.0,True,True,True,True,True
F1,e2bv2_f483b1e570bed21999a2,v2e2_8e9a9550f230c7b3cff3,qwen_flash,S2,authoritative,0.0,0.0,0.0,0.0,0.0,0.0,0.0,True,True,True,True,True
F1,e2bv2_f483b1e570bed21999a2,v2e2_8e9a9550f230c7b3cff3,qwen_flash,C1,carrier_consistent,0.0,0.0,0.0,0.0,0.0,0.0,0.0,True,True,True,True,True
F1,e2bv2_f483b1e570bed21999a2,v2e2_8e9a9550f230c7b3cff3,qwen_flash,C1,authoritative,0.0,0.0,0.0,0.0,0.0,0.0,0.0,True,True,True,True,True
F1,e2bv2_f483b1e570bed21999a2,v2e2_8e9a9550f230c7b3cff3,qwen_flash,S1,carrier_consistent,0.0,0.0,0.0,0.0,0.0,0.0,0.0,True,True,True,True,True
F1,e2bv2_f483b1e570bed21999a2,v2e2_8e9a9550f230c7b3cff3,qwen_flash,S1,authoritative,0.0,0.0,0.0,0.0,0.0,0.0,0.0,True,True,True,True,True
F1,e2bv2_f483b1e570bed21999a2,v2e2_8e9a9550f230c7b3cff3,qwen_flash,C2,carrier_consistent,0.0,0.0,0.0,0.0,0.0,0.0,0.0,True,True,True,True,True
F1,e2bv2_f483b1e570bed21999a2,v2e2_8e9a9550f230c7b3cff3,qwen_flash,C2,authoritative,0.0,0.0,0.0,0.0,0.0,0.0,0.0,True,True,True,True,True
F1,e2bv2_f52569b207fdbafda434,v2e2_7b2e0628b0d7b7a4badd,deepseek_formal,C1,carrier_consistent,0.0,0.0,0.0,0.0,0.0,0.0,0.0,True,True,True,True,True
F1,e2bv2_f52569b207fdbafda434,v2e2_7b2e0628b0d7b7a4badd,deepseek_formal,C1,authoritative,0.0,0.0,0.0,0.0,0.0,0.0,0.0,True,True,True,True,True
F1,e2bv2_f52569b207fdbafda434,v2e2_7b2e0628b0d7b7a4badd,deepseek_formal,S1,carrier_consistent,0.0,0.0,0.0,0.0,0.0,0.0,0.0,True,True,True,True,True
F1,e2bv2_f52569b207fdbafda434,v2e2_7b2e0628b0d7b7a4badd,deepseek_formal,S1,authoritative,0.0,0.0,0.0,0.0,0.0,0.0,0.0,True,True,True,True,True
F1,e2bv2_f52569b207fdbafda434,v2e2_7b2e0628b0d7b7a4badd,deepseek_formal,C2,carrier_consistent,0.0,0.0,0.0,0.0,0.0,0.0,0.0,True,True,True,True,True
F1,e2bv2_f52569b207fdbafda434,v2e2_7b2e0628b0d7b7a4badd,deepseek_formal,C2,authoritative,0.0,0.0,0.0,0.0,0.0,0.0,0.0,True,True,True,True,True
F1,e2bv2_f52569b207fdbafda434,v2e2_7b2e0628b0d7b7a4badd,deepseek_formal,S2,carrier_consistent,0.0,0.0,0.0,0.0,0.0,0.0,0.0,True,True,True,True,True
F1,e2bv2_f52569b207fdbafda434,v2e2_7b2e0628b0d7b7a4badd,deepseek_formal,S2,authoritative,0.0,0.0,0.0,0.0,0.0,0.0,0.0,True,True,True,True,True
F1,e2bv2_f58bf07d1222a1361782,v2e2_7778cc641046e1b0a2cd,deepseek_formal,S2,carrier_consistent,0.0,0.0,0.0,0.0,0.0,0.0,0.0,True,True,True,True,True
F1,e2bv2_f58bf07d1222a1361782,v2e2_7778cc641046e1b0a2cd,deepseek_formal,S2,authoritative,0.0,0.0,0.0,0.0,0.0,0.0,0.0,True,True,True,True,True
F1,e2bv2_f58bf07d1222a1361782,v2e2_7778cc641046e1b0a2cd,deepseek_formal,C1,carrier_consistent,0.0,0.0,0.0,0.0,0.0,0.0,0.0,True,True,True,True,True
F1,e2bv2_f58bf07d1222a1361782,v2e2_7778cc641046e1b0a2cd,deepseek_formal,C1,authoritative,0.0,0.0,0.0,0.0,0.0,0.0,0.0,True,True,True,True,True
F1,e2bv2_f58bf07d1222a1361782,v2e2_7778cc641046e1b0a2cd,deepseek_formal,S1,carrier_consistent,0.0,0.0,0.0,0.0,0.0,0.0,0.0,True,True,True,True,True
F1,e2bv2_f58bf07d1222a1361782,v2e2_7778cc641046e1b0a2cd,deepseek_formal,S1,authoritative,0.0,0.0,0.0,0.0,0.0,0.0,0.0,True,True,True,True,True
F1,e2bv2_f58bf07d1222a1361782,v2e2_7778cc641046e1b0a2cd,deepseek_formal,C2,carrier_consistent,0.0,0.0,0.0,0.0,0.0,0.0,0.0,True,True,True,True,True
F1,e2bv2_f58bf07d1222a1361782,v2e2_7778cc641046e1b0a2cd,deepseek_formal,C2,authoritative,0.0,0.0,0.0,0.0,0.0,0.0,0.0,True,True,True,True,True
F1,e2bv2_f81916a9751afb1e07b4,v2e2_d00d3a4d54f973fa24ac,qwen_flash,C2,carrier_consistent,0.0,0.0,0.0,0.0,0.0,0.0,0.0,True,True,True,True,True
F1,e2bv2_f81916a9751afb1e07b4,v2e2_d00d3a4d54f973fa24ac,qwen_flash,C2,authoritative,0.0,0.0,0.0,0.0,0.0,0.0,0.0,True,True,True,True,True
F1,e2bv2_f81916a9751afb1e07b4,v2e2_d00d3a4d54f973fa24ac,qwen_flash,S2,carrier_consistent,0.0,0.0,0.0,0.0,0.0,0.0,0.0,True,True,True,True,True
F1,e2bv2_f81916a9751afb1e07b4,v2e2_d00d3a4d54f973fa24ac,qwen_flash,S2,authoritative,0.0,0.0,0.0,0.0,0.0,0.0,0.0,True,True,True,True,True
F1,e2bv2_f81916a9751afb1e07b4,v2e2_d00d3a4d54f973fa24ac,qwen_flash,C1,carrier_consistent,0.0,0.0,0.0,0.0,0.0,0.0,0.0,True,True,True,True,True
F1,e2bv2_f81916a9751afb1e07b4,v2e2_d00d3a4d54f973fa24ac,qwen_flash,C1,authoritative,0.0,0.0,0.0,0.0,0.0,0.0,0.0,True,True,True,True,True
F1,e2bv2_f81916a9751afb1e07b4,v2e2_d00d3a4d54f973fa24ac,qwen_flash,S1,carrier_consistent,0.0,0.0,0.0,0.0,0.0,0.0,0.0,True,True,True,True,True
F1,e2bv2_f81916a9751afb1e07b4,v2e2_d00d3a4d54f973fa24ac,qwen_flash,S1,authoritative,0.0,0.0,0.0,0.0,0.0,0.0,0.0,True,True,True,True,True
F1,e2bv2_fcedc993c5aeb0f830da,v2e2_4bc783ae8ece976241af,qwen_flash,C2,carrier_consistent,0.0,0.0,0.0,0.0,0.0,0.0,0.0,True,True,True,True,True
F1,e2bv2_fcedc993c5aeb0f830da,v2e2_4bc783ae8ece976241af,qwen_flash,C2,authoritative,0.0,0.0,0.0,0.0,0.0,0.0,0.0,True,True,True,True,True
F1,e2bv2_fcedc993c5aeb0f830da,v2e2_4bc783ae8ece976241af,qwen_flash,S2,carrier_consistent,0.0,0.0,0.0,0.0,0.0,0.0,0.0,True,True,True,True,True
F1,e2bv2_fcedc993c5aeb0f830da,v2e2_4bc783ae8ece976241af,qwen_flash,S2,authoritative,0.0,0.0,0.0,0.0,0.0,0.0,0.0,True,True,True,True,True
F1,e2bv2_fcedc993c5aeb0f830da,v2e2_4bc783ae8ece976241af,qwen_flash,C1,carrier_consistent,0.0,0.0,0.0,0.0,0.0,0.0,0.0,True,True,True,True,True
F1,e2bv2_fcedc993c5aeb0f830da,v2e2_4bc783ae8ece976241af,qwen_flash,C1,authoritative,0.0,0.0,0.0,0.0,0.0,0.0,0.0,True,True,True,True,True
F1,e2bv2_fcedc993c5aeb0f830da,v2e2_4bc783ae8ece976241af,qwen_flash,S1,carrier_consistent,0.0,0.0,0.0,0.0,0.0,0.0,0.0,True,True,True,True,True
F1,e2bv2_fcedc993c5aeb0f830da,v2e2_4bc783ae8ece976241af,qwen_flash,S1,authoritative,0.0,0.0,0.0,0.0,0.0,0.0,0.0,True,True,True,True,True
F1,e2bv2_fdc7fce540f74c3efcc1,v2e2_be357ad7fa505f6b8f35,qwen_flash,C1,carrier_consistent,0.0,0.0,0.0,0.0,0.0,0.0,0.0,True,True,True,True,True
F1,e2bv2_fdc7fce540f74c3efcc1,v2e2_be357ad7fa505f6b8f35,qwen_flash,C1,authoritative,0.0,0.0,0.0,0.0,0.0,0.0,0.0,True,True,True,True,True
F1,e2bv2_fdc7fce540f74c3efcc1,v2e2_be357ad7fa505f6b8f35,qwen_flash,S1,carrier_consistent,0.0,0.0,0.0,0.0,0.0,0.0,0.0,True,True,True,True,True
F1,e2bv2_fdc7fce540f74c3efcc1,v2e2_be357ad7fa505f6b8f35,qwen_flash,S1,authoritative,0.0,0.0,0.0,0.0,0.0,0.0,0.0,True,True,True,True,True
F1,e2bv2_fdc7fce540f74c3efcc1,v2e2_be357ad7fa505f6b8f35,qwen_flash,C2,carrier_consistent,0.0,0.0,0.0,0.0,0.0,0.0,0.0,True,True,True,True,True
F1,e2bv2_fdc7fce540f74c3efcc1,v2e2_be357ad7fa505f6b8f35,qwen_flash,C2,authoritative,0.0,0.0,0.0,0.0,0.0,0.0,0.0,True,True,True,True,True
F1,e2bv2_fdc7fce540f74c3efcc1,v2e2_be357ad7fa505f6b8f35,qwen_flash,S2,carrier_consistent,0.0,0.0,0.0,0.0,0.0,0.0,0.0,True,True,True,True,True
F1,e2bv2_fdc7fce540f74c3efcc1,v2e2_be357ad7fa505f6b8f35,qwen_flash,S2,authoritative,0.0,0.0,0.0,0.0,0.0,0.0,0.0,True,True,True,True,True
F0,e2bv2f0_1644a95691ea5adfdc5f,v2e2_47a354a03084871e0ca3,deepseek_formal,S2,carrier_consistent,0.0,0.0,0.0,0.0,0.0,0.0,0.0,True,True,True,True,True
F0,e2bv2f0_1644a95691ea5adfdc5f,v2e2_47a354a03084871e0ca3,deepseek_formal,S2,authoritative,0.0,0.0,0.0,0.0,0.0,0.0,0.0,True,True,True,True,True
F0,e2bv2f0_1644a95691ea5adfdc5f,v2e2_47a354a03084871e0ca3,deepseek_formal,C1,carrier_consistent,0.0,0.0,0.0,0.0,0.0,0.0,0.0,True,True,True,True,True
F0,e2bv2f0_1644a95691ea5adfdc5f,v2e2_47a354a03084871e0ca3,deepseek_formal,C1,authoritative,0.0,0.0,0.0,0.0,0.0,0.0,0.0,True,True,True,True,True
F0,e2bv2f0_1644a95691ea5adfdc5f,v2e2_47a354a03084871e0ca3,deepseek_formal,S1,carrier_consistent,0.0,0.0,0.0,0.0,0.0,0.0,0.0,True,True,True,True,True
F0,e2bv2f0_1644a95691ea5adfdc5f,v2e2_47a354a03084871e0ca3,deepseek_formal,S1,authoritative,0.0,0.0,0.0,0.0,0.0,0.0,0.0,True,True,True,True,True
F0,e2bv2f0_1644a95691ea5adfdc5f,v2e2_47a354a03084871e0ca3,deepseek_formal,C2,carrier_consistent,0.0,0.0,0.0,0.0,0.0,0.0,0.0,True,True,True,True,True
F0,e2bv2f0_1644a95691ea5adfdc5f,v2e2_47a354a03084871e0ca3,deepseek_formal,C2,authoritative,0.0,0.0,0.0,0.0,0.0,0.0,0.0,True,True,True,True,True
F0,e2bv2f0_17c91b367fa71742f640,v2e2_16c288d882ac6a326385,deepseek_formal,C1,carrier_consistent,0.0,0.0,0.0,0.0,0.0,0.0,0.0,True,True,True,True,True
F0,e2bv2f0_17c91b367fa71742f640,v2e2_16c288d882ac6a326385,deepseek_formal,C1,authoritative,0.0,0.0,0.0,0.0,0.0,0.0,0.0,True,True,True,True,True
F0,e2bv2f0_17c91b367fa71742f640,v2e2_16c288d882ac6a326385,deepseek_formal,S1,carrier_consistent,0.0,0.0,0.0,0.0,0.0,0.0,0.0,True,True,True,True,True
F0,e2bv2f0_17c91b367fa71742f640,v2e2_16c288d882ac6a326385,deepseek_formal,S1,authoritative,0.0,0.0,0.0,0.0,0.0,0.0,0.0,True,True,True,True,True
F0,e2bv2f0_17c91b367fa71742f640,v2e2_16c288d882ac6a326385,deepseek_formal,C2,carrier_consistent,0.0,0.0,0.0,0.0,0.0,0.0,0.0,True,True,True,True,True
F0,e2bv2f0_17c91b367fa71742f640,v2e2_16c288d882ac6a326385,deepseek_formal,C2,authoritative,0.0,0.0,0.0,0.0,0.0,0.0,0.0,True,True,True,True,True
F0,e2bv2f0_17c91b367fa71742f640,v2e2_16c288d882ac6a326385,deepseek_formal,S2,carrier_consistent,0.0,0.0,0.0,0.0,0.0,0.0,0.0,True,True,True,True,True
F0,e2bv2f0_17c91b367fa71742f640,v2e2_16c288d882ac6a326385,deepseek_formal,S2,authoritative,0.0,0.0,0.0,0.0,0.0,0.0,0.0,True,True,True,True,True
F0,e2bv2f0_27a21545db40ecf737bb,v2e2_01647af4ab413aad9430,qwen_flash,C2,carrier_consistent,0.0,0.0,0.0,0.0,0.0,0.0,0.0,True,True,True,True,True
F0,e2bv2f0_27a21545db40ecf737bb,v2e2_01647af4ab413aad9430,qwen_flash,C2,authoritative,0.0,0.0,0.0,0.0,0.0,0.0,0.0,True,True,True,True,True
F0,e2bv2f0_27a21545db40ecf737bb,v2e2_01647af4ab413aad9430,qwen_flash,S2,carrier_consistent,0.0,0.0,0.0,0.0,0.0,0.0,0.0,True,True,True,True,True
F0,e2bv2f0_27a21545db40ecf737bb,v2e2_01647af4ab413aad9430,qwen_flash,S2,authoritative,0.0,0.0,0.0,0.0,0.0,0.0,0.0,True,True,True,True,True
F0,e2bv2f0_27a21545db40ecf737bb,v2e2_01647af4ab413aad9430,qwen_flash,C1,carrier_consistent,0.0,0.0,0.0,0.0,0.0,0.0,0.0,True,True,True,True,True
F0,e2bv2f0_27a21545db40ecf737bb,v2e2_01647af4ab413aad9430,qwen_flash,C1,authoritative,0.0,0.0,0.0,0.0,0.0,0.0,0.0,True,True,True,True,True
F0,e2bv2f0_27a21545db40ecf737bb,v2e2_01647af4ab413aad9430,qwen_flash,S1,carrier_consistent,0.0,0.0,0.0,0.0,0.0,0.0,0.0,True,True,True,True,True
F0,e2bv2f0_27a21545db40ecf737bb,v2e2_01647af4ab413aad9430,qwen_flash,S1,authoritative,0.0,0.0,0.0,0.0,0.0,0.0,0.0,True,True,True,True,True
F0,e2bv2f0_35ac77c2c0156fd6d953,v2e2_b7e962716394d888d563,deepseek_formal,C1,carrier_consistent,0.0,0.0,0.0,0.0,0.0,0.0,0.0,True,True,True,True,True
F0,e2bv2f0_35ac77c2c0156fd6d953,v2e2_b7e962716394d888d563,deepseek_formal,C1,authoritative,0.0,0.0,0.0,0.0,0.0,0.0,0.0,True,True,True,True,True
F0,e2bv2f0_35ac77c2c0156fd6d953,v2e2_b7e962716394d888d563,deepseek_formal,S1,carrier_consistent,0.0,0.0,0.0,0.0,0.0,0.0,0.0,True,True,True,True,True
F0,e2bv2f0_35ac77c2c0156fd6d953,v2e2_b7e962716394d888d563,deepseek_formal,S1,authoritative,0.0,0.0,0.0,0.0,0.0,0.0,0.0,True,True,True,True,True
F0,e2bv2f0_35ac77c2c0156fd6d953,v2e2_b7e962716394d888d563,deepseek_formal,C2,carrier_consistent,0.0,0.0,0.0,0.0,0.0,0.0,0.0,True,True,True,True,True
F0,e2bv2f0_35ac77c2c0156fd6d953,v2e2_b7e962716394d888d563,deepseek_formal,C2,authoritative,0.0,0.0,0.0,0.0,0.0,0.0,0.0,True,True,True,True,True
F0,e2bv2f0_35ac77c2c0156fd6d953,v2e2_b7e962716394d888d563,deepseek_formal,S2,carrier_consistent,0.0,0.0,0.0,0.0,0.0,0.0,0.0,True,True,True,True,True
F0,e2bv2f0_35ac77c2c0156fd6d953,v2e2_b7e962716394d888d563,deepseek_formal,S2,authoritative,0.0,0.0,0.0,0.0,0.0,0.0,0.0,True,True,True,True,True
F0,e2bv2f0_36ed3d417a3fc5be5e13,v2e2_7778cc641046e1b0a2cd,deepseek_formal,S2,carrier_consistent,0.0,0.0,0.0,0.0,0.0,0.0,0.0,True,True,True,True,True
F0,e2bv2f0_36ed3d417a3fc5be5e13,v2e2_7778cc641046e1b0a2cd,deepseek_formal,S2,authoritative,0.0,0.0,0.0,0.0,0.0,0.0,0.0,True,True,True,True,True
F0,e2bv2f0_36ed3d417a3fc5be5e13,v2e2_7778cc641046e1b0a2cd,deepseek_formal,C1,carrier_consistent,0.0,0.0,0.0,0.0,0.0,0.0,0.0,True,True,True,True,True
F0,e2bv2f0_36ed3d417a3fc5be5e13,v2e2_7778cc641046e1b0a2cd,deepseek_formal,C1,authoritative,0.0,0.0,0.0,0.0,0.0,0.0,0.0,True,True,True,True,True
F0,e2bv2f0_36ed3d417a3fc5be5e13,v2e2_7778cc641046e1b0a2cd,deepseek_formal,S1,carrier_consistent,0.0,0.0,0.0,0.0,0.0,0.0,0.0,True,True,True,True,True
F0,e2bv2f0_36ed3d417a3fc5be5e13,v2e2_7778cc641046e1b0a2cd,deepseek_formal,S1,authoritative,0.0,0.0,0.0,0.0,0.0,0.0,0.0,True,True,True,True,True
F0,e2bv2f0_36ed3d417a3fc5be5e13,v2e2_7778cc641046e1b0a2cd,deepseek_formal,C2,carrier_consistent,0.0,0.0,0.0,0.0,0.0,0.0,0.0,True,True,True,True,True
F0,e2bv2f0_36ed3d417a3fc5be5e13,v2e2_7778cc641046e1b0a2cd,deepseek_formal,C2,authoritative,0.0,0.0,0.0,0.0,0.0,0.0,0.0,True,True,True,True,True
F0,e2bv2f0_3e0d32b95f0e02d4742d,v2e2_7b2e0628b0d7b7a4badd,qwen_flash,S2,carrier_consistent,0.0,0.0,0.0,0.0,0.0,0.0,0.0,True,True,True,True,True
F0,e2bv2f0_3e0d32b95f0e02d4742d,v2e2_7b2e0628b0d7b7a4badd,qwen_flash,S2,authoritative,0.0,0.0,0.0,0.0,0.0,0.0,0.0,True,True,True,True,True
F0,e2bv2f0_3e0d32b95f0e02d4742d,v2e2_7b2e0628b0d7b7a4badd,qwen_flash,C1,carrier_consistent,0.0,0.0,0.0,0.0,0.0,0.0,0.0,True,True,True,True,True
F0,e2bv2f0_3e0d32b95f0e02d4742d,v2e2_7b2e0628b0d7b7a4badd,qwen_flash,C1,authoritative,0.0,0.0,0.0,0.0,0.0,0.0,0.0,True,True,True,True,True
F0,e2bv2f0_3e0d32b95f0e02d4742d,v2e2_7b2e0628b0d7b7a4badd,qwen_flash,S1,carrier_consistent,0.0,0.0,0.0,0.0,0.0,0.0,0.0,True,True,True,True,True
F0,e2bv2f0_3e0d32b95f0e02d4742d,v2e2_7b2e0628b0d7b7a4badd,qwen_flash,S1,authoritative,0.0,0.0,0.0,0.0,0.0,0.0,0.0,True,True,True,True,True
F0,e2bv2f0_3e0d32b95f0e02d4742d,v2e2_7b2e0628b0d7b7a4badd,qwen_flash,C2,carrier_consistent,0.0,0.0,0.0,0.0,0.0,0.0,0.0,True,True,True,True,True
F0,e2bv2f0_3e0d32b95f0e02d4742d,v2e2_7b2e0628b0d7b7a4badd,qwen_flash,C2,authoritative,0.0,0.0,0.0,0.0,0.0,0.0,0.0,True,True,True,True,True
F0,e2bv2f0_4fe8a17a967cb54e1d6b,v2e2_7f938d120000eec26457,deepseek_formal,S1,carrier_consistent,0.0,0.0,0.0,0.0,0.0,0.0,0.0,True,True,True,True,True
F0,e2bv2f0_4fe8a17a967cb54e1d6b,v2e2_7f938d120000eec26457,deepseek_formal,S1,authoritative,0.0,0.0,0.0,0.0,0.0,0.0,0.0,True,True,True,True,True
F0,e2bv2f0_4fe8a17a967cb54e1d6b,v2e2_7f938d120000eec26457,deepseek_formal,C2,carrier_consistent,0.0,0.0,0.0,0.0,0.0,0.0,0.0,True,True,True,True,True
F0,e2bv2f0_4fe8a17a967cb54e1d6b,v2e2_7f938d120000eec26457,deepseek_formal,C2,authoritative,0.0,0.0,0.0,0.0,0.0,0.0,0.0,True,True,True,True,True
F0,e2bv2f0_4fe8a17a967cb54e1d6b,v2e2_7f938d120000eec26457,deepseek_formal,S2,carrier_consistent,0.0,0.0,0.0,0.0,0.0,0.0,0.0,True,True,True,True,True
F0,e2bv2f0_4fe8a17a967cb54e1d6b,v2e2_7f938d120000eec26457,deepseek_formal,S2,authoritative,0.0,0.0,0.0,0.0,0.0,0.0,0.0,True,True,True,True,True
F0,e2bv2f0_4fe8a17a967cb54e1d6b,v2e2_7f938d120000eec26457,deepseek_formal,C1,carrier_consistent,0.0,0.0,0.0,0.0,0.0,0.0,0.0,True,True,True,True,True
F0,e2bv2f0_4fe8a17a967cb54e1d6b,v2e2_7f938d120000eec26457,deepseek_formal,C1,authoritative,0.0,0.0,0.0,0.0,0.0,0.0,0.0,True,True,True,True,True
F0,e2bv2f0_50a2a6abd01df20d7ad8,v2e2_16b5f26ad506f7afac02,deepseek_formal,C1,carrier_consistent,0.0,0.0,0.0,0.0,0.0,0.0,0.0,True,True,True,True,True
F0,e2bv2f0_50a2a6abd01df20d7ad8,v2e2_16b5f26ad506f7afac02,deepseek_formal,C1,authoritative,0.0,0.0,0.0,0.0,0.0,0.0,0.0,True,True,True,True,True
F0,e2bv2f0_50a2a6abd01df20d7ad8,v2e2_16b5f26ad506f7afac02,deepseek_formal,S1,carrier_consistent,0.0,0.0,0.0,0.0,0.0,0.0,0.0,True,True,True,True,True
F0,e2bv2f0_50a2a6abd01df20d7ad8,v2e2_16b5f26ad506f7afac02,deepseek_formal,S1,authoritative,0.0,0.0,0.0,0.0,0.0,0.0,0.0,True,True,True,True,True
F0,e2bv2f0_50a2a6abd01df20d7ad8,v2e2_16b5f26ad506f7afac02,deepseek_formal,C2,carrier_consistent,0.0,0.0,0.0,0.0,0.0,0.0,0.0,True,True,True,True,True
F0,e2bv2f0_50a2a6abd01df20d7ad8,v2e2_16b5f26ad506f7afac02,deepseek_formal,C2,authoritative,0.0,0.0,0.0,0.0,0.0,0.0,0.0,True,True,True,True,True
F0,e2bv2f0_50a2a6abd01df20d7ad8,v2e2_16b5f26ad506f7afac02,deepseek_formal,S2,carrier_consistent,0.0,0.0,0.0,0.0,0.0,0.0,0.0,True,True,True,True,True
F0,e2bv2f0_50a2a6abd01df20d7ad8,v2e2_16b5f26ad506f7afac02,deepseek_formal,S2,authoritative,0.0,0.0,0.0,0.0,0.0,0.0,0.0,True,True,True,True,True
F0,e2bv2f0_540944604cad868d5720,v2e2_b7e962716394d888d563,qwen_flash,C1,carrier_consistent,0.0,0.0,0.0,0.0,0.0,0.0,0.0,True,True,True,True,True
F0,e2bv2f0_540944604cad868d5720,v2e2_b7e962716394d888d563,qwen_flash,C1,authoritative,0.0,0.0,0.0,0.0,0.0,0.0,0.0,True,True,True,True,True
F0,e2bv2f0_540944604cad868d5720,v2e2_b7e962716394d888d563,qwen_flash,S1,carrier_consistent,0.0,0.0,0.0,0.0,0.0,0.0,0.0,True,True,True,True,True
F0,e2bv2f0_540944604cad868d5720,v2e2_b7e962716394d888d563,qwen_flash,S1,authoritative,0.0,0.0,0.0,0.0,0.0,0.0,0.0,True,True,True,True,True
F0,e2bv2f0_540944604cad868d5720,v2e2_b7e962716394d888d563,qwen_flash,C2,carrier_consistent,0.0,0.0,0.0,0.0,0.0,0.0,0.0,True,True,True,True,True
F0,e2bv2f0_540944604cad868d5720,v2e2_b7e962716394d888d563,qwen_flash,C2,authoritative,0.0,0.0,0.0,0.0,0.0,0.0,0.0,True,True,True,True,True
F0,e2bv2f0_540944604cad868d5720,v2e2_b7e962716394d888d563,qwen_flash,S2,carrier_consistent,0.0,0.0,0.0,0.0,0.0,0.0,0.0,True,True,True,True,True
F0,e2bv2f0_540944604cad868d5720,v2e2_b7e962716394d888d563,qwen_flash,S2,authoritative,0.0,0.0,0.0,0.0,0.0,0.0,0.0,True,True,True,True,True
F0,e2bv2f0_579d1e260de002e303e1,v2e2_16c288d882ac6a326385,qwen_flash,C1,carrier_consistent,0.0,0.0,0.0,0.0,0.0,0.0,0.0,True,True,True,True,True
F0,e2bv2f0_579d1e260de002e303e1,v2e2_16c288d882ac6a326385,qwen_flash,C1,authoritative,0.0,0.0,0.0,0.0,0.0,0.0,0.0,True,True,True,True,True
F0,e2bv2f0_579d1e260de002e303e1,v2e2_16c288d882ac6a326385,qwen_flash,S1,carrier_consistent,0.0,0.0,0.0,0.0,0.0,0.0,0.0,True,True,True,True,True
F0,e2bv2f0_579d1e260de002e303e1,v2e2_16c288d882ac6a326385,qwen_flash,S1,authoritative,0.0,0.0,0.0,0.0,0.0,0.0,0.0,True,True,True,True,True
F0,e2bv2f0_579d1e260de002e303e1,v2e2_16c288d882ac6a326385,qwen_flash,C2,carrier_consistent,0.0,0.0,0.0,0.0,0.0,0.0,0.0,True,True,True,True,True
F0,e2bv2f0_579d1e260de002e303e1,v2e2_16c288d882ac6a326385,qwen_flash,C2,authoritative,0.0,0.0,0.0,0.0,0.0,0.0,0.0,True,True,True,True,True
F0,e2bv2f0_579d1e260de002e303e1,v2e2_16c288d882ac6a326385,qwen_flash,S2,carrier_consistent,0.0,0.0,0.0,0.0,0.0,0.0,0.0,True,True,True,True,True
F0,e2bv2f0_579d1e260de002e303e1,v2e2_16c288d882ac6a326385,qwen_flash,S2,authoritative,0.0,0.0,0.0,0.0,0.0,0.0,0.0,True,True,True,True,True
F0,e2bv2f0_57f38807a7c6370f67c2,v2e2_28d9724eea09520d5cd7,qwen_flash,S1,carrier_consistent,0.0,0.0,0.0,0.0,0.0,0.0,0.0,True,True,True,True,True
F0,e2bv2f0_57f38807a7c6370f67c2,v2e2_28d9724eea09520d5cd7,qwen_flash,S1,authoritative,0.0,0.0,0.0,0.0,0.0,0.0,0.0,True,True,True,True,True
F0,e2bv2f0_57f38807a7c6370f67c2,v2e2_28d9724eea09520d5cd7,qwen_flash,C2,carrier_consistent,0.0,0.0,0.0,0.0,0.0,0.0,0.0,True,True,True,True,True
F0,e2bv2f0_57f38807a7c6370f67c2,v2e2_28d9724eea09520d5cd7,qwen_flash,C2,authoritative,0.0,0.0,0.0,0.0,0.0,0.0,0.0,True,True,True,True,True
F0,e2bv2f0_57f38807a7c6370f67c2,v2e2_28d9724eea09520d5cd7,qwen_flash,S2,carrier_consistent,0.0,0.0,0.0,0.0,0.0,0.0,0.0,True,True,True,True,True
F0,e2bv2f0_57f38807a7c6370f67c2,v2e2_28d9724eea09520d5cd7,qwen_flash,S2,authoritative,0.0,0.0,0.0,0.0,0.0,0.0,0.0,True,True,True,True,True
F0,e2bv2f0_57f38807a7c6370f67c2,v2e2_28d9724eea09520d5cd7,qwen_flash,C1,carrier_consistent,0.0,0.0,0.0,0.0,0.0,0.0,0.0,True,True,True,True,True
F0,e2bv2f0_57f38807a7c6370f67c2,v2e2_28d9724eea09520d5cd7,qwen_flash,C1,authoritative,0.0,0.0,0.0,0.0,0.0,0.0,0.0,True,True,True,True,True
F0,e2bv2f0_61483774ba7c77172be1,v2e2_16b5f26ad506f7afac02,qwen_flash,C1,carrier_consistent,0.0,0.0,0.0,0.0,0.0,0.0,0.0,True,True,True,True,True
F0,e2bv2f0_61483774ba7c77172be1,v2e2_16b5f26ad506f7afac02,qwen_flash,C1,authoritative,0.0,0.0,0.0,0.0,0.0,0.0,0.0,True,True,True,True,True
F0,e2bv2f0_61483774ba7c77172be1,v2e2_16b5f26ad506f7afac02,qwen_flash,S1,carrier_consistent,0.0,0.0,0.0,0.0,0.0,0.0,0.0,True,True,True,True,True
F0,e2bv2f0_61483774ba7c77172be1,v2e2_16b5f26ad506f7afac02,qwen_flash,S1,authoritative,0.0,0.0,0.0,0.0,0.0,0.0,0.0,True,True,True,True,True
F0,e2bv2f0_61483774ba7c77172be1,v2e2_16b5f26ad506f7afac02,qwen_flash,C2,carrier_consistent,0.0,0.0,0.0,0.0,0.0,0.0,0.0,True,True,True,True,True
F0,e2bv2f0_61483774ba7c77172be1,v2e2_16b5f26ad506f7afac02,qwen_flash,C2,authoritative,0.0,0.0,0.0,0.0,0.0,0.0,0.0,True,True,True,True,True
F0,e2bv2f0_61483774ba7c77172be1,v2e2_16b5f26ad506f7afac02,qwen_flash,S2,carrier_consistent,0.0,0.0,0.0,0.0,0.0,0.0,0.0,True,True,True,True,True
F0,e2bv2f0_61483774ba7c77172be1,v2e2_16b5f26ad506f7afac02,qwen_flash,S2,authoritative,0.0,0.0,0.0,0.0,0.0,0.0,0.0,True,True,True,True,True
F0,e2bv2f0_763bc376129653691f8c,v2e2_c9b994f593c92dd9efa9,qwen_flash,S1,carrier_consistent,0.0,0.0,0.0,0.0,0.0,0.0,0.0,True,True,True,True,True
F0,e2bv2f0_763bc376129653691f8c,v2e2_c9b994f593c92dd9efa9,qwen_flash,S1,authoritative,0.0,0.0,0.0,0.0,0.0,0.0,0.0,True,True,True,True,True
F0,e2bv2f0_763bc376129653691f8c,v2e2_c9b994f593c92dd9efa9,qwen_flash,C2,carrier_consistent,0.0,0.0,0.0,0.0,0.0,0.0,0.0,True,True,True,True,True
F0,e2bv2f0_763bc376129653691f8c,v2e2_c9b994f593c92dd9efa9,qwen_flash,C2,authoritative,0.0,0.0,0.0,0.0,0.0,0.0,0.0,True,True,True,True,True
F0,e2bv2f0_763bc376129653691f8c,v2e2_c9b994f593c92dd9efa9,qwen_flash,S2,carrier_consistent,0.0,0.0,0.0,0.0,0.0,0.0,0.0,True,True,True,True,True
F0,e2bv2f0_763bc376129653691f8c,v2e2_c9b994f593c92dd9efa9,qwen_flash,S2,authoritative,0.0,0.0,0.0,0.0,0.0,0.0,0.0,True,True,True,True,True
F0,e2bv2f0_763bc376129653691f8c,v2e2_c9b994f593c92dd9efa9,qwen_flash,C1,carrier_consistent,0.0,0.0,0.0,0.0,0.0,0.0,0.0,True,True,True,True,True
F0,e2bv2f0_763bc376129653691f8c,v2e2_c9b994f593c92dd9efa9,qwen_flash,C1,authoritative,0.0,0.0,0.0,0.0,0.0,0.0,0.0,True,True,True,True,True
F0,e2bv2f0_7910d2c9c4a8669c3d46,v2e2_1fd8536d13787e44dc17,deepseek_formal,C2,carrier_consistent,0.0,0.0,0.0,0.0,0.0,0.0,0.0,True,True,True,True,True
F0,e2bv2f0_7910d2c9c4a8669c3d46,v2e2_1fd8536d13787e44dc17,deepseek_formal,C2,authoritative,0.0,0.0,0.0,0.0,0.0,0.0,0.0,True,True,True,True,True
F0,e2bv2f0_7910d2c9c4a8669c3d46,v2e2_1fd8536d13787e44dc17,deepseek_formal,S2,carrier_consistent,0.0,0.0,0.0,0.0,0.0,0.0,0.0,True,True,True,True,True
F0,e2bv2f0_7910d2c9c4a8669c3d46,v2e2_1fd8536d13787e44dc17,deepseek_formal,S2,authoritative,0.0,0.0,0.0,0.0,0.0,0.0,0.0,True,True,True,True,True
F0,e2bv2f0_7910d2c9c4a8669c3d46,v2e2_1fd8536d13787e44dc17,deepseek_formal,C1,carrier_consistent,0.0,0.0,0.0,0.0,0.0,0.0,0.0,True,True,True,True,True
F0,e2bv2f0_7910d2c9c4a8669c3d46,v2e2_1fd8536d13787e44dc17,deepseek_formal,C1,authoritative,0.0,0.0,0.0,0.0,0.0,0.0,0.0,True,True,True,True,True
F0,e2bv2f0_7910d2c9c4a8669c3d46,v2e2_1fd8536d13787e44dc17,deepseek_formal,S1,carrier_consistent,0.0,0.0,0.0,0.0,0.0,0.0,0.0,True,True,True,True,True
F0,e2bv2f0_7910d2c9c4a8669c3d46,v2e2_1fd8536d13787e44dc17,deepseek_formal,S1,authoritative,0.0,0.0,0.0,0.0,0.0,0.0,0.0,True,True,True,True,True
F0,e2bv2f0_808d81b0f85717709978,v2e2_07ecea8c63a586f9fa3b,deepseek_formal,C2,carrier_consistent,0.0,0.0,0.0,0.0,0.0,0.0,0.0,True,True,True,True,True
F0,e2bv2f0_808d81b0f85717709978,v2e2_07ecea8c63a586f9fa3b,deepseek_formal,C2,authoritative,0.0,0.0,0.0,0.0,0.0,0.0,0.0,True,True,True,True,True
F0,e2bv2f0_808d81b0f85717709978,v2e2_07ecea8c63a586f9fa3b,deepseek_formal,S2,carrier_consistent,0.0,0.0,0.0,0.0,0.0,0.0,0.0,True,True,True,True,True
F0,e2bv2f0_808d81b0f85717709978,v2e2_07ecea8c63a586f9fa3b,deepseek_formal,S2,authoritative,0.0,0.0,0.0,0.0,0.0,0.0,0.0,True,True,True,True,True
F0,e2bv2f0_808d81b0f85717709978,v2e2_07ecea8c63a586f9fa3b,deepseek_formal,C1,carrier_consistent,0.0,0.0,0.0,0.0,0.0,0.0,0.0,True,True,True,True,True
F0,e2bv2f0_808d81b0f85717709978,v2e2_07ecea8c63a586f9fa3b,deepseek_formal,C1,authoritative,0.0,0.0,0.0,0.0,0.0,0.0,0.0,True,True,True,True,True
F0,e2bv2f0_808d81b0f85717709978,v2e2_07ecea8c63a586f9fa3b,deepseek_formal,S1,carrier_consistent,0.0,0.0,0.0,0.0,0.0,0.0,0.0,True,True,True,True,True
F0,e2bv2f0_808d81b0f85717709978,v2e2_07ecea8c63a586f9fa3b,deepseek_formal,S1,authoritative,0.0,0.0,0.0,0.0,0.0,0.0,0.0,True,True,True,True,True
F0,e2bv2f0_822a44de238adf0e8ad8,v2e2_47a354a03084871e0ca3,qwen_flash,S2,carrier_consistent,0.0,0.0,0.0,0.0,0.0,0.0,0.0,True,True,True,True,True
F0,e2bv2f0_822a44de238adf0e8ad8,v2e2_47a354a03084871e0ca3,qwen_flash,S2,authoritative,0.0,0.0,0.0,0.0,0.0,0.0,0.0,True,True,True,True,True
F0,e2bv2f0_822a44de238adf0e8ad8,v2e2_47a354a03084871e0ca3,qwen_flash,C1,carrier_consistent,0.0,0.0,0.0,0.0,0.0,0.0,0.0,True,True,True,True,True
F0,e2bv2f0_822a44de238adf0e8ad8,v2e2_47a354a03084871e0ca3,qwen_flash,C1,authoritative,0.0,0.0,0.0,0.0,0.0,0.0,0.0,True,True,True,True,True
F0,e2bv2f0_822a44de238adf0e8ad8,v2e2_47a354a03084871e0ca3,qwen_flash,S1,carrier_consistent,0.0,0.0,0.0,0.0,0.0,0.0,0.0,True,True,True,True,True
F0,e2bv2f0_822a44de238adf0e8ad8,v2e2_47a354a03084871e0ca3,qwen_flash,S1,authoritative,0.0,0.0,0.0,0.0,0.0,0.0,0.0,True,True,True,True,True
F0,e2bv2f0_822a44de238adf0e8ad8,v2e2_47a354a03084871e0ca3,qwen_flash,C2,carrier_consistent,0.0,0.0,0.0,0.0,0.0,0.0,0.0,True,True,True,True,True
F0,e2bv2f0_822a44de238adf0e8ad8,v2e2_47a354a03084871e0ca3,qwen_flash,C2,authoritative,0.0,0.0,0.0,0.0,0.0,0.0,0.0,True,True,True,True,True
F0,e2bv2f0_878d5f12eaa6bb4e1b3e,v2e2_12b72852882928644d40,deepseek_formal,C2,carrier_consistent,0.0,0.0,0.0,0.0,0.0,0.0,0.0,True,True,True,True,True
F0,e2bv2f0_878d5f12eaa6bb4e1b3e,v2e2_12b72852882928644d40,deepseek_formal,C2,authoritative,0.0,0.0,0.0,0.0,0.0,0.0,0.0,True,True,True,True,True
F0,e2bv2f0_878d5f12eaa6bb4e1b3e,v2e2_12b72852882928644d40,deepseek_formal,S2,carrier_consistent,0.0,0.0,0.0,0.0,0.0,0.0,0.0,True,True,True,True,True
F0,e2bv2f0_878d5f12eaa6bb4e1b3e,v2e2_12b72852882928644d40,deepseek_formal,S2,authoritative,0.0,0.0,0.0,0.0,0.0,0.0,0.0,True,True,True,True,True
F0,e2bv2f0_878d5f12eaa6bb4e1b3e,v2e2_12b72852882928644d40,deepseek_formal,C1,carrier_consistent,0.0,0.0,0.0,0.0,0.0,0.0,0.0,True,True,True,True,True
F0,e2bv2f0_878d5f12eaa6bb4e1b3e,v2e2_12b72852882928644d40,deepseek_formal,C1,authoritative,0.0,0.0,0.0,0.0,0.0,0.0,0.0,True,True,True,True,True
F0,e2bv2f0_878d5f12eaa6bb4e1b3e,v2e2_12b72852882928644d40,deepseek_formal,S1,carrier_consistent,0.0,0.0,0.0,0.0,0.0,0.0,0.0,True,True,True,True,True
F0,e2bv2f0_878d5f12eaa6bb4e1b3e,v2e2_12b72852882928644d40,deepseek_formal,S1,authoritative,0.0,0.0,0.0,0.0,0.0,0.0,0.0,True,True,True,True,True
F0,e2bv2f0_87c35364ffbbc8c093ca,v2e2_599ab783e7af2d598059,deepseek_formal,C1,carrier_consistent,0.0,0.0,0.0,0.0,0.0,0.0,0.0,True,True,True,True,True
F0,e2bv2f0_87c35364ffbbc8c093ca,v2e2_599ab783e7af2d598059,deepseek_formal,C1,authoritative,0.0,0.0,0.0,0.0,0.0,0.0,0.0,True,True,True,True,True
F0,e2bv2f0_87c35364ffbbc8c093ca,v2e2_599ab783e7af2d598059,deepseek_formal,S1,carrier_consistent,0.0,0.0,0.0,0.0,0.0,0.0,0.0,True,True,True,True,True
F0,e2bv2f0_87c35364ffbbc8c093ca,v2e2_599ab783e7af2d598059,deepseek_formal,S1,authoritative,0.0,0.0,0.0,0.0,0.0,0.0,0.0,True,True,True,True,True
F0,e2bv2f0_87c35364ffbbc8c093ca,v2e2_599ab783e7af2d598059,deepseek_formal,C2,carrier_consistent,0.0,0.0,0.0,0.0,0.0,0.0,0.0,True,True,True,True,True
F0,e2bv2f0_87c35364ffbbc8c093ca,v2e2_599ab783e7af2d598059,deepseek_formal,C2,authoritative,0.0,0.0,0.0,0.0,0.0,0.0,0.0,True,True,True,True,True
F0,e2bv2f0_87c35364ffbbc8c093ca,v2e2_599ab783e7af2d598059,deepseek_formal,S2,carrier_consistent,0.0,0.0,0.0,0.0,0.0,0.0,0.0,True,True,True,True,True
F0,e2bv2f0_87c35364ffbbc8c093ca,v2e2_599ab783e7af2d598059,deepseek_formal,S2,authoritative,0.0,0.0,0.0,0.0,0.0,0.0,0.0,True,True,True,True,True
F0,e2bv2f0_a71c38f29300edd14359,v2e2_20534de655a33fde87ca,deepseek_formal,S1,carrier_consistent,0.0,0.0,0.0,0.0,0.0,0.0,0.0,True,True,True,True,True
F0,e2bv2f0_a71c38f29300edd14359,v2e2_20534de655a33fde87ca,deepseek_formal,S1,authoritative,0.0,0.0,0.0,0.0,0.0,0.0,0.0,True,True,True,True,True
F0,e2bv2f0_a71c38f29300edd14359,v2e2_20534de655a33fde87ca,deepseek_formal,C2,carrier_consistent,0.0,0.0,0.0,0.0,0.0,0.0,0.0,True,True,True,True,True
F0,e2bv2f0_a71c38f29300edd14359,v2e2_20534de655a33fde87ca,deepseek_formal,C2,authoritative,0.0,0.0,0.0,0.0,0.0,0.0,0.0,True,True,True,True,True
F0,e2bv2f0_a71c38f29300edd14359,v2e2_20534de655a33fde87ca,deepseek_formal,S2,carrier_consistent,0.0,0.0,0.0,0.0,0.0,0.0,0.0,True,True,True,True,True
F0,e2bv2f0_a71c38f29300edd14359,v2e2_20534de655a33fde87ca,deepseek_formal,S2,authoritative,0.0,0.0,0.0,0.0,0.0,0.0,0.0,True,True,True,True,True
F0,e2bv2f0_a71c38f29300edd14359,v2e2_20534de655a33fde87ca,deepseek_formal,C1,carrier_consistent,0.0,0.0,0.0,0.0,0.0,0.0,0.0,True,True,True,True,True
F0,e2bv2f0_a71c38f29300edd14359,v2e2_20534de655a33fde87ca,deepseek_formal,C1,authoritative,0.0,0.0,0.0,0.0,0.0,0.0,0.0,True,True,True,True,True
F0,e2bv2f0_b500cd6c762b1feea5cd,v2e2_20534de655a33fde87ca,qwen_flash,S1,carrier_consistent,0.0,0.0,0.0,0.0,0.0,0.0,0.0,True,True,True,True,True
F0,e2bv2f0_b500cd6c762b1feea5cd,v2e2_20534de655a33fde87ca,qwen_flash,S1,authoritative,0.0,0.0,0.0,0.0,0.0,0.0,0.0,True,True,True,True,True
F0,e2bv2f0_b500cd6c762b1feea5cd,v2e2_20534de655a33fde87ca,qwen_flash,C2,carrier_consistent,0.0,0.0,0.0,0.0,0.0,0.0,0.0,True,True,True,True,True
F0,e2bv2f0_b500cd6c762b1feea5cd,v2e2_20534de655a33fde87ca,qwen_flash,C2,authoritative,0.0,0.0,0.0,0.0,0.0,0.0,0.0,True,True,True,True,True
F0,e2bv2f0_b500cd6c762b1feea5cd,v2e2_20534de655a33fde87ca,qwen_flash,S2,carrier_consistent,0.0,0.0,0.0,0.0,0.0,0.0,0.0,True,True,True,True,True
F0,e2bv2f0_b500cd6c762b1feea5cd,v2e2_20534de655a33fde87ca,qwen_flash,S2,authoritative,0.0,0.0,0.0,0.0,0.0,0.0,0.0,True,True,True,True,True
F0,e2bv2f0_b500cd6c762b1feea5cd,v2e2_20534de655a33fde87ca,qwen_flash,C1,carrier_consistent,0.0,0.0,0.0,0.0,0.0,0.0,0.0,True,True,True,True,True
F0,e2bv2f0_b500cd6c762b1feea5cd,v2e2_20534de655a33fde87ca,qwen_flash,C1,authoritative,0.0,0.0,0.0,0.0,0.0,0.0,0.0,True,True,True,True,True
F0,e2bv2f0_b8cb7de94c5b3b00907d,v2e2_01647af4ab413aad9430,deepseek_formal,C2,carrier_consistent,0.0,0.0,0.0,0.0,0.0,0.0,0.0,True,True,True,True,True
F0,e2bv2f0_b8cb7de94c5b3b00907d,v2e2_01647af4ab413aad9430,deepseek_formal,C2,authoritative,0.0,0.0,0.0,0.0,0.0,0.0,0.0,True,True,True,True,True
F0,e2bv2f0_b8cb7de94c5b3b00907d,v2e2_01647af4ab413aad9430,deepseek_formal,S2,carrier_consistent,0.0,0.0,0.0,0.0,0.0,0.0,0.0,True,True,True,True,True
F0,e2bv2f0_b8cb7de94c5b3b00907d,v2e2_01647af4ab413aad9430,deepseek_formal,S2,authoritative,0.0,0.0,0.0,0.0,0.0,0.0,0.0,True,True,True,True,True
F0,e2bv2f0_b8cb7de94c5b3b00907d,v2e2_01647af4ab413aad9430,deepseek_formal,C1,carrier_consistent,0.0,0.0,0.0,0.0,0.0,0.0,0.0,True,True,True,True,True
F0,e2bv2f0_b8cb7de94c5b3b00907d,v2e2_01647af4ab413aad9430,deepseek_formal,C1,authoritative,0.0,0.0,0.0,0.0,0.0,0.0,0.0,True,True,True,True,True
F0,e2bv2f0_b8cb7de94c5b3b00907d,v2e2_01647af4ab413aad9430,deepseek_formal,S1,carrier_consistent,0.0,0.0,0.0,0.0,0.0,0.0,0.0,True,True,True,True,True
F0,e2bv2f0_b8cb7de94c5b3b00907d,v2e2_01647af4ab413aad9430,deepseek_formal,S1,authoritative,0.0,0.0,0.0,0.0,0.0,0.0,0.0,True,True,True,True,True
F0,e2bv2f0_bdcdea7c8e40d95eb8f4,v2e2_599ab783e7af2d598059,qwen_flash,C1,carrier_consistent,0.0,0.0,0.0,0.0,0.0,0.0,0.0,True,True,True,True,True
F0,e2bv2f0_bdcdea7c8e40d95eb8f4,v2e2_599ab783e7af2d598059,qwen_flash,C1,authoritative,0.0,0.0,0.0,0.0,0.0,0.0,0.0,True,True,True,True,True
F0,e2bv2f0_bdcdea7c8e40d95eb8f4,v2e2_599ab783e7af2d598059,qwen_flash,S1,carrier_consistent,0.0,0.0,0.0,0.0,0.0,0.0,0.0,True,True,True,True,True
F0,e2bv2f0_bdcdea7c8e40d95eb8f4,v2e2_599ab783e7af2d598059,qwen_flash,S1,authoritative,0.0,0.0,0.0,0.0,0.0,0.0,0.0,True,True,True,True,True
F0,e2bv2f0_bdcdea7c8e40d95eb8f4,v2e2_599ab783e7af2d598059,qwen_flash,C2,carrier_consistent,0.0,0.0,0.0,0.0,0.0,0.0,0.0,True,True,True,True,True
F0,e2bv2f0_bdcdea7c8e40d95eb8f4,v2e2_599ab783e7af2d598059,qwen_flash,C2,authoritative,0.0,0.0,0.0,0.0,0.0,0.0,0.0,True,True,True,True,True
F0,e2bv2f0_bdcdea7c8e40d95eb8f4,v2e2_599ab783e7af2d598059,qwen_flash,S2,carrier_consistent,0.0,0.0,0.0,0.0,0.0,0.0,0.0,True,True,True,True,True
F0,e2bv2f0_bdcdea7c8e40d95eb8f4,v2e2_599ab783e7af2d598059,qwen_flash,S2,authoritative,0.0,0.0,0.0,0.0,0.0,0.0,0.0,True,True,True,True,True
F0,e2bv2f0_bf5f4cc90ad08ad815dc,v2e2_7778cc641046e1b0a2cd,qwen_flash,S2,carrier_consistent,0.0,0.0,0.0,0.0,0.0,0.0,0.0,True,True,True,True,True
F0,e2bv2f0_bf5f4cc90ad08ad815dc,v2e2_7778cc641046e1b0a2cd,qwen_flash,S2,authoritative,0.0,0.0,0.0,0.0,0.0,0.0,0.0,True,True,True,True,True
F0,e2bv2f0_bf5f4cc90ad08ad815dc,v2e2_7778cc641046e1b0a2cd,qwen_flash,C1,carrier_consistent,0.0,0.0,0.0,0.0,0.0,0.0,0.0,True,True,True,True,True
F0,e2bv2f0_bf5f4cc90ad08ad815dc,v2e2_7778cc641046e1b0a2cd,qwen_flash,C1,authoritative,0.0,0.0,0.0,0.0,0.0,0.0,0.0,True,True,True,True,True
F0,e2bv2f0_bf5f4cc90ad08ad815dc,v2e2_7778cc641046e1b0a2cd,qwen_flash,S1,carrier_consistent,0.0,0.0,0.0,0.0,0.0,0.0,0.0,True,True,True,True,True
F0,e2bv2f0_bf5f4cc90ad08ad815dc,v2e2_7778cc641046e1b0a2cd,qwen_flash,S1,authoritative,0.0,0.0,0.0,0.0,0.0,0.0,0.0,True,True,True,True,True
F0,e2bv2f0_bf5f4cc90ad08ad815dc,v2e2_7778cc641046e1b0a2cd,qwen_flash,C2,carrier_consistent,0.0,0.0,0.0,0.0,0.0,0.0,0.0,True,True,True,True,True
F0,e2bv2f0_bf5f4cc90ad08ad815dc,v2e2_7778cc641046e1b0a2cd,qwen_flash,C2,authoritative,0.0,0.0,0.0,0.0,0.0,0.0,0.0,True,True,True,True,True
F0,e2bv2f0_c0cf605fe84623c1d38d,v2e2_7b2e0628b0d7b7a4badd,deepseek_formal,S2,carrier_consistent,0.0,0.0,0.0,0.0,0.0,0.0,0.0,True,True,True,True,True
F0,e2bv2f0_c0cf605fe84623c1d38d,v2e2_7b2e0628b0d7b7a4badd,deepseek_formal,S2,authoritative,0.0,0.0,0.0,0.0,0.0,0.0,0.0,True,True,True,True,True
F0,e2bv2f0_c0cf605fe84623c1d38d,v2e2_7b2e0628b0d7b7a4badd,deepseek_formal,C1,carrier_consistent,0.0,0.0,0.0,0.0,0.0,0.0,0.0,True,True,True,True,True
F0,e2bv2f0_c0cf605fe84623c1d38d,v2e2_7b2e0628b0d7b7a4badd,deepseek_formal,C1,authoritative,0.0,0.0,0.0,0.0,0.0,0.0,0.0,True,True,True,True,True
F0,e2bv2f0_c0cf605fe84623c1d38d,v2e2_7b2e0628b0d7b7a4badd,deepseek_formal,S1,carrier_consistent,0.0,0.0,0.0,0.0,0.0,0.0,0.0,True,True,True,True,True
F0,e2bv2f0_c0cf605fe84623c1d38d,v2e2_7b2e0628b0d7b7a4badd,deepseek_formal,S1,authoritative,0.0,0.0,0.0,0.0,0.0,0.0,0.0,True,True,True,True,True
F0,e2bv2f0_c0cf605fe84623c1d38d,v2e2_7b2e0628b0d7b7a4badd,deepseek_formal,C2,carrier_consistent,0.0,0.0,0.0,0.0,0.0,0.0,0.0,True,True,True,True,True
F0,e2bv2f0_c0cf605fe84623c1d38d,v2e2_7b2e0628b0d7b7a4badd,deepseek_formal,C2,authoritative,0.0,0.0,0.0,0.0,0.0,0.0,0.0,True,True,True,True,True
F0,e2bv2f0_ca6db573b3e3a83d61ea,v2e2_07ecea8c63a586f9fa3b,qwen_flash,C2,carrier_consistent,0.0,0.0,0.0,0.0,0.0,0.0,0.0,True,True,True,True,True
F0,e2bv2f0_ca6db573b3e3a83d61ea,v2e2_07ecea8c63a586f9fa3b,qwen_flash,C2,authoritative,0.0,0.0,0.0,0.0,0.0,0.0,0.0,True,True,True,True,True
F0,e2bv2f0_ca6db573b3e3a83d61ea,v2e2_07ecea8c63a586f9fa3b,qwen_flash,S2,carrier_consistent,0.0,0.0,0.0,0.0,0.0,0.0,0.0,True,True,True,True,True
F0,e2bv2f0_ca6db573b3e3a83d61ea,v2e2_07ecea8c63a586f9fa3b,qwen_flash,S2,authoritative,0.0,0.0,0.0,0.0,0.0,0.0,0.0,True,True,True,True,True
F0,e2bv2f0_ca6db573b3e3a83d61ea,v2e2_07ecea8c63a586f9fa3b,qwen_flash,C1,carrier_consistent,0.0,0.0,0.0,0.0,0.0,0.0,0.0,True,True,True,True,True
F0,e2bv2f0_ca6db573b3e3a83d61ea,v2e2_07ecea8c63a586f9fa3b,qwen_flash,C1,authoritative,0.0,0.0,0.0,0.0,0.0,0.0,0.0,True,True,True,True,True
F0,e2bv2f0_ca6db573b3e3a83d61ea,v2e2_07ecea8c63a586f9fa3b,qwen_flash,S1,carrier_consistent,0.0,0.0,0.0,0.0,0.0,0.0,0.0,True,True,True,True,True
F0,e2bv2f0_ca6db573b3e3a83d61ea,v2e2_07ecea8c63a586f9fa3b,qwen_flash,S1,authoritative,0.0,0.0,0.0,0.0,0.0,0.0,0.0,True,True,True,True,True
F0,e2bv2f0_ecda0368068c6c42e61f,v2e2_28d9724eea09520d5cd7,deepseek_formal,S1,carrier_consistent,0.0,0.0,0.0,0.0,0.0,0.0,0.0,True,True,True,True,True
F0,e2bv2f0_ecda0368068c6c42e61f,v2e2_28d9724eea09520d5cd7,deepseek_formal,S1,authoritative,0.0,0.0,0.0,0.0,0.0,0.0,0.0,True,True,True,True,True
F0,e2bv2f0_ecda0368068c6c42e61f,v2e2_28d9724eea09520d5cd7,deepseek_formal,C2,carrier_consistent,0.0,0.0,0.0,0.0,0.0,0.0,0.0,True,True,True,True,True
F0,e2bv2f0_ecda0368068c6c42e61f,v2e2_28d9724eea09520d5cd7,deepseek_formal,C2,authoritative,0.0,0.0,0.0,0.0,0.0,0.0,0.0,True,True,True,True,True
F0,e2bv2f0_ecda0368068c6c42e61f,v2e2_28d9724eea09520d5cd7,deepseek_formal,S2,carrier_consistent,0.0,0.0,0.0,0.0,0.0,0.0,0.0,True,True,True,True,True
F0,e2bv2f0_ecda0368068c6c42e61f,v2e2_28d9724eea09520d5cd7,deepseek_formal,S2,authoritative,0.0,0.0,0.0,0.0,0.0,0.0,0.0,True,True,True,True,True
F0,e2bv2f0_ecda0368068c6c42e61f,v2e2_28d9724eea09520d5cd7,deepseek_formal,C1,carrier_consistent,0.0,0.0,0.0,0.0,0.0,0.0,0.0,True,True,True,True,True
F0,e2bv2f0_ecda0368068c6c42e61f,v2e2_28d9724eea09520d5cd7,deepseek_formal,C1,authoritative,0.0,0.0,0.0,0.0,0.0,0.0,0.0,True,True,True,True,True
F0,e2bv2f0_ef3291d9c117a649cf07,v2e2_12b72852882928644d40,qwen_flash,C2,carrier_consistent,0.0,0.0,0.0,0.0,0.0,0.0,0.0,True,True,True,True,True
F0,e2bv2f0_ef3291d9c117a649cf07,v2e2_12b72852882928644d40,qwen_flash,C2,authoritative,0.0,0.0,0.0,0.0,0.0,0.0,0.0,True,True,True,True,True
F0,e2bv2f0_ef3291d9c117a649cf07,v2e2_12b72852882928644d40,qwen_flash,S2,carrier_consistent,0.0,0.0,0.0,0.0,0.0,0.0,0.0,True,True,True,True,True
F0,e2bv2f0_ef3291d9c117a649cf07,v2e2_12b72852882928644d40,qwen_flash,S2,authoritative,0.0,0.0,0.0,0.0,0.0,0.0,0.0,True,True,True,True,True
F0,e2bv2f0_ef3291d9c117a649cf07,v2e2_12b72852882928644d40,qwen_flash,C1,carrier_consistent,0.0,0.0,0.0,0.0,0.0,0.0,0.0,True,True,True,True,True
F0,e2bv2f0_ef3291d9c117a649cf07,v2e2_12b72852882928644d40,qwen_flash,C1,authoritative,0.0,0.0,0.0,0.0,0.0,0.0,0.0,True,True,True,True,True
F0,e2bv2f0_ef3291d9c117a649cf07,v2e2_12b72852882928644d40,qwen_flash,S1,carrier_consistent,0.0,0.0,0.0,0.0,0.0,0.0,0.0,True,True,True,True,True
F0,e2bv2f0_ef3291d9c117a649cf07,v2e2_12b72852882928644d40,qwen_flash,S1,authoritative,0.0,0.0,0.0,0.0,0.0,0.0,0.0,True,True,True,True,True
F0,e2bv2f0_ef4b0536aeee7f77bc8c,v2e2_7f938d120000eec26457,qwen_flash,S1,carrier_consistent,0.0,0.0,0.0,0.0,0.0,0.0,0.0,True,True,True,True,True
F0,e2bv2f0_ef4b0536aeee7f77bc8c,v2e2_7f938d120000eec26457,qwen_flash,S1,authoritative,0.0,0.0,0.0,0.0,0.0,0.0,0.0,True,True,True,True,True
F0,e2bv2f0_ef4b0536aeee7f77bc8c,v2e2_7f938d120000eec26457,qwen_flash,C2,carrier_consistent,0.0,0.0,0.0,0.0,0.0,0.0,0.0,True,True,True,True,True
F0,e2bv2f0_ef4b0536aeee7f77bc8c,v2e2_7f938d120000eec26457,qwen_flash,C2,authoritative,0.0,0.0,0.0,0.0,0.0,0.0,0.0,True,True,True,True,True
F0,e2bv2f0_ef4b0536aeee7f77bc8c,v2e2_7f938d120000eec26457,qwen_flash,S2,carrier_consistent,0.0,0.0,0.0,0.0,0.0,0.0,0.0,True,True,True,True,True
F0,e2bv2f0_ef4b0536aeee7f77bc8c,v2e2_7f938d120000eec26457,qwen_flash,S2,authoritative,0.0,0.0,0.0,0.0,0.0,0.0,0.0,True,True,True,True,True
F0,e2bv2f0_ef4b0536aeee7f77bc8c,v2e2_7f938d120000eec26457,qwen_flash,C1,carrier_consistent,0.0,0.0,0.0,0.0,0.0,0.0,0.0,True,True,True,True,True
F0,e2bv2f0_ef4b0536aeee7f77bc8c,v2e2_7f938d120000eec26457,qwen_flash,C1,authoritative,0.0,0.0,0.0,0.0,0.0,0.0,0.0,True,True,True,True,True
F0,e2bv2f0_fa3f8fd8388973c136f6,v2e2_c9b994f593c92dd9efa9,deepseek_formal,S1,carrier_consistent,0.0,0.0,0.0,0.0,0.0,0.0,0.0,True,True,True,True,True
F0,e2bv2f0_fa3f8fd8388973c136f6,v2e2_c9b994f593c92dd9efa9,deepseek_formal,S1,authoritative,0.0,0.0,0.0,0.0,0.0,0.0,0.0,True,True,True,True,True
F0,e2bv2f0_fa3f8fd8388973c136f6,v2e2_c9b994f593c92dd9efa9,deepseek_formal,C2,carrier_consistent,0.0,0.0,0.0,0.0,0.0,0.0,0.0,True,True,True,True,True
F0,e2bv2f0_fa3f8fd8388973c136f6,v2e2_c9b994f593c92dd9efa9,deepseek_formal,C2,authoritative,0.0,0.0,0.0,0.0,0.0,0.0,0.0,True,True,True,True,True
F0,e2bv2f0_fa3f8fd8388973c136f6,v2e2_c9b994f593c92dd9efa9,deepseek_formal,S2,carrier_consistent,0.0,0.0,0.0,0.0,0.0,0.0,0.0,True,True,True,True,True
F0,e2bv2f0_fa3f8fd8388973c136f6,v2e2_c9b994f593c92dd9efa9,deepseek_formal,S2,authoritative,0.0,0.0,0.0,0.0,0.0,0.0,0.0,True,True,True,True,True
F0,e2bv2f0_fa3f8fd8388973c136f6,v2e2_c9b994f593c92dd9efa9,deepseek_formal,C1,carrier_consistent,0.0,0.0,0.0,0.0,0.0,0.0,0.0,True,True,True,True,True
F0,e2bv2f0_fa3f8fd8388973c136f6,v2e2_c9b994f593c92dd9efa9,deepseek_formal,C1,authoritative,0.0,0.0,0.0,0.0,0.0,0.0,0.0,True,True,True,True,True
F0,e2bv2f0_fa6a0707cfded0c748ad,v2e2_1fd8536d13787e44dc17,qwen_flash,C2,carrier_consistent,0.0,0.0,0.0,0.0,0.0,0.0,0.0,True,True,True,True,True
F0,e2bv2f0_fa6a0707cfded0c748ad,v2e2_1fd8536d13787e44dc17,qwen_flash,C2,authoritative,0.0,0.0,0.0,0.0,0.0,0.0,0.0,True,True,True,True,True
F0,e2bv2f0_fa6a0707cfded0c748ad,v2e2_1fd8536d13787e44dc17,qwen_flash,S2,carrier_consistent,0.0,0.0,0.0,0.0,0.0,0.0,0.0,True,True,True,True,True
F0,e2bv2f0_fa6a0707cfded0c748ad,v2e2_1fd8536d13787e44dc17,qwen_flash,S2,authoritative,0.0,0.0,0.0,0.0,0.0,0.0,0.0,True,True,True,True,True
F0,e2bv2f0_fa6a0707cfded0c748ad,v2e2_1fd8536d13787e44dc17,qwen_flash,C1,carrier_consistent,0.0,0.0,0.0,0.0,0.0,0.0,0.0,True,True,True,True,True
F0,e2bv2f0_fa6a0707cfded0c748ad,v2e2_1fd8536d13787e44dc17,qwen_flash,C1,authoritative,0.0,0.0,0.0,0.0,0.0,0.0,0.0,True,True,True,True,True
F0,e2bv2f0_fa6a0707cfded0c748ad,v2e2_1fd8536d13787e44dc17,qwen_flash,S1,carrier_consistent,0.0,0.0,0.0,0.0,0.0,0.0,0.0,True,True,True,True,True
F0,e2bv2f0_fa6a0707cfded0c748ad,v2e2_1fd8536d13787e44dc17,qwen_flash,S1,authoritative,0.0,0.0,0.0,0.0,0.0,0.0,0.0,True,True,True,True,True
