scenario_id,baseline,raw_action_energy_kwh,authoritative_raw_feasible,raw_terminal_error_kwh,raw_total_violation_energy,gate_battery_only_status,gate_battery_only_distance_kwh,gate_battery_only_distance_lower_bound_kwh,gate_battery_only_distance_optimality_gap_kwh,gate_battery_only_global_distance_optimality_proven,gate_battery_only_lp_overlap_intervals,gate_battery_only_selected_mode_source,gate_battery_only_throughput_kwh,gate_battery_only_cost_usd,gate_battery_only_curtailment_kwh,gate_battery_only_solve_seconds,gate_battery_only_regret_usd,gate_battery_only_regret_fraction_abs_opt,gate_battery_only_exact_retained_fraction,gate_expanded_system_status,gate_expanded_system_distance_kwh,gate_expanded_system_distance_lower_bound_kwh,gate_expanded_system_distance_optimality_gap_kwh,gate_expanded_system_global_distance_optimality_proven,gate_expanded_system_lp_overlap_intervals,gate_expanded_system_selected_mode_source,gate_expanded_system_throughput_kwh,gate_expanded_system_cost_usd,gate_expanded_system_curtailment_kwh,gate_expanded_system_solve_seconds,gate_expanded_system_regret_usd,gate_expanded_system_regret_fraction_abs_opt,gate_expanded_system_exact_retained_fraction
v2e2_01647af4ab413aad9430,zero,0.0,False,150.0,0.0,global_distance_optimum_lp_integral,157.89483684210526,157.89473684210526,0.00010000000000331966,True,0,lp_relaxation,157.89483684210526,707.9860530022526,0.0,0.019232749997172505,3.442207231157113,0.004885724645553823,0.9340659340659341,global_distance_optimum_lp_integral,157.89483684210526,157.89473684210526,0.00010000000000331966,True,0,lp_relaxation,157.89483684210526,707.9860530022526,0.0,0.018692666984861717,3.442207231157113,0.004885724645553823,0.9340659340659341
v2e2_01647af4ab413aad9430,heuristic,157.89473684210492,True,0.0,0.0,global_distance_optimum_lp_integral,0.00010000000000065512,0.0,0.00010000000000065512,True,0,lp_relaxation,157.89473684210492,712.008117310878,0.0,0.017556791979586706,7.464271539782544,0.010594474119085085,0.978021978021978,global_distance_optimum_lp_integral,0.00010000000000065512,0.0,0.00010000000000065512,True,0,lp_relaxation,157.89473684210492,712.008117310878,0.0,0.016931124991970137,7.464271539782544,0.010594474119085085,0.978021978021978
v2e2_01647af4ab413aad9430,stale_optimal,429.40789473684214,False,75.0,5615.878289473684,global_distance_optimum_lp_integral,71.25,71.25,0.0,True,0,lp_relaxation,358.1578947368421,704.5438457710954,0.0,0.01801645802333951,0.0,0.0,0.967032967032967,global_distance_optimum_lp_integral,71.25,71.25,0.0,True,0,lp_relaxation,358.1578947368421,704.5438457710954,0.0,0.019686292012920603,0.0,0.0,0.967032967032967
v2e2_01647af4ab413aad9430,random_static_range,2926.246846126486,False,342.8477914704432,1787.194314996586,feasible_mode_library_upper_bound,624.9605640359853,580.3193205868564,44.641243449128865,False,60,raw_sign_with_mpc_zero_anchor,2655.173429108026,737.2892865275228,0.0,0.015071958972839639,32.74544075642734,0.04647750591106044,0.4725274725274725,feasible_mode_library_upper_bound,624.9605640359853,580.3193205868564,44.641243449128865,False,60,raw_sign_with_mpc_zero_anchor,2655.173429108026,737.2892865275228,0.0,0.014738208003109321,32.74544075642734,0.04647750591106044,0.4725274725274725
v2e2_01647af4ab413aad9430,direct_mpc,358.1578947368421,True,0.0,0.0,global_distance_optimum_lp_integral,0.00010000000000331966,0.0,0.00010000000000331966,True,0,lp_relaxation,358.1578947368421,704.5438457710954,0.0,0.020647249999456108,0.0,0.0,0.978021978021978,global_distance_optimum_lp_integral,0.00010000000000331966,0.0,0.00010000000000331966,True,0,lp_relaxation,358.1578947368421,704.5438457710954,0.0,0.02047300001140684,0.0,0.0,0.978021978021978
v2e2_07ecea8c63a586f9fa3b,zero,0.0,False,25.0,0.0,feasible_mode_library_upper_bound,23.7501,0.0,23.7501,False,8,raw_sign_with_mpc_zero_anchor,23.7501,474.93622386981934,0.0,0.02167149999877438,0.2953825464052784,0.0006223285496917628,0.9770114942528736,feasible_mode_library_upper_bound,23.7501,0.0,23.7501,False,8,raw_sign_with_mpc_zero_anchor,23.7501,474.93622386981934,0.0,0.020923249976476654,0.2953825464052784,0.0006223285496917628,0.9770114942528736
v2e2_07ecea8c63a586f9fa3b,heuristic,23.75000000000083,True,0.0,0.0,global_distance_optimum_lp_integral,0.0001000000000000445,0.0,0.0001000000000000445,True,0,lp_relaxation,23.750000000000792,475.2166445936381,0.0,0.015289041999494657,0.5758032702240143,0.00121313469068219,0.9770114942528736,global_distance_optimum_lp_integral,0.0001000000000000445,0.0,0.0001000000000000445,True,0,lp_relaxation,23.750000000000792,475.2166445936381,0.0,0.015045707987155765,0.5758032702240143,0.00121313469068219,0.9770114942528736
v2e2_07ecea8c63a586f9fa3b,stale_optimal,429.4078947368421,False,100.0,974.8355263157895,feasible_mode_library_upper_bound,95.0001,0.0,95.0001,False,32,raw_sign_with_mpc_zero_anchor,524.4059434547905,475.04297348363184,0.0,0.021267500007525086,0.402132160217775,0.0008472346355541861,0.9655172413793104,feasible_mode_library_upper_bound,95.0001,0.0,95.0001,False,32,raw_sign_with_mpc_zero_anchor,524.4059434547905,475.04297348363184,0.0,0.020122457994148135,0.402132160217775,0.0008472346355541861,0.9655172413793104
v2e2_07ecea8c63a586f9fa3b,random_static_range,2641.7059419851903,False,67.41424636392657,4061.2796453724745,feasible_mode_library_upper_bound,467.3660290726841,430.03640760677183,37.32962146591228,False,27,raw_sign_with_mpc_zero_anchor,2544.9271042215273,499.0814133778536,0.0,0.015559459017822519,24.440572054439542,0.05149277079969201,0.8160919540229885,feasible_mode_library_upper_bound,467.3660290726841,430.03640760677183,37.32962146591228,False,27,raw_sign_with_mpc_zero_anchor,2544.9271042215273,499.0814133778536,0.0,0.014783332997467369,24.440572054439542,0.05149277079969201,0.8160919540229885
v2e2_07ecea8c63a586f9fa3b,direct_mpc,324.14473684210526,True,0.0,0.0,global_distance_optimum_lp_integral,0.00010000000001042508,0.0,0.00010000000001042508,True,0,lp_relaxation,324.14473684210526,474.64084132341407,0.0,0.02055333400494419,0.0,0.0,0.9770114942528736,global_distance_optimum_lp_integral,0.00010000000001042508,0.0,0.00010000000001042508,True,0,lp_relaxation,324.14473684210526,474.64084132341407,0.0,0.02023695901152678,0.0,0.0,0.9770114942528736
v2e2_12b72852882928644d40,zero,0.0,False,25.0,0.0,global_distance_optimum_lp_integral,26.315889473684212,26.315789473684212,9.999999999976694e-05,True,0,lp_relaxation,26.315889473684212,239.97742193624376,0.0,0.017874541983474046,2.579502027474007,0.010865731378207906,0.9767441860465116,global_distance_optimum_lp_integral,26.315889473684212,26.315789473684212,9.999999999976694e-05,True,0,lp_relaxation,26.315889473684212,239.97742193624376,0.0,0.019036542013054714,2.579502027474007,0.010865731378207906,0.9767441860465116
v2e2_12b72852882928644d40,heuristic,26.315789473685165,True,0.0,0.0,global_distance_optimum_lp_integral,0.00010000000000010001,0.0,0.00010000000000010001,True,0,lp_relaxation,26.315789473685182,240.44102162659055,0.0,0.016675000020768493,3.0431017178208037,0.012818569425504002,0.9767441860465116,global_distance_optimum_lp_integral,0.00010000000000010001,0.0,0.00010000000000010001,True,0,lp_relaxation,26.315789473685182,240.44102162659055,0.0,0.016290958010358736,3.0431017178208037,0.012818569425504002,0.9767441860465116
v2e2_12b72852882928644d40,stale_optimal,429.4078947368421,False,50.0,0.0,feasible_mode_library_upper_bound,47.5001,0.0,47.5001,False,17,raw_sign_with_mpc_zero_anchor,476.90604345479085,237.397930032151,0.0,0.023041125008603558,1.0123381258608788e-05,4.2643091660192844e-08,0.9534883720930233,feasible_mode_library_upper_bound,47.5001,0.0,47.5001,False,16,raw_sign_with_mpc_zero_anchor,476.90604345479085,237.397930032151,0.0,0.023090292001143098,1.0123381258608788e-05,4.2643091660192844e-08,0.9534883720930233
v2e2_12b72852882928644d40,random_static_range,2710.4155928529644,False,271.6228914830191,2138.230501181661,global_distance_optimum_lp_integral,258.04184690886785,258.0417469088679,9.999999997489795e-05,True,0,lp_relaxation,2452.3737459440963,259.848570502537,0.0,0.01615175002370961,22.45065059376722,0.0945697022214636,0.872093023255814,global_distance_optimum_lp_integral,258.04184690886785,258.0417469088679,9.999999997489795e-05,True,0,lp_relaxation,2452.3737459440963,259.848570502537,0.0,0.01621662499383092,22.45065059376722,0.0945697022214636,0.8604651162790697
v2e2_12b72852882928644d40,direct_mpc,476.9078947368421,True,0.0,1.0089706847793423e-12,global_distance_optimum_lp_integral,0.00010000000000110477,0.0,0.00010000000000110477,True,0,lp_relaxation,476.9078947368421,237.39791990876975,0.0,0.019457666989183053,0.0,0.0,0.9767441860465116,global_distance_optimum_lp_integral,9.999999999266151e-05,0.0,9.999999999266151e-05,True,0,lp_relaxation,476.9078947368421,237.39791990876975,0.0,0.020040584000525996,0.0,0.0,0.9767441860465116
v2e2_16b5f26ad506f7afac02,zero,0.0,False,150.0,0.0,global_distance_optimum_lp_integral,157.89483684210526,157.89473684210526,0.00010000000000331966,True,0,lp_relaxation,157.89483684210526,236.0449239679488,0.0,0.01623845798894763,1.6896416317469516,0.007209744175183653,0.9506172839506173,global_distance_optimum_lp_integral,157.89483684210526,157.89473684210526,0.00010000000000331966,True,0,lp_relaxation,157.89483684210526,236.0449239679488,0.0,0.01658404100453481,1.6896416317469516,0.007209744175183653,0.9506172839506173
v2e2_16b5f26ad506f7afac02,heuristic,157.89473684210594,True,0.0,0.0,global_distance_optimum_lp_integral,0.00010000000000021103,0.0,0.00010000000000021103,True,0,lp_relaxation,157.89473684210589,237.94102403339753,0.0,0.01633358301478438,3.5857416971956866,0.015300451781802156,0.9753086419753086,global_distance_optimum_lp_integral,0.00010000000000021103,0.0,0.00010000000000021103,True,0,lp_relaxation,157.89473684210589,237.94102403339753,0.0,0.015432083979249,3.5857416971956866,0.015300451781802156,0.9753086419753086
v2e2_16b5f26ad506f7afac02,stale_optimal,530.4885413427978,False,75.0,632.4592065789475,global_distance_optimum_lp_integral,71.2501,71.25,0.00010000000000331966,True,0,lp_relaxation,459.2385413427978,234.49950305988605,0.0,0.01732216600794345,0.14422072368421368,0.0006153935266426691,0.9506172839506173,global_distance_optimum_lp_integral,71.2501,71.25,0.00010000000000331966,True,0,lp_relaxation,459.2385413427978,234.49950305988605,0.0,0.017368000000715256,0.14422072368421368,0.0006153935266426691,0.9506172839506173
v2e2_16b5f26ad506f7afac02,random_static_range,2608.7273928366944,False,20.413417494724797,3299.877310289146,feasible_mode_library_upper_bound,259.3574174161268,223.97852393536346,35.37889348076334,False,31,raw_sign_with_mpc_zero_anchor,2628.1181881746334,264.19710295119455,0.0,0.014680666994536296,29.841820614992713,0.1273358138869777,0.8148148148148148,feasible_mode_library_upper_bound,252.15287745633964,220.37625395546974,31.776623500869903,False,27,raw_sign_with_mpc_zero_anchor,2628.1181881746325,264.45848366093566,3.602269979893588,0.014111042022705078,30.103201324733817,0.12845113207880807,0.8395061728395061
v2e2_16b5f26ad506f7afac02,direct_mpc,609.4359097638503,True,0.0,6.394884621840902e-14,global_distance_optimum_lp_integral,1.0480505352461478e-13,-1.4210854715202004e-14,1.1901590823981678e-13,True,0,lp_relaxation,609.4359097638504,234.35528233620184,0.0,0.018821582983946428,0.0,0.0,1.0,global_distance_optimum_lp_integral,1.0480505352461478e-13,-1.4210854715202004e-14,1.1901590823981678e-13,True,0,lp_relaxation,609.4359097638504,234.35528233620184,0.0,0.01842320800642483,0.0,0.0,1.0
v2e2_16c288d882ac6a326385,zero,0.0,False,125.0,0.0,global_distance_optimum_lp_integral,131.57904736842104,131.57894736842104,0.00010000000000331966,True,0,lp_relaxation,131.57904736842104,408.929348319955,0.0,0.019286666007246822,1.2139715234275172,0.002977497520367882,0.9565217391304348,global_distance_optimum_lp_integral,131.57904736842104,131.57894736842104,0.00010000000000331966,True,0,lp_relaxation,131.57904736842104,408.929348319955,0.0,0.019472832995234057,1.2139715234275172,0.002977497520367882,0.9565217391304348
v2e2_16c288d882ac6a326385,heuristic,131.57894736842093,True,0.0,0.0,global_distance_optimum_lp_integral,0.00010000000000043308,0.0,0.00010000000000043308,True,0,lp_relaxation,131.57894736842093,411.04979820363224,0.0,0.017859790998045355,3.3344214071047418,0.00817830672294904,0.9782608695652174,global_distance_optimum_lp_integral,0.00010000000000043308,0.0,0.00010000000000043308,True,0,lp_relaxation,131.57894736842093,411.04979820363224,0.0,0.01836395901045762,3.3344214071047418,0.00817830672294904,0.9782608695652174
v2e2_16c288d882ac6a326385,stale_optimal,429.4078947368421,False,50.0,3506.5789473684213,global_distance_optimum_lp_integral,47.50000000000001,47.50000000000001,0.0,True,0,lp_relaxation,381.9078947368421,407.7153767965275,0.0,0.020463374996325,0.0,0.0,0.9891304347826086,global_distance_optimum_lp_integral,47.50000000000001,47.50000000000001,0.0,True,0,lp_relaxation,381.9078947368421,407.7153767965275,0.0,0.02112645798479207,0.0,0.0,0.9782608695652174
v2e2_16c288d882ac6a326385,random_static_range,2973.2354159396955,False,452.4356502050031,19175.486066740377,feasible_mode_library_upper_bound,470.8416393780719,450.3277035364123,20.51393584165959,False,14,raw_sign_with_mpc_zero_anchor,2543.4195969628895,431.6255093512706,0.0,0.016168125002877787,23.910132554743086,0.058644176588599856,0.8260869565217391,feasible_mode_library_upper_bound,470.84163937807193,450.3277035364123,20.513935841659645,False,14,raw_sign_with_mpc_zero_anchor,2543.4195969628895,431.62550935127047,0.0,0.014549957995768636,23.910132554742972,0.05864417658859958,0.8152173913043478
v2e2_16c288d882ac6a326385,direct_mpc,381.9078947368421,True,0.0,0.0,global_distance_optimum_lp_integral,0.00010000000000331966,0.0,0.00010000000000331966,True,0,lp_relaxation,381.9078947368421,407.7153767965275,0.0,0.020316709007602185,0.0,0.0,0.9782608695652174,global_distance_optimum_lp_integral,0.00010000000000110477,0.0,0.00010000000000110477,True,0,lp_relaxation,381.9078947368421,407.7153767965275,0.0,0.021865334012545645,0.0,0.0,0.9782608695652174
v2e2_1a991ca6b21c0ed79241,zero,0.0,False,25.0,0.0,global_distance_optimum_lp_integral,26.315889473684212,26.315789473684212,9.999999999976694e-05,True,0,lp_relaxation,26.315889473684212,358.3422228887643,0.0,0.017426416976377368,3.2617901626471735,0.009186060007882997,0.975609756097561,global_distance_optimum_lp_integral,26.315889473684212,26.315789473684212,9.999999999976694e-05,True,0,lp_relaxation,26.315889473684212,358.3422228887643,0.0,0.017996041977312416,3.2617901626471735,0.009186060007882997,0.975609756097561
v2e2_1a991ca6b21c0ed79241,heuristic,26.315789473683363,True,0.0,0.0,global_distance_optimum_lp_integral,0.00010000000000010001,0.0,0.00010000000000010001,True,0,lp_relaxation,26.315789473683402,358.80866242176796,0.0,0.016248625004664063,3.728229695650839,0.010499676557864625,0.975609756097561,global_distance_optimum_lp_integral,0.00010000000000010001,0.0,0.00010000000000010001,True,0,lp_relaxation,26.315789473683402,358.80866242176796,0.0,0.01524179198895581,3.728229695650839,0.010499676557864625,0.975609756097561
v2e2_1a991ca6b21c0ed79241,stale_optimal,429.4078947368421,False,50.0,0.0,feasible_mode_library_upper_bound,47.500094875164265,0.0,47.500094875164265,False,16,raw_sign_with_mpc_zero_anchor,476.90604345479073,355.0804453507213,0.0,0.022003749996656552,1.2624604153188557e-05,3.555420966529644e-08,0.975609756097561,feasible_mode_library_upper_bound,47.500094875164265,0.0,47.500094875164265,False,16,raw_sign_with_mpc_zero_anchor,476.90604345479073,355.0804453507213,0.0,0.02123449998907745,1.2624604153188557e-05,3.555420966529644e-08,0.975609756097561
v2e2_1a991ca6b21c0ed79241,random_static_range,2591.928820120984,False,356.148790584526,5895.820775657502,global_distance_optimum_lp_integral,338.3414510552998,338.3413510552998,9.999999997489795e-05,True,0,lp_relaxation,2253.587369065684,375.9300862414991,0.0,0.01599829099723138,20.849653515381988,0.05871811452776919,0.8048780487804879,global_distance_optimum_lp_integral,338.3414510552998,338.3413510552998,9.999999997489795e-05,True,0,lp_relaxation,2253.587369065684,375.9300862414991,0.0,0.014031582977622747,20.849653515381988,0.05871811452776919,0.8048780487804879
v2e2_1a991ca6b21c0ed79241,direct_mpc,476.9078947368421,True,0.0,8.952838470577262e-13,global_distance_optimum_lp_integral,9.999999999976694e-05,0.0,9.999999999976694e-05,True,0,lp_relaxation,476.9078947368421,355.0804327261171,0.0,0.017064584011677653,0.0,0.0,0.975609756097561,global_distance_optimum_lp_integral,9.999999999976694e-05,0.0,9.999999999976694e-05,True,0,lp_relaxation,476.9078947368421,355.0804327261171,0.0,0.018745542009128258,0.0,0.0,0.975609756097561
v2e2_1fd8536d13787e44dc17,zero,0.0,False,25.0,0.0,feasible_mode_library_upper_bound,23.7501,0.0,23.7501,False,8,raw_sign_with_mpc_zero_anchor,23.7501,285.2203958101474,0.0,0.023098791018128395,9.032793918023629,0.032705283858294805,0.9777777777777777,feasible_mode_library_upper_bound,23.7501,0.0,23.7501,False,8,raw_sign_with_mpc_zero_anchor,23.7501,283.46061772396496,367.38582175,0.022877167008118704,9.032793918023685,0.032915007642997346,0.9777777777777777
v2e2_1fd8536d13787e44dc17,heuristic,23.75000000000082,True,0.0,0.0,global_distance_optimum_lp_integral,0.0001000000000000445,0.0,0.0001000000000000445,True,0,lp_relaxation,23.750000000000835,285.6884448783956,0.0,0.016794291004771367,9.500842986271834,0.03439996191423094,0.9777777777777777,global_distance_optimum_lp_integral,0.0001000000000000445,0.0,0.0001000000000000445,True,0,lp_relaxation,23.750000000000835,283.92866679221305,367.38582175,0.016486584005178884,9.500842986271778,0.0346205528816575,0.9777777777777777
v2e2_1fd8536d13787e44dc17,stale_optimal,429.4078947368421,False,100.0,0.0,feasible_mode_library_upper_bound,95.00009487516428,0.0,95.00009487516428,False,32,raw_sign_with_mpc_zero_anchor,524.4060434547906,276.1876243492814,0.0,0.022590334003325552,2.245715762683176e-05,8.131124450547678e-08,0.9555555555555556,feasible_mode_library_upper_bound,95.00009487516427,0.0,95.00009487516427,False,32,raw_sign_with_mpc_zero_anchor,524.4060434547908,274.42784626309884,367.38582175,0.023137541982578114,2.245715756998834e-05,8.183265551771704e-08,0.9555555555555556
v2e2_1fd8536d13787e44dc17,random_static_range,3073.587470670996,False,255.3512625731476,8854.034348683294,feasible_mode_library_upper_bound,479.5162597573917,439.98305128386096,39.53320847353075,False,29,raw_sign_with_mpc_zero_anchor,2831.001819944457,305.2031334286613,0.0,0.015987708000466228,29.015531536537537,0.10505732819922425,0.8,feasible_mode_library_upper_bound,440.1011033648659,400.56789489133513,39.53320847353075,False,30,raw_sign_with_mpc_zero_anchor,2831.0018199444553,303.59255100763016,384.0576848856697,0.01450141699751839,29.16472720168889,0.10627467287104393,0.8222222222222222
v2e2_1fd8536d13787e44dc17,direct_mpc,524.4078947368421,True,0.0,4.121147867408581e-13,global_distance_optimum_lp_integral,0.0,0.0,0.0,True,0,lp_relaxation,524.4078947368421,276.1876018921238,0.0,0.020883082994259894,0.0,0.0,1.0,global_distance_optimum_lp_integral,0.0,0.0,0.0,True,0,lp_relaxation,524.4078947368421,274.4278238059413,367.38582175,0.021134834008989856,0.0,0.0,1.0
v2e2_20534de655a33fde87ca,zero,0.0,False,175.0,0.0,global_distance_optimum_lp_integral,184.21062631578948,184.21052631578948,0.00010000000000331966,True,0,lp_relaxation,184.21062631578948,299.270759815251,0.0,0.01914112499798648,6.42044531649924,0.021923982999603735,0.9565217391304348,global_distance_optimum_lp_integral,184.21062631578948,184.21052631578948,0.00010000000000331966,True,0,lp_relaxation,184.21062631578948,299.270759815251,0.0,0.018673084006877616,6.42044531649924,0.021923982999603735,0.9565217391304348
v2e2_20534de655a33fde87ca,heuristic,184.21052631578956,True,0.0,0.0,global_distance_optimum_lp_integral,0.00010000000000021103,0.0,0.00010000000000021103,True,0,lp_relaxation,184.21052631578956,302.45271994107566,0.0,0.017032041010679677,9.602405442323914,0.03278946604090071,0.9782608695652174,global_distance_optimum_lp_integral,0.00010000000000021103,0.0,0.00010000000000021103,True,0,lp_relaxation,184.21052631578956,302.45271994107566,0.0,0.017999542003963143,9.602405442323914,0.03278946604090071,0.9782608695652174
v2e2_20534de655a33fde87ca,stale_optimal,779.8684210526316,False,100.00000000000006,5097.203947368422,global_distance_optimum_lp_integral,95.00010000000105,95.00000000000036,0.00010000000069965154,True,0,lp_relaxation,684.8684210526314,292.85031449875174,0.0,0.019255417020758614,0.0,0.0,0.9565217391304348,global_distance_optimum_lp_integral,95.00000000000003,95.00000000000036,0.0,True,0,lp_relaxation,684.8684210526316,292.85031449875174,0.0,0.018895084009272978,0.0,0.0,0.9782608695652174
v2e2_20534de655a33fde87ca,random_static_range,2979.641899595181,False,697.8772473483915,12574.321346401959,global_distance_optimum_lp_integral,662.9834849809715,662.9833849809716,9.999999997489795e-05,True,0,lp_relaxation,2316.658414614209,318.7080777204256,0.0,0.01798129201051779,25.85776322167385,0.08829686000485434,0.7608695652173914,global_distance_optimum_lp_integral,662.9834849809716,662.9833849809716,0.00010000000008858478,True,0,lp_relaxation,2316.658414614209,318.70807772042554,0.0,0.01723066600970924,25.857763221673792,0.08829686000485415,0.7608695652173914
v2e2_20534de655a33fde87ca,direct_mpc,684.8684210526316,True,0.0,7.247535904753022e-13,global_distance_optimum_lp_integral,0.00010000000001531562,0.0,0.00010000000001531562,True,0,lp_relaxation,684.8684210526316,292.85031449875174,0.0,0.020042583986651152,0.0,0.0,0.9782608695652174,global_distance_optimum_lp_integral,0.0001000000000082102,0.0,0.0001000000000082102,True,0,lp_relaxation,684.8684210526316,292.85031449875174,0.0,0.02121354200062342,0.0,0.0,0.9782608695652174
v2e2_25e030e6613f44a39649,zero,0.0,False,150.0,0.0,global_distance_optimum_lp_integral,157.89483684210526,157.89473684210526,0.00010000000000331966,True,0,lp_relaxation,157.89483684210526,193.75000024148463,0.0,0.017932165996171534,2.671677240328819,0.013982105339665653,0.9550561797752809,global_distance_optimum_lp_integral,157.89483684210526,157.89473684210526,0.00010000000000331966,True,0,lp_relaxation,157.89483684210526,193.75000024148463,0.0,0.018195790995378047,2.671677240328819,0.013982105339665653,0.9550561797752809
v2e2_25e030e6613f44a39649,heuristic,157.89473684210517,True,0.0,0.0,global_distance_optimum_lp_integral,0.00010000000000043308,0.0,0.00010000000000043308,True,0,lp_relaxation,157.89473684210506,197.34493420526672,0.0,0.018057624984066933,6.266611204110916,0.032796034137650504,0.9775280898876404,global_distance_optimum_lp_integral,0.00010000000000043308,0.0,0.00010000000000043308,True,0,lp_relaxation,157.89473684210506,197.34493420526672,0.0,0.016861000010976568,6.266611204110916,0.032796034137650504,0.9775280898876404
v2e2_25e030e6613f44a39649,stale_optimal,605.95567867036,False,75.00000000000003,1574.8355263157896,global_distance_optimum_lp_integral,71.2501,71.25,0.00010000000000331966,True,0,lp_relaxation,534.70567867036,191.13773791628736,0.0,0.01980304199969396,0.059414915131554835,0.000310945345334622,0.9550561797752809,global_distance_optimum_lp_integral,71.2501,71.25,0.00010000000000331966,True,0,lp_relaxation,534.70567867036,191.13773791628736,0.0,0.018937291024485603,0.059414915131554835,0.000310945345334622,0.9550561797752809
v2e2_25e030e6613f44a39649,random_static_range,2707.6301231542643,False,518.2072592681028,9721.043648325256,global_distance_optimum_lp_integral,492.2969963046976,492.2968963046975,0.00010000000008858478,True,0,lp_relaxation,2215.333126849567,208.99481633291902,0.0,0.016984499990940094,17.916493331763206,0.09376517990298058,0.7528089887640449,global_distance_optimum_lp_integral,492.2969963046976,492.29689630469755,0.00010000000003174137,True,0,lp_relaxation,2215.333126849567,208.99481633291902,0.0,0.016102499997941777,17.916493331763206,0.09376517990298058,0.7415730337078652
v2e2_25e030e6613f44a39649,direct_mpc,684.9030470914128,True,0.0,4.050093593832571e-13,global_distance_optimum_lp_integral,2.2026824808563106e-13,1.2079226507921703e-13,9.947598300641403e-14,True,0,lp_relaxation,684.9030470914128,191.0783230011558,0.0,0.021682416991097853,0.0,0.0,1.0,global_distance_optimum_lp_integral,2.2026824808563106e-13,1.2079226507921703e-13,9.947598300641403e-14,True,0,lp_relaxation,684.9030470914128,191.0783230011558,0.0,0.02090087500982918,0.0,0.0,1.0
v2e2_28d9724eea09520d5cd7,zero,0.0,False,150.0,0.0,global_distance_optimum_lp_integral,157.89483684210526,157.89473684210526,0.00010000000000331966,True,0,lp_relaxation,157.89483684210526,259.9080659282582,0.0,0.017540625005494803,0.6781696959953365,0.0026160936907821584,0.9555555555555556,global_distance_optimum_lp_integral,157.89483684210526,157.89473684210526,0.00010000000000331966,True,0,lp_relaxation,157.89483684210526,259.9080659282582,0.0,0.019600917003117502,0.6781696959953365,0.0026160936907821584,0.9555555555555556
v2e2_28d9724eea09520d5cd7,heuristic,157.8947368421052,True,0.0,0.0,global_distance_optimum_lp_integral,0.00010000000000043308,0.0,0.00010000000000043308,True,0,lp_relaxation,157.89473684210517,263.9899906562271,0.0,0.017209499987075105,4.760094423964233,0.018362443889185214,0.9777777777777777,global_distance_optimum_lp_integral,0.00010000000000043308,0.0,0.00010000000000043308,True,0,lp_relaxation,157.89473684210517,263.9899906562271,0.0,0.017814791994169354,4.760094423964233,0.018362443889185214,0.9777777777777777
v2e2_28d9724eea09520d5cd7,stale_optimal,734.8092105263158,False,75.0,3624.144736842106,global_distance_optimum_lp_integral,71.25000000000001,71.25,1.4210854715202004e-14,True,0,lp_relaxation,663.5592105263158,259.2298962322629,0.0,0.01949258300010115,0.0,0.0,0.9777777777777777,global_distance_optimum_lp_integral,71.25000000000001,71.25,1.4210854715202004e-14,True,0,lp_relaxation,663.5592105263158,259.2298962322629,0.0,0.018996458005858585,0.0,0.0,0.9777777777777777
v2e2_28d9724eea09520d5cd7,random_static_range,2820.455781157711,False,949.0061756908458,27302.177010753643,global_distance_optimum_lp_integral,901.5559669063035,901.5558669063034,0.00010000000008858478,True,0,lp_relaxation,1918.8998142514079,277.26537817226466,0.0,0.01676150001003407,18.035481940001773,0.06957331003150376,0.6888888888888889,global_distance_optimum_lp_integral,901.5559669063035,901.5558669063034,0.00010000000008858478,True,0,lp_relaxation,1918.8998142514079,277.26537817226466,0.0,0.01637674999074079,18.035481940001773,0.06957331003150376,0.7111111111111111
v2e2_28d9724eea09520d5cd7,direct_mpc,663.5592105263158,True,0.0,0.0,global_distance_optimum_lp_integral,0.00010000000001042508,0.0,0.00010000000001042508,True,0,lp_relaxation,663.5592105263157,259.22989623226283,0.0,0.02032766700722277,-5.684341886080802e-14,-2.1927802189095454e-16,0.9777777777777777,global_distance_optimum_lp_integral,0.00010000000001042508,0.0,0.00010000000001042508,True,0,lp_relaxation,663.5592105263157,259.22989623226283,0.0,0.019614124990766868,-5.684341886080802e-14,-2.1927802189095454e-16,0.9777777777777777
v2e2_31906e8fff0262a0bd53,zero,0.0,False,150.0,0.0,global_distance_optimum_lp_integral,157.89483684210526,157.89473684210526,0.00010000000000331966,True,0,lp_relaxation,157.89483684210526,363.3996630452206,0.0,0.019168583006830886,13.59674125673672,0.03886971894693976,0.9456521739130435,global_distance_optimum_lp_integral,157.89483684210526,157.89473684210526,0.00010000000000331966,True,0,lp_relaxation,157.89483684210526,363.3996630452206,0.0,0.018855958012863994,13.59674125673672,0.03886971894693976,0.9456521739130435
v2e2_31906e8fff0262a0bd53,heuristic,157.89473684210614,True,0.0,0.0,global_distance_optimum_lp_integral,0.00010000000000065512,0.0,0.00010000000000065512,True,0,lp_relaxation,157.8947368421061,365.8161861709653,0.0,0.017945500003406778,16.013264382481395,0.045777960631684406,0.9782608695652174,global_distance_optimum_lp_integral,0.00010000000000065512,0.0,0.00010000000000065512,True,0,lp_relaxation,157.8947368421061,365.8161861709653,0.0,0.017856207996373996,16.013264382481395,0.045777960631684406,0.9782608695652174
v2e2_31906e8fff0262a0bd53,stale_optimal,779.8684210526316,False,75.00000000000006,1924.8684210526317,global_distance_optimum_lp_integral,71.2501,71.25,0.00010000000000331966,True,0,lp_relaxation,708.6184210526316,349.80292178848384,0.0,0.020092082995688543,-5.684341886080802e-14,-1.6250126948676445e-16,0.9456521739130435,global_distance_optimum_lp_integral,71.2501,71.25,0.00010000000000331966,True,0,lp_relaxation,708.6184210526316,349.80292178848384,0.0,0.02104504097951576,-5.684341886080802e-14,-1.6250126948676445e-16,0.9456521739130435
v2e2_31906e8fff0262a0bd53,random_static_range,2688.26620297652,False,17.118012931730277,2286.163148330512,feasible_mode_library_upper_bound,418.87924665634546,346.28302013282723,72.59622652351823,False,61,raw_sign_with_mpc_zero_anchor,2596.892668407225,389.5640379826855,0.0,0.015844750014366582,39.76111619420158,0.11366719291797116,0.6413043478260869,feasible_mode_library_upper_bound,384.40931277369566,311.8130862501775,72.59622652351817,False,60,raw_sign_with_mpc_zero_anchor,2596.892668407223,390.4095600660881,17.234966941324835,0.01656074999482371,40.60663827760419,0.11608433134288654,0.6847826086956522
v2e2_31906e8fff0262a0bd53,direct_mpc,708.6184210526316,True,0.0,2.1316282072803006e-14,global_distance_optimum_lp_integral,0.00010000000003878018,1.4210854715202004e-14,0.00010000000002456933,True,0,lp_relaxation,708.6184210526316,349.8029217884839,0.0,0.02137333300197497,0.0,0.0,0.9782608695652174,global_distance_optimum_lp_integral,0.00010000000003884679,1.4210854715202004e-14,0.00010000000002463594,True,0,lp_relaxation,708.6184210526316,349.8029217884839,0.0,0.021038124978076667,0.0,0.0,0.9782608695652174
v2e2_394e89f7d166924e9409,zero,0.0,False,150.0,0.0,global_distance_optimum_lp_integral,157.89483684210526,157.89473684210526,0.00010000000000331966,True,0,lp_relaxation,157.89483684210526,681.4630366131712,0.0,0.018181624996941537,3.4808158933345794,0.00513408137699965,0.9560439560439561,global_distance_optimum_lp_integral,157.89483684210526,157.89473684210526,0.00010000000000331966,True,0,lp_relaxation,157.89483684210526,681.4630366131712,0.0,0.019866334012476727,3.4808158933345794,0.00513408137699965,0.9560439560439561
v2e2_394e89f7d166924e9409,heuristic,157.89473684210492,True,0.0,0.0,global_distance_optimum_lp_integral,0.00010000000000065512,0.0,0.00010000000000065512,True,0,lp_relaxation,157.89473684210492,685.4863143596193,0.0,0.01728749999892898,7.504093639782695,0.011068274964224498,0.978021978021978,global_distance_optimum_lp_integral,0.00010000000000065512,0.0,0.00010000000000065512,True,0,lp_relaxation,157.89473684210492,685.4863143596193,0.0,0.018517999997129664,7.504093639782695,0.011068274964224498,0.978021978021978
v2e2_394e89f7d166924e9409,stale_optimal,429.40789473684214,False,75.0,5822.203947368422,global_distance_optimum_lp_integral,71.25009999999999,71.25,9.99999999891088e-05,True,0,lp_relaxation,358.1578947368421,677.9822207198366,0.0,0.018628916994202882,0.0,0.0,0.9560439560439561,global_distance_optimum_lp_integral,71.25009999999999,71.25,9.99999999891088e-05,True,0,lp_relaxation,358.1578947368421,677.9822207198366,0.0,0.019451959000434726,0.0,0.0,0.9560439560439561
v2e2_394e89f7d166924e9409,random_static_range,2761.6478416134296,False,423.93213559860556,6398.697282933989,feasible_mode_library_upper_bound,402.7356288186756,273.429945963028,129.3056828556476,False,91,raw_sign_with_mpc_zero_anchor,3164.3814191500546,717.2945449734971,0.0,0.015399916999740526,39.31232425366045,0.05798429966485143,0.8461538461538461,feasible_mode_library_upper_bound,402.73562881867565,273.429945963028,129.30568285564766,False,91,raw_sign_with_mpc_zero_anchor,3164.381419150055,717.2945449734971,0.0,0.01620241699856706,39.31232425366045,0.05798429966485143,0.8461538461538461
v2e2_394e89f7d166924e9409,direct_mpc,358.1578947368421,True,0.0,1.1084466677857563e-12,global_distance_optimum_lp_integral,0.00010000000000110477,0.0,0.00010000000000110477,True,0,lp_relaxation,358.1578947368421,677.9822207198366,0.0,0.020926875004079193,0.0,0.0,0.978021978021978,global_distance_optimum_lp_integral,0.00010000000000110477,0.0,0.00010000000000110477,True,0,lp_relaxation,358.1578947368421,677.9822207198366,0.0,0.019641624996438622,0.0,0.0,0.978021978021978
v2e2_4029a98e7ae402335d31,zero,0.0,False,150.0,0.0,global_distance_optimum_lp_integral,157.89483684210526,157.89473684210526,0.00010000000000331966,True,0,lp_relaxation,157.89483684210526,200.7400702003913,0.0,0.019945583015214652,0.16028898906301947,0.0007991283473090493,0.9565217391304348,global_distance_optimum_lp_integral,157.89483684210526,157.89473684210526,0.00010000000000331966,True,0,lp_relaxation,157.89483684210526,200.7400702003913,0.0,0.018922707997262478,0.16028898906301947,0.0007991283473090493,0.9565217391304348
v2e2_4029a98e7ae402335d31,heuristic,157.89473684210614,True,0.0,0.0,global_distance_optimum_lp_integral,0.00010000000000043308,0.0,0.00010000000000043308,True,0,lp_relaxation,157.89473684210608,202.71481797583033,0.0,0.01859329198487103,2.135036764502047,0.010644326918736638,0.9782608695652174,global_distance_optimum_lp_integral,0.00010000000000043308,0.0,0.00010000000000043308,True,0,lp_relaxation,157.89473684210608,202.71481797583033,0.0,0.017590458010090515,2.135036764502047,0.010644326918736638,0.9782608695652174
v2e2_4029a98e7ae402335d31,stale_optimal,429.40789473684214,False,75.00000000000003,1397.2039473684213,global_distance_optimum_lp_integral,71.25,71.25,0.0,True,0,lp_relaxation,358.1578947368421,200.5797812113283,0.0,0.020275042013963684,2.842170943040401e-14,1.4169777860341396e-16,0.9782608695652174,global_distance_optimum_lp_integral,71.25,71.25,0.0,True,0,lp_relaxation,358.1578947368421,200.5797812113283,0.0,0.019582957989769056,2.842170943040401e-14,1.4169777860341396e-16,0.9782608695652174
v2e2_4029a98e7ae402335d31,random_static_range,3006.5621705934773,False,736.4729276903026,10109.0184347675,global_distance_optimum_lp_integral,699.6493813057875,699.6492813057874,0.00010000000008858478,True,0,lp_relaxation,2306.9127892876895,222.79449624178756,0.0,0.0164704589988105,22.214715030459274,0.11075251401861953,0.7391304347826086,global_distance_optimum_lp_integral,699.6493813057875,699.6492813057873,0.00010000000020227162,True,0,lp_relaxation,2306.9127892876895,222.79449624178756,0.0,0.015796084015164524,22.214715030459274,0.11075251401861953,0.75
v2e2_4029a98e7ae402335d31,direct_mpc,358.1578947368421,True,0.0,2.7000623958883807e-13,global_distance_optimum_lp_integral,0.00010000000000331966,0.0,0.00010000000000331966,True,0,lp_relaxation,358.1578947368421,200.57978121132828,0.0,0.021057750011095777,0.0,0.0,0.9782608695652174,global_distance_optimum_lp_integral,0.00010000000000331966,0.0,0.00010000000000331966,True,0,lp_relaxation,358.1578947368421,200.57978121132828,0.0,0.021633458003634587,0.0,0.0,0.9782608695652174
v2e2_47a354a03084871e0ca3,zero,0.0,False,125.0,0.0,global_distance_optimum_lp_integral,131.57904736842104,131.57894736842104,0.00010000000000331966,True,0,lp_relaxation,131.57904736842104,239.1766429154197,0.0,0.018459332990460098,1.3961302418265973,0.005871508249892194,0.9555555555555556,global_distance_optimum_lp_integral,131.57904736842104,131.57894736842104,0.00010000000000331966,True,0,lp_relaxation,131.57904736842104,239.1766429154197,0.0,0.018239375000121072,1.3961302418265973,0.005871508249892194,0.9555555555555556
v2e2_47a354a03084871e0ca3,heuristic,131.57894736842096,True,0.0,0.0,global_distance_optimum_lp_integral,0.00010000000000043308,0.0,0.00010000000000043308,True,0,lp_relaxation,131.57894736842098,240.66291798486932,0.0,0.018032874999335036,2.882405311276216,0.01212212590033802,0.9777777777777777,global_distance_optimum_lp_integral,0.00010000000000043308,0.0,0.00010000000000043308,True,0,lp_relaxation,131.57894736842098,240.66291798486932,0.0,0.016986000002361834,2.882405311276216,0.01212212590033802,0.9777777777777777
v2e2_47a354a03084871e0ca3,stale_optimal,429.40789473684214,False,50.0,3263.8157894736846,global_distance_optimum_lp_integral,47.50000000000001,47.50000000000001,0.0,True,0,lp_relaxation,381.9078947368421,237.7805126735931,0.0,0.020913834014208987,0.0,0.0,0.9777777777777777,global_distance_optimum_lp_integral,47.50000000000001,47.50000000000001,0.0,True,0,lp_relaxation,381.9078947368421,237.7805126735931,0.0,0.020630999992135912,0.0,0.0,0.9777777777777777
v2e2_47a354a03084871e0ca3,random_static_range,2895.2137531267513,False,304.11609452627437,3584.8512598176826,global_distance_optimum_lp_integral,288.91038979996046,288.9102897999605,9.999999997489795e-05,True,0,lp_relaxation,2606.3033633267905,266.47406286189266,0.0,0.017434583976864815,28.693550188299554,0.12067242124121359,0.8666666666666667,global_distance_optimum_lp_integral,288.9103897999604,288.9102897999605,9.999999991805453e-05,True,0,lp_relaxation,2606.3033633267905,266.47406286189266,0.0,0.016582125012064353,28.693550188299554,0.12067242124121359,0.8777777777777778
v2e2_47a354a03084871e0ca3,direct_mpc,381.9078947368421,True,0.0,9.663381206337363e-13,global_distance_optimum_lp_integral,0.00010000000001042508,0.0,0.00010000000001042508,True,0,lp_relaxation,381.9078947368421,237.7805126735931,0.0,0.02016362501308322,0.0,0.0,0.9777777777777777,global_distance_optimum_lp_integral,0.00010000000001042508,0.0,0.00010000000001042508,True,0,lp_relaxation,381.9078947368421,237.7805126735931,0.0,0.020708124997327104,0.0,0.0,0.9777777777777777
v2e2_4bc783ae8ece976241af,zero,0.0,False,25.0,0.0,feasible_mode_library_upper_bound,23.7501,0.0,23.7501,False,8,raw_sign_with_mpc_zero_anchor,23.7501,270.18164150795224,0.0,0.04249329099548049,4.674933018208776,0.01760758906922071,0.9772727272727273,feasible_mode_library_upper_bound,23.7501,0.0,23.7501,False,8,raw_sign_with_mpc_zero_anchor,23.7501,270.18164150795224,0.0,0.02125433401670307,4.674933018208776,0.01760758906922071,0.9772727272727273
v2e2_4bc783ae8ece976241af,heuristic,23.749999999999762,True,0.0,0.0,global_distance_optimum_lp_integral,9.999999999998899e-05,0.0,9.999999999998899e-05,True,0,lp_relaxation,23.75000000000111,270.6554498827992,0.0,0.01606954200542532,5.1487413930557295,0.019392132960944095,0.9772727272727273,global_distance_optimum_lp_integral,9.999999999998899e-05,0.0,9.999999999998899e-05,True,0,lp_relaxation,23.75000000000111,270.6554498827992,0.0,0.016101834014989436,5.1487413930557295,0.019392132960944095,0.9772727272727273
v2e2_4bc783ae8ece976241af,stale_optimal,361.3184210526316,False,100.0,0.0,feasible_mode_library_upper_bound,95.00009999999999,0.0,95.00009999999999,False,32,raw_sign_with_mpc_zero_anchor,456.31656977058014,265.506728497264,0.0,0.02057595900259912,2.0007520561193815e-05,7.535598883734686e-08,0.9545454545454546,feasible_mode_library_upper_bound,95.00010000000002,0.0,95.00010000000002,False,32,raw_sign_with_mpc_zero_anchor,456.31656977058026,265.506728497264,0.0,0.021421332989120856,2.0007520561193815e-05,7.535598883734686e-08,0.9545454545454546
v2e2_4bc783ae8ece976241af,random_static_range,2657.41246977657,False,998.1000708063954,23947.1030618034,global_distance_optimum_lp_integral,948.1951672660755,948.1950672660755,9.999999997489795e-05,True,0,lp_relaxation,1709.2173025104948,281.75414019389,0.0,0.015758833003928885,16.24743170414655,0.06119405342548694,0.6363636363636364,global_distance_optimum_lp_integral,948.1951672660755,948.1950672660755,9.999999997489795e-05,True,0,lp_relaxation,1709.2173025104948,281.75414019389,0.0,0.016058500012150034,16.24743170414655,0.06119405342548694,0.6363636363636364
v2e2_4bc783ae8ece976241af,direct_mpc,456.3184210526316,True,0.0,1.0942358130705543e-12,global_distance_optimum_lp_integral,0.00010000000000331966,0.0,0.00010000000000331966,True,0,lp_relaxation,456.3184210526316,265.50670848974346,0.0,0.02039774999138899,0.0,0.0,0.9772727272727273,global_distance_optimum_lp_integral,0.00010000000000331966,0.0,0.00010000000000331966,True,0,lp_relaxation,456.3184210526316,265.50670848974346,0.0,0.019644624990178272,0.0,0.0,0.9772727272727273
v2e2_579d7046347071a2967e,zero,0.0,False,25.0,0.0,feasible_mode_library_upper_bound,23.7501,0.0,23.7501,False,8,raw_sign_with_mpc_zero_anchor,23.7501,482.513364399259,0.0,0.022153249999973923,0.45655086712440607,0.0009470893353402871,0.9775280898876404,feasible_mode_library_upper_bound,23.7501,0.0,23.7501,False,8,raw_sign_with_mpc_zero_anchor,23.7501,482.513364399259,0.0,0.02210008300608024,0.45655086712440607,0.0009470893353402871,0.9775280898876404
v2e2_579d7046347071a2967e,heuristic,23.750000000000792,True,0.0,0.0,global_distance_optimum_lp_integral,9.999999999998899e-05,0.0,9.999999999998899e-05,True,0,lp_relaxation,23.750000000001396,483.0093544298774,0.0,0.01630862502497621,0.9525408977428356,0.0019759930178423622,0.9775280898876404,global_distance_optimum_lp_integral,9.999999999998899e-05,0.0,9.999999999998899e-05,True,0,lp_relaxation,23.750000000001396,483.0093544298774,0.0,0.01689216701197438,0.9525408977428356,0.0019759930178423622,0.9775280898876404
v2e2_579d7046347071a2967e,stale_optimal,429.4078947368421,False,100.0,0.0,feasible_mode_library_upper_bound,95.00009999999999,0.0,95.00009999999999,False,32,raw_sign_with_mpc_zero_anchor,524.4060434547908,482.05681435436924,0.0,0.021506874996703118,8.222346536967962e-07,1.705679975088631e-09,0.9438202247191011,feasible_mode_library_upper_bound,95.00009999999999,0.0,95.00009999999999,False,32,raw_sign_with_mpc_zero_anchor,524.4060434547908,482.05681435436924,0.0,0.021472749998793006,8.222346536967962e-07,1.705679975088631e-09,0.9438202247191011
v2e2_579d7046347071a2967e,random_static_range,2686.017507770562,False,133.39585130135222,732.534693330434,feasible_mode_library_upper_bound,369.8050918774606,363.9650215075217,5.840070369938871,False,9,raw_sign_with_mpc_zero_anchor,2519.1188589431945,507.76449985079984,0.0,0.015988250001100823,25.707686318665253,0.05332916286422647,0.8651685393258427,feasible_mode_library_upper_bound,369.8050918774606,363.9650215075217,5.840070369938871,False,9,raw_sign_with_mpc_zero_anchor,2519.1188589431945,507.76449985079984,0.0,0.015548541996395215,25.707686318665253,0.05332916286422647,0.8651685393258427
v2e2_579d7046347071a2967e,direct_mpc,524.4078947368421,True,0.0,1.0231815394945443e-12,global_distance_optimum_lp_integral,0.00010000000000864873,0.0,0.00010000000000864873,True,0,lp_relaxation,524.4078947368421,482.0568135321345,0.0,0.020490750001044944,-5.684341886080802e-14,-1.1791850517432579e-16,0.9775280898876404,global_distance_optimum_lp_integral,0.00010000000000864873,0.0,0.00010000000000864873,True,0,lp_relaxation,524.4078947368421,482.0568135321345,0.0,0.02006412501214072,-5.684341886080802e-14,-1.1791850517432579e-16,0.9775280898876404
v2e2_57ed2833756fcc2a81f4,zero,0.0,False,175.0,0.0,global_distance_optimum_lp_integral,184.21062631578948,184.21052631578948,0.00010000000000331966,True,0,lp_relaxation,184.21062631578948,1089.5692407348706,0.0,0.018617791996803135,10.188306735879905,0.009439027886228564,0.9550561797752809,global_distance_optimum_lp_integral,184.21062631578948,184.21052631578948,0.00010000000000331966,True,0,lp_relaxation,184.21062631578948,1089.5692407348706,0.0,0.018275958980666474,10.188306735879905,0.009439027886228564,0.9550561797752809
v2e2_57ed2833756fcc2a81f4,heuristic,184.21052631578897,True,0.0,0.0,global_distance_optimum_lp_integral,0.00010000000000065512,0.0,0.00010000000000065512,True,0,lp_relaxation,184.21052631578905,1098.9138107072608,0.0,0.01695066600223072,19.532876708270123,0.018096369958938322,0.9775280898876404,global_distance_optimum_lp_integral,0.00010000000000065512,0.0,0.00010000000000065512,True,0,lp_relaxation,184.21052631578905,1098.9138107072608,0.0,0.017083833983633667,19.532876708270123,0.018096369958938322,0.9775280898876404
v2e2_57ed2833756fcc2a81f4,stale_optimal,429.4078947368421,False,100.00000000000003,7497.203947368422,global_distance_optimum_lp_integral,95.0,95.0,0.0,True,0,lp_relaxation,334.4078947368421,1079.3809339989907,0.0,0.017668499989667907,0.0,0.0,0.9775280898876404,global_distance_optimum_lp_integral,95.0,95.0,0.0,True,0,lp_relaxation,334.4078947368421,1079.3809339989907,0.0,0.01828883300186135,0.0,0.0,0.9775280898876404
v2e2_57ed2833756fcc2a81f4,random_static_range,2995.6936621892264,False,380.05928353508193,7514.623748202723,global_distance_optimum_lp_integral,361.05641935832773,361.05631935832787,9.999999986121111e-05,True,0,lp_relaxation,2634.6372428308987,1119.4056607741109,0.0,0.015474417014047503,40.02472677512014,0.037081187479227395,0.8426966292134831,global_distance_optimum_lp_integral,361.05641935832773,361.05631935832787,9.999999986121111e-05,True,0,lp_relaxation,2634.6372428308987,1119.4056607741109,0.0,0.016138959006639197,40.02472677512014,0.037081187479227395,0.8426966292134831
v2e2_57ed2833756fcc2a81f4,direct_mpc,334.4078947368421,True,0.0,1.0658141036401503e-12,global_distance_optimum_lp_integral,0.00010000000000110477,0.0,0.00010000000000110477,True,0,lp_relaxation,334.4078947368421,1079.3809339989907,0.0,0.019497166998917237,0.0,0.0,0.9775280898876404,global_distance_optimum_lp_integral,0.00010000000000110477,0.0,0.00010000000000110477,True,0,lp_relaxation,334.4078947368421,1079.3809339989907,0.0,0.020507333014393225,0.0,0.0,0.9775280898876404
v2e2_581afa30a65d6a5d08a5,zero,0.0,False,25.0,0.0,feasible_mode_library_upper_bound,23.7501,0.0,23.7501,False,8,raw_sign_with_mpc_zero_anchor,23.7501,259.8925550768931,0.0,0.022501333005493507,7.214478779021704,0.028552056770120664,0.9777777777777777,feasible_mode_library_upper_bound,23.7501,0.0,23.7501,False,8,raw_sign_with_mpc_zero_anchor,23.7501,259.8925550768931,0.0,0.02278554200893268,7.214478779021704,0.028552056770120664,0.9777777777777777
v2e2_581afa30a65d6a5d08a5,heuristic,23.75000000000082,True,0.0,0.0,global_distance_optimum_lp_integral,0.0001000000000000445,0.0,0.0001000000000000445,True,0,lp_relaxation,23.750000000000835,260.393108543517,0.0,0.016780334000941366,7.715032245645602,0.030533049636449983,0.9777777777777777,global_distance_optimum_lp_integral,0.0001000000000000445,0.0,0.0001000000000000445,True,0,lp_relaxation,23.750000000000806,260.393108543517,0.0,0.017299166996963322,7.715032245645602,0.030533049636449983,0.9777777777777777
v2e2_581afa30a65d6a5d08a5,stale_optimal,905.0328947368421,False,100.0,0.0,feasible_mode_library_upper_bound,95.0001,0.0,95.0001,False,32,raw_sign_with_mpc_zero_anchor,1000.031043454791,252.6780767375138,0.0,0.022664957999950275,4.396424344577099e-07,1.739931065247759e-09,0.9555555555555556,feasible_mode_library_upper_bound,95.0001,0.0,95.0001,False,32,raw_sign_with_mpc_zero_anchor,1000.031043454791,252.6780767375138,0.0,0.022803208994446322,4.396424344577099e-07,1.739931065247759e-09,0.9555555555555556
v2e2_581afa30a65d6a5d08a5,random_static_range,2986.2413965793858,False,97.58210218407146,11.292731645838671,global_distance_optimum_lp_integral,92.70309707486777,92.70299707486777,0.00010000000000331966,True,0,lp_relaxation,2893.538299504518,285.3403437721873,0.0,0.01617045799503103,32.66226747431591,0.1292643507219509,0.9555555555555556,global_distance_optimum_lp_integral,92.70309707486774,92.70299707486774,0.00010000000000331966,True,0,lp_relaxation,2893.5382995045184,285.3403437721873,0.0,0.017059416975826025,32.66226747431591,0.1292643507219509,0.9555555555555556
v2e2_581afa30a65d6a5d08a5,direct_mpc,1000.0328947368422,True,0.0,4.547473508864641e-13,global_distance_optimum_lp_integral,0.00010000000000331966,0.0,0.00010000000000331966,True,0,lp_relaxation,1000.0328947368421,252.67807629787137,0.0,0.021036457997979596,0.0,0.0,0.9777777777777777,global_distance_optimum_lp_integral,0.00010000000000331966,0.0,0.00010000000000331966,True,0,lp_relaxation,1000.0328947368421,252.67807629787137,0.0,0.021576708008069545,0.0,0.0,0.9777777777777777
v2e2_599ab783e7af2d598059,zero,0.0,False,25.0,0.0,global_distance_optimum_lp_integral,26.315889473684212,26.315789473684212,9.999999999976694e-05,True,0,lp_relaxation,26.315889473684212,332.5212610196547,0.0,0.019727958017028868,1.0272076507636143,0.0030987211997450938,0.978021978021978,global_distance_optimum_lp_integral,26.315889473684212,26.315789473684212,9.999999999976694e-05,True,0,lp_relaxation,26.315889473684212,332.5212610196547,0.0,0.019868875009706244,1.0272076507636143,0.0030987211997450938,0.978021978021978
v2e2_599ab783e7af2d598059,heuristic,26.31578947368493,True,0.0,0.0,global_distance_optimum_lp_integral,0.00010000000000010001,0.0,0.00010000000000010001,True,0,lp_relaxation,26.31578947368488,333.0335254045422,0.0,0.017722124990541488,1.5394720356511584,0.004644041182657395,0.978021978021978,global_distance_optimum_lp_integral,0.00010000000000010001,0.0,0.00010000000000010001,True,0,lp_relaxation,26.31578947368488,333.0335254045422,0.0,0.018619208014570177,1.5394720356511584,0.004644041182657395,0.978021978021978
v2e2_599ab783e7af2d598059,stale_optimal,105.98289473684211,False,50.0,0.0,feasible_mode_library_upper_bound,47.50010000000001,0.0,47.50010000000001,False,16,raw_sign_with_mpc_zero_anchor,153.48104345479112,331.4940683228571,0.0,0.023835083993617445,1.495396605832866e-05,4.511081241535179e-08,0.967032967032967,feasible_mode_library_upper_bound,47.5001,0.0,47.5001,False,16,raw_sign_with_mpc_zero_anchor,153.4810434547911,331.4940683228571,0.0,0.024590709013864398,1.495396605832866e-05,4.511081241535179e-08,0.967032967032967
v2e2_599ab783e7af2d598059,random_static_range,2778.4185521536215,False,386.5241293148011,7355.589186001569,global_distance_optimum_lp_integral,367.19802284906103,367.197922849061,0.00010000000003174137,True,0,lp_relaxation,2411.2205293045604,353.596885756208,0.0,0.01499566700658761,22.102832387316937,0.0666764068998867,0.8021978021978022,global_distance_optimum_lp_integral,367.198022849061,367.197922849061,9.999999997489795e-05,True,0,lp_relaxation,2411.220529304561,353.59688575620805,0.0,0.01732633399660699,22.102832387316994,0.06667640689988687,0.8021978021978022
v2e2_599ab783e7af2d598059,direct_mpc,153.48289473684213,True,0.0,0.0,global_distance_optimum_lp_integral,0.0,0.0,0.0,True,0,lp_relaxation,153.48289473684213,331.49405336889106,0.0,0.019295291014714167,0.0,0.0,1.0,global_distance_optimum_lp_integral,0.0,0.0,0.0,True,0,lp_relaxation,153.48289473684213,331.49405336889106,0.0,0.01971220798441209,0.0,0.0,1.0
v2e2_6044c2cf8efb739eb457,zero,0.0,False,25.0,0.0,feasible_mode_library_upper_bound,23.7501,0.0,23.7501,False,8,raw_sign_with_mpc_zero_anchor,23.7501,707.4051783332858,0.0,0.02233341700048186,2.3634820041032754,0.003352258478340791,0.978021978021978,feasible_mode_library_upper_bound,23.7501,0.0,23.7501,False,8,raw_sign_with_mpc_zero_anchor,23.7501,707.4051783332858,0.0,0.02149295900017023,2.3634820041032754,0.003352258478340791,0.978021978021978
v2e2_6044c2cf8efb739eb457,heuristic,23.750000000000654,True,0.0,0.0,global_distance_optimum_lp_integral,9.999999999998899e-05,0.0,9.999999999998899e-05,True,0,lp_relaxation,23.750000000001407,708.0037460036514,0.0,0.016561416996410117,2.962049674468858,0.004201240422929374,0.978021978021978,global_distance_optimum_lp_integral,9.999999999998899e-05,0.0,9.999999999998899e-05,True,0,lp_relaxation,23.750000000001407,708.0037460036514,0.0,0.017591957992408425,2.962049674468858,0.004201240422929374,0.978021978021978
v2e2_6044c2cf8efb739eb457,stale_optimal,861.9763157894737,False,100.0,974.8355263157895,feasible_mode_library_upper_bound,95.0001,0.0,95.0001,False,32,raw_sign_with_mpc_zero_anchor,956.9743645074226,706.961483614409,0.0,0.022896582988323644,1.9197872852264481,0.00272294148732177,0.967032967032967,feasible_mode_library_upper_bound,95.0001,0.0,95.0001,False,32,raw_sign_with_mpc_zero_anchor,956.9743645074226,706.961483614409,0.0,0.023320750013226643,1.9197872852264481,0.00272294148732177,0.967032967032967
v2e2_6044c2cf8efb739eb457,random_static_range,2706.8354554520374,False,327.3150396124683,2739.230439128211,global_distance_optimum_lp_integral,310.9493876318448,310.9492876318448,9.999999997489795e-05,True,0,lp_relaxation,2395.8860678201927,734.0274524126335,0.0,0.016662332986015826,28.98575608345095,0.04111211611223283,0.8461538461538461,global_distance_optimum_lp_integral,310.94938763184484,310.9492876318448,0.00010000000003174137,True,0,lp_relaxation,2395.8860678201927,734.0274524126335,0.0,0.01629645799403079,28.98575608345095,0.04111211611223283,0.8461538461538461
v2e2_6044c2cf8efb739eb457,direct_mpc,756.7131578947368,True,0.0,0.0,global_distance_optimum_lp_integral,0.00010000000001753051,-2.842170943040401e-14,0.00010000000004595222,True,0,lp_relaxation,756.7131578947369,705.0416963291825,0.0,0.021345292014302686,0.0,0.0,0.978021978021978,global_distance_optimum_lp_integral,0.00010000000001753051,-2.842170943040401e-14,0.00010000000004595222,True,0,lp_relaxation,756.7131578947369,705.0416963291825,0.0,0.020834292023209855,0.0,0.0,0.978021978021978
v2e2_689fd81bd1f3eec1e27d,zero,0.0,False,150.0,0.0,global_distance_optimum_lp_integral,157.89483684210526,157.89473684210526,0.00010000000000331966,True,0,lp_relaxation,157.89483684210526,369.4788048450823,0.0,0.017290458985371515,0.4218140246530311,0.0011429509131240698,0.9512195121951219,global_distance_optimum_lp_integral,157.89483684210526,157.89473684210526,0.00010000000000331966,True,0,lp_relaxation,157.89483684210526,369.4788048450823,0.0,0.017612333002034575,0.4218140246530311,0.0011429509131240698,0.9512195121951219
v2e2_689fd81bd1f3eec1e27d,heuristic,157.8947368421056,True,0.0,0.0,global_distance_optimum_lp_integral,0.00010000000000043308,0.0,0.00010000000000043308,True,0,lp_relaxation,157.89473684210563,371.5904050592484,0.0,0.016012915992178023,2.5334142388190912,0.006864561034834225,0.975609756097561,global_distance_optimum_lp_integral,0.00010000000000043308,0.0,0.00010000000000043308,True,0,lp_relaxation,157.89473684210563,371.5904050592484,0.0,0.01559937500860542,2.5334142388190912,0.006864561034834225,0.975609756097561
v2e2_689fd81bd1f3eec1e27d,stale_optimal,361.3184210526316,False,75.00000000000003,4497.598684210529,global_distance_optimum_lp_integral,71.25000000000001,71.25000000000001,0.0,True,0,lp_relaxation,290.0684210526316,369.0569908204293,0.0,0.017506042000604793,0.0,0.0,0.975609756097561,global_distance_optimum_lp_integral,71.25000000000001,71.25000000000001,0.0,True,0,lp_relaxation,290.0684210526316,369.0569908204293,0.0,0.01679470800445415,0.0,0.0,0.975609756097561
v2e2_689fd81bd1f3eec1e27d,random_static_range,2798.7729872913706,False,785.0498494047887,18475.665324468708,global_distance_optimum_lp_integral,745.7974569345491,745.7973569345492,9.999999997489795e-05,True,0,lp_relaxation,2052.9755303568218,388.40487926485156,0.0,0.015286999987438321,19.347888444422267,0.052425205119163557,0.7073170731707317,global_distance_optimum_lp_integral,745.7974569345492,745.7973569345492,0.00010000000008858478,True,0,lp_relaxation,2052.9755303568218,388.40487926485156,0.0,0.015221542009385303,19.347888444422267,0.052425205119163557,0.7195121951219512
v2e2_689fd81bd1f3eec1e27d,direct_mpc,290.0684210526316,True,0.0,9.237055564881302e-13,global_distance_optimum_lp_integral,0.00010000000000109921,0.0,0.00010000000000109921,True,0,lp_relaxation,290.0684210526316,369.0569908204293,0.0,0.01847495898255147,0.0,0.0,0.975609756097561,global_distance_optimum_lp_integral,0.00010000000000109921,0.0,0.00010000000000109921,True,0,lp_relaxation,290.0684210526316,369.0569908204293,0.0,0.017131291009718552,0.0,0.0,0.975609756097561
v2e2_68ad1227a66cd68252f6,zero,0.0,False,150.0,0.0,global_distance_optimum_lp_integral,157.89473684210526,157.89473684210526,0.0,True,0,lp_relaxation,157.89473684210526,489.48749045991536,0.0,0.019000083004357293,0.0,0.0,0.967391304347826,global_distance_optimum_lp_integral,157.89473684210526,157.89473684210526,0.0,True,0,lp_relaxation,157.89473684210526,489.48749045991536,0.0,0.019244665978476405,0.0,0.0,0.967391304347826
v2e2_68ad1227a66cd68252f6,heuristic,157.89473684210614,True,0.0,0.0,global_distance_optimum_lp_integral,0.00010000000000021103,0.0,0.00010000000000021103,True,0,lp_relaxation,157.89473684210614,490.8184599950166,0.0,0.017837249994045123,1.3309695351012465,0.0027191083756822605,0.9782608695652174,global_distance_optimum_lp_integral,0.00010000000000021103,0.0,0.00010000000000021103,True,0,lp_relaxation,157.89473684210614,490.8184599950166,0.0,0.018471999996108934,1.3309695351012465,0.0027191083756822605,0.9782608695652174
v2e2_68ad1227a66cd68252f6,stale_optimal,78.94736842105263,False,75.0,0.0,global_distance_optimum_lp_integral,78.94736842105263,78.94736842105263,0.0,True,0,lp_relaxation,157.89473684210526,489.48749045991536,0.0,0.01998566699330695,0.0,0.0,0.9782608695652174,global_distance_optimum_lp_integral,78.94736842105263,78.94736842105263,0.0,True,0,lp_relaxation,157.89473684210526,489.48749045991536,0.0,0.019897457998013124,0.0,0.0,0.9782608695652174
v2e2_68ad1227a66cd68252f6,random_static_range,2893.4696666775017,False,629.2061636041491,9166.449169680822,global_distance_optimum_lp_integral,608.1272334541109,608.1271334541109,9.999999997489795e-05,True,0,lp_relaxation,2285.3424332233903,514.8894620187484,0.0,0.01598637501592748,25.401971558833054,0.051895037266357365,0.7717391304347826,global_distance_optimum_lp_integral,608.1272334541109,608.1271334541109,9.999999997489795e-05,True,0,lp_relaxation,2285.3424332233903,514.8894620187484,0.0,0.016038208006648347,25.401971558833054,0.051895037266357365,0.7717391304347826
v2e2_68ad1227a66cd68252f6,direct_mpc,157.89473684210526,True,0.0,0.0,global_distance_optimum_lp_integral,0.0,0.0,0.0,True,0,lp_relaxation,157.89473684210526,489.48749045991536,0.0,0.02179608299047686,0.0,0.0,1.0,global_distance_optimum_lp_integral,0.0,0.0,0.0,True,0,lp_relaxation,157.89473684210526,489.48749045991536,0.0,0.021208083984674886,0.0,0.0,1.0
v2e2_729fd4e9cb1879f64d23,zero,0.0,False,125.0,0.0,global_distance_optimum_lp_integral,131.57904736842104,131.57894736842104,0.00010000000000331966,True,0,lp_relaxation,131.57904736842104,506.3481567904443,0.0,0.01716300001135096,0.965996719156692,0.0019114183195948816,0.9512195121951219,global_distance_optimum_lp_integral,131.57904736842104,131.57894736842104,0.00010000000000331966,True,0,lp_relaxation,131.57904736842104,506.3481567904443,0.0,0.01689945798716508,0.965996719156692,0.0019114183195948816,0.9512195121951219
v2e2_729fd4e9cb1879f64d23,heuristic,131.57894736842115,True,0.0,0.0,global_distance_optimum_lp_integral,0.00010000000000043308,0.0,0.00010000000000043308,True,0,lp_relaxation,131.5789473684211,507.7957148360353,0.0,0.015602625004248694,2.413554764747687,0.0047757023405955576,0.975609756097561,global_distance_optimum_lp_integral,0.00010000000000043308,0.0,0.00010000000000043308,True,0,lp_relaxation,131.5789473684211,507.7957148360353,0.0,0.016265374986687675,2.413554764747687,0.0047757023405955576,0.975609756097561
v2e2_729fd4e9cb1879f64d23,stale_optimal,429.4078947368421,False,50.0,1450.0000000000002,global_distance_optimum_lp_integral,47.50010000000001,47.50000000000001,0.00010000000000331966,True,0,lp_relaxation,381.9078947368421,505.3821600712877,0.0,0.018535625014919788,5.684341886080802e-14,1.1247610887726995e-16,0.9512195121951219,global_distance_optimum_lp_integral,47.50010000000001,47.50000000000001,0.00010000000000331966,True,0,lp_relaxation,381.9078947368421,505.3821600712877,0.0,0.018764792010188103,5.684341886080802e-14,1.1247610887726995e-16,0.9512195121951219
v2e2_729fd4e9cb1879f64d23,random_static_range,2335.5341275441247,False,68.47196358914698,0.0,global_distance_optimum_lp_integral,65.04846540968958,65.04836540968958,0.00010000000000331966,True,0,lp_relaxation,2270.485662134435,529.8739550166567,0.0,0.015648832981241867,24.491794945369122,0.04846193015977134,0.9634146341463414,global_distance_optimum_lp_integral,65.04846540968958,65.04836540968958,0.00010000000000331966,True,0,lp_relaxation,2270.485662134435,529.8739550166567,0.0,0.014360000001033768,24.491794945369122,0.04846193015977134,0.9634146341463414
v2e2_729fd4e9cb1879f64d23,direct_mpc,381.9078947368421,True,0.0,0.0,global_distance_optimum_lp_integral,0.00010000000000643384,0.0,0.00010000000000643384,True,0,lp_relaxation,381.9078947368421,505.3821600712877,0.0,0.018131707998691127,5.684341886080802e-14,1.1247610887726995e-16,0.975609756097561,global_distance_optimum_lp_integral,0.00010000000000643384,0.0,0.00010000000000643384,True,0,lp_relaxation,381.9078947368421,505.3821600712877,0.0,0.018051749997539446,5.684341886080802e-14,1.1247610887726995e-16,0.975609756097561
v2e2_7778cc641046e1b0a2cd,zero,0.0,False,150.0,0.0,global_distance_optimum_lp_integral,157.89483684210526,157.89473684210526,0.00010000000000331966,True,0,lp_relaxation,157.89483684210526,424.8554287375644,0.0,0.01719908299855888,0.22897003802290783,0.0005392269683904063,0.9512195121951219,global_distance_optimum_lp_integral,157.89483684210526,157.89473684210526,0.00010000000000331966,True,0,lp_relaxation,157.89483684210526,424.8554287375644,0.0,0.016650166013278067,0.22897003802290783,0.0005392269683904063,0.9512195121951219
v2e2_7778cc641046e1b0a2cd,heuristic,157.8947368421056,True,0.0,0.0,global_distance_optimum_lp_integral,0.00010000000000043308,0.0,0.00010000000000043308,True,0,lp_relaxation,157.89473684210563,426.3612554191311,0.0,0.015526792005402967,1.7347967195896103,0.004085465434496448,0.975609756097561,global_distance_optimum_lp_integral,0.00010000000000043308,0.0,0.00010000000000043308,True,0,lp_relaxation,157.89473684210563,426.3612554191311,0.0,0.015484957984881476,1.7347967195896103,0.004085465434496448,0.975609756097561
v2e2_7778cc641046e1b0a2cd,stale_optimal,429.4078947368421,False,75.00000000000009,5122.203947368422,global_distance_optimum_lp_integral,71.25000000000004,71.25,4.263256414560601e-14,True,0,lp_relaxation,358.1578947368421,424.6264586995415,0.0,0.017224417009856552,0.0,0.0,0.975609756097561,global_distance_optimum_lp_integral,71.25000000000004,71.25,4.263256414560601e-14,True,0,lp_relaxation,358.1578947368421,424.6264586995415,0.0,0.016631709004286677,0.0,0.0,0.975609756097561
v2e2_7778cc641046e1b0a2cd,random_static_range,2253.7495415216667,False,288.89257289405094,9018.732526274982,feasible_mode_library_upper_bound,353.09009169656895,313.7689679729586,39.321123723610356,False,24,raw_sign_with_mpc_zero_anchor,1979.299645990266,443.96801614563674,0.0,0.014524124999297783,19.341557446095237,0.04554958140227667,0.8414634146341463,feasible_mode_library_upper_bound,353.09009169656895,313.7689679729586,39.321123723610356,False,24,raw_sign_with_mpc_zero_anchor,1979.299645990266,443.96801614563674,0.0,0.014577416004613042,19.341557446095237,0.04554958140227667,0.8414634146341463
v2e2_7778cc641046e1b0a2cd,direct_mpc,358.1578947368421,True,0.0,9.663381206337363e-13,global_distance_optimum_lp_integral,0.00010000000000331966,0.0,0.00010000000000331966,True,0,lp_relaxation,358.1578947368421,424.6264586995415,0.0,0.018828542000846937,0.0,0.0,0.975609756097561,global_distance_optimum_lp_integral,0.00010000000000331966,0.0,0.00010000000000331966,True,0,lp_relaxation,358.1578947368421,424.6264586995415,0.0,0.038529375015059486,0.0,0.0,0.975609756097561
v2e2_7b2e0628b0d7b7a4badd,zero,0.0,False,25.0,0.0,feasible_mode_library_upper_bound,23.7501,0.0,23.7501,False,10,raw_sign_with_mpc_zero_anchor,23.7501,291.8389621003977,0.0,0.022283291997155175,13.452825300709833,0.048324336317040764,0.9782608695652174,feasible_mode_library_upper_bound,23.7501,0.0,23.7501,False,10,raw_sign_with_mpc_zero_anchor,23.7501,291.8389621003977,0.0,0.02235358298639767,13.452825300709833,0.048324336317040764,0.9782608695652174
v2e2_7b2e0628b0d7b7a4badd,heuristic,23.749999999999872,True,0.0,0.0,global_distance_optimum_lp_integral,0.0001000000000000445,0.0,0.0001000000000000445,True,0,lp_relaxation,23.749999999999872,292.94412771114787,0.0,0.01719779201084748,14.557990911460024,0.052294238063784027,0.9782608695652174,global_distance_optimum_lp_integral,0.0001000000000000445,0.0,0.0001000000000000445,True,0,lp_relaxation,23.749999999999872,292.94412771114787,0.0,0.016997375001665205,14.557990911460024,0.052294238063784027,0.9782608695652174
v2e2_7b2e0628b0d7b7a4badd,stale_optimal,779.8684210526317,False,99.99999999999989,2670.6578947368407,feasible_mode_library_upper_bound,95.00009999999992,0.0,95.00009999999992,False,40,raw_sign_with_mpc_zero_anchor,874.866569770581,278.3861714187744,0.0,0.0224492909910623,3.461908653434875e-05,1.243563595958043e-07,0.9456521739130435,feasible_mode_library_upper_bound,95.00009999999992,0.0,95.00009999999992,False,40,raw_sign_with_mpc_zero_anchor,874.866569770581,278.3861714187744,0.0,0.022238208999624476,3.461908653434875e-05,1.243563595958043e-07,0.9456521739130435
v2e2_7b2e0628b0d7b7a4badd,random_static_range,3004.1262972428103,False,40.65581381055921,3509.022500670043,feasible_mode_library_upper_bound,448.8882117000085,404.9058378442932,43.98237385571531,False,41,lp_net_sign_with_mpc_zero_anchor,2753.801084010682,324.21458319162167,0.0,0.0158311249979306,45.828446391933824,0.16462186989185307,0.6739130434782609,feasible_mode_library_upper_bound,448.30532888642256,404.9058378442932,43.39949104212934,False,39,lp_net_sign_with_mpc_zero_anchor,2765.1747717321937,323.93324788738,0.0,0.015142624994041398,45.547111087692144,0.16361127609046663,0.6847826086956522
v2e2_7b2e0628b0d7b7a4badd,direct_mpc,874.8684210526317,True,1.1368683772161603e-13,4.135358722123783e-12,global_distance_optimum_lp_integral,0.0001000000000657808,4.263256414560601e-14,0.00010000000002314824,True,0,lp_relaxation,874.8684210526317,278.38613679968785,0.0,0.02142308300244622,0.0,0.0,0.9782608695652174,global_distance_optimum_lp_integral,0.0001000000000672685,4.263256414560601e-14,0.00010000000002463594,True,0,lp_relaxation,874.8684210526317,278.38613679968785,0.0,0.020917291985824704,0.0,0.0,0.9782608695652174
v2e2_7e727667efa4e288ccd0,zero,0.0,False,125.0,0.0,global_distance_optimum_lp_integral,131.57904736842104,131.57894736842104,0.00010000000000331966,True,0,lp_relaxation,131.57904736842104,468.1601546569039,0.0,0.01920316700125113,16.154334704668088,0.03573921837195623,0.9565217391304348,global_distance_optimum_lp_integral,131.57904736842104,131.57894736842104,0.00010000000000331966,True,0,lp_relaxation,131.57904736842104,468.1601546569039,0.0,0.01895533298375085,16.154334704668088,0.03573921837195623,0.9565217391304348
v2e2_7e727667efa4e288ccd0,heuristic,131.57894736842093,True,0.0,0.0,global_distance_optimum_lp_integral,0.00010000000000043308,0.0,0.00010000000000043308,True,0,lp_relaxation,131.57894736842098,472.129203238812,0.0,0.01829295899369754,20.1233832865762,0.04452018624163439,0.9782608695652174,global_distance_optimum_lp_integral,0.00010000000000043308,0.0,0.00010000000000043308,True,0,lp_relaxation,131.57894736842098,472.129203238812,0.0,0.01732670798082836,20.1233832865762,0.04452018624163439,0.9782608695652174
v2e2_7e727667efa4e288ccd0,stale_optimal,779.8684210526316,False,50.0,2450.0000000000005,global_distance_optimum_lp_integral,47.50010000000002,47.50000000000001,0.00010000000001042508,True,0,lp_relaxation,732.3684210526316,452.0058199522358,0.0,0.020943624986102805,0.0,0.0,0.9565217391304348,global_distance_optimum_lp_integral,47.50010000000002,47.50000000000001,0.00010000000001042508,True,0,lp_relaxation,732.3684210526316,452.0058199522358,0.0,0.01989441699697636,0.0,0.0,0.9565217391304348
v2e2_7e727667efa4e288ccd0,random_static_range,2983.8850073066214,False,1003.7697842972347,27007.669156483767,global_distance_optimum_lp_integral,953.5813950823724,953.5812950823727,9.999999974752427e-05,True,0,lp_relaxation,2030.3036122242495,475.76048693478253,0.0,0.017429291998269036,23.754666982546723,0.05255389628624012,0.717391304347826,global_distance_optimum_lp_integral,953.5813950823724,953.5812950823727,9.999999974752427e-05,True,0,lp_relaxation,2030.3036122242495,475.76048693478253,0.0,0.015942375001031905,23.754666982546723,0.05255389628624012,0.717391304347826
v2e2_7e727667efa4e288ccd0,direct_mpc,732.3684210526316,True,0.0,0.0,global_distance_optimum_lp_integral,0.00010000000000110477,0.0,0.00010000000000110477,True,0,lp_relaxation,732.3684210526316,452.0058199522358,0.0,0.021375999989686534,0.0,0.0,0.9782608695652174,global_distance_optimum_lp_integral,0.00010000000000110477,0.0,0.00010000000000110477,True,0,lp_relaxation,732.3684210526316,452.0058199522358,0.0,0.02018091600621119,0.0,0.0,0.9782608695652174
v2e2_7f938d120000eec26457,zero,0.0,False,150.0,0.0,global_distance_optimum_lp_integral,157.89483684210526,157.89473684210526,0.00010000000000331966,True,0,lp_relaxation,157.89483684210526,276.242228825597,0.0,0.017720999981975183,4.432562301534688,0.016307596261085473,0.9545454545454546,global_distance_optimum_lp_integral,157.89483684210526,157.89473684210526,0.00010000000000331966,True,0,lp_relaxation,157.89483684210526,276.242228825597,0.0,0.017764749994967133,4.432562301534688,0.016307596261085473,0.9545454545454546
v2e2_7f938d120000eec26457,heuristic,157.8947368421056,True,0.0,0.0,global_distance_optimum_lp_integral,9.999999999998899e-05,0.0,9.999999999998899e-05,True,0,lp_relaxation,157.89473684210566,278.6660995295987,0.0,0.016630041995085776,6.85643300553636,0.025225125703648897,0.9772727272727273,global_distance_optimum_lp_integral,9.999999999998899e-05,0.0,9.999999999998899e-05,True,0,lp_relaxation,157.89473684210566,278.6660995295987,0.0,0.017231666017323732,6.85643300553636,0.025225125703648897,0.9772727272727273
v2e2_7f938d120000eec26457,stale_optimal,429.4078947368421,False,75.00000000000006,4074.83552631579,global_distance_optimum_lp_integral,71.25,71.25,0.0,True,0,lp_relaxation,358.1578947368421,271.8096665240623,0.0,0.018755833007162437,0.0,0.0,0.9772727272727273,global_distance_optimum_lp_integral,71.25,71.25,0.0,True,0,lp_relaxation,358.1578947368421,271.8096665240623,0.0,0.0184065829962492,0.0,0.0,0.9772727272727273
v2e2_7f938d120000eec26457,random_static_range,2807.2981234927147,False,534.8356383770574,4858.207573900058,global_distance_optimum_lp_integral,508.0939564582046,508.09385645820464,9.999999997489795e-05,True,0,lp_relaxation,2299.20416703451,301.84197694020577,0.0,0.01655324999592267,30.032310416143446,0.11049022207414685,0.7840909090909091,global_distance_optimum_lp_integral,508.0939564582046,508.09385645820464,9.999999997489795e-05,True,0,lp_relaxation,2299.20416703451,301.84197694020577,0.0,0.015419458010001108,30.032310416143446,0.11049022207414685,0.7840909090909091
v2e2_7f938d120000eec26457,direct_mpc,358.1578947368421,True,0.0,7.815970093361102e-13,global_distance_optimum_lp_integral,0.00010000000000331966,0.0,0.00010000000000331966,True,0,lp_relaxation,358.1578947368421,271.8096665240623,0.0,0.020045375014888123,0.0,0.0,0.9772727272727273,global_distance_optimum_lp_integral,0.00010000000000331966,0.0,0.00010000000000331966,True,0,lp_relaxation,358.1578947368421,271.8096665240623,0.0,0.019675749994348735,0.0,0.0,0.9772727272727273
v2e2_8e9a9550f230c7b3cff3,zero,0.0,False,150.0,0.0,global_distance_optimum_lp_integral,157.89483684210526,157.89473684210526,0.00010000000000331966,True,0,lp_relaxation,157.89483684210526,299.3494776292558,0.0,0.0189077079994604,7.456320067814886,0.025544689468253116,0.9565217391304348,global_distance_optimum_lp_integral,157.89483684210526,157.89473684210526,0.00010000000000331966,True,0,lp_relaxation,157.89483684210526,299.3494776292558,0.0,0.019590499985497445,7.456320067814943,0.025544689468253313,0.9565217391304348
v2e2_8e9a9550f230c7b3cff3,heuristic,157.89473684210614,True,0.0,0.0,global_distance_optimum_lp_integral,0.00010000000000043308,0.0,0.00010000000000043308,True,0,lp_relaxation,157.89473684210608,302.076871862632,0.0,0.017222082999069244,10.183714301191117,0.03488849956699494,0.9782608695652174,global_distance_optimum_lp_integral,0.00010000000000043308,0.0,0.00010000000000043308,True,0,lp_relaxation,157.89473684210608,302.076871862632,0.0,0.01791154101374559,10.183714301191173,0.03488849956699514,0.9782608695652174
v2e2_8e9a9550f230c7b3cff3,stale_optimal,779.8684210526316,False,75.0,3699.8355263157896,global_distance_optimum_lp_integral,71.25009999999997,71.25,9.999999997489795e-05,True,0,lp_relaxation,708.6184210526316,291.89315756144083,0.0,0.019326249981531873,-5.684341886080802e-14,-1.9474049798115937e-16,0.9565217391304348,global_distance_optimum_lp_integral,71.25009999999997,71.25,9.999999997489795e-05,True,0,lp_relaxation,708.6184210526316,291.89315756144083,0.0,0.018947208998724818,0.0,0.0,0.9565217391304348
v2e2_8e9a9550f230c7b3cff3,random_static_range,2922.9928569969734,False,212.34473381301729,313.0316377047792,global_distance_optimum_lp_integral,201.72759712236638,201.72749712236634,0.00010000000003174137,True,0,lp_relaxation,2721.265259874607,330.7250691323562,0.0,0.017037375015206635,38.83191157091534,0.13303467575371844,0.9239130434782609,global_distance_optimum_lp_integral,201.72759712236638,201.72749712236634,0.00010000000003174137,True,0,lp_relaxation,2721.265259874607,330.7250691323562,0.0,0.01586270800908096,38.831911570915395,0.13303467575371866,0.9239130434782609
v2e2_8e9a9550f230c7b3cff3,direct_mpc,708.6184210526316,True,0.0,7.247535904753022e-13,global_distance_optimum_lp_integral,0.00010000000000110477,0.0,0.00010000000000110477,True,0,lp_relaxation,708.6184210526316,291.89315756144083,0.0,0.020981333014788106,-5.684341886080802e-14,-1.9474049798115937e-16,0.9782608695652174,global_distance_optimum_lp_integral,0.00010000000000110477,0.0,0.00010000000000110477,True,0,lp_relaxation,708.6184210526316,291.89315756144083,0.0,0.020791332994122058,0.0,0.0,0.9782608695652174
v2e2_90357feca5a42c2b5eee,zero,0.0,False,150.0,0.0,global_distance_optimum_lp_integral,157.89483684210526,157.89473684210526,0.00010000000000331966,True,0,lp_relaxation,157.89483684210526,189.55449544010926,0.0,0.019065000000409782,2.9080425324335977,0.015580486460527893,0.9555555555555556,global_distance_optimum_lp_integral,157.89483684210526,157.89473684210526,0.00010000000000331966,True,0,lp_relaxation,157.89483684210526,189.55449544010926,0.0,0.0184716249932535,2.9080425324335977,0.015580486460527893,0.9555555555555556
v2e2_90357feca5a42c2b5eee,heuristic,157.8947368421052,True,0.0,0.0,global_distance_optimum_lp_integral,0.00010000000000043308,0.0,0.00010000000000043308,True,0,lp_relaxation,157.89473684210517,191.79832535633352,0.0,0.017120083008194342,5.151872448657855,0.027602305687567604,0.9777777777777777,global_distance_optimum_lp_integral,0.00010000000000043308,0.0,0.00010000000000043308,True,0,lp_relaxation,157.89473684210517,191.79832535633352,0.0,0.017965749982977286,5.151872448657855,0.027602305687567604,0.9777777777777777
v2e2_90357feca5a42c2b5eee,stale_optimal,930.0657894736842,False,75.00000000000003,1574.8355263157896,global_distance_optimum_lp_integral,71.25,71.25,0.0,True,0,lp_relaxation,858.8157894736843,186.7800172912283,0.0,0.01957512501394376,0.13356438355262412,0.0007156009743120675,0.9777777777777777,global_distance_optimum_lp_integral,71.2501,71.25,0.00010000000000331966,True,0,lp_relaxation,858.8157894736843,186.78001729122826,0.0,0.020179042010568082,0.1335643835525957,0.0007156009743119152,0.9555555555555556
v2e2_90357feca5a42c2b5eee,random_static_range,2875.2774374561563,False,445.1546198654491,5535.7019122868205,global_distance_optimum_lp_integral,422.8969888721764,422.89688887217636,0.00010000000003174137,True,0,lp_relaxation,2452.38044858398,209.52243481957433,0.0,0.016700292006134987,22.875981911898663,0.12256317521991283,0.8,global_distance_optimum_lp_integral,422.89698887217634,422.89688887217636,9.999999997489795e-05,True,0,lp_relaxation,2452.3804485839796,209.52243481957433,0.0,0.016644917021039873,22.875981911898663,0.12256317521991283,0.8111111111111111
v2e2_90357feca5a42c2b5eee,direct_mpc,1009.0131578947369,True,0.0,2.8421709430404007e-13,global_distance_optimum_lp_integral,0.00010000000000977414,0.0,0.00010000000000977414,True,0,lp_relaxation,1009.0131578947369,186.64645290767567,0.0,0.021593957993900403,0.0,0.0,0.9777777777777777,global_distance_optimum_lp_integral,0.00010000000000977414,0.0,0.00010000000000977414,True,0,lp_relaxation,1009.0131578947369,186.64645290767567,0.0,0.021341500018024817,0.0,0.0,0.9777777777777777
v2e2_a015340abe1151fa1614,zero,0.0,False,150.0,0.0,global_distance_optimum_lp_integral,157.89483684210526,157.89473684210526,0.00010000000000331966,True,0,lp_relaxation,157.89483684210526,213.47971397619935,0.0,0.017456292000133544,3.1161707171747253,0.014813264070845798,0.9512195121951219,global_distance_optimum_lp_integral,157.89483684210526,157.89473684210526,0.00010000000000331966,True,0,lp_relaxation,157.89483684210526,213.47971397619935,0.0,0.015890165988821536,3.1161707171747253,0.014813264070845798,0.9512195121951219
v2e2_a015340abe1151fa1614,heuristic,157.8947368421056,True,0.0,0.0,global_distance_optimum_lp_integral,0.00010000000000021103,0.0,0.00010000000000021103,True,0,lp_relaxation,157.8947368421056,215.92120063062984,0.0,0.016411999997217208,5.557657371605217,0.02641929911192819,0.975609756097561,global_distance_optimum_lp_integral,0.00010000000000021103,0.0,0.00010000000000021103,True,0,lp_relaxation,157.8947368421056,215.92120063062984,0.0,0.015537208993919194,5.557657371605217,0.02641929911192819,0.975609756097561
v2e2_a015340abe1151fa1614,stale_optimal,711.7789473684211,False,75.0,3352.9407894736846,global_distance_optimum_lp_integral,71.25010000000003,71.25000000000001,0.00010000000001753051,True,0,lp_relaxation,640.528947368421,210.36354325902462,0.0,0.016712167009245604,0.0,0.0,0.9512195121951219,global_distance_optimum_lp_integral,71.25010000000003,71.25000000000001,0.00010000000001753051,True,0,lp_relaxation,640.528947368421,210.36354325902462,0.0,0.01712912501534447,0.0,0.0,0.9512195121951219
v2e2_a015340abe1151fa1614,random_static_range,2420.741288159454,False,516.5775209347236,10974.972255564315,feasible_mode_library_upper_bound,532.7907392201845,419.3518841464003,113.43885507378417,False,81,raw_sign_with_mpc_zero_anchor,2911.4879817653914,244.84272978801528,0.0,0.014321209018817171,34.47918652899065,0.1639028607087863,0.7804878048780488,feasible_mode_library_upper_bound,490.74874488798724,377.30988981420296,113.43885507378428,False,82,raw_sign_with_mpc_zero_anchor,2911.487981765389,245.62384902171033,21.020997166098645,0.014655750012025237,35.260305762685704,0.16761604799206592,0.8170731707317073
v2e2_a015340abe1151fa1614,direct_mpc,640.5289473684211,True,0.0,6.394884621840902e-13,global_distance_optimum_lp_integral,0.00010000000000109921,0.0,0.00010000000000109921,True,0,lp_relaxation,640.5289473684211,210.36354325902462,0.0,0.01817666701390408,0.0,0.0,0.975609756097561,global_distance_optimum_lp_integral,0.00010000000000109921,0.0,0.00010000000000109921,True,0,lp_relaxation,640.5289473684211,210.36354325902462,0.0,0.01831241699983366,0.0,0.0,0.975609756097561
v2e2_a26fd019af93d45104b8,zero,0.0,False,25.0,0.0,global_distance_optimum_lp_integral,26.315889473684212,26.315789473684212,9.999999999976694e-05,True,0,lp_relaxation,26.315889473684212,160.39321665585229,0.0,0.017138791998149827,5.771046977170954,0.03732354156692863,0.9759036144578314,global_distance_optimum_lp_integral,26.315889473684212,26.315789473684212,9.999999999976694e-05,True,0,lp_relaxation,26.315889473684212,160.39321665585229,0.0,0.018750374991213903,5.771046977170954,0.03732354156692863,0.9759036144578314
v2e2_a26fd019af93d45104b8,heuristic,26.315789473683804,True,0.0,0.0,global_distance_optimum_lp_integral,0.00010000000000010001,0.0,0.00010000000000010001,True,0,lp_relaxation,26.315789473683864,160.95909841939647,0.0,0.015874667005846277,6.336928740715138,0.04098331276739837,0.9759036144578314,global_distance_optimum_lp_integral,0.00010000000000010001,0.0,0.00010000000000010001,True,0,lp_relaxation,26.315789473683864,160.95909841939647,0.0,0.015624541003489867,6.336928740715138,0.04098331276739837,0.9759036144578314
v2e2_a26fd019af93d45104b8,stale_optimal,605.95567867036,False,50.0,0.0,feasible_mode_library_upper_bound,47.5001,0.0,47.5001,False,16,raw_sign_with_mpc_zero_anchor,653.4537273883088,154.66423754046033,0.0,0.021330166986444965,0.042067861779003124,0.00027206875874542373,0.9759036144578314,feasible_mode_library_upper_bound,47.5001,0.0,47.5001,False,16,raw_sign_with_mpc_zero_anchor,653.4537273883087,154.66423754046036,0.0,0.021426582999993116,0.042067861779031546,0.00027206875874560756,0.9759036144578314
v2e2_a26fd019af93d45104b8,random_static_range,2504.080656923087,False,145.049396238498,97.36231968784122,feasible_mode_library_upper_bound,268.2575003715851,136.62573158764246,131.63176878394262,False,83,raw_sign_with_mpc_zero_anchor,2618.992921933837,176.20272500841295,0.0,0.013881666993256658,21.580555329731624,0.13956960618634406,0.7831325301204819,feasible_mode_library_upper_bound,137.7970264265732,7.337958950405977,130.45906747616723,False,83,raw_sign_with_mpc_zero_anchor,2641.875632067609,177.50533524584898,64.6438863186182,0.014807416999246925,22.88316556716765,0.14799407882272583,0.9156626506024096
v2e2_a26fd019af93d45104b8,direct_mpc,553.3240997229916,True,0.0,2.7000623958883807e-13,global_distance_optimum_lp_integral,0.0,0.0,0.0,True,0,lp_relaxation,553.3240997229916,154.62216967868133,0.0,0.01842566701816395,0.0,0.0,1.0,global_distance_optimum_lp_integral,0.0,0.0,0.0,True,0,lp_relaxation,553.3240997229916,154.62216967868133,0.0,0.018317292007850483,0.0,0.0,1.0
v2e2_a49aba98f0f44c8c6622,zero,0.0,False,25.0,0.0,global_distance_optimum_lp_integral,26.315889473684212,26.315789473684212,9.999999999976694e-05,True,0,lp_relaxation,26.315889473684212,273.00577504848263,0.0,0.017595916986465454,6.560839959657187,0.024623624230162164,0.9753086419753086,global_distance_optimum_lp_integral,26.315889473684212,26.315789473684212,9.999999999976694e-05,True,0,lp_relaxation,26.315889473684212,273.0057750484825,0.0,0.01699045900022611,6.5608399596570735,0.024623624230161737,0.9753086419753086
v2e2_a49aba98f0f44c8c6622,heuristic,26.315789473683555,True,0.0,0.0,global_distance_optimum_lp_integral,9.999999999987796e-05,0.0,9.999999999987796e-05,True,0,lp_relaxation,26.315789473683505,273.29524937190604,0.0,0.015226292016450316,6.850314283080593,0.02571005630411734,0.9753086419753086,global_distance_optimum_lp_integral,9.999999999987796e-05,0.0,9.999999999987796e-05,True,0,lp_relaxation,26.315789473683505,273.29524937190604,0.0,0.016352292004739866,6.850314283080593,0.02571005630411734,0.9753086419753086
v2e2_a49aba98f0f44c8c6622,stale_optimal,983.4517313019392,False,50.0,1694.7368421052633,feasible_mode_library_upper_bound,47.50010000000003,0.0,47.50010000000003,False,16,raw_sign_with_mpc_zero_anchor,1030.9498800198878,266.4449377795024,0.0,0.020301542012020946,2.6906769790002727e-06,1.0098435453851936e-08,0.9506172839506173,feasible_mode_library_upper_bound,47.50010000000003,0.0,47.50010000000003,False,16,raw_sign_with_mpc_zero_anchor,1030.9498800198876,266.4449377795024,0.0,0.020565041981171817,2.6906769790002727e-06,1.0098435453851936e-08,0.9506172839506173
v2e2_a49aba98f0f44c8c6622,random_static_range,2633.539684298607,False,61.91033656448883,749.2487289661618,feasible_mode_library_upper_bound,327.14935042984257,263.50426372343975,63.64508670640282,False,49,lp_net_sign_with_mpc_zero_anchor,2692.352552752821,296.4816172000155,0.0,0.014555165980709717,30.036682111190032,0.11273129324517513,0.7407407407407407,feasible_mode_library_upper_bound,211.3492687776854,147.70418207128253,63.64508670640288,False,50,lp_net_sign_with_mpc_zero_anchor,2692.35255275282,300.40254886105606,57.90004082607862,0.014102624991210178,33.957613772230616,0.1274470230064988,0.8641975308641975
v2e2_a49aba98f0f44c8c6622,direct_mpc,1030.9517313019392,True,0.0,0.0,global_distance_optimum_lp_integral,0.00010000000002463594,0.0,0.00010000000002463594,True,0,lp_relaxation,1030.951731301939,266.44493508882545,0.0,0.019076708995271474,0.0,0.0,0.9753086419753086,global_distance_optimum_lp_integral,0.00010000000002242105,0.0,0.00010000000002242105,True,0,lp_relaxation,1030.9517313019392,266.44493508882545,0.0,0.018086083000525832,0.0,0.0,0.9753086419753086
v2e2_a614c009acc530c12890,zero,0.0,False,25.0,0.0,global_distance_optimum_lp_integral,26.315889473684212,26.315789473684212,9.999999999976694e-05,True,0,lp_relaxation,26.315889473684212,353.1935845793822,0.0,0.019670582987600937,22.283474002332582,0.0673399611860577,0.978021978021978,global_distance_optimum_lp_integral,26.315889473684212,26.315789473684212,9.999999999976694e-05,True,0,lp_relaxation,26.315889473684212,353.1935845793822,0.0,0.019702999998116866,22.283474002332582,0.0673399611860577,0.978021978021978
v2e2_a614c009acc530c12890,heuristic,26.31578947368493,True,0.0,0.0,global_distance_optimum_lp_integral,0.00010000000000010001,0.0,0.00010000000000010001,True,0,lp_relaxation,26.315789473684884,353.63161595249045,0.0,0.018405332986731082,22.721505375440813,0.068663678289607,0.978021978021978,global_distance_optimum_lp_integral,0.00010000000000010001,0.0,0.00010000000000010001,True,0,lp_relaxation,26.315789473684884,353.63161595249045,0.0,0.017221667018020526,22.721505375440813,0.068663678289607,0.978021978021978
v2e2_a614c009acc530c12890,stale_optimal,1238.7872576177285,False,50.0,1694.7368421052633,feasible_mode_library_upper_bound,47.5001,0.0,47.5001,False,16,raw_sign_with_mpc_zero_anchor,1286.2854063356774,330.91018734631814,0.0,0.02392058400437236,7.676926850308519e-05,2.319943273090476e-07,0.9560439560439561,feasible_mode_library_upper_bound,47.5001,0.0,47.5001,False,16,raw_sign_with_mpc_zero_anchor,1286.2854063356774,330.91018734631814,0.0,0.02455991701572202,7.676926850308519e-05,2.319943273090476e-07,0.9560439560439561
v2e2_a614c009acc530c12890,random_static_range,2578.6255461577284,False,23.574849128857295,435.96668239022864,feasible_mode_library_upper_bound,218.90179074339642,98.25279203549086,120.64899870790556,False,69,raw_sign_with_mpc_zero_anchor,2601.0197015480917,364.381815952777,0.0,0.015602583007421345,33.47170537572737,0.10115044631715404,0.8791208791208791,feasible_mode_library_upper_bound,147.03883864845022,62.32131598801782,84.7175226604324,False,49,raw_sign_with_mpc_zero_anchor,2601.019701548094,368.3741622564118,35.93147604747309,0.015900833008345217,37.46405167936217,0.11321519192638564,0.9230769230769231
v2e2_a614c009acc530c12890,direct_mpc,1286.2872576177285,True,0.0,0.0,global_distance_optimum_lp_integral,0.00010000000001753051,0.0,0.00010000000001753051,True,0,lp_relaxation,1286.2872576177285,330.9101105770496,0.0,0.021917958976700902,-5.684341886080802e-14,-1.7177903316910744e-16,0.978021978021978,global_distance_optimum_lp_integral,0.00010000000002818865,0.0,0.00010000000002818865,True,0,lp_relaxation,1286.2872576177285,330.91011057704964,0.0,0.021478458016645163,0.0,0.0,0.978021978021978
v2e2_a66e250328b3cef2064f,zero,0.0,False,25.0,0.0,feasible_mode_library_upper_bound,23.7501,0.0,23.7501,False,8,raw_sign_with_mpc_zero_anchor,23.7501,189.06612372392263,0.0,0.044248791004065424,3.36053303667876,0.018096025134420442,0.978021978021978,feasible_mode_library_upper_bound,23.7501,0.0,23.7501,False,8,raw_sign_with_mpc_zero_anchor,23.7501,189.06612372392263,0.0,0.022361457988154143,3.36053303667876,0.018096025134420442,0.978021978021978
v2e2_a66e250328b3cef2064f,heuristic,23.750000000000654,True,0.0,0.0,global_distance_optimum_lp_integral,9.999999999998899e-05,0.0,9.999999999998899e-05,True,0,lp_relaxation,23.750000000001414,189.4162930856258,0.0,0.016552250017412007,3.710702398381926,0.019981640750015472,0.978021978021978,global_distance_optimum_lp_integral,9.999999999998899e-05,0.0,9.999999999998899e-05,True,0,lp_relaxation,23.750000000001407,189.4162930856258,0.0,0.01751312499982305,3.710702398381926,0.019981640750015472,0.978021978021978
v2e2_a66e250328b3cef2064f,stale_optimal,259.1842105263158,False,100.0,0.0,feasible_mode_library_upper_bound,95.0001,0.0,95.0001,False,32,raw_sign_with_mpc_zero_anchor,354.1823592442647,185.70560951488392,0.0,0.02214758298941888,1.8827640047902605e-05,1.0138434700983872e-07,0.9560439560439561,feasible_mode_library_upper_bound,95.0001,0.0,95.0001,False,32,raw_sign_with_mpc_zero_anchor,354.1823592442645,185.70560951488395,0.0,0.022464790992671624,1.8827640076324315e-05,1.0138434716288586e-07,0.9560439560439561
v2e2_a66e250328b3cef2064f,random_static_range,2649.3061893566705,False,119.80260242070091,2480.5159386591718,feasible_mode_library_upper_bound,564.945890073587,452.84742222852947,112.09846784505748,False,70,raw_sign_with_mpc_zero_anchor,2656.916101474135,210.4467574066991,0.0,0.015695666981628165,24.741166719455236,0.1332279045983224,0.7362637362637363,feasible_mode_library_upper_bound,421.34247377976214,314.68661269831284,106.6558610814493,False,70,raw_sign_with_mpc_zero_anchor,2763.116710374286,213.63096459353415,69.0804047651082,0.016361459012841806,27.925373906290275,0.1503744383943766,0.7912087912087912
v2e2_a66e250328b3cef2064f,direct_mpc,354.1842105263158,True,0.0,0.0,global_distance_optimum_lp_integral,0.00010000000001042508,0.0,0.00010000000001042508,True,0,lp_relaxation,354.1842105263158,185.70559068724387,0.0,0.020293125009629875,0.0,0.0,0.978021978021978,global_distance_optimum_lp_integral,0.00010000000001042508,0.0,0.00010000000001042508,True,0,lp_relaxation,354.1842105263158,185.70559068724387,0.0,0.02053412498207763,0.0,0.0,0.978021978021978
v2e2_a7c71f5aa3db3e32fdd1,zero,0.0,False,25.0,0.0,feasible_mode_library_upper_bound,23.7501,0.0,23.7501,False,13,raw_sign_with_mpc_zero_anchor,23.7501,372.0494829294436,0.0,0.023092040995834395,2.0662094986568604,0.00558460245917952,0.9782608695652174,feasible_mode_library_upper_bound,23.7501,0.0,23.7501,False,13,raw_sign_with_mpc_zero_anchor,23.7501,372.0494829294436,0.0,0.022789333015680313,2.0662094986568604,0.00558460245917952,0.9782608695652174
v2e2_a7c71f5aa3db3e32fdd1,heuristic,23.749999999999872,True,0.0,0.0,global_distance_optimum_lp_integral,9.999999999998899e-05,0.0,9.999999999998899e-05,True,0,lp_relaxation,23.74999999999988,372.4082334947851,0.0,0.016382041008910164,2.4249600639983555,0.006554242416183163,0.9782608695652174,global_distance_optimum_lp_integral,9.999999999998899e-05,0.0,9.999999999998899e-05,True,0,lp_relaxation,23.74999999999988,372.4082334947851,0.0,0.017812500009313226,2.4249600639983555,0.006554242416183163,0.9782608695652174
v2e2_a7c71f5aa3db3e32fdd1,stale_optimal,429.4078947368421,False,100.0,0.0,feasible_mode_library_upper_bound,95.00009487516428,0.0,95.00009487516428,False,51,raw_sign_with_mpc_zero_anchor,524.4060434547907,369.9832807084204,0.0,0.02331000001868233,7.277633642388537e-06,1.9670169342804015e-08,0.9565217391304348,feasible_mode_library_upper_bound,95.00009487516428,0.0,95.00009487516428,False,51,raw_sign_with_mpc_zero_anchor,524.4060434547907,369.9832807084204,0.0,0.023760707990732044,7.277633642388537e-06,1.9670169342804015e-08,0.9565217391304348
v2e2_a7c71f5aa3db3e32fdd1,random_static_range,2805.985016266766,False,90.65392639031467,1399.4466223574063,feasible_mode_library_upper_bound,572.154412672846,559.9327209064464,12.221691766399545,False,15,raw_sign_with_mpc_zero_anchor,2287.0513989228116,393.12305343166986,0.0,0.01503637499990873,23.139780000883093,0.0625427733159723,0.5760869565217391,feasible_mode_library_upper_bound,572.154412672846,559.9327209064464,12.221691766399545,False,15,raw_sign_with_mpc_zero_anchor,2287.0513989228116,393.12305343166986,0.0,0.015045833017211407,23.139780000883093,0.0625427733159723,0.5760869565217391
v2e2_a7c71f5aa3db3e32fdd1,direct_mpc,524.4078947368421,True,0.0,0.0,global_distance_optimum_lp_integral,0.00010000000000331966,0.0,0.00010000000000331966,True,0,lp_relaxation,524.4078947368422,369.98327343078677,0.0,0.02163066601497121,0.0,0.0,0.9782608695652174,global_distance_optimum_lp_integral,0.00010000000000331966,0.0,0.00010000000000331966,True,0,lp_relaxation,524.4078947368422,369.98327343078677,0.0,0.022557291988050565,0.0,0.0,0.9782608695652174
v2e2_aa86ae40329fa58392a5,zero,0.0,False,25.0,0.0,feasible_mode_library_upper_bound,23.7501,0.0,23.7501,False,8,raw_sign_with_mpc_zero_anchor,23.7501,247.94247925661818,0.0,0.020219125028233975,7.8611962464423755,0.03274389468382331,0.9759036144578314,feasible_mode_library_upper_bound,23.7501,0.0,23.7501,False,8,raw_sign_with_mpc_zero_anchor,23.7501,247.94247925661818,0.0,0.020358415989903733,7.8611962464423755,0.03274389468382331,0.9759036144578314
v2e2_aa86ae40329fa58392a5,heuristic,23.749999999999655,True,0.0,0.0,global_distance_optimum_lp_integral,9.999999999993348e-05,0.0,9.999999999993348e-05,True,0,lp_relaxation,23.749999999999705,248.57947222675688,0.0,0.015149582992307842,8.498189216581068,0.03539713346259014,0.9759036144578314,global_distance_optimum_lp_integral,9.999999999993348e-05,0.0,9.999999999993348e-05,True,0,lp_relaxation,23.749999999999705,248.57947222675688,0.0,0.014662333996966481,8.498189216581068,0.03539713346259014,0.9759036144578314
v2e2_aa86ae40329fa58392a5,stale_optimal,429.4078947368421,False,100.0,225.0,feasible_mode_library_upper_bound,95.0001,0.0,95.0001,False,32,raw_sign_with_mpc_zero_anchor,524.4060434547907,240.08130734918598,0.0,0.02014491701265797,2.4339010167295783e-05,1.0137820767254137e-07,0.9397590361445783,feasible_mode_library_upper_bound,95.0001,0.0,95.0001,False,32,raw_sign_with_mpc_zero_anchor,524.4060434547908,240.08130734918598,0.0,0.020369833015138283,2.4339010167295783e-05,1.0137820767254137e-07,0.9397590361445783
v2e2_aa86ae40329fa58392a5,random_static_range,2488.896149397695,False,29.591808106064263,74.14338551618836,feasible_mode_library_upper_bound,93.2094677159312,86.64361555282755,6.565852163103642,False,5,raw_sign_with_mpc_zero_anchor,2458.852224023066,267.11826196976347,0.0,0.014442457992117852,27.036978959587657,0.11261593832136302,0.9397590361445783,feasible_mode_library_upper_bound,93.20946771593115,86.64361555282753,6.565852163103628,False,5,raw_sign_with_mpc_zero_anchor,2458.852224023068,267.11826196976347,0.0,0.015078374999575317,27.036978959587657,0.11261593832136302,0.9397590361445783
v2e2_aa86ae40329fa58392a5,direct_mpc,524.4078947368421,True,0.0,9.379164112033322e-13,global_distance_optimum_lp_integral,0.0001000000000015433,0.0,0.0001000000000015433,True,0,lp_relaxation,524.4078947368421,240.0812830101758,0.0,0.018210875015938655,0.0,0.0,0.9759036144578314,global_distance_optimum_lp_integral,0.00010000000000110477,0.0,0.00010000000000110477,True,0,lp_relaxation,524.4078947368422,240.0812830101758,0.0,0.01925570800085552,0.0,0.0,0.9759036144578314
v2e2_ac2a6bbea5f71d8219ff,zero,0.0,False,150.0,0.0,global_distance_optimum_lp_integral,157.89483684210526,157.89473684210526,0.00010000000000331966,True,0,lp_relaxation,157.89483684210526,186.69113556353238,0.0,0.018692375015234575,2.6716772403288473,0.01451844965023445,0.9550561797752809,global_distance_optimum_lp_integral,157.89483684210526,157.89473684210526,0.00010000000000331966,True,0,lp_relaxation,157.89483684210526,186.69113556353238,0.0,0.017990332999033853,2.6716772403288473,0.01451844965023445,0.9550561797752809
v2e2_ac2a6bbea5f71d8219ff,heuristic,157.89473684210517,True,0.0,0.0,global_distance_optimum_lp_integral,0.00010000000000043308,0.0,0.00010000000000043308,True,0,lp_relaxation,157.89473684210506,190.2860695273145,0.0,0.018174875003751367,6.266611204110973,0.03405406831001848,0.9775280898876404,global_distance_optimum_lp_integral,0.00010000000000043308,0.0,0.00010000000000043308,True,0,lp_relaxation,157.89473684210506,190.2860695273145,0.0,0.017142541997600347,6.266611204110973,0.03405406831001848,0.9775280898876404
v2e2_ac2a6bbea5f71d8219ff,stale_optimal,605.95567867036,False,75.00000000000003,1574.8355263157896,global_distance_optimum_lp_integral,71.25010000000002,71.25,0.00010000000001753051,True,0,lp_relaxation,534.70567867036,184.07887323833512,0.0,0.01777983401552774,0.05941491513158326,0.0003228730030670428,0.9550561797752809,global_distance_optimum_lp_integral,71.25010000000002,71.25,0.00010000000001753051,True,0,lp_relaxation,534.70567867036,184.07887323833512,0.0,0.02003087499178946,0.05941491513158326,0.0003228730030670428,0.9550561797752809
v2e2_ac2a6bbea5f71d8219ff,random_static_range,2785.7690376358005,False,274.49022172123534,2175.5801095853694,feasible_mode_library_upper_bound,339.2619314729469,210.32274498486316,128.93918648808375,False,89,raw_sign_with_mpc_zero_anchor,3046.5327969889345,211.434174447589,0.0,0.016519625001819804,27.41471612438545,0.14897726780738302,0.8539325842696629,feasible_mode_library_upper_bound,260.7658106351738,131.82662414708994,128.93918648808386,False,89,raw_sign_with_mpc_zero_anchor,3046.5327969889277,213.23508161333544,39.24806041888661,0.015565667010378093,29.2156232901319,0.15876377181166837,0.898876404494382
v2e2_ac2a6bbea5f71d8219ff,direct_mpc,684.9030470914128,True,0.0,3.907985046680551e-13,global_distance_optimum_lp_integral,2.2026824808563106e-13,1.2079226507921703e-13,9.947598300641403e-14,True,0,lp_relaxation,684.9030470914128,184.01945832320354,0.0,0.0204680839960929,0.0,0.0,1.0,global_distance_optimum_lp_integral,2.1316282072803006e-13,1.2079226507921703e-13,9.237055564881302e-14,True,0,lp_relaxation,684.9030470914126,184.01945832320354,0.0,0.020847292005782947,0.0,0.0,1.0
v2e2_ade91af586194aa1b583,zero,0.0,False,25.0,0.0,global_distance_optimum_lp_integral,26.315889473684212,26.315789473684212,9.999999999976694e-05,True,0,lp_relaxation,26.315889473684212,464.6453994734668,0.0,0.019082666985923424,11.29534385418009,0.024915280618528626,0.978021978021978,global_distance_optimum_lp_integral,26.315889473684212,26.315789473684212,9.999999999976694e-05,True,0,lp_relaxation,26.315889473684212,464.6453994734668,0.0,0.019801125017693266,11.29534385418009,0.024915280618528626,0.978021978021978
v2e2_ade91af586194aa1b583,heuristic,26.31578947368493,True,0.0,0.0,global_distance_optimum_lp_integral,0.00010000000000010001,0.0,0.00010000000000010001,True,0,lp_relaxation,26.315789473684884,464.97404307083264,0.0,0.017984458012506366,11.62398745154593,0.02564020298986683,0.978021978021978,global_distance_optimum_lp_integral,0.00010000000000010001,0.0,0.00010000000000010001,True,0,lp_relaxation,26.315789473684884,464.97404307083264,0.0,0.017971708992263302,11.62398745154593,0.02564020298986683,0.978021978021978
v2e2_ade91af586194aa1b583,stale_optimal,429.4078947368421,False,50.0,0.0,feasible_mode_library_upper_bound,47.50009487516424,0.0,47.50009487516424,False,17,raw_sign_with_mpc_zero_anchor,476.90604345479073,453.35007511006836,0.0,0.023649167007533833,1.9490781653530576e-05,4.2992785402674574e-08,0.967032967032967,feasible_mode_library_upper_bound,47.50009487516424,0.0,47.50009487516424,False,16,raw_sign_with_mpc_zero_anchor,476.90604345479073,453.35007511006836,0.0,0.023565542011056095,1.9490781653530576e-05,4.2992785402674574e-08,0.967032967032967
v2e2_ade91af586194aa1b583,random_static_range,3079.9440838300748,False,311.0821868189905,1065.8548312648732,feasible_mode_library_upper_bound,337.914336853354,317.6453117555483,20.269025097805695,False,14,raw_sign_with_mpc_zero_anchor,2784.4140550699817,492.10278336902996,0.0,0.01601229200605303,38.75272774974326,0.08548080510722808,0.8571428571428571,feasible_mode_library_upper_bound,337.91433685335403,317.6453117555483,20.269025097805752,False,14,raw_sign_with_mpc_zero_anchor,2784.414055069981,492.10278336902996,0.0,0.015775084000779316,38.75272774974326,0.08548080510722808,0.8681318681318682
v2e2_ade91af586194aa1b583,direct_mpc,476.9078947368421,True,5.684341886080802e-14,9.094947017729282e-13,global_distance_optimum_lp_integral,3.375077994860476e-14,0.0,3.375077994860476e-14,True,0,lp_relaxation,476.90789473684214,453.3500556192867,0.0,0.020566374994814396,0.0,0.0,1.0,global_distance_optimum_lp_integral,3.375077994860476e-14,0.0,3.375077994860476e-14,True,0,lp_relaxation,476.90789473684214,453.3500556192867,0.0,0.020031749998452142,0.0,0.0,1.0
v2e2_b7e962716394d888d563,zero,0.0,False,175.0,0.0,global_distance_optimum_lp_integral,184.21062631578948,184.21052631578948,0.00010000000000331966,True,0,lp_relaxation,184.21062631578948,505.9621301297628,0.0,0.019729416992049664,4.067525385101078,0.008104341721645775,0.9560439560439561,global_distance_optimum_lp_integral,184.21062631578948,184.21052631578948,0.00010000000000331966,True,0,lp_relaxation,184.21062631578948,505.9621301297628,0.0,0.018685375020140782,4.067525385101078,0.008104341721645775,0.9560439560439561
v2e2_b7e962716394d888d563,heuristic,184.21052631578954,True,0.0,0.0,global_distance_optimum_lp_integral,0.00010000000000021103,0.0,0.00010000000000021103,True,0,lp_relaxation,184.2105263157896,508.2626427034155,0.0,0.017024750006385148,6.368037958753803,0.012687998433443082,0.978021978021978,global_distance_optimum_lp_integral,0.00010000000000021103,0.0,0.00010000000000021103,True,0,lp_relaxation,184.2105263157896,508.2626427034155,0.0,0.01684541700524278,6.368037958753803,0.012687998433443082,0.978021978021978
v2e2_b7e962716394d888d563,stale_optimal,429.40789473684214,False,100.00000000000003,6597.203947368422,global_distance_optimum_lp_integral,95.00000000000001,95.0,1.4210854715202004e-14,True,0,lp_relaxation,334.4078947368421,501.89460474466165,0.0,0.019119542004773393,-5.684341886080802e-14,-1.1325768064338336e-16,0.978021978021978,global_distance_optimum_lp_integral,95.0,95.0,0.0,True,0,lp_relaxation,334.4078947368421,501.8946047446617,0.0,0.019077417004154995,0.0,0.0,0.978021978021978
v2e2_b7e962716394d888d563,random_static_range,2715.819599874542,False,43.85085367155426,45.176102374148726,feasible_mode_library_upper_bound,101.18098538280432,29.761287197413747,71.41969818539057,False,47,raw_sign_with_mpc_zero_anchor,2757.475959580464,531.4933463729388,0.0,0.01676837500417605,29.59874162827714,0.05897401834661176,0.9230769230769231,feasible_mode_library_upper_bound,101.18098538280435,29.761287197413747,71.4196981853906,False,46,raw_sign_with_mpc_zero_anchor,2757.475959580463,531.4933463729388,0.0,0.016168875008588657,29.59874162827714,0.05897401834661176,0.9340659340659341
v2e2_b7e962716394d888d563,direct_mpc,334.4078947368421,True,5.684341886080802e-14,9.379164112033322e-13,global_distance_optimum_lp_integral,0.00010000000004062315,0.0,0.00010000000004062315,True,0,lp_relaxation,334.4078947368421,501.8946047446617,0.0,0.020256082993000746,0.0,0.0,0.978021978021978,global_distance_optimum_lp_integral,0.00010000000003840826,0.0,0.00010000000003840826,True,0,lp_relaxation,334.4078947368421,501.8946047446617,0.0,0.019942874991102144,0.0,0.0,0.978021978021978
v2e2_babe8da2420b974ae448,zero,0.0,False,125.0,0.0,global_distance_optimum_lp_integral,131.57904736842104,131.57894736842104,0.00010000000000331966,True,0,lp_relaxation,131.57904736842104,229.2084075683478,0.0,0.019183791999239475,1.3961302418266257,0.0061284240612965975,0.9555555555555556,global_distance_optimum_lp_integral,131.57904736842104,131.57894736842104,0.00010000000000331966,True,0,lp_relaxation,131.57904736842104,229.2084075683478,0.0,0.01836912499857135,1.3961302418266257,0.0061284240612965975,0.9555555555555556
v2e2_babe8da2420b974ae448,heuristic,131.57894736842096,True,0.0,0.0,global_distance_optimum_lp_integral,0.00010000000000043308,0.0,0.00010000000000043308,True,0,lp_relaxation,131.57894736842098,230.6946826377974,0.0,0.017805750016123056,2.882405311276216,0.012652545969438211,0.9777777777777777,global_distance_optimum_lp_integral,0.00010000000000043308,0.0,0.00010000000000043308,True,0,lp_relaxation,131.57894736842098,230.6946826377974,0.0,0.016989083000225946,2.882405311276216,0.012652545969438211,0.9777777777777777
v2e2_babe8da2420b974ae448,stale_optimal,429.4078947368421,False,50.000000000000114,3394.0789473684213,global_distance_optimum_lp_integral,47.50010000000001,47.50000000000001,0.00010000000000331966,True,0,lp_relaxation,381.9078947368421,227.81227732652118,0.0,0.019961790996603668,0.0,0.0,0.9555555555555556,global_distance_optimum_lp_integral,47.50010000000001,47.50000000000001,0.00010000000000331966,True,0,lp_relaxation,381.9078947368421,227.81227732652118,0.0,0.0201582080044318,0.0,0.0,0.9555555555555556
v2e2_babe8da2420b974ae448,random_static_range,2592.7041151134517,False,636.5322371089976,3554.010490049358,global_distance_optimum_lp_integral,604.7057252535475,604.7056252535475,9.999999997489795e-05,True,0,lp_relaxation,1987.998389859904,246.28943206858634,0.0,0.01591254200320691,18.477154742065153,0.08110693136868134,0.7666666666666667,global_distance_optimum_lp_integral,604.7057252535476,604.7056252535476,9.999999997489795e-05,True,0,lp_relaxation,1987.998389859904,246.2894320685863,0.0,0.0171237500035204,18.477154742065125,0.08110693136868122,0.7666666666666667
v2e2_babe8da2420b974ae448,direct_mpc,381.9078947368421,True,0.0,9.521272659185342e-13,global_distance_optimum_lp_integral,0.00010000000001042508,0.0,0.00010000000001042508,True,0,lp_relaxation,381.9078947368421,227.81227732652118,0.0,0.020182375010335818,0.0,0.0,0.9777777777777777,global_distance_optimum_lp_integral,0.00010000000001042508,0.0,0.00010000000001042508,True,0,lp_relaxation,381.9078947368421,227.81227732652118,0.0,0.021352624986320734,0.0,0.0,0.9777777777777777
v2e2_be357ad7fa505f6b8f35,zero,0.0,False,125.0,0.0,global_distance_optimum_lp_integral,131.57904736842104,131.57894736842104,0.00010000000000331966,True,0,lp_relaxation,131.57904736842104,339.3230573058648,0.0,0.016872750013135374,1.4660068394843506,0.004339133481040765,0.9545454545454546,global_distance_optimum_lp_integral,131.57904736842104,131.57894736842104,0.00010000000000331966,True,0,lp_relaxation,131.57904736842104,339.3230573058648,0.0,0.018958582979394123,1.4660068394843506,0.004339133481040765,0.9545454545454546
v2e2_be357ad7fa505f6b8f35,heuristic,131.57894736842067,True,0.0,0.0,global_distance_optimum_lp_integral,0.00010000000000021103,0.0,0.00010000000000021103,True,0,lp_relaxation,131.5789473684207,340.7653393837319,0.0,0.01766408298863098,2.908288917351456,0.008608045661136364,0.9772727272727273,global_distance_optimum_lp_integral,0.00010000000000021103,0.0,0.00010000000000021103,True,0,lp_relaxation,131.5789473684207,340.7653393837319,0.0,0.016406790993642062,2.908288917351456,0.008608045661136364,0.9772727272727273
v2e2_be357ad7fa505f6b8f35,stale_optimal,429.4078947368421,False,50.0,3100.0000000000005,global_distance_optimum_lp_integral,47.50000000000001,47.50000000000001,0.0,True,0,lp_relaxation,381.9078947368421,337.85705046638043,0.0,0.020411374978721142,0.0,0.0,0.9886363636363636,global_distance_optimum_lp_integral,47.50000000000001,47.50000000000001,0.0,True,0,lp_relaxation,381.9078947368421,337.85705046638043,0.0,0.020141290995525196,0.0,0.0,0.9772727272727273
v2e2_be357ad7fa505f6b8f35,random_static_range,2451.0452677821904,False,611.0150189445972,5656.1997323272,global_distance_optimum_lp_integral,580.4643679973672,580.4642679973673,9.999999986121111e-05,True,0,lp_relaxation,1870.580899784823,354.5292309117315,0.0,0.015728750004200265,16.672180445351046,0.049346847793576135,0.7840909090909091,global_distance_optimum_lp_integral,580.4643679973672,580.4642679973673,9.999999986121111e-05,True,0,lp_relaxation,1870.580899784823,354.5292309117315,0.0,0.016129958996316418,16.672180445351046,0.049346847793576135,0.7954545454545454
v2e2_be357ad7fa505f6b8f35,direct_mpc,381.9078947368421,True,0.0,0.0,global_distance_optimum_lp_integral,0.00010000000000331966,0.0,0.00010000000000331966,True,0,lp_relaxation,381.9078947368421,337.85705046638043,0.0,0.019423749996349216,0.0,0.0,0.9772727272727273,global_distance_optimum_lp_integral,0.00010000000000331966,0.0,0.00010000000000331966,True,0,lp_relaxation,381.9078947368421,337.85705046638043,0.0,0.020635583001421764,0.0,0.0,0.9772727272727273
v2e2_c049d4bc657bdc82a484,zero,0.0,False,25.0,0.0,global_distance_optimum_lp_integral,26.315889473684212,26.315789473684212,9.999999999976694e-05,True,0,lp_relaxation,26.315889473684212,464.6453994734668,0.0,0.019813874998362735,3.445762573732736,0.007471303743636411,0.978021978021978,global_distance_optimum_lp_integral,26.315889473684212,26.315789473684212,9.999999999976694e-05,True,0,lp_relaxation,26.315889473684212,464.6453994734668,0.0,0.01929062500130385,3.445762573732736,0.007471303743636411,0.978021978021978
v2e2_c049d4bc657bdc82a484,heuristic,26.31578947368493,True,0.0,0.0,global_distance_optimum_lp_integral,0.00010000000000010001,0.0,0.00010000000000010001,True,0,lp_relaxation,26.315789473684884,464.97404307083264,0.0,0.04122837501927279,3.774406171098576,0.008183887993648055,0.978021978021978,global_distance_optimum_lp_integral,0.00010000000000010001,0.0,0.00010000000000010001,True,0,lp_relaxation,26.315789473684884,464.97404307083264,0.0,0.01731845800532028,3.774406171098576,0.008183887993648055,0.978021978021978
v2e2_c049d4bc657bdc82a484,stale_optimal,105.98289473684211,False,50.0,0.0,feasible_mode_library_upper_bound,47.5001,0.0,47.5001,False,16,raw_sign_with_mpc_zero_anchor,153.48104345479106,461.19968706273346,0.0,0.024128290999215096,5.016299940052704e-05,1.0876634625675692e-07,0.967032967032967,feasible_mode_library_upper_bound,47.50009487516424,0.0,47.50009487516424,False,16,raw_sign_with_mpc_zero_anchor,153.48104345479106,461.1996870627334,0.0,0.024808083020616323,5.016299934368362e-05,1.087663461335057e-07,0.978021978021978
v2e2_c049d4bc657bdc82a484,random_static_range,2889.715672836372,False,181.55357473467242,816.2585985431625,global_distance_optimum_lp_integral,172.47599599793844,172.47589599793847,9.999999997489795e-05,True,0,lp_relaxation,2717.2396768384338,493.37757994936965,0.0,0.016665667004417628,32.17794304963559,0.06977009623411987,0.9120879120879121,global_distance_optimum_lp_integral,172.47599599793844,172.47589599793844,0.00010000000000331966,True,0,lp_relaxation,2717.2396768384338,493.37757994936965,0.0,0.016240666998783126,32.17794304963559,0.06977009623411987,0.9120879120879121
v2e2_c049d4bc657bdc82a484,direct_mpc,153.48289473684213,True,0.0,0.0,global_distance_optimum_lp_integral,0.0,0.0,0.0,True,0,lp_relaxation,153.48289473684213,461.19963689973406,0.0,0.01984766699024476,0.0,0.0,1.0,global_distance_optimum_lp_integral,0.0,0.0,0.0,True,0,lp_relaxation,153.48289473684213,461.19963689973406,0.0,0.019437083014054224,0.0,0.0,1.0
v2e2_c4d42554da4b1f44862b,zero,0.0,False,25.0,0.0,feasible_mode_library_upper_bound,23.7501,0.0,23.7501,False,13,raw_sign_with_mpc_zero_anchor,23.7501,666.4082828710965,0.0,0.0229120830190368,2.0552650280644684,0.003093633915801779,0.978021978021978,feasible_mode_library_upper_bound,23.7501,0.0,23.7501,False,13,raw_sign_with_mpc_zero_anchor,23.7501,666.4082828710965,0.0,0.022071583982324228,2.0552650280644684,0.003093633915801779,0.978021978021978
v2e2_c4d42554da4b1f44862b,heuristic,23.750000000000654,True,0.0,0.0,global_distance_optimum_lp_integral,9.999999999998899e-05,0.0,9.999999999998899e-05,True,0,lp_relaxation,23.750000000001407,667.0068505414621,0.0,0.016049333004048094,2.653832698430051,0.003994612242518746,0.978021978021978,global_distance_optimum_lp_integral,9.999999999998899e-05,0.0,9.999999999998899e-05,True,0,lp_relaxation,23.750000000001407,667.0068505414621,0.0,0.016204209008719772,2.653832698430051,0.003994612242518746,0.978021978021978
v2e2_c4d42554da4b1f44862b,stale_optimal,732.4376731301938,False,100.0,1067.1940789473686,feasible_mode_library_upper_bound,95.00010000000005,27.962428245383602,67.03767175461644,False,37,raw_sign_with_mpc_zero_anchor,827.4357218481418,666.2999236808903,0.0,0.02249037500587292,1.946905837858253,0.00293052907952358,0.9560439560439561,feasible_mode_library_upper_bound,95.00010000000005,27.962428245383602,67.03767175461644,False,37,raw_sign_with_mpc_zero_anchor,827.4357218481418,666.2999236808903,0.0,0.022885999991558492,1.946905837858253,0.00293052907952358,0.9560439560439561
v2e2_c4d42554da4b1f44862b,random_static_range,2702.556790810608,False,150.90348531308337,491.98438013770806,global_distance_optimum_lp_integral,502.8139160317129,502.81381603171286,0.00010000000003174137,True,0,lp_relaxation,2199.7428747788954,693.5555745152099,0.0,0.016045666008722037,29.20255667217782,0.04395638446407654,0.6813186813186813,global_distance_optimum_lp_integral,502.8139160317129,502.81381603171286,0.00010000000003174137,True,0,lp_relaxation,2199.7428747788954,693.5555745152099,0.0,0.015257958992151543,29.20255667217782,0.04395638446407654,0.6813186813186813
v2e2_c4d42554da4b1f44862b,direct_mpc,627.174515235457,True,5.684341886080802e-14,0.0,global_distance_optimum_lp_integral,4.4853010194856324e-14,0.0,4.4853010194856324e-14,True,0,lp_relaxation,627.174515235457,664.353017843032,0.0,0.022469707997515798,0.0,0.0,1.0,global_distance_optimum_lp_integral,4.4853010194856324e-14,0.0,4.4853010194856324e-14,True,0,lp_relaxation,627.174515235457,664.353017843032,0.0,0.022600124997552484,0.0,0.0,1.0
v2e2_c577765fa5c45c1fea7a,zero,0.0,False,125.0,0.0,global_distance_optimum_lp_integral,131.57904736842104,131.57894736842104,0.00010000000000331966,True,0,lp_relaxation,131.57904736842104,306.6074692801484,0.0,0.017621749982936308,1.1635553136981116,0.0038093910550986315,0.9545454545454546,global_distance_optimum_lp_integral,131.57904736842104,131.57894736842104,0.00010000000000331966,True,0,lp_relaxation,131.57904736842104,306.6074692801484,0.0,0.01879762497264892,1.1635553136980548,0.0038093910550984445,0.9545454545454546
v2e2_c577765fa5c45c1fea7a,heuristic,131.57894736842067,True,0.0,0.0,global_distance_optimum_lp_integral,0.00010000000000021103,0.0,0.00010000000000021103,True,0,lp_relaxation,131.57894736842061,308.7526040746953,0.0,0.017509875004179776,3.3086901082450026,0.0108323982143852,0.9772727272727273,global_distance_optimum_lp_integral,0.00010000000000021103,0.0,0.00010000000000021103,True,0,lp_relaxation,131.57894736842061,308.7526040746953,0.0,0.017428542021661997,3.308690108244946,0.010832398214385012,0.9772727272727273
v2e2_c577765fa5c45c1fea7a,stale_optimal,429.4078947368421,False,50.0,3050.0000000000005,global_distance_optimum_lp_integral,47.50000000000001,47.50000000000001,0.0,True,0,lp_relaxation,381.9078947368421,305.44391396645034,0.0,0.020061999995959923,5.684341886080802e-14,1.861010033647344e-16,0.9886363636363636,global_distance_optimum_lp_integral,47.50000000000001,47.50000000000001,0.0,True,0,lp_relaxation,381.9078947368421,305.44391396645034,0.0,0.019206666009267792,0.0,0.0,0.9772727272727273
v2e2_c577765fa5c45c1fea7a,random_static_range,2691.1928963802247,False,331.4973051622441,4349.858427018095,feasible_mode_library_upper_bound,459.3706943769919,404.06636691368533,55.30432746330655,False,33,raw_sign_with_mpc_zero_anchor,2376.2685051940407,328.5448790181649,0.0,0.01568391700857319,23.10096505171464,0.07563079176051951,0.7954545454545454,feasible_mode_library_upper_bound,459.37069437699176,404.06636691368533,55.304327463306436,False,33,raw_sign_with_mpc_zero_anchor,2376.268505194041,328.5448790181649,0.0,0.015455541986739263,23.10096505171458,0.07563079176051932,0.7840909090909091
v2e2_c577765fa5c45c1fea7a,direct_mpc,381.9078947368421,True,0.0,0.0,global_distance_optimum_lp_integral,0.00010000000000331966,0.0,0.00010000000000331966,True,0,lp_relaxation,381.9078947368421,305.4439139664503,0.0,0.01858879200881347,0.0,0.0,0.9772727272727273,global_distance_optimum_lp_integral,0.00010000000000331966,0.0,0.00010000000000331966,True,0,lp_relaxation,381.9078947368421,305.4439139664503,0.0,0.020197958016069606,-5.684341886080802e-14,-1.8610100336473438e-16,0.9772727272727273
v2e2_c9b994f593c92dd9efa9,zero,0.0,False,125.0,0.0,global_distance_optimum_lp_integral,131.57904736842104,131.57894736842104,0.00010000000000331966,True,0,lp_relaxation,131.57904736842104,353.12580095120376,0.0,0.019488165999064222,16.22597919812199,0.04816262327978974,0.945054945054945,global_distance_optimum_lp_integral,131.57904736842104,131.57894736842104,0.00010000000000331966,True,0,lp_relaxation,131.57904736842104,353.12580095120376,0.0,0.018650874990271404,16.22597919812199,0.04816262327978974,0.945054945054945
v2e2_c9b994f593c92dd9efa9,heuristic,131.57894736842096,True,0.0,0.0,global_distance_optimum_lp_integral,0.00010000000000021103,0.0,0.00010000000000021103,True,0,lp_relaxation,131.57894736842087,355.31596319764924,0.0,0.01728000000002794,18.416141444567472,0.05466355354163678,0.978021978021978,global_distance_optimum_lp_integral,0.00010000000000021103,0.0,0.00010000000000021103,True,0,lp_relaxation,131.57894736842087,355.31596319764924,0.0,0.0174650420085527,18.416141444567472,0.05466355354163678,0.978021978021978
v2e2_c9b994f593c92dd9efa9,stale_optimal,1106.6135734072022,False,50.0,1272.3980263157894,global_distance_optimum_lp_integral,47.5001,47.5,0.00010000000000331966,True,0,lp_relaxation,1059.1135734072022,336.89982175308177,0.0,0.0206732920196373,0.0,0.0,0.967032967032967,global_distance_optimum_lp_integral,47.5001,47.5,0.00010000000000331966,True,0,lp_relaxation,1059.1135734072022,336.89982175308177,0.0,0.020941541995853186,0.0,0.0,0.967032967032967
v2e2_c9b994f593c92dd9efa9,random_static_range,3302.1749597492303,False,556.4705417668621,20174.025415319928,global_distance_optimum_lp_integral,1100.4016701276842,1100.4015701276844,9.999999974752427e-05,True,0,lp_relaxation,2201.7732896215457,358.60149526294344,0.0,0.015807499992661178,21.701673509861678,0.0644158058527176,0.37362637362637363,global_distance_optimum_lp_integral,1100.4016701276846,1100.4015701276844,0.00010000000020227162,True,0,lp_relaxation,2201.7732896215457,358.60149526294344,0.0,0.016532708978047594,21.701673509861678,0.0644158058527176,0.3626373626373626
v2e2_c9b994f593c92dd9efa9,direct_mpc,1059.1135734072022,True,0.0,0.0,global_distance_optimum_lp_integral,9.999999999998373e-05,0.0,9.999999999998373e-05,True,0,lp_relaxation,1059.1135734072022,336.89982175308177,0.0,0.022153249999973923,0.0,0.0,0.978021978021978,global_distance_optimum_lp_integral,9.999999999998373e-05,0.0,9.999999999998373e-05,True,0,lp_relaxation,1059.1135734072022,336.89982175308177,0.0,0.02220433301408775,0.0,0.0,0.978021978021978
v2e2_cd47662d04581b339960,zero,0.0,False,125.0,0.0,global_distance_optimum_lp_integral,131.57904736842104,131.57894736842104,0.00010000000000331966,True,0,lp_relaxation,131.57904736842104,284.83725125532,0.0,0.018374541017692536,3.8601389015762493,0.013738268107462159,0.9555555555555556,global_distance_optimum_lp_integral,131.57904736842104,131.57894736842104,0.00010000000000331966,True,0,lp_relaxation,131.57904736842104,283.0689629605525,369.16248325000004,0.01950716698775068,3.860138901576306,0.013825275453188917,0.9555555555555556
v2e2_cd47662d04581b339960,heuristic,131.57894736842096,True,0.0,0.0,global_distance_optimum_lp_integral,0.00010000000000043308,0.0,0.00010000000000043308,True,0,lp_relaxation,131.57894736842096,289.48559668387503,0.0,0.01736154200625606,8.508484330131296,0.030281770137274774,0.9777777777777777,global_distance_optimum_lp_integral,0.00010000000000043308,0.0,0.00010000000000043308,True,0,lp_relaxation,131.57894736842096,287.71730838910753,369.16248325000004,0.01746037500561215,8.508484330131353,0.03047355096604733,0.9777777777777777
v2e2_cd47662d04581b339960,stale_optimal,429.40789473684214,False,50.00000000000006,1485.3947368421059,global_distance_optimum_lp_integral,47.50010000000002,47.500000000000014,0.00010000000000331966,True,0,lp_relaxation,381.90789473684214,280.9771123537437,0.0,0.021204582997597754,-5.684341886080802e-14,-2.023062248189221e-16,0.9666666666666667,global_distance_optimum_lp_integral,47.50010000000002,47.500000000000014,0.00010000000000331966,True,0,lp_relaxation,381.90789473684214,279.2088240589762,369.16248325000004,0.021007582981837913,0.0,0.0,0.9666666666666667
v2e2_cd47662d04581b339960,random_static_range,2832.5824484548657,False,638.9108803230529,8745.564084047986,global_distance_optimum_lp_integral,641.8692293618625,641.8691293618626,9.999999986121111e-05,True,0,lp_relaxation,2190.713219093003,303.74846939135864,0.0,0.016303417010931298,22.771357037614905,0.08104345883143069,0.6666666666666666,global_distance_optimum_lp_integral,641.8692293618625,641.8691293618626,9.999999986121111e-05,True,0,lp_relaxation,2190.7132190930033,301.9801810965912,369.16248325000004,0.016874250024557114,22.77135703761502,0.08155672412704662,0.6555555555555556
v2e2_cd47662d04581b339960,direct_mpc,381.9078947368422,True,0.0,1.3145040611561853e-12,global_distance_optimum_lp_integral,0.00010000000007437393,3.552713678800501e-14,0.00010000000003884679,True,0,lp_relaxation,381.90789473684214,280.97711235374373,0.0,0.020997125015128404,0.0,0.0,0.9777777777777777,global_distance_optimum_lp_integral,0.00010000000007437393,3.552713678800501e-14,0.00010000000003884679,True,0,lp_relaxation,381.90789473684214,279.20882405897623,369.16248325000004,0.021246499993139878,5.684341886080802e-14,2.035874727540889e-16,0.9777777777777777
v2e2_d00d3a4d54f973fa24ac,zero,0.0,False,150.0,0.0,global_distance_optimum_lp_integral,157.89483684210526,157.89473684210526,0.00010000000000331966,True,0,lp_relaxation,157.89483684210526,580.1289322320442,0.0,0.018504084000596777,0.13255248425798527,0.0002285401924674534,0.9565217391304348,global_distance_optimum_lp_integral,157.89483684210526,157.89473684210526,0.00010000000000331966,True,0,lp_relaxation,157.89483684210526,580.1289322320442,0.0,0.019455250003375113,0.13255248425798527,0.0002285401924674534,0.9565217391304348
v2e2_d00d3a4d54f973fa24ac,heuristic,157.89473684210614,True,0.0,0.0,global_distance_optimum_lp_integral,0.00010000000000021103,0.0,0.00010000000000021103,True,0,lp_relaxation,157.8947368421061,581.4949983375208,0.0,0.017284875008044764,1.4986185897345194,0.0025838412825717975,0.9782608695652174,global_distance_optimum_lp_integral,0.00010000000000021103,0.0,0.00010000000000021103,True,0,lp_relaxation,157.8947368421061,581.4949983375208,0.0,0.017047750006895512,1.4986185897345194,0.0025838412825717975,0.9782608695652174
v2e2_d00d3a4d54f973fa24ac,stale_optimal,429.4078947368421,False,75.00000000000003,1922.2039473684213,global_distance_optimum_lp_integral,71.25,71.25,0.0,True,0,lp_relaxation,358.1578947368421,579.9963797477862,0.0,0.01936766700237058,0.0,0.0,0.9782608695652174,global_distance_optimum_lp_integral,71.25,71.25,0.0,True,0,lp_relaxation,358.1578947368421,579.9963797477862,0.0,0.020308584003942087,0.0,0.0,0.9782608695652174
v2e2_d00d3a4d54f973fa24ac,random_static_range,2959.3421827997245,False,75.86770206049044,94.09152762516322,feasible_mode_library_upper_bound,155.6953276065856,133.0417178160188,22.653609790566804,False,19,raw_sign_with_mpc_zero_anchor,2887.2659145602056,613.4406589283764,0.0,0.015320042002713308,33.444279180590115,0.05766291023253196,0.9456521739130435,feasible_mode_library_upper_bound,155.6953276065856,133.0417178160188,22.653609790566804,False,19,raw_sign_with_mpc_zero_anchor,2887.2659145602056,613.4406589283764,0.0,0.01518049999140203,33.444279180590115,0.05766291023253196,0.9456521739130435
v2e2_d00d3a4d54f973fa24ac,direct_mpc,358.1578947368421,True,0.0,2.984279490192421e-13,global_distance_optimum_lp_integral,0.00010000000000288112,0.0,0.00010000000000288112,True,0,lp_relaxation,358.1578947368421,579.9963797477862,0.0,0.020893416978651658,0.0,0.0,0.9782608695652174,global_distance_optimum_lp_integral,0.00010000000000288112,0.0,0.00010000000000288112,True,0,lp_relaxation,358.1578947368421,579.9963797477862,0.0,0.021192166983382776,0.0,0.0,0.9782608695652174
v2e2_d2a42e359dd264f920da,zero,0.0,False,150.0,0.0,global_distance_optimum_lp_integral,157.89483684210526,157.89473684210526,0.00010000000000331966,True,0,lp_relaxation,157.89483684210526,471.603538947151,0.0,0.01774037498398684,5.415486890364264,0.011616528708686423,0.945054945054945,global_distance_optimum_lp_integral,157.89483684210526,157.89473684210526,0.00010000000000331966,True,0,lp_relaxation,157.89483684210526,471.603538947151,0.0,0.019187416997738183,5.415486890364264,0.011616528708686423,0.945054945054945
v2e2_d2a42e359dd264f920da,heuristic,157.89473684210492,True,0.0,0.0,global_distance_optimum_lp_integral,0.00010000000000043308,0.0,0.00010000000000043308,True,0,lp_relaxation,157.89473684210492,473.5754066914225,0.0,0.017249041993636638,7.387354634635756,0.01584629765186667,0.978021978021978,global_distance_optimum_lp_integral,0.00010000000000043308,0.0,0.00010000000000043308,True,0,lp_relaxation,157.89473684210492,473.5754066914225,0.0,0.017473542015068233,7.387354634635756,0.01584629765186667,0.978021978021978
v2e2_d2a42e359dd264f920da,stale_optimal,429.4078947368421,False,75.0,4890.6578947368425,global_distance_optimum_lp_integral,71.24999999999999,71.24999999999999,0.0,True,0,lp_relaxation,358.15789473684214,466.1880520567867,0.0,0.019072084018262103,0.0,0.0,0.967032967032967,global_distance_optimum_lp_integral,71.2501,71.24999999999999,0.00010000000001753051,True,0,lp_relaxation,358.15789473684214,466.1880520567867,0.0,0.019409833010286093,0.0,0.0,0.945054945054945
v2e2_d2a42e359dd264f920da,random_static_range,2791.4532547949375,False,183.2348776865116,373.1192872879948,feasible_mode_library_upper_bound,267.3726285849106,203.88149285907377,63.49113572583684,False,58,raw_sign_with_mpc_zero_anchor,2891.112340169837,495.9513855989369,0.0,0.015100624994374812,29.76333354215018,0.06384405050888066,0.7252747252747253,feasible_mode_library_upper_bound,267.3726285849106,203.88149285907377,63.49113572583684,False,58,raw_sign_with_mpc_zero_anchor,2891.1123401698364,495.95138559893684,0.0,0.01609958300832659,29.76333354215012,0.06384405050888053,0.7142857142857143
v2e2_d2a42e359dd264f920da,direct_mpc,358.15789473684214,True,0.0,9.379164112033322e-13,global_distance_optimum_lp_integral,9.99999999961476e-05,0.0,9.99999999961476e-05,True,0,lp_relaxation,358.1578947368421,466.1880520567867,0.0,0.021069917012937367,0.0,0.0,0.978021978021978,global_distance_optimum_lp_integral,0.00010000000000331966,0.0,0.00010000000000331966,True,0,lp_relaxation,358.1578947368421,466.1880520567867,0.0,0.02047616700292565,0.0,0.0,0.978021978021978
v2e2_d6701d548a93409fed9a,zero,0.0,False,125.0,0.0,global_distance_optimum_lp_integral,131.57904736842104,131.57894736842104,0.00010000000000331966,True,0,lp_relaxation,131.57904736842104,404.76762376142113,0.0,0.019321833009598777,14.025322884290631,0.03589404795131437,0.9565217391304348,global_distance_optimum_lp_integral,131.57904736842104,131.57894736842104,0.00010000000000331966,True,0,lp_relaxation,131.57904736842104,404.76762376142113,0.0,0.019495999993523583,14.025322884290631,0.03589404795131437,0.9565217391304348
v2e2_d6701d548a93409fed9a,heuristic,131.57894736842093,True,0.0,0.0,global_distance_optimum_lp_integral,0.00010000000000043308,0.0,0.00010000000000043308,True,0,lp_relaxation,131.57894736842098,407.66765922683146,0.0,0.017649040994001552,16.925358349700957,0.04331591002997948,0.9782608695652174,global_distance_optimum_lp_integral,0.00010000000000043308,0.0,0.00010000000000043308,True,0,lp_relaxation,131.57894736842098,407.66765922683146,0.0,0.016905999975278974,16.925358349700957,0.04331591002997948,0.9782608695652174
v2e2_d6701d548a93409fed9a,stale_optimal,956.4162049861495,False,50.0,2450.0000000000005,global_distance_optimum_lp_integral,47.5001,47.500000000000014,9.99999999891088e-05,True,0,lp_relaxation,908.9162049861495,391.22128863502525,0.0,0.021655874996213242,0.47898775789474257,0.0012258405522502182,0.967391304347826,global_distance_optimum_lp_integral,47.5001,47.500000000000014,9.99999999891088e-05,True,0,lp_relaxation,908.9162049861495,391.22128863502525,0.0,0.02107620899914764,0.47898775789474257,0.0012258405522502182,0.967391304347826
v2e2_d6701d548a93409fed9a,random_static_range,2997.5099620892615,False,87.96890631150427,1341.0994770561445,feasible_mode_library_upper_bound,481.23333990632614,397.41677209172184,83.8165678146043,False,63,raw_sign_with_mpc_zero_anchor,3081.0784718031437,432.20215084585345,0.0,0.016098709020297974,41.45984996872295,0.10610535351727905,0.8369565217391305,feasible_mode_library_upper_bound,481.23333990632614,397.41677209172184,83.8165678146043,False,63,raw_sign_with_mpc_zero_anchor,3081.0784718031437,432.20215084585345,0.0,0.015232000005198643,41.45984996872295,0.10610535351727905,0.8369565217391305
v2e2_d6701d548a93409fed9a,direct_mpc,1009.047783933518,True,0.0,6.963318810448982e-13,global_distance_optimum_lp_integral,0.0,0.0,0.0,True,0,lp_relaxation,1009.047783933518,390.7423008771305,0.0,0.020770540984813124,0.0,0.0,1.0,global_distance_optimum_lp_integral,0.0,0.0,0.0,True,0,lp_relaxation,1009.047783933518,390.7423008771305,0.0,0.02213033300358802,0.0,0.0,1.0
v2e2_d6ba00286f170447ebbf,zero,0.0,False,150.0,0.0,global_distance_optimum_lp_integral,157.89483684210526,157.89473684210526,0.00010000000000331966,True,0,lp_relaxation,157.89483684210526,404.4870479844754,0.0,0.018281708005815744,12.233846568501178,0.031188646834082828,0.9565217391304348,global_distance_optimum_lp_integral,157.89483684210526,157.89473684210526,0.00010000000000331966,True,0,lp_relaxation,157.89483684210526,404.4870479844754,0.0,0.017986082995776087,12.233846568501178,0.031188646834082828,0.9565217391304348
v2e2_d6ba00286f170447ebbf,heuristic,157.89473684210614,True,0.0,0.0,global_distance_optimum_lp_integral,0.00010000000000043308,0.0,0.00010000000000043308,True,0,lp_relaxation,157.89473684210608,407.9670907839818,0.0,0.017711250024149194,15.713889368007585,0.04006057646255746,0.9782608695652174,global_distance_optimum_lp_integral,0.00010000000000043308,0.0,0.00010000000000043308,True,0,lp_relaxation,157.89473684210608,407.9670907839818,0.0,0.017466291988966987,15.713889368007585,0.04006057646255746,0.9782608695652174
v2e2_d6ba00286f170447ebbf,stale_optimal,956.4162049861495,False,75.0,3699.8355263157896,global_distance_optimum_lp_integral,71.25010000000002,71.25,0.00010000000001753051,True,0,lp_relaxation,885.1662049861495,392.9716830528164,0.0,0.020084875024622306,0.7184816368421707,0.0018316781972678913,0.9565217391304348,global_distance_optimum_lp_integral,71.25010000000002,71.25,0.00010000000001753051,True,0,lp_relaxation,885.1662049861495,392.9716830528164,0.0,0.018918999994639307,0.7184816368421707,0.0018316781972678913,0.9565217391304348
v2e2_d6ba00286f170447ebbf,random_static_range,2773.1129180286116,False,598.6773397681941,6557.565971681713,global_distance_optimum_lp_integral,568.7435727797842,568.7434727797843,9.999999997489795e-05,True,0,lp_relaxation,2204.3693452488274,421.84656669497167,0.0,0.017222041002241895,29.593365278997453,0.075444547481499,0.782608695652174,global_distance_optimum_lp_integral,568.7435727797842,568.7434727797843,9.999999997489795e-05,True,0,lp_relaxation,2204.3693452488274,421.84656669497167,0.0,0.016959166998276487,29.593365278997453,0.075444547481499,0.782608695652174
v2e2_d6ba00286f170447ebbf,direct_mpc,1035.3635734072022,True,0.0,6.963318810448982e-13,global_distance_optimum_lp_integral,0.0,0.0,0.0,True,0,lp_relaxation,1035.3635734072022,392.2532014159742,0.0,0.02077958401059732,0.0,0.0,1.0,global_distance_optimum_lp_integral,0.0,0.0,0.0,True,0,lp_relaxation,1035.3635734072022,392.2532014159742,0.0,0.021839458990143612,0.0,0.0,1.0
v2e2_e6c8a896df3972a400a6,zero,0.0,False,150.0,0.0,global_distance_optimum_lp_integral,157.89483684210526,157.89473684210526,0.00010000000000331966,True,0,lp_relaxation,157.89483684210526,404.37682015464577,0.0,0.019120207987725735,6.061373125370892,0.015217519608084396,0.9565217391304348,global_distance_optimum_lp_integral,157.89483684210526,157.89473684210526,0.00010000000000331966,True,0,lp_relaxation,157.89483684210526,404.37682015464577,0.0,0.018700959015404806,6.061373125370892,0.015217519608084396,0.9565217391304348
v2e2_e6c8a896df3972a400a6,heuristic,157.89473684210614,True,0.0,0.0,global_distance_optimum_lp_integral,0.00010000000000043308,0.0,0.00010000000000043308,True,0,lp_relaxation,157.89473684210608,407.8568629541523,0.0,0.017663791979430243,9.541415924877413,0.023954421040005888,0.9782608695652174,global_distance_optimum_lp_integral,0.00010000000000043308,0.0,0.00010000000000043308,True,0,lp_relaxation,157.89473684210608,407.8568629541523,0.0,0.016526624996913597,9.541415924877413,0.023954421040005888,0.9782608695652174
v2e2_e6c8a896df3972a400a6,stale_optimal,956.4162049861495,False,75.0,3699.8355263157896,global_distance_optimum_lp_integral,71.2501,71.25,0.00010000000000331966,True,0,lp_relaxation,885.1662049861495,398.93182864403946,0.0,0.02010562500800006,0.6163816147645775,0.0015474710292098601,0.9565217391304348,global_distance_optimum_lp_integral,71.2501,71.25,0.00010000000000331966,True,0,lp_relaxation,885.1662049861495,398.93182864403946,0.0,0.0192043750139419,0.6163816147645775,0.0015474710292098601,0.9565217391304348
v2e2_e6c8a896df3972a400a6,random_static_range,2803.539512730795,False,7.379708394965576,714.5856938054574,feasible_mode_library_upper_bound,178.58359403630809,125.42252436888552,53.16106966742257,False,32,raw_sign_with_mpc_zero_anchor,2810.548284423963,437.9684607442206,0.0,0.015462917013792321,39.6530137149457,0.09955178492495506,0.8586956521739131,feasible_mode_library_upper_bound,176.02839447020185,124.14492458583237,51.883469884369475,False,34,raw_sign_with_mpc_zero_anchor,2810.5482844239605,438.0473356792829,1.277599783053148,0.0156297089997679,39.731888650008045,0.09974980620595385,0.8913043478260869
v2e2_e6c8a896df3972a400a6,direct_mpc,1014.0197368421052,True,0.0,0.0,global_distance_optimum_lp_integral,0.00010000000001042508,0.0,0.00010000000001042508,True,0,lp_relaxation,1014.0197368421052,398.3154470292749,0.0,0.02165341700310819,0.0,0.0,0.9782608695652174,global_distance_optimum_lp_integral,0.00010000000001042508,0.0,0.00010000000001042508,True,0,lp_relaxation,1014.0197368421052,398.3154470292749,0.0,0.021393834002083167,0.0,0.0,0.9782608695652174
v2e2_e87de31d325befcf7b51,zero,0.0,False,25.0,0.0,global_distance_optimum_lp_integral,26.315889473684212,26.315789473684212,9.999999999976694e-05,True,0,lp_relaxation,26.315889473684212,377.0637943405262,0.0,0.019294208992505446,4.641418532248224,0.012462781061891979,0.9775280898876404,global_distance_optimum_lp_integral,26.315889473684212,26.315789473684212,9.999999999976694e-05,True,0,lp_relaxation,26.315889473684212,377.0637943405262,0.0,0.019232666993048042,4.641418532248224,0.012462781061891979,0.9775280898876404
v2e2_e87de31d325befcf7b51,heuristic,26.315789473685093,True,0.0,0.0,global_distance_optimum_lp_integral,0.00010000000000010001,0.0,0.00010000000000010001,True,0,lp_relaxation,26.315789473685044,377.32162571398635,0.0,0.01756995901814662,4.899249905708359,0.013155090091124061,0.9775280898876404,global_distance_optimum_lp_integral,0.00010000000000010001,0.0,0.00010000000000010001,True,0,lp_relaxation,26.315789473685044,377.32162571398635,0.0,0.017955958988750353,4.899249905708359,0.013155090091124061,0.9775280898876404
v2e2_e87de31d325befcf7b51,stale_optimal,429.4078947368421,False,50.0,0.0,feasible_mode_library_upper_bound,47.5001,0.0,47.5001,False,16,raw_sign_with_mpc_zero_anchor,476.90604345479073,372.4223948209694,0.0,0.024586207990068942,1.9012691382158664e-05,5.10514206910767e-08,0.9662921348314607,feasible_mode_library_upper_bound,47.5001,0.0,47.5001,False,16,raw_sign_with_mpc_zero_anchor,476.90604345479073,372.4223948209694,0.0,0.02468645799672231,1.9012691382158664e-05,5.10514206910767e-08,0.9662921348314607
v2e2_e87de31d325befcf7b51,random_static_range,2867.3794320520105,False,158.09891653549954,1.007871673321631,feasible_mode_library_upper_bound,150.1940707087246,19.770662834439424,130.42340787428518,False,89,raw_sign_with_mpc_zero_anchor,3017.571451478687,403.3439592142596,0.0,0.01577304198872298,30.921583405981607,0.08302826418222506,0.9101123595505618,feasible_mode_library_upper_bound,150.1940707087246,19.770662834439424,130.42340787428518,False,89,raw_sign_with_mpc_zero_anchor,3017.571451478687,403.3439592142596,0.0,0.016142292006406933,30.921583405981607,0.08302826418222506,0.9101123595505618
v2e2_e87de31d325befcf7b51,direct_mpc,476.9078947368421,True,0.0,8.952838470577262e-13,global_distance_optimum_lp_integral,9.999999999976694e-05,0.0,9.999999999976694e-05,True,0,lp_relaxation,476.9078947368421,372.422375808278,0.0,0.019616374978795648,0.0,0.0,0.9775280898876404,global_distance_optimum_lp_integral,9.999999999976694e-05,0.0,9.999999999976694e-05,True,0,lp_relaxation,476.9078947368421,372.422375808278,0.0,0.02063145799911581,0.0,0.0,0.9775280898876404
v2e2_e9230cb9c5afdd6582ec,zero,0.0,False,175.0,0.0,global_distance_optimum_lp_integral,184.21062631578948,184.21052631578948,0.00010000000000331966,True,0,lp_relaxation,184.21062631578948,488.9265086439131,0.0,0.018794665986206383,0.29745114153297436,0.0006087463219101035,0.9325842696629213,global_distance_optimum_lp_integral,184.21062631578948,184.21052631578948,0.00010000000000331966,True,0,lp_relaxation,184.21062631578948,488.9265086439131,0.0,0.018407750001642853,0.29745114153297436,0.0006087463219101035,0.9325842696629213
v2e2_e9230cb9c5afdd6582ec,heuristic,184.21052631578897,True,0.0,0.0,global_distance_optimum_lp_integral,0.00010000000000065512,0.0,0.00010000000000065512,True,0,lp_relaxation,184.21052631578905,490.2403907939432,0.0,0.015699040988693014,1.611333291563085,0.0032976616245447826,0.9775280898876404,global_distance_optimum_lp_integral,0.00010000000000065512,0.0,0.00010000000000065512,True,0,lp_relaxation,184.21052631578905,490.2403907939432,0.0,0.016522334015462548,1.611333291563085,0.0032976616245447826,0.9775280898876404
v2e2_e9230cb9c5afdd6582ec,stale_optimal,429.4078947368421,False,100.0,7182.569078947368,global_distance_optimum_lp_integral,94.99999999999999,94.99999999999999,0.0,True,0,lp_relaxation,334.4078947368421,488.6290575023802,0.0,0.01838875000248663,5.684341886080802e-14,1.1633245708178363e-16,0.9662921348314607,global_distance_optimum_lp_integral,94.99999999999999,94.99999999999999,0.0,True,0,lp_relaxation,334.4078947368421,488.6290575023802,0.0,0.018320667004445568,5.684341886080802e-14,1.1633245708178363e-16,0.9662921348314607
v2e2_e9230cb9c5afdd6582ec,random_static_range,2645.380720362304,False,461.54254803193834,6210.5079415393,global_distance_optimum_lp_integral,722.938078568463,722.9379785684631,9.999999986121111e-05,True,0,lp_relaxation,1922.4426417938419,506.98029278225545,0.0,0.015941582998493686,18.35123527987531,0.03755657793598557,0.5168539325842697,global_distance_optimum_lp_integral,722.938078568463,722.9379785684631,9.999999986121111e-05,True,0,lp_relaxation,1922.4426417938419,506.98029278225545,0.0,0.01597804098855704,18.35123527987531,0.03755657793598557,0.5168539325842697
v2e2_e9230cb9c5afdd6582ec,direct_mpc,334.4078947368421,True,0.0,0.0,global_distance_optimum_lp_integral,0.0,0.0,0.0,True,0,lp_relaxation,334.4078947368421,488.62905750238014,0.0,0.020534000010229647,0.0,0.0,1.0,global_distance_optimum_lp_integral,0.0,0.0,0.0,True,0,lp_relaxation,334.4078947368421,488.62905750238014,0.0,0.019336166995344684,0.0,0.0,1.0
v2e2_ea69a5744fe4489919e6,zero,0.0,False,25.0,0.0,feasible_mode_library_upper_bound,23.7501,0.0,23.7501,False,8,raw_sign_with_mpc_zero_anchor,23.7501,332.964765656805,0.0,0.021412417001556605,6.56677319666602,0.02011891417337066,0.9759036144578314,feasible_mode_library_upper_bound,23.7501,0.0,23.7501,False,8,raw_sign_with_mpc_zero_anchor,23.7501,332.964765656805,0.0,0.0202958750014659,6.56677319666602,0.02011891417337066,0.9759036144578314
v2e2_ea69a5744fe4489919e6,heuristic,23.749999999999655,True,0.0,0.0,global_distance_optimum_lp_integral,9.999999999993348e-05,0.0,9.999999999993348e-05,True,0,lp_relaxation,23.749999999999705,333.91434531415877,0.0,0.01602054198156111,7.516352854019772,0.023028183468186306,0.9759036144578314,global_distance_optimum_lp_integral,9.999999999993348e-05,0.0,9.999999999993348e-05,True,0,lp_relaxation,23.749999999999705,333.91434531415877,0.0,0.015114667010493577,7.516352854019772,0.023028183468186306,0.9759036144578314
v2e2_ea69a5744fe4489919e6,stale_optimal,779.8684210526317,False,100.0,2591.1913365789474,feasible_mode_library_upper_bound,95.00010000000148,-7.744915819785092e-13,95.00010000000225,False,32,raw_sign_with_mpc_zero_anchor,874.8665697705816,326.39800200631686,0.0,0.0205101250030566,9.54617786419476e-06,2.924704834194278e-08,0.9397590361445783,feasible_mode_library_upper_bound,95.0001000000015,-7.744915819785092e-13,95.00010000000228,False,32,raw_sign_with_mpc_zero_anchor,874.866569770582,326.3980020063168,0.0,0.020281874982174486,9.546177807351341e-06,2.9247048167789077e-08,0.9397590361445783
v2e2_ea69a5744fe4489919e6,random_static_range,2339.430445640864,False,250.62297722552057,1826.003933322655,feasible_mode_library_upper_bound,238.09192836424506,104.33475699262765,133.7571713716174,False,83,raw_sign_with_mpc_zero_anchor,2577.5203227230577,355.344285467457,0.0,0.015025250002508983,28.94629300731799,0.08868404118892681,0.891566265060241,feasible_mode_library_upper_bound,238.091928364245,104.33475699262765,133.75717137161735,False,82,raw_sign_with_mpc_zero_anchor,2577.5203227230563,355.3442854674569,0.0,0.014992749987868592,28.946293007317934,0.08868404118892664,0.891566265060241
v2e2_ea69a5744fe4489919e6,direct_mpc,874.8684210526316,True,0.0,5.258016244624741e-13,global_distance_optimum_lp_integral,0.00010000000000977414,0.0,0.00010000000000977414,True,0,lp_relaxation,874.8684210526316,326.397992460139,0.0,0.017603624990442768,0.0,0.0,0.9759036144578314,global_distance_optimum_lp_integral,0.00010000000000864873,0.0,0.00010000000000864873,True,0,lp_relaxation,874.8684210526316,326.397992460139,0.0,0.019334540993440896,0.0,0.0,0.9759036144578314
v2e2_eabe3c90461f173e872b,zero,0.0,False,175.0,0.0,global_distance_optimum_lp_integral,184.21062631578948,184.21052631578948,0.00010000000000331966,True,0,lp_relaxation,184.21062631578948,301.72470665360186,0.0,0.01904987500165589,3.4198032676221715,0.011464120196499934,0.9555555555555556,global_distance_optimum_lp_integral,184.21062631578948,184.21052631578948,0.00010000000000331966,True,0,lp_relaxation,184.21062631578948,301.72470665360186,0.0,0.018547666986705735,3.4198032676221715,0.011464120196499934,0.9555555555555556
v2e2_eabe3c90461f173e872b,heuristic,184.21052631578897,True,0.0,0.0,global_distance_optimum_lp_integral,0.00010000000000021103,0.0,0.00010000000000021103,True,0,lp_relaxation,184.21052631578883,304.38659397132477,0.0,0.01706874999217689,6.081690585345086,0.020387497879898832,0.9777777777777777,global_distance_optimum_lp_integral,0.00010000000000021103,0.0,0.00010000000000021103,True,0,lp_relaxation,184.21052631578883,304.38659397132477,0.0,0.016719457984436303,6.081690585345086,0.020387497879898832,0.9777777777777777
v2e2_eabe3c90461f173e872b,stale_optimal,836.9901640547091,False,100.00000000000006,3874.9666089473694,global_distance_optimum_lp_integral,95.00000000000006,94.99999999999997,8.526512829121202e-14,True,0,lp_relaxation,741.9901640547091,298.3049033859797,0.0,0.01953795799636282,0.0,0.0,0.9777777777777777,global_distance_optimum_lp_integral,95.00000000000006,94.99999999999997,8.526512829121202e-14,True,0,lp_relaxation,741.9901640547091,298.3049033859797,0.0,0.019362499995622784,0.0,0.0,0.9777777777777777
v2e2_eabe3c90461f173e872b,random_static_range,2878.906255288466,False,33.51888336365573,129.12922238379616,feasible_mode_library_upper_bound,232.53026281025512,100.34361180739091,132.1866510028642,False,86,raw_sign_with_mpc_zero_anchor,2910.7472432018867,335.5601823756159,0.0,0.015835083002457395,37.255278989636224,0.12488993163290799,0.8666666666666667,feasible_mode_library_upper_bound,31.843039195473114,0.0,31.843039195473114,False,20,raw_sign_with_mpc_zero_anchor,2910.74724320189,342.774088641508,100.34361180739091,0.015053291979711503,44.469185255528316,0.14907292756763435,0.9777777777777777
v2e2_eabe3c90461f173e872b,direct_mpc,741.9901640547091,True,0.0,5.258016244624741e-13,global_distance_optimum_lp_integral,0.00010000000012411192,0.0,0.00010000000012411192,True,0,lp_relaxation,741.9901640547091,298.3049033859797,0.0,0.02086208399850875,0.0,0.0,0.9777777777777777,global_distance_optimum_lp_integral,0.00010000000013121735,0.0,0.00010000000013121735,True,0,lp_relaxation,741.9901640547091,298.3049033859797,0.0,0.019842958019580692,0.0,0.0,0.9777777777777777
v2e2_eeaa2f40bad66efc8c57,zero,0.0,False,175.0,0.0,global_distance_optimum_lp_integral,184.21052631578948,184.21052631578948,0.0,True,0,lp_relaxation,184.21052631578948,316.78808647676533,0.0,0.019247415999416262,0.0,0.0,0.9560439560439561,global_distance_optimum_lp_integral,184.21052631578948,184.21052631578948,0.0,True,0,lp_relaxation,184.21052631578948,316.78808647676533,0.0,0.018524250015616417,0.0,0.0,0.9560439560439561
v2e2_eeaa2f40bad66efc8c57,heuristic,184.21052631578954,True,0.0,0.0,global_distance_optimum_lp_integral,0.00010000000000065512,0.0,0.00010000000000065512,True,0,lp_relaxation,184.21052631578968,318.70792643673354,0.0,0.017284917004872113,1.9198399599682148,0.006060328787361215,0.978021978021978,global_distance_optimum_lp_integral,0.00010000000000065512,0.0,0.00010000000000065512,True,0,lp_relaxation,184.21052631578968,318.70792643673354,0.0,0.017927249980857596,1.9198399599682148,0.006060328787361215,0.978021978021978
v2e2_eeaa2f40bad66efc8c57,stale_optimal,78.94736842105263,False,100.0,0.0,global_distance_optimum_lp_integral,105.26325789473685,105.26315789473685,0.00010000000000331966,True,0,lp_relaxation,184.21052631578945,316.78808647676533,0.0,0.01894499998888932,0.0,0.0,0.967032967032967,global_distance_optimum_lp_integral,105.26315789473685,105.26315789473685,0.0,True,0,lp_relaxation,184.21052631578948,316.78808647676533,0.0,0.01954487498733215,0.0,0.0,0.967032967032967
v2e2_eeaa2f40bad66efc8c57,random_static_range,2977.0331743498896,False,220.94051882668688,2048.760979046674,feasible_mode_library_upper_bound,339.73885415705826,304.7661509445802,34.97270321247805,False,29,raw_sign_with_mpc_zero_anchor,2732.5116735410884,343.6059071458215,0.0,0.015452709019882604,26.817820669056175,0.08465539524329023,0.8021978021978022,global_distance_optimum_lp_integral,244.51964952675078,244.51954952675084,9.999999994647624e-05,True,0,lp_relaxation,2732.513524823139,346.5866077847349,47.60955487757161,0.016034083004342392,29.798521307969565,0.09406452635066226,0.8571428571428571
v2e2_eeaa2f40bad66efc8c57,direct_mpc,184.21052631578948,True,0.0,0.0,global_distance_optimum_lp_integral,0.0,0.0,0.0,True,0,lp_relaxation,184.21052631578948,316.78808647676533,0.0,0.02204212499782443,0.0,0.0,1.0,global_distance_optimum_lp_integral,0.0,0.0,0.0,True,0,lp_relaxation,184.21052631578948,316.78808647676533,0.0,0.02212229202268645,0.0,0.0,1.0
v2e2_eefa2a6aa00281c6d0de,zero,0.0,False,25.0,0.0,global_distance_optimum_lp_integral,26.315889473684212,26.315789473684212,9.999999999976694e-05,True,0,lp_relaxation,26.315889473684212,647.9590759134833,0.0,0.01984662498580292,80.20924288890319,0.14127567851777884,0.9777777777777777,global_distance_optimum_lp_integral,26.315889473684212,26.315789473684212,9.999999999976694e-05,True,0,lp_relaxation,26.315889473684212,647.9590759134833,0.0,0.018446250003762543,80.20924288890319,0.14127567851777884,0.9777777777777777
v2e2_eefa2a6aa00281c6d0de,heuristic,26.315789473685125,True,0.0,0.0,global_distance_optimum_lp_integral,9.999999999998899e-05,0.0,9.999999999998899e-05,True,0,lp_relaxation,26.315789473685008,649.1077563926061,0.0,0.018440332991303876,81.35792336802604,0.14329889439968138,0.9777777777777777,global_distance_optimum_lp_integral,9.999999999998899e-05,0.0,9.999999999998899e-05,True,0,lp_relaxation,26.315789473685008,649.1077563926061,0.0,0.01768408398493193,81.35792336802604,0.14329889439968138,0.9777777777777777
v2e2_eefa2a6aa00281c6d0de,stale_optimal,876.3109418282548,False,50.00000000000006,850.0000000000007,feasible_mode_library_upper_bound,47.50010000000009,1.4210854715202004e-14,47.500100000000074,False,17,raw_sign_with_mpc_zero_anchor,923.8089905462033,569.1838835915925,0.0,0.024581292003858835,1.4340505670123775,0.0025258493857633455,0.9777777777777777,feasible_mode_library_upper_bound,47.50010000000009,1.4210854715202004e-14,47.500100000000074,False,17,raw_sign_with_mpc_zero_anchor,923.8089905462033,569.1838835915925,0.0,0.024423333001323044,1.4340505670123775,0.0025258493857633455,0.9777777777777777
v2e2_eefa2a6aa00281c6d0de,random_static_range,2640.1120217096045,False,215.15492524769306,1221.86793535274,global_distance_optimum_lp_integral,204.39727898530828,204.39717898530827,0.00010000000000331966,True,0,lp_relaxation,2435.7147427242962,668.5060865542124,0.0,0.016974666999885812,100.75625352963232,0.1774659324739426,0.9,global_distance_optimum_lp_integral,204.39727898530828,204.39717898530827,0.00010000000000331966,True,0,lp_relaxation,2435.7147427242962,668.5060865542124,0.0,0.01644674999988638,100.75625352963232,0.1774659324739426,0.9
v2e2_eefa2a6aa00281c6d0de,direct_mpc,823.6793628808864,True,5.684341886080802e-14,1.7195134205394424e-12,global_distance_optimum_lp_integral,0.00010000000012900246,5.684341886080802e-14,0.00010000000007215904,True,0,lp_relaxation,823.6793628808863,567.74983302458,0.0,0.020401249988935888,-1.1368683772161603e-13,-2.002410764543441e-16,0.9777777777777777,global_distance_optimum_lp_integral,0.00010000000012900246,5.684341886080802e-14,0.00010000000007215904,True,0,lp_relaxation,823.6793628808863,567.74983302458,0.0,0.02125070901820436,-1.1368683772161603e-13,-2.002410764543441e-16,0.9777777777777777
v2e2_f5ed58c9117bb14967a8,zero,0.0,False,175.0,0.0,global_distance_optimum_lp_integral,184.21062631578948,184.21052631578948,0.00010000000000331966,True,0,lp_relaxation,184.21062631578948,366.6098611590923,0.0,0.018326374993193895,1.1684926869741048,0.00319748333873497,0.945054945054945,global_distance_optimum_lp_integral,184.21062631578948,184.21052631578948,0.00010000000000331966,True,0,lp_relaxation,184.21062631578948,366.6098611590923,0.0,0.01901104100397788,1.1684926869741048,0.00319748333873497,0.945054945054945
v2e2_f5ed58c9117bb14967a8,heuristic,184.21052631578954,True,0.0,0.0,global_distance_optimum_lp_integral,0.00010000000000065512,0.0,0.00010000000000065512,True,0,lp_relaxation,184.2105263157897,370.19571779961893,0.0,0.01787045900709927,4.754349327500734,0.013009882672501739,0.978021978021978,global_distance_optimum_lp_integral,0.00010000000000065512,0.0,0.00010000000000065512,True,0,lp_relaxation,184.2105263157897,370.19571779961893,0.0,0.01783566700760275,4.754349327500734,0.013009882672501739,0.978021978021978
v2e2_f5ed58c9117bb14967a8,stale_optimal,429.40789473684214,False,100.00000000000006,7004.868421052633,global_distance_optimum_lp_integral,95.00000000000003,95.00000000000003,0.0,True,0,lp_relaxation,334.4078947368421,365.4413684721182,0.0,0.019125708000501618,0.0,0.0,0.978021978021978,global_distance_optimum_lp_integral,95.00000000000003,95.00000000000003,0.0,True,0,lp_relaxation,334.4078947368421,365.4413684721182,0.0,0.01940341602312401,0.0,0.0,0.978021978021978
v2e2_f5ed58c9117bb14967a8,random_static_range,3039.700667576897,False,182.33295315527926,4291.7203235407305,feasible_mode_library_upper_bound,359.00718475436685,332.44165791284513,26.565526841521717,False,24,raw_sign_with_mpc_zero_anchor,2733.822485223525,391.4201729122765,0.0,0.015004417015006766,25.978804440158285,0.07108884401559035,0.6593406593406593,feasible_mode_library_upper_bound,359.00718475436685,332.44165791284513,26.565526841521717,False,24,raw_sign_with_mpc_zero_anchor,2733.822485223525,391.4201729122765,0.0,0.015489707991946489,25.978804440158285,0.07108884401559035,0.6593406593406593
v2e2_f5ed58c9117bb14967a8,direct_mpc,334.4078947368421,True,0.0,1.0089706847793423e-12,global_distance_optimum_lp_integral,9.999999999621423e-05,0.0,9.999999999621423e-05,True,0,lp_relaxation,334.4078947368421,365.4413684721182,0.0,0.020682291011326015,0.0,0.0,0.978021978021978,global_distance_optimum_lp_integral,9.999999999621423e-05,0.0,9.999999999621423e-05,True,0,lp_relaxation,334.4078947368421,365.4413684721182,0.0,0.020277124975109473,0.0,0.0,0.978021978021978
v2e2_f60d5d4b26a4ec302fa4,zero,0.0,False,150.0,0.0,global_distance_optimum_lp_integral,157.89483684210526,157.89473684210526,0.00010000000000331966,True,0,lp_relaxation,157.89483684210526,229.36579975374272,0.0,0.018404833012027666,1.7145758930313946,0.007531590930872658,0.9550561797752809,global_distance_optimum_lp_integral,157.89483684210526,157.89473684210526,0.00010000000000331966,True,0,lp_relaxation,157.89483684210526,229.36579975374272,0.0,0.018796791991917416,1.7145758930313946,0.007531590930872658,0.9550561797752809
v2e2_f60d5d4b26a4ec302fa4,heuristic,157.89473684210517,True,0.0,0.0,global_distance_optimum_lp_integral,0.00010000000000065512,0.0,0.00010000000000065512,True,0,lp_relaxation,157.894736842105,231.75577713304986,0.0,0.016466333996504545,4.104553272338535,0.01803000749449039,0.9775280898876404,global_distance_optimum_lp_integral,0.00010000000000065512,0.0,0.00010000000000065512,True,0,lp_relaxation,157.894736842105,231.75577713304986,0.0,0.016972624987829477,4.104553272338535,0.01803000749449039,0.9775280898876404
v2e2_f60d5d4b26a4ec302fa4,stale_optimal,429.4078947368421,False,75.00000000000006,5174.83552631579,global_distance_optimum_lp_integral,71.25,71.25,0.0,True,0,lp_relaxation,358.1578947368421,227.65122386071133,0.0,0.01916812499985099,0.0,0.0,0.9775280898876404,global_distance_optimum_lp_integral,71.25,71.25,0.0,True,0,lp_relaxation,358.1578947368421,227.65122386071133,0.0,0.01862862499547191,0.0,0.0,0.9775280898876404
v2e2_f60d5d4b26a4ec302fa4,random_static_range,2472.869821612544,False,201.85485677365182,1340.4363975349181,feasible_mode_library_upper_bound,315.4221666152397,200.16709914741335,115.25506746782634,False,72,raw_sign_with_mpc_zero_anchor,2664.629984265463,249.43313443062377,0.0,0.015487249998841435,21.78191056991244,0.09568106070556304,0.8089887640449438,feasible_mode_library_upper_bound,262.13316869032246,146.8781012224962,115.25506746782625,False,72,raw_sign_with_mpc_zero_anchor,2664.6299842654653,250.39168731915385,26.64449896245854,0.015237249986967072,22.74046345844252,0.09989168111108553,0.8539325842696629
v2e2_f60d5d4b26a4ec302fa4,direct_mpc,358.157894736842,True,1.1368683772161603e-13,9.947598300641403e-13,global_distance_optimum_lp_integral,9.059419880941277e-14,0.0,9.059419880941277e-14,True,0,lp_relaxation,358.1578947368421,227.65122386071133,0.0,0.02044300001580268,0.0,0.0,1.0,global_distance_optimum_lp_integral,0.000100000000179562,0.0,0.000100000000179562,True,0,lp_relaxation,358.1578947368421,227.65122386071133,0.0,0.02046104200417176,0.0,0.0,0.9775280898876404
v2e2_ff7d4d179a2e6d483137,zero,0.0,False,25.0,0.0,feasible_mode_library_upper_bound,23.7501,0.0,23.7501,False,8,raw_sign_with_mpc_zero_anchor,23.7501,634.0075492734704,0.0,0.022960875008720905,0.21724586938057655,0.0003427724725571664,0.978021978021978,feasible_mode_library_upper_bound,23.7501,0.0,23.7501,False,8,raw_sign_with_mpc_zero_anchor,23.7501,634.0075492734704,0.0,0.02232458401704207,0.21724586938057655,0.0003427724725571664,0.978021978021978
v2e2_ff7d4d179a2e6d483137,heuristic,23.750000000000654,True,0.0,0.0,global_distance_optimum_lp_integral,9.999999999998899e-05,0.0,9.999999999998899e-05,True,0,lp_relaxation,23.750000000001407,634.4413495233977,0.0,0.01680166702135466,0.6510461193078072,0.0010272263804148411,0.978021978021978,global_distance_optimum_lp_integral,9.999999999998899e-05,0.0,9.999999999998899e-05,True,0,lp_relaxation,23.750000000001407,634.4413495233977,0.0,0.016749750007875264,0.6510461193078072,0.0010272263804148411,0.978021978021978
v2e2_ff7d4d179a2e6d483137,stale_optimal,429.40789473684214,False,100.0,0.0,feasible_mode_library_upper_bound,95.0001,0.0,95.0001,False,32,raw_sign_with_mpc_zero_anchor,524.405943454791,633.8275228340776,0.0,0.022634959022980183,0.037219429987771946,5.8725148977297794e-05,0.9560439560439561,feasible_mode_library_upper_bound,95.0001,0.0,95.0001,False,32,raw_sign_with_mpc_zero_anchor,524.405943454791,633.8275228340776,0.0,0.02209112499258481,0.037219429987771946,5.8725148977297794e-05,0.9560439560439561
v2e2_ff7d4d179a2e6d483137,random_static_range,2805.492361460775,False,290.2953769348244,6139.042450863797,feasible_mode_library_upper_bound,275.78070808808354,142.21575370228257,133.56495438580097,False,89,raw_sign_with_mpc_zero_anchor,3081.2710182668075,670.4933586610684,0.0,0.016469917027279735,36.70305525697859,0.05791040831619915,0.9010989010989011,feasible_mode_library_upper_bound,275.78070808808354,142.21575370228248,133.56495438580106,False,89,raw_sign_with_mpc_zero_anchor,3081.2710182668047,670.4933586610684,0.0,0.015783125010784715,36.70305525697859,0.05791040831619915,0.9010989010989011
v2e2_ff7d4d179a2e6d483137,direct_mpc,500.6925207756233,True,0.0,0.0,global_distance_optimum_lp_integral,0.0,0.0,0.0,True,0,lp_relaxation,500.6925207756233,633.7903034040899,0.0,0.020810249989153817,0.0,0.0,1.0,global_distance_optimum_lp_integral,0.0,0.0,0.0,True,0,lp_relaxation,500.6925207756233,633.7903034040899,0.0,0.021422959020128474,0.0,0.0,1.0
