tier,block_id,scenario_id,model_condition,branch,carrier,duplicate_index,branch_position,run_order,event_family,difficulty,season,location_id,activation_step,horizon_intervals,horizon_hours,canonical_soc_kwh,stale_soc_kwh,soc_gap_signed_kwh,soc_gap_abs_kwh,soc_gap_direction,divergence_kwh,parsed,action_digest,action_energy_kwh,exact_zero,nontrivial_1kwh,nontrivial_5kwh,nontrivial_10kwh,carrier_consistent_raw_feasible,authoritative_raw_feasible,carrier_power_violation_any,carrier_power_violation_peak_kw,carrier_power_violation_energy_kwh,carrier_soc_lower_violation_any,carrier_soc_lower_violation_peak_kwh,carrier_soc_lower_violation_sum_kwh_steps,carrier_soc_upper_violation_any,carrier_soc_upper_violation_peak_kwh,carrier_soc_upper_violation_sum_kwh_steps,carrier_export_violation_any,carrier_export_violation_peak_kw,carrier_export_violation_energy_kwh,carrier_terminal_violation_any,carrier_terminal_absolute_error_kwh,carrier_terminal_signed_error_kwh,carrier_violation_interval_count,carrier_total_violation_energy,carrier_dynamic_constraints_ok,carrier_engineering_feasible,carrier_physical_cost_usd,authoritative_power_violation_any,authoritative_power_violation_peak_kw,authoritative_power_violation_energy_kwh,authoritative_soc_lower_violation_any,authoritative_soc_lower_violation_peak_kwh,authoritative_soc_lower_violation_sum_kwh_steps,authoritative_soc_upper_violation_any,authoritative_soc_upper_violation_peak_kwh,authoritative_soc_upper_violation_sum_kwh_steps,authoritative_export_violation_any,authoritative_export_violation_peak_kw,authoritative_export_violation_energy_kwh,authoritative_terminal_violation_any,authoritative_terminal_absolute_error_kwh,authoritative_terminal_signed_error_kwh,authoritative_violation_interval_count,authoritative_total_violation_energy,authoritative_dynamic_constraints_ok,authoritative_engineering_feasible,authoritative_physical_cost_usd,returned_model,system_fingerprint,prompt_sha256,request_payload_sha256,attempt_count,latency_seconds,request_sent_utc,response_received_utc,request_start_epoch,response_end_epoch
QWEN37_F1,qwen37f1_011f732c105348b17496,v2e2_4029a98e7ae402335d31,qwen37_plus_direct,C1,canonical,1,1,61,export_limit_update,medium,spring,fresno,4,92,23.0,175.0,250.0,-75.0,75.0,canonical_lower,75.0,True,c1ce617d1dfc52dced716a8a9100b47b3bb14ce2cabefcea2d52ab374086c447,374.90000000000003,False,True,True,True,False,False,False,0.0,0.0,False,0.0,0.0,True,31.154999999998495,141.02999999998588,False,0.0,0.0,True,206.1549999999985,206.1549999999985,9,141.02999999998588,False,False,212.8211430710127,False,0.0,0.0,False,0.0,0.0,True,31.154999999998495,141.02999999998588,False,0.0,0.0,True,206.1549999999985,206.1549999999985,9,141.02999999998588,False,False,212.8211430710127,qwen3.7-plus,,50018fe78f6fc101d672f7fde6f237f6198119051e800d9ea14b6f64252b7ad0,ab5b39e1b07e2dd1356ff690745110575d2a5acfa92c321473cc1481a459772c,1,2.541382,2026-08-26T14:14:20.942571+00:00,2026-08-26T14:14:23.483953+00:00,1787753660.942571,1787753663.483953
QWEN37_F1,qwen37f1_011f732c105348b17496,v2e2_4029a98e7ae402335d31,qwen37_plus_direct,S1,stale,1,2,61,export_limit_update,medium,spring,fresno,4,92,23.0,175.0,250.0,-75.0,75.0,canonical_lower,75.0,True,e13cf2947d2ef6eb5a1cfc4816545b6479f271da5c130d518748c0c12124bd31,374.9989000000001,False,True,True,True,False,False,False,0.0,0.0,False,0.0,0.0,True,106.24895499999991,1511.252207499983,False,0.0,0.0,True,281.2489549999999,281.2489549999999,28,1511.2522074999824,False,False,212.8257490212588,False,0.0,0.0,False,0.0,0.0,True,31.248954999999228,141.83882999999219,False,0.0,0.0,True,206.24895499999923,206.24895499999923,9,141.83882999999219,False,False,212.8257490212588,qwen3.7-plus,,376f0bbc6488a1f7b011251e649dd30cfa12641fbe75fa4111eee49b465543e7,26d66dcbcf21557c6b8949ba3f41db5887e73c8ad7c759d154a152f805c0348d,1,1.534051,2026-08-26T14:14:23.508977+00:00,2026-08-26T14:14:25.043028+00:00,1787753663.508977,1787753665.043028
QWEN37_F1,qwen37f1_011f732c105348b17496,v2e2_4029a98e7ae402335d31,qwen37_plus_direct,C2,canonical,2,3,61,export_limit_update,medium,spring,fresno,4,92,23.0,175.0,250.0,-75.0,75.0,canonical_lower,75.0,True,c1ce617d1dfc52dced716a8a9100b47b3bb14ce2cabefcea2d52ab374086c447,374.90000000000003,False,True,True,True,False,False,False,0.0,0.0,False,0.0,0.0,True,31.154999999998495,141.02999999998588,False,0.0,0.0,True,206.1549999999985,206.1549999999985,9,141.02999999998588,False,False,212.8211430710127,False,0.0,0.0,False,0.0,0.0,True,31.154999999998495,141.02999999998588,False,0.0,0.0,True,206.1549999999985,206.1549999999985,9,141.02999999998588,False,False,212.8211430710127,qwen3.7-plus,,50018fe78f6fc101d672f7fde6f237f6198119051e800d9ea14b6f64252b7ad0,ab5b39e1b07e2dd1356ff690745110575d2a5acfa92c321473cc1481a459772c,1,1.309801,2026-08-26T14:14:25.070866+00:00,2026-08-26T14:14:26.380667+00:00,1787753665.070866,1787753666.380667
QWEN37_F1,qwen37f1_011f732c105348b17496,v2e2_4029a98e7ae402335d31,qwen37_plus_direct,S2,stale,2,4,61,export_limit_update,medium,spring,fresno,4,92,23.0,175.0,250.0,-75.0,75.0,canonical_lower,75.0,True,72d0811a7d0593ec0d352dea6b8e43d0fc8f2274a04a7204a9eab7c7904d1ca1,374.9920000000001,False,True,True,True,False,False,False,0.0,0.0,False,0.0,0.0,True,106.2424000000018,1511.0956000000429,False,0.0,0.0,True,281.2424000000018,281.2424000000018,28,1511.0956000000424,False,False,212.82542767589305,False,0.0,0.0,False,0.0,0.0,True,31.24240000000134,141.7824000000113,False,0.0,0.0,True,206.24240000000134,206.24240000000134,9,141.7824000000113,False,False,212.82542767589305,qwen3.7-plus,,376f0bbc6488a1f7b011251e649dd30cfa12641fbe75fa4111eee49b465543e7,26d66dcbcf21557c6b8949ba3f41db5887e73c8ad7c759d154a152f805c0348d,1,1.570146,2026-08-26T14:14:26.407290+00:00,2026-08-26T14:14:27.977436+00:00,1787753666.40729,1787753667.977436
QWEN37_F1,qwen37f1_043c12b7330e60ca555b,v2e2_28d9724eea09520d5cd7,qwen37_plus_direct,S1,stale,1,1,20,reserve_commitment_update,medium,spring,los_angeles,6,90,22.5,175.0,250.0,-75.0,75.0,canonical_lower,75.0,True,98a789245a216f16358dcfa54c161fb26300bb2a541d49b646263469e3b2eab1,378.94499999999994,False,True,True,True,False,False,False,0.0,0.0,False,0.0,0.0,True,109.9977499999992,1567.9464499999963,False,0.0,0.0,True,284.9977499999992,284.9977499999992,28,1567.9464499999963,False,False,271.51203631722245,False,0.0,0.0,False,0.0,0.0,True,34.997750000000224,170.98065000000366,False,0.0,0.0,True,209.99775000000022,209.99775000000022,9,170.98065000000366,False,False,271.51203631722245,qwen3.7-plus,,9ed33e5d7732c2f3830c42cfb38c36e6d2100681d82d840eafd90e2ce77a9247,56ef45400eef7b2b72950d5fc0188b4d753a59a69ab4f2ba846ba2c192013665,1,0.903321,2026-08-26T14:13:38.053610+00:00,2026-08-26T14:13:38.956931+00:00,1787753618.05361,1787753618.956931
QWEN37_F1,qwen37f1_043c12b7330e60ca555b,v2e2_28d9724eea09520d5cd7,qwen37_plus_direct,C2,canonical,2,2,20,reserve_commitment_update,medium,spring,los_angeles,6,90,22.5,175.0,250.0,-75.0,75.0,canonical_lower,75.0,True,be6ae305f10d436ab7f1167fe71e2ba9ea38c1a1cfee4fa6823c20bd520f050a,3789.4500000000003,False,True,True,True,False,False,False,0.0,0.0,False,0.0,0.0,True,3274.977499999996,135708.98524999982,False,0.0,0.0,True,3449.977499999996,3449.977499999996,82,135708.98524999985,False,False,387.5669369906124,False,0.0,0.0,False,0.0,0.0,True,3274.977499999996,135708.98524999982,False,0.0,0.0,True,3449.977499999996,3449.977499999996,82,135708.98524999985,False,False,387.5669369906124,qwen3.7-plus,,ab3b1a07312f4c1e81f81aa70dfedfdfde19f7ce285b9178e866e39648fbb8de,4fb3b0ea1661735c9d3414587c53e523b40d66ac33ba43aba329dc9a928a84a1,1,1.255106,2026-08-26T14:13:38.986751+00:00,2026-08-26T14:13:40.241857+00:00,1787753618.986751,1787753620.241857
QWEN37_F1,qwen37f1_043c12b7330e60ca555b,v2e2_28d9724eea09520d5cd7,qwen37_plus_direct,S2,stale,2,3,20,reserve_commitment_update,medium,spring,los_angeles,6,90,22.5,175.0,250.0,-75.0,75.0,canonical_lower,75.0,True,42351936bd4f5b1bb909ad1554b9e2aba9426b750f27597cf4f1b9fb6ef8cd8f,375.0075,False,True,True,True,False,False,False,0.0,0.0,False,0.0,0.0,True,106.25712500000077,1479.539587500018,False,0.0,0.0,True,281.25712500000077,281.25712500000077,27,1479.539587500018,False,False,271.37804848509836,False,0.0,0.0,False,0.0,0.0,True,31.25712500000077,139.22145000000592,False,0.0,0.0,True,206.25712500000077,206.25712500000077,8,139.22145000000592,False,False,271.37804848509836,qwen3.7-plus,,9ed33e5d7732c2f3830c42cfb38c36e6d2100681d82d840eafd90e2ce77a9247,56ef45400eef7b2b72950d5fc0188b4d753a59a69ab4f2ba846ba2c192013665,1,1.15808,2026-08-26T14:13:40.270070+00:00,2026-08-26T14:13:41.428150+00:00,1787753620.27007,1787753621.42815
QWEN37_F1,qwen37f1_043c12b7330e60ca555b,v2e2_28d9724eea09520d5cd7,qwen37_plus_direct,C1,canonical,1,4,20,reserve_commitment_update,medium,spring,los_angeles,6,90,22.5,175.0,250.0,-75.0,75.0,canonical_lower,75.0,True,4bbecf0d57875899d6955efe7bb624bd2027b0d175e24ee0bc2b919e48654372,3789.4725000000008,False,True,True,True,False,False,False,0.0,0.0,False,0.0,0.0,True,3274.9988749999957,135709.94926249995,False,0.0,0.0,True,3449.9988749999957,3449.9988749999957,82,135709.94926249995,False,False,387.5677026353671,False,0.0,0.0,False,0.0,0.0,True,3274.9988749999957,135709.94926249995,False,0.0,0.0,True,3449.9988749999957,3449.9988749999957,82,135709.94926249995,False,False,387.5677026353671,qwen3.7-plus,,ab3b1a07312f4c1e81f81aa70dfedfdfde19f7ce285b9178e866e39648fbb8de,4fb3b0ea1661735c9d3414587c53e523b40d66ac33ba43aba329dc9a928a84a1,1,7.027591,2026-08-26T14:13:41.458936+00:00,2026-08-26T14:13:48.486527+00:00,1787753621.458936,1787753628.486527
QWEN37_F1,qwen37f1_0f366cce0fb761f14bc8,v2e2_8e9a9550f230c7b3cff3,qwen37_plus_direct,S2,stale,2,1,36,forecast_revision,medium,summer,los_angeles,4,92,23.0,175.0,250.0,-75.0,75.0,canonical_lower,75.0,True,cf47db740caa6104de8115e1632cc94e0303545bc75a5521b37d7aad8eb5a938,379.5,False,True,True,True,False,False,False,0.0,0.0,False,0.0,0.0,True,110.52500000000043,1614.2124999999942,False,0.0,0.0,True,285.52500000000043,285.52500000000043,29,1614.2124999999942,False,False,314.5017689011779,False,0.0,0.0,False,0.0,0.0,True,35.524999999999295,178.90624999999125,False,0.0,0.0,True,210.5249999999993,210.5249999999993,10,178.90624999999125,False,False,314.5017689011779,qwen3.7-plus,,b8d666515c32101bb29f4528b1b127f4c840d94bb7891905d449e519adb2d3a8,00cbdff734a0a12fbe96259146bb9cec9056c5612526e80b11574121fb5b2aed,1,2.894139,2026-08-26T14:13:56.205256+00:00,2026-08-26T14:13:59.099395+00:00,1787753636.205256,1787753639.099395
QWEN37_F1,qwen37f1_0f366cce0fb761f14bc8,v2e2_8e9a9550f230c7b3cff3,qwen37_plus_direct,C1,canonical,1,2,36,forecast_revision,medium,summer,los_angeles,4,92,23.0,175.0,250.0,-75.0,75.0,canonical_lower,75.0,True,cf47db740caa6104de8115e1632cc94e0303545bc75a5521b37d7aad8eb5a938,379.5,False,True,True,True,False,False,False,0.0,0.0,False,0.0,0.0,True,35.524999999999295,178.90624999999125,False,0.0,0.0,True,210.5249999999993,210.5249999999993,10,178.90624999999125,False,False,314.5017689011779,False,0.0,0.0,False,0.0,0.0,True,35.524999999999295,178.90624999999125,False,0.0,0.0,True,210.5249999999993,210.5249999999993,10,178.90624999999125,False,False,314.5017689011779,qwen3.7-plus,,e138e5ff47b72bfdd22ff46f6a865e8128e1380e8432a82bb4d59d786dbd8187,7c5fbac8e50a166f4a4c3c275c9129457f905e436680a67a409c808a7e929fdd,1,1.670781,2026-08-26T14:13:59.125353+00:00,2026-08-26T14:14:00.796134+00:00,1787753639.125353,1787753640.796134
QWEN37_F1,qwen37f1_0f366cce0fb761f14bc8,v2e2_8e9a9550f230c7b3cff3,qwen37_plus_direct,S1,stale,1,3,36,forecast_revision,medium,summer,los_angeles,4,92,23.0,175.0,250.0,-75.0,75.0,canonical_lower,75.0,True,cf47db740caa6104de8115e1632cc94e0303545bc75a5521b37d7aad8eb5a938,379.5,False,True,True,True,False,False,False,0.0,0.0,False,0.0,0.0,True,110.52500000000043,1614.2124999999942,False,0.0,0.0,True,285.52500000000043,285.52500000000043,29,1614.2124999999942,False,False,314.5017689011779,False,0.0,0.0,False,0.0,0.0,True,35.524999999999295,178.90624999999125,False,0.0,0.0,True,210.5249999999993,210.5249999999993,10,178.90624999999125,False,False,314.5017689011779,qwen3.7-plus,,b8d666515c32101bb29f4528b1b127f4c840d94bb7891905d449e519adb2d3a8,00cbdff734a0a12fbe96259146bb9cec9056c5612526e80b11574121fb5b2aed,1,1.171193,2026-08-26T14:14:00.822848+00:00,2026-08-26T14:14:01.994041+00:00,1787753640.822848,1787753641.994041
QWEN37_F1,qwen37f1_0f366cce0fb761f14bc8,v2e2_8e9a9550f230c7b3cff3,qwen37_plus_direct,C2,canonical,2,4,36,forecast_revision,medium,summer,los_angeles,4,92,23.0,175.0,250.0,-75.0,75.0,canonical_lower,75.0,True,cf47db740caa6104de8115e1632cc94e0303545bc75a5521b37d7aad8eb5a938,379.5,False,True,True,True,False,False,False,0.0,0.0,False,0.0,0.0,True,35.524999999999295,178.90624999999125,False,0.0,0.0,True,210.5249999999993,210.5249999999993,10,178.90624999999125,False,False,314.5017689011779,False,0.0,0.0,False,0.0,0.0,True,35.524999999999295,178.90624999999125,False,0.0,0.0,True,210.5249999999993,210.5249999999993,10,178.90624999999125,False,False,314.5017689011779,qwen3.7-plus,,e138e5ff47b72bfdd22ff46f6a865e8128e1380e8432a82bb4d59d786dbd8187,7c5fbac8e50a166f4a4c3c275c9129457f905e436680a67a409c808a7e929fdd,1,1.242503,2026-08-26T14:14:02.021753+00:00,2026-08-26T14:14:03.264256+00:00,1787753642.021753,1787753643.264256
QWEN37_F1,qwen37f1_143d4851945fe71e55d7,v2e2_729fd4e9cb1879f64d23,qwen37_plus_direct,C2,canonical,2,1,37,forecast_revision,hard,winter,los_angeles,14,82,20.5,200.0,250.0,-50.0,50.0,canonical_lower,50.0,True,1db90d16e1ba00e700c14ac69c64e7e06299aed821a06f0392b7bb3f69fcd72e,314.88,False,True,True,True,False,False,False,0.0,0.0,False,0.0,0.0,False,0.0,0.0,False,0.0,0.0,True,174.13600000000156,174.13600000000156,0,0.0,True,False,518.2212494747394,False,0.0,0.0,False,0.0,0.0,False,0.0,0.0,False,0.0,0.0,True,174.13600000000156,174.13600000000156,0,0.0,True,False,518.2212494747394,qwen3.7-plus,,5b155f3cf64a3d30f6aa507734ae998211cdb0fd7b9983e4fe082ab2e2f95200,33a8287108e22ed17c7de946449b7411e4d2964c614067b8c857d5a20c8bf135,1,2.491721,2026-08-26T14:13:56.552263+00:00,2026-08-26T14:13:59.043984+00:00,1787753636.552263,1787753639.043984
QWEN37_F1,qwen37f1_143d4851945fe71e55d7,v2e2_729fd4e9cb1879f64d23,qwen37_plus_direct,S2,stale,2,2,37,forecast_revision,hard,winter,los_angeles,14,82,20.5,200.0,250.0,-50.0,50.0,canonical_lower,50.0,True,5c0c708a61f604449ab5c8ec83d342248b0014784588b49b5737d9232afbc189,205.0,False,True,True,True,False,False,False,0.0,0.0,False,0.0,0.0,False,0.0,0.0,False,0.0,0.0,True,119.75,119.75,0,0.0,True,False,511.9716531423396,False,0.0,0.0,False,0.0,0.0,False,0.0,0.0,False,0.0,0.0,True,69.75,69.75,0,0.0,True,False,511.9716531423396,qwen3.7-plus,,20de127dd508f14858a62fea44bb8b009ac79d384c38e14d748b8ee66a40b6af,8eabc024f4460839dfb8d63afabb7b85a5b5e97441b793e76fe8501ad60884c6,1,1.664861,2026-08-26T14:13:59.069631+00:00,2026-08-26T14:14:00.734492+00:00,1787753639.069631,1787753640.734492
QWEN37_F1,qwen37f1_143d4851945fe71e55d7,v2e2_729fd4e9cb1879f64d23,qwen37_plus_direct,C1,canonical,1,3,37,forecast_revision,hard,winter,los_angeles,14,82,20.5,200.0,250.0,-50.0,50.0,canonical_lower,50.0,True,7b1ab961add83c2922925cdd06fa62e12ab5fd087f0a905bd5fc02322a48c3fd,314.9999249999999,False,True,True,True,False,False,False,0.0,0.0,False,0.0,0.0,False,0.0,0.0,False,0.0,0.0,True,174.24992874999987,174.24992874999987,0,0.0,True,False,518.2280703961101,False,0.0,0.0,False,0.0,0.0,False,0.0,0.0,False,0.0,0.0,True,174.24992874999987,174.24992874999987,0,0.0,True,False,518.2280703961101,qwen3.7-plus,,5b155f3cf64a3d30f6aa507734ae998211cdb0fd7b9983e4fe082ab2e2f95200,33a8287108e22ed17c7de946449b7411e4d2964c614067b8c857d5a20c8bf135,1,1.155416,2026-08-26T14:14:00.766083+00:00,2026-08-26T14:14:01.921499+00:00,1787753640.766083,1787753641.921499
QWEN37_F1,qwen37f1_143d4851945fe71e55d7,v2e2_729fd4e9cb1879f64d23,qwen37_plus_direct,S1,stale,1,4,37,forecast_revision,hard,winter,los_angeles,14,82,20.5,200.0,250.0,-50.0,50.0,canonical_lower,50.0,True,1db90d16e1ba00e700c14ac69c64e7e06299aed821a06f0392b7bb3f69fcd72e,314.88,False,True,True,True,False,False,False,0.0,0.0,False,0.0,0.0,True,49.1360000000019,355.93600000002453,False,0.0,0.0,True,224.1360000000019,224.1360000000019,14,355.93600000002453,False,False,518.2212494747394,False,0.0,0.0,False,0.0,0.0,False,0.0,0.0,False,0.0,0.0,True,174.13600000000156,174.13600000000156,0,0.0,True,False,518.2212494747394,qwen3.7-plus,,20de127dd508f14858a62fea44bb8b009ac79d384c38e14d748b8ee66a40b6af,8eabc024f4460839dfb8d63afabb7b85a5b5e97441b793e76fe8501ad60884c6,1,1.697436,2026-08-26T14:14:01.966081+00:00,2026-08-26T14:14:03.663517+00:00,1787753641.966081,1787753643.663517
QWEN37_F1,qwen37f1_15b9580deeef7a90c854,v2e2_c577765fa5c45c1fea7a,qwen37_plus_direct,S2,stale,2,1,74,battery_capacity_derating,medium,autumn,san_diego,8,88,22.0,200.0,250.0,-50.0,50.0,canonical_lower,50.0,True,2ed8c5e9ca4a842129d63d47e1777509c154c996151720e7549abe19f625f877,75.02000000000001,False,True,True,True,False,False,False,0.0,0.0,False,0.0,0.0,False,0.0,0.0,False,0.0,0.0,True,3.7310000000018135,-3.7310000000018135,0,0.0,True,False,306.3053783763665,False,0.0,0.0,False,0.0,0.0,False,0.0,0.0,False,0.0,0.0,True,53.73100000000005,-53.73100000000005,0,0.0,True,False,306.3053783763665,qwen3.7-plus,,a491dbf4b6260efea02b9f064cd08f76454a227ab11b65a6d51ffdcbb637308f,3d0f358a86e6dfb68e6081cbf342a7dc2e9a6175f42e2468491bef8d681caff1,1,1.45958,2026-08-26T14:14:35.565738+00:00,2026-08-26T14:14:37.025318+00:00,1787753675.565738,1787753677.025318
QWEN37_F1,qwen37f1_15b9580deeef7a90c854,v2e2_c577765fa5c45c1fea7a,qwen37_plus_direct,C1,canonical,1,2,74,battery_capacity_derating,medium,autumn,san_diego,8,88,22.0,200.0,250.0,-50.0,50.0,canonical_lower,50.0,True,207ab68e14ba9ba7c4b093c0a2f8b275e697279a4be71572d99f4ebe646bdab1,3135.0,False,True,True,True,False,False,False,0.0,0.0,False,0.0,0.0,True,2778.25,115424.46875,False,0.0,0.0,True,2853.25,2853.25,83,115424.46875,False,False,438.7064651677671,False,0.0,0.0,False,0.0,0.0,True,2778.25,115424.46875,False,0.0,0.0,True,2853.25,2853.25,83,115424.46875,False,False,438.7064651677671,qwen3.7-plus,,c157cbcdccf7e1107701fb2fce197733d96cbd17c304c8362a1848eedbed0f31,53b3c91642f789ec413b0fa732d81c73c50121c0775ae684ad015b7be42654ad,1,1.527937,2026-08-26T14:14:37.055961+00:00,2026-08-26T14:14:38.583898+00:00,1787753677.055961,1787753678.583898
QWEN37_F1,qwen37f1_15b9580deeef7a90c854,v2e2_c577765fa5c45c1fea7a,qwen37_plus_direct,S1,stale,1,3,74,battery_capacity_derating,medium,autumn,san_diego,8,88,22.0,200.0,250.0,-50.0,50.0,canonical_lower,50.0,True,d96bb03ba0ffb532dd9b459aaf48a6de2cf9fb99474bcc23d8c852b9fd802a7c,75.9,False,True,True,True,False,False,False,0.0,0.0,False,0.0,0.0,False,0.0,0.0,False,0.0,0.0,True,2.8950000000015734,-2.8950000000015734,0,0.0,True,False,306.34345475476533,False,0.0,0.0,False,0.0,0.0,False,0.0,0.0,False,0.0,0.0,True,52.89499999999987,-52.89499999999987,0,0.0,True,False,306.34345475476533,qwen3.7-plus,,a491dbf4b6260efea02b9f064cd08f76454a227ab11b65a6d51ffdcbb637308f,3d0f358a86e6dfb68e6081cbf342a7dc2e9a6175f42e2468491bef8d681caff1,1,1.011268,2026-08-26T14:14:38.610335+00:00,2026-08-26T14:14:39.621603+00:00,1787753678.610335,1787753679.621603
QWEN37_F1,qwen37f1_15b9580deeef7a90c854,v2e2_c577765fa5c45c1fea7a,qwen37_plus_direct,C2,canonical,2,4,74,battery_capacity_derating,medium,autumn,san_diego,8,88,22.0,200.0,250.0,-50.0,50.0,canonical_lower,50.0,True,44529295e6966e119bbec6e4beb3de14ec925e1329362c8b9dc1ba85b8f462cf,312.49899999999997,False,True,True,True,False,False,False,0.0,0.0,False,0.0,0.0,True,96.87405000000035,1439.6785375000086,False,0.0,0.0,True,171.87405000000035,171.87405000000035,29,1439.6785375000086,False,False,316.5807650423367,False,0.0,0.0,False,0.0,0.0,True,96.87405000000035,1439.6785375000086,False,0.0,0.0,True,171.87405000000035,171.87405000000035,29,1439.6785375000086,False,False,316.5807650423367,qwen3.7-plus,,c157cbcdccf7e1107701fb2fce197733d96cbd17c304c8362a1848eedbed0f31,53b3c91642f789ec413b0fa732d81c73c50121c0775ae684ad015b7be42654ad,1,1.262268,2026-08-26T14:14:39.649944+00:00,2026-08-26T14:14:40.912212+00:00,1787753679.649944,1787753680.912212
QWEN37_F1,qwen37f1_1763a30013826fd5f5e2,v2e2_aa86ae40329fa58392a5,qwen37_plus_direct,S2,stale,2,1,1,battery_capacity_derating,medium,spring,sacramento,13,83,20.75,350.0,250.0,100.0,100.0,canonical_higher,100.0,True,63e83f7998715ac5812485df3583f54725795ca1797686649e728aaca5bfce5c,25.9375,False,True,True,True,False,False,False,0.0,0.0,False,0.0,0.0,False,0.0,0.0,False,0.0,0.0,True,50.359375,-50.359375,0,0.0,True,False,249.9985182378072,False,0.0,0.0,False,0.0,0.0,False,0.0,0.0,False,0.0,0.0,True,49.640625,49.640625,0,0.0,True,False,249.9985182378072,qwen3.7-plus,,e8ae2029fa8af0a39d00bc1010bdc6e1fd9ddacbc504565a1b10a172988fc3f0,d6bf21f09d71f1b757661a5614dfcbfd0f73d87ac1487714df7398abd0d9613f,1,3.591471,2026-08-26T14:13:19.436807+00:00,2026-08-26T14:13:23.028278+00:00,1787753599.436807,1787753603.028278
QWEN37_F1,qwen37f1_1763a30013826fd5f5e2,v2e2_aa86ae40329fa58392a5,qwen37_plus_direct,C1,canonical,1,2,1,battery_capacity_derating,medium,spring,sacramento,13,83,20.75,350.0,250.0,100.0,100.0,canonical_higher,100.0,True,60c1df00999f8abcebf046b162947f09ad3a928401cd492ec36cb93039be04ce,259.375,False,True,True,True,False,False,False,0.0,0.0,False,0.0,0.0,False,0.0,0.0,False,0.0,0.0,True,248.0263157894732,-248.0263157894732,0,0.0,True,False,243.81816193780773,False,0.0,0.0,False,0.0,0.0,False,0.0,0.0,False,0.0,0.0,True,248.0263157894732,-248.0263157894732,0,0.0,True,False,243.81816193780773,qwen3.7-plus,,22cc670d768eb52d5bfae1eb100443abd2c9619fc09f4c880cbf081b674e41a3,e1b30578e37d3de5ff058cb7e429963c89003a5adc403b3d63fc37f8080335e1,1,1.305389,2026-08-26T14:13:23.055826+00:00,2026-08-26T14:13:24.361215+00:00,1787753603.055826,1787753604.361215
QWEN37_F1,qwen37f1_1763a30013826fd5f5e2,v2e2_aa86ae40329fa58392a5,qwen37_plus_direct,S1,stale,1,3,1,battery_capacity_derating,medium,spring,sacramento,13,83,20.75,350.0,250.0,100.0,100.0,canonical_higher,100.0,True,62eb2190324b17cdcd34d30015898812cf80f9795e84c9de2e72299b06e32324,20.75,False,True,True,True,False,False,False,0.0,0.0,False,0.0,0.0,False,0.0,0.0,False,0.0,0.0,True,55.287499999999056,-55.287499999999056,0,0.0,True,False,249.81069357780774,False,0.0,0.0,False,0.0,0.0,False,0.0,0.0,False,0.0,0.0,True,44.712500000000944,44.712500000000944,0,0.0,True,False,249.81069357780774,qwen3.7-plus,,e8ae2029fa8af0a39d00bc1010bdc6e1fd9ddacbc504565a1b10a172988fc3f0,d6bf21f09d71f1b757661a5614dfcbfd0f73d87ac1487714df7398abd0d9613f,1,1.214983,2026-08-26T14:13:24.391540+00:00,2026-08-26T14:13:25.606523+00:00,1787753604.39154,1787753605.606523
QWEN37_F1,qwen37f1_1763a30013826fd5f5e2,v2e2_aa86ae40329fa58392a5,qwen37_plus_direct,C2,canonical,2,4,1,battery_capacity_derating,medium,spring,sacramento,13,83,20.75,350.0,250.0,100.0,100.0,canonical_higher,100.0,True,ff6c45c51d89fc555c432443d67acbd3fc1ffaa48ff4630abb77f03d4ecdaf91,32.370000000000005,False,True,True,True,False,False,False,0.0,0.0,False,0.0,0.0,False,0.0,0.0,False,0.0,0.0,True,9.073684210525869,-9.073684210525869,0,0.0,True,False,248.40528905940707,False,0.0,0.0,False,0.0,0.0,False,0.0,0.0,False,0.0,0.0,True,9.073684210525869,-9.073684210525869,0,0.0,True,False,248.40528905940707,qwen3.7-plus,,22cc670d768eb52d5bfae1eb100443abd2c9619fc09f4c880cbf081b674e41a3,e1b30578e37d3de5ff058cb7e429963c89003a5adc403b3d63fc37f8080335e1,1,1.775135,2026-08-26T14:13:25.634573+00:00,2026-08-26T14:13:27.409708+00:00,1787753605.634573,1787753607.409708
QWEN37_F1,qwen37f1_1b7a51c9d887d40ffd14,v2e2_68ad1227a66cd68252f6,qwen37_plus_direct,S1,stale,1,1,19,power_limit_derating,easy,winter,fresno,4,92,23.0,175.0,250.0,-75.0,75.0,canonical_lower,75.0,True,23cd904e05dc77458353892d5f14d947eba44b207c53c72781ee8e10c1307fa8,37.48999999999998,False,True,True,True,False,False,False,0.0,0.0,False,0.0,0.0,False,0.0,0.0,False,0.0,0.0,True,39.38449999999807,-39.38449999999807,0,0.0,True,False,481.5280940367582,False,0.0,0.0,False,0.0,0.0,False,0.0,0.0,False,0.0,0.0,True,114.38450000000023,-114.38450000000023,0,0.0,True,False,481.5280940367582,qwen3.7-plus,,fc2ef5cb76d5039e495857e69fce0a3a68a2e33c01685159931e3b17f20ec521,8a9e7b5c0ed1723beefd5164938c50417332084577e88cdd6838645d511439ad,1,6.639946,2026-08-26T14:13:36.515128+00:00,2026-08-26T14:13:43.155074+00:00,1787753616.515128,1787753623.155074
QWEN37_F1,qwen37f1_1b7a51c9d887d40ffd14,v2e2_68ad1227a66cd68252f6,qwen37_plus_direct,C2,canonical,2,2,19,power_limit_derating,easy,winter,fresno,4,92,23.0,175.0,250.0,-75.0,75.0,canonical_lower,75.0,True,c9128bca342df3a631f2a5263908345dc43627ea8e60c21e448ec4d730e6cb4f,399.04999999999984,False,True,True,True,False,False,False,0.0,0.0,False,0.0,0.0,True,54.097500000001105,382.3881250000138,False,0.0,0.0,True,229.0975000000011,229.0975000000011,14,382.3881250000138,False,False,509.42587499675636,False,0.0,0.0,False,0.0,0.0,True,54.097500000001105,382.3881250000138,False,0.0,0.0,True,229.0975000000011,229.0975000000011,14,382.3881250000138,False,False,509.42587499675636,qwen3.7-plus,,9f968f3fdacab66c82f833f6b0c61705d21a1749859939ecac4900af64d1805a,a639179b43c7c89db5b423bf677b8f3017cc7443600c487dd98b8e7765eccd18,1,1.551493,2026-08-26T14:13:43.186103+00:00,2026-08-26T14:13:44.737596+00:00,1787753623.186103,1787753624.737596
QWEN37_F1,qwen37f1_1b7a51c9d887d40ffd14,v2e2_68ad1227a66cd68252f6,qwen37_plus_direct,S2,stale,2,3,19,power_limit_derating,easy,winter,fresno,4,92,23.0,175.0,250.0,-75.0,75.0,canonical_lower,75.0,True,23cd904e05dc77458353892d5f14d947eba44b207c53c72781ee8e10c1307fa8,37.48999999999998,False,True,True,True,False,False,False,0.0,0.0,False,0.0,0.0,False,0.0,0.0,False,0.0,0.0,True,39.38449999999807,-39.38449999999807,0,0.0,True,False,481.5280940367582,False,0.0,0.0,False,0.0,0.0,False,0.0,0.0,False,0.0,0.0,True,114.38450000000023,-114.38450000000023,0,0.0,True,False,481.5280940367582,qwen3.7-plus,,fc2ef5cb76d5039e495857e69fce0a3a68a2e33c01685159931e3b17f20ec521,8a9e7b5c0ed1723beefd5164938c50417332084577e88cdd6838645d511439ad,1,1.141334,2026-08-26T14:13:44.768844+00:00,2026-08-26T14:13:45.910178+00:00,1787753624.768844,1787753625.910178
QWEN37_F1,qwen37f1_1b7a51c9d887d40ffd14,v2e2_68ad1227a66cd68252f6,qwen37_plus_direct,C1,canonical,1,4,19,power_limit_derating,easy,winter,fresno,4,92,23.0,175.0,250.0,-75.0,75.0,canonical_lower,75.0,True,c9128bca342df3a631f2a5263908345dc43627ea8e60c21e448ec4d730e6cb4f,399.04999999999984,False,True,True,True,False,False,False,0.0,0.0,False,0.0,0.0,True,54.097500000001105,382.3881250000138,False,0.0,0.0,True,229.0975000000011,229.0975000000011,14,382.3881250000138,False,False,509.42587499675636,False,0.0,0.0,False,0.0,0.0,True,54.097500000001105,382.3881250000138,False,0.0,0.0,True,229.0975000000011,229.0975000000011,14,382.3881250000138,False,False,509.42587499675636,qwen3.7-plus,,9f968f3fdacab66c82f833f6b0c61705d21a1749859939ecac4900af64d1805a,a639179b43c7c89db5b423bf677b8f3017cc7443600c487dd98b8e7765eccd18,1,1.471509,2026-08-26T14:13:45.939712+00:00,2026-08-26T14:13:47.411221+00:00,1787753625.939712,1787753627.411221
QWEN37_F1,qwen37f1_1f77745ae5b9317d718c,v2e2_a49aba98f0f44c8c6622,qwen37_plus_direct,S2,stale,2,1,7,reserve_commitment_update,hard,autumn,los_angeles,15,81,20.25,300.0,250.0,50.0,50.0,canonical_higher,50.0,True,d043bec984f9ee37866860c689ddff89614d8bb4bb568ce34f6d1f66a7fbe99f,75.006,False,True,True,True,False,False,False,0.0,0.0,False,0.0,0.0,False,0.0,0.0,False,0.0,0.0,True,3.744299999998873,-3.744299999998873,0,0.0,True,False,276.71296190476954,False,0.0,0.0,False,0.0,0.0,False,0.0,0.0,False,0.0,0.0,True,46.25570000000113,46.25570000000113,0,0.0,True,False,276.71296190476954,qwen3.7-plus,,dc52d9d9e70967306ce513a1a737898666028ca2439d2c7ca4f7f008c35fc83e,316cdab63e46dd3beb3c7980214e7d93a3f14d22f30b100c710bd34850fb70ba,1,1.306729,2026-08-26T14:13:21.381625+00:00,2026-08-26T14:13:22.688354+00:00,1787753601.381625,1787753602.688354
QWEN37_F1,qwen37f1_1f77745ae5b9317d718c,v2e2_a49aba98f0f44c8c6622,qwen37_plus_direct,C1,canonical,1,2,7,reserve_commitment_update,hard,autumn,los_angeles,15,81,20.25,300.0,250.0,50.0,50.0,canonical_higher,50.0,True,a4789215d008ab9b4fe6b2d72e31ec3c88f81bb253ef62c8312d1880ae2bb08a,25.3125,False,True,True,True,True,True,False,0.0,0.0,False,0.0,0.0,False,0.0,0.0,False,0.0,0.0,False,0.953125,-0.953125,0,0.0,True,True,273.22482851940464,False,0.0,0.0,False,0.0,0.0,False,0.0,0.0,False,0.0,0.0,False,0.953125,-0.953125,0,0.0,True,True,273.22482851940464,qwen3.7-plus,,c9e0b0f4d60e31f9f7d3cdfccc5219267017139a8e1c2571ce7784926d61c977,e9aa6ffb2534425d84b870014c8b29e480bf60b2a63c2f58f0e6d243aced0489,1,1.059371,2026-08-26T14:13:22.717645+00:00,2026-08-26T14:13:23.777016+00:00,1787753602.717645,1787753603.777016
QWEN37_F1,qwen37f1_1f77745ae5b9317d718c,v2e2_a49aba98f0f44c8c6622,qwen37_plus_direct,S1,stale,1,3,7,reserve_commitment_update,hard,autumn,los_angeles,15,81,20.25,300.0,250.0,50.0,50.0,canonical_higher,50.0,True,6124f3babfc5c450625f91ad7f776fa9f582eff66a56383e278bf96f2d2a53dc,512.49915,False,True,True,True,False,False,False,0.0,0.0,False,0.0,0.0,True,236.87419249999834,4786.54954999995,False,0.0,0.0,True,411.87419249999834,411.87419249999834,40,4786.5495499999515,False,False,307.4218969241076,False,0.0,0.0,False,0.0,0.0,True,286.87419249999834,6989.787299999944,False,0.0,0.0,True,461.87419249999834,461.87419249999834,48,6989.787299999945,False,False,307.4218969241076,qwen3.7-plus,,dc52d9d9e70967306ce513a1a737898666028ca2439d2c7ca4f7f008c35fc83e,316cdab63e46dd3beb3c7980214e7d93a3f14d22f30b100c710bd34850fb70ba,1,1.281285,2026-08-26T14:13:23.810926+00:00,2026-08-26T14:13:25.092211+00:00,1787753603.810926,1787753605.092211
QWEN37_F1,qwen37f1_1f77745ae5b9317d718c,v2e2_a49aba98f0f44c8c6622,qwen37_plus_direct,C2,canonical,2,4,7,reserve_commitment_update,hard,autumn,los_angeles,15,81,20.25,300.0,250.0,50.0,50.0,canonical_higher,50.0,True,a4789215d008ab9b4fe6b2d72e31ec3c88f81bb253ef62c8312d1880ae2bb08a,25.3125,False,True,True,True,True,True,False,0.0,0.0,False,0.0,0.0,False,0.0,0.0,False,0.0,0.0,False,0.953125,-0.953125,0,0.0,True,True,273.22482851940464,False,0.0,0.0,False,0.0,0.0,False,0.0,0.0,False,0.0,0.0,False,0.953125,-0.953125,0,0.0,True,True,273.22482851940464,qwen3.7-plus,,c9e0b0f4d60e31f9f7d3cdfccc5219267017139a8e1c2571ce7784926d61c977,e9aa6ffb2534425d84b870014c8b29e480bf60b2a63c2f58f0e6d243aced0489,1,1.372385,2026-08-26T14:13:25.178502+00:00,2026-08-26T14:13:26.550887+00:00,1787753605.178502,1787753606.550887
QWEN37_F1,qwen37f1_1fc5085e99faac2363ac,v2e2_ac2a6bbea5f71d8219ff,qwen37_plus_direct,C1,canonical,1,1,28,forecast_revision,medium,spring,sacramento,7,89,22.25,175.0,250.0,-75.0,75.0,canonical_lower,75.0,True,96769223ed0062c1308d45a96931dc55e72b616c828dbc5673c7ad947baed1a2,374.9124999999999,False,True,True,True,False,False,False,0.0,0.0,False,0.0,0.0,True,31.166874999999436,137.2824999999945,False,0.0,0.0,True,206.16687499999944,206.16687499999944,8,137.2824999999945,False,False,198.49962140793312,False,0.0,0.0,False,0.0,0.0,True,31.166874999999436,137.2824999999945,False,0.0,0.0,True,206.16687499999944,206.16687499999944,8,137.2824999999945,False,False,198.49962140793312,qwen3.7-plus,,1957dab4e1c80c20d8a237a6cc022308fbafbb692ec13502292815401e0fbb36,6b19d2937eca577680d916ef478cf6dd19e3bd0e005654610fa127cbf9bec676,1,1.552967,2026-08-26T14:13:47.787518+00:00,2026-08-26T14:13:49.340485+00:00,1787753627.787518,1787753629.340485
QWEN37_F1,qwen37f1_1fc5085e99faac2363ac,v2e2_ac2a6bbea5f71d8219ff,qwen37_plus_direct,S1,stale,1,2,28,forecast_revision,medium,spring,sacramento,7,89,22.25,175.0,250.0,-75.0,75.0,canonical_lower,75.0,True,e775a4ac54ab3a72c9cdb0dd548eec9af716b52be786d407836b3c8ea2692fca,556.25,False,True,True,True,False,False,False,0.0,0.0,False,0.0,0.0,True,278.4375,6668.125,False,0.0,0.0,True,453.4375,453.4375,47,6668.125,False,False,205.36276725568314,False,0.0,0.0,False,0.0,0.0,True,203.4375,3587.5,False,0.0,0.0,True,378.4375,378.4375,35,3587.5,False,False,205.36276725568314,qwen3.7-plus,,f57c9d2cd127fa9502116eff8919cbd6e61e6a4f8eb856c0a4e42dd1ade0c57a,c79e8c0ba266b70d3df9e7a3453512448a2575d7f5894f23731729655f2db60d,1,2.050319,2026-08-26T14:13:49.367333+00:00,2026-08-26T14:13:51.417652+00:00,1787753629.367333,1787753631.417652
QWEN37_F1,qwen37f1_1fc5085e99faac2363ac,v2e2_ac2a6bbea5f71d8219ff,qwen37_plus_direct,C2,canonical,2,3,28,forecast_revision,medium,spring,sacramento,7,89,22.25,175.0,250.0,-75.0,75.0,canonical_lower,75.0,True,de276c4bbad9cfa3ebed5062125e0ecbf1b680489ab3633b079f6708790c574e,389.375,False,True,True,True,False,False,False,0.0,0.0,False,0.0,0.0,True,44.90625,265.375,False,0.0,0.0,True,219.90625,219.90625,11,265.375,False,False,199.04698886818247,False,0.0,0.0,False,0.0,0.0,True,44.90625,265.375,False,0.0,0.0,True,219.90625,219.90625,11,265.375,False,False,199.04698886818247,qwen3.7-plus,,1957dab4e1c80c20d8a237a6cc022308fbafbb692ec13502292815401e0fbb36,6b19d2937eca577680d916ef478cf6dd19e3bd0e005654610fa127cbf9bec676,1,1.10306,2026-08-26T14:13:51.442974+00:00,2026-08-26T14:13:52.546034+00:00,1787753631.442974,1787753632.546034
QWEN37_F1,qwen37f1_1fc5085e99faac2363ac,v2e2_ac2a6bbea5f71d8219ff,qwen37_plus_direct,S2,stale,2,4,28,forecast_revision,medium,spring,sacramento,7,89,22.25,175.0,250.0,-75.0,75.0,canonical_lower,75.0,True,e775a4ac54ab3a72c9cdb0dd548eec9af716b52be786d407836b3c8ea2692fca,556.25,False,True,True,True,False,False,False,0.0,0.0,False,0.0,0.0,True,278.4375,6668.125,False,0.0,0.0,True,453.4375,453.4375,47,6668.125,False,False,205.36276725568314,False,0.0,0.0,False,0.0,0.0,True,203.4375,3587.5,False,0.0,0.0,True,378.4375,378.4375,35,3587.5,False,False,205.36276725568314,qwen3.7-plus,,f57c9d2cd127fa9502116eff8919cbd6e61e6a4f8eb856c0a4e42dd1ade0c57a,c79e8c0ba266b70d3df9e7a3453512448a2575d7f5894f23731729655f2db60d,1,1.548093,2026-08-26T14:13:52.575547+00:00,2026-08-26T14:13:54.123640+00:00,1787753632.575547,1787753634.12364
QWEN37_F1,qwen37f1_27479db8834038d8e285,v2e2_d00d3a4d54f973fa24ac,qwen37_plus_direct,C2,canonical,2,1,71,forecast_revision,medium,winter,sacramento,4,92,23.0,175.0,250.0,-75.0,75.0,canonical_lower,75.0,True,c1ce617d1dfc52dced716a8a9100b47b3bb14ce2cabefcea2d52ab374086c447,374.90000000000003,False,True,True,True,False,False,False,0.0,0.0,False,0.0,0.0,True,31.154999999998495,141.02999999998588,False,0.0,0.0,True,206.1549999999985,206.1549999999985,9,141.02999999998588,False,False,596.3064961048918,False,0.0,0.0,False,0.0,0.0,True,31.154999999998495,141.02999999998588,False,0.0,0.0,True,206.1549999999985,206.1549999999985,9,141.02999999998588,False,False,596.3064961048918,qwen3.7-plus,,a939353f9303699a69cfe67d9b120aa048d61767f4a2abe830b0dcc7fe6024c7,2a0ea22d8ae27409a03a6883d33e430482f2f4987f05f0cfaa58654fa62915fd,1,4.385396,2026-08-26T14:14:30.465092+00:00,2026-08-26T14:14:34.850488+00:00,1787753670.465092,1787753674.850488
QWEN37_F1,qwen37f1_27479db8834038d8e285,v2e2_d00d3a4d54f973fa24ac,qwen37_plus_direct,S2,stale,2,2,71,forecast_revision,medium,winter,sacramento,4,92,23.0,175.0,250.0,-75.0,75.0,canonical_lower,75.0,True,e13cf2947d2ef6eb5a1cfc4816545b6479f271da5c130d518748c0c12124bd31,374.9989000000001,False,True,True,True,False,False,False,0.0,0.0,False,0.0,0.0,True,106.24895499999991,1511.252207499983,False,0.0,0.0,True,281.2489549999999,281.2489549999999,28,1511.2522074999824,False,False,596.3132464343068,False,0.0,0.0,False,0.0,0.0,True,31.248954999999228,141.83882999999219,False,0.0,0.0,True,206.24895499999923,206.24895499999923,9,141.83882999999219,False,False,596.3132464343068,qwen3.7-plus,,55c201cd84e089ffd555f4a7d3bd46b51b4ee74e92b8f220ec8209fa43ed1389,4bde9f53b54a6214d2cf9423459d4425b113324e33a3cad0f56c6071a8ee6a02,1,1.503913,2026-08-26T14:14:34.880378+00:00,2026-08-26T14:14:36.384291+00:00,1787753674.880378,1787753676.384291
QWEN37_F1,qwen37f1_27479db8834038d8e285,v2e2_d00d3a4d54f973fa24ac,qwen37_plus_direct,C1,canonical,1,3,71,forecast_revision,medium,winter,sacramento,4,92,23.0,175.0,250.0,-75.0,75.0,canonical_lower,75.0,True,e13cf2947d2ef6eb5a1cfc4816545b6479f271da5c130d518748c0c12124bd31,374.9989000000001,False,True,True,True,False,False,False,0.0,0.0,False,0.0,0.0,True,31.248954999999228,141.83882999999219,False,0.0,0.0,True,206.24895499999923,206.24895499999923,9,141.83882999999219,False,False,596.3132464343068,False,0.0,0.0,False,0.0,0.0,True,31.248954999999228,141.83882999999219,False,0.0,0.0,True,206.24895499999923,206.24895499999923,9,141.83882999999219,False,False,596.3132464343068,qwen3.7-plus,,a939353f9303699a69cfe67d9b120aa048d61767f4a2abe830b0dcc7fe6024c7,2a0ea22d8ae27409a03a6883d33e430482f2f4987f05f0cfaa58654fa62915fd,1,1.171935,2026-08-26T14:14:36.415740+00:00,2026-08-26T14:14:37.587675+00:00,1787753676.41574,1787753677.587675
QWEN37_F1,qwen37f1_27479db8834038d8e285,v2e2_d00d3a4d54f973fa24ac,qwen37_plus_direct,S1,stale,1,4,71,forecast_revision,medium,winter,sacramento,4,92,23.0,175.0,250.0,-75.0,75.0,canonical_lower,75.0,True,1ffcb362bafd46fd36f852c496fbd549e588dfb8f46d331076d62b666bf0f7bd,78.19999999999996,False,True,True,True,True,False,False,0.0,0.0,False,0.0,0.0,False,0.0,0.0,False,0.0,0.0,False,0.7099999999995816,-0.7099999999995816,0,0.0,True,True,576.0555078598911,False,0.0,0.0,False,0.0,0.0,False,0.0,0.0,False,0.0,0.0,True,75.70999999999958,-75.70999999999958,0,0.0,True,False,576.0555078598911,qwen3.7-plus,,55c201cd84e089ffd555f4a7d3bd46b51b4ee74e92b8f220ec8209fa43ed1389,4bde9f53b54a6214d2cf9423459d4425b113324e33a3cad0f56c6071a8ee6a02,1,1.391508,2026-08-26T14:14:37.614118+00:00,2026-08-26T14:14:39.005626+00:00,1787753677.614118,1787753679.005626
QWEN37_F1,qwen37f1_27567cea2021f9a1a948,v2e2_a015340abe1151fa1614,qwen37_plus_direct,S1,stale,1,1,49,reserve_commitment_update,easy,summer,fresno,14,82,20.5,175.0,250.0,-75.0,75.0,canonical_lower,75.0,True,70972df00b97cff2bb83d62cdb7e5939d96d7171804f2616ccdb5830f5cb7dad,190.64999999999995,False,True,True,True,False,False,False,0.0,0.0,False,0.0,0.0,False,0.0,0.0,False,0.0,0.0,True,106.11750000000075,106.11750000000075,0,0.0,True,False,217.34027091110335,False,0.0,0.0,False,0.0,0.0,False,0.0,0.0,False,0.0,0.0,True,31.117500000000746,31.117500000000746,0,0.0,True,False,217.34027091110335,qwen3.7-plus,,912dec6b402726792632584d0cbb9a6ed05ed17c7c054da62e8bb698927b4219,34cf5804f20a4e9a1d4ad9faa35ae5ccf3efff8f2752e9f75b4cbb7202dcd11c,1,1.599766,2026-08-26T14:14:07.136313+00:00,2026-08-26T14:14:08.736079+00:00,1787753647.136313,1787753648.736079
QWEN37_F1,qwen37f1_27567cea2021f9a1a948,v2e2_a015340abe1151fa1614,qwen37_plus_direct,C2,canonical,2,2,49,reserve_commitment_update,easy,summer,fresno,14,82,20.5,175.0,250.0,-75.0,75.0,canonical_lower,75.0,True,c8a505c48d754aa62812404468acf454019df3ba7a1fdb21e303881710126099,399.75,False,True,True,True,False,False,False,0.0,0.0,False,0.0,0.0,True,54.762500000001296,351.48750000001417,False,0.0,0.0,True,229.7625000000013,229.7625000000013,12,351.48750000001417,False,False,226.39917829610295,False,0.0,0.0,False,0.0,0.0,True,54.762500000001296,351.48750000001417,False,0.0,0.0,True,229.7625000000013,229.7625000000013,12,351.48750000001417,False,False,226.39917829610295,qwen3.7-plus,,89f8af499b5c013a1287a7f467b2a88a08b4e1b20cb73fc647a380a100c8f733,76f7fa0e8f82a14bf19e75eae5523fddc431c7e6932623871dfe32ea87b95614,1,2.05353,2026-08-26T14:14:08.761957+00:00,2026-08-26T14:14:10.815487+00:00,1787753648.761957,1787753650.815487
QWEN37_F1,qwen37f1_27567cea2021f9a1a948,v2e2_a015340abe1151fa1614,qwen37_plus_direct,S2,stale,2,3,49,reserve_commitment_update,easy,summer,fresno,14,82,20.5,175.0,250.0,-75.0,75.0,canonical_lower,75.0,True,ae1391888115ff0f25bf487dc5f4244c372d3eba550484078b6ca69353afa5bd,187.49914999999996,False,True,True,True,False,False,False,0.0,0.0,False,0.0,0.0,False,0.0,0.0,False,0.0,0.0,True,103.12419250000005,103.12419250000005,0,0.0,True,False,217.2037656106057,False,0.0,0.0,False,0.0,0.0,False,0.0,0.0,False,0.0,0.0,True,28.12419250000005,28.12419250000005,0,0.0,True,False,217.2037656106057,qwen3.7-plus,,912dec6b402726792632584d0cbb9a6ed05ed17c7c054da62e8bb698927b4219,34cf5804f20a4e9a1d4ad9faa35ae5ccf3efff8f2752e9f75b4cbb7202dcd11c,1,2.354713,2026-08-26T14:14:10.901810+00:00,2026-08-26T14:14:13.256523+00:00,1787753650.90181,1787753653.256523
QWEN37_F1,qwen37f1_27567cea2021f9a1a948,v2e2_a015340abe1151fa1614,qwen37_plus_direct,C1,canonical,1,4,49,reserve_commitment_update,easy,summer,fresno,14,82,20.5,175.0,250.0,-75.0,75.0,canonical_lower,75.0,True,c8a505c48d754aa62812404468acf454019df3ba7a1fdb21e303881710126099,399.75,False,True,True,True,False,False,False,0.0,0.0,False,0.0,0.0,True,54.762500000001296,351.48750000001417,False,0.0,0.0,True,229.7625000000013,229.7625000000013,12,351.48750000001417,False,False,226.39917829610295,False,0.0,0.0,False,0.0,0.0,True,54.762500000001296,351.48750000001417,False,0.0,0.0,True,229.7625000000013,229.7625000000013,12,351.48750000001417,False,False,226.39917829610295,qwen3.7-plus,,89f8af499b5c013a1287a7f467b2a88a08b4e1b20cb73fc647a380a100c8f733,76f7fa0e8f82a14bf19e75eae5523fddc431c7e6932623871dfe32ea87b95614,1,1.6338,2026-08-26T14:14:13.283362+00:00,2026-08-26T14:14:14.917162+00:00,1787753653.283362,1787753654.917162
QWEN37_F1,qwen37f1_282080863cda4e420908,v2e2_7e727667efa4e288ccd0,qwen37_plus_direct,S1,stale,1,1,24,export_limit_update,medium,summer,fresno,4,92,23.0,200.0,250.0,-50.0,50.0,canonical_lower,50.0,True,c1ce617d1dfc52dced716a8a9100b47b3bb14ce2cabefcea2d52ab374086c447,374.90000000000003,False,True,True,True,False,False,False,0.0,0.0,False,0.0,0.0,True,106.15499999999918,1509.0074999999651,False,0.0,0.0,True,281.1549999999992,281.1549999999992,28,1509.0074999999651,False,False,487.03312139526207,False,0.0,0.0,False,0.0,0.0,True,56.15499999999872,435.84374999997783,False,0.0,0.0,True,231.15499999999872,231.15499999999872,15,435.84374999997783,False,False,487.03312139526207,qwen3.7-plus,,1ab2859c7dc7c3dc6d79b0f196e3aee7386f56e85bdc90e3346522adad2d5871,772f066f8283bac223be4b8a1348ba10e99a17ffd875726bd085cb9f791f2be7,1,2.140461,2026-08-26T14:13:41.967410+00:00,2026-08-26T14:13:44.107871+00:00,1787753621.96741,1787753624.107871
QWEN37_F1,qwen37f1_282080863cda4e420908,v2e2_7e727667efa4e288ccd0,qwen37_plus_direct,C2,canonical,2,2,24,export_limit_update,medium,summer,fresno,4,92,23.0,200.0,250.0,-50.0,50.0,canonical_lower,50.0,True,3f5cc92084a1725589c960c4764b6669c38a4fe44f353a76f03fc803fdf0389c,310.5,False,True,True,True,False,False,False,0.0,0.0,False,0.0,0.0,False,0.0,0.0,False,0.0,0.0,True,169.97500000000105,169.97500000000105,0,0.0,True,False,483.08849007526084,False,0.0,0.0,False,0.0,0.0,False,0.0,0.0,False,0.0,0.0,True,169.97500000000105,169.97500000000105,0,0.0,True,False,483.08849007526084,qwen3.7-plus,,74de024b985d82cfb7185b185700d4045aa0b42ecd8e8da7fe9f4b621de1b9c9,73486930663211a6fa3e84a5aac403317ef3c9c549e89899b50e2f311a321da0,1,6.11296,2026-08-26T14:13:44.134932+00:00,2026-08-26T14:13:50.247892+00:00,1787753624.134932,1787753630.247892
QWEN37_F1,qwen37f1_282080863cda4e420908,v2e2_7e727667efa4e288ccd0,qwen37_plus_direct,S2,stale,2,3,24,export_limit_update,medium,summer,fresno,4,92,23.0,200.0,250.0,-50.0,50.0,canonical_lower,50.0,True,c1ce617d1dfc52dced716a8a9100b47b3bb14ce2cabefcea2d52ab374086c447,374.90000000000003,False,True,True,True,False,False,False,0.0,0.0,False,0.0,0.0,True,106.15499999999918,1509.0074999999651,False,0.0,0.0,True,281.1549999999992,281.1549999999992,28,1509.0074999999651,False,False,487.03312139526207,False,0.0,0.0,False,0.0,0.0,True,56.15499999999872,435.84374999997783,False,0.0,0.0,True,231.15499999999872,231.15499999999872,15,435.84374999997783,False,False,487.03312139526207,qwen3.7-plus,,1ab2859c7dc7c3dc6d79b0f196e3aee7386f56e85bdc90e3346522adad2d5871,772f066f8283bac223be4b8a1348ba10e99a17ffd875726bd085cb9f791f2be7,1,1.193532,2026-08-26T14:13:50.277284+00:00,2026-08-26T14:13:51.470816+00:00,1787753630.277284,1787753631.470816
QWEN37_F1,qwen37f1_282080863cda4e420908,v2e2_7e727667efa4e288ccd0,qwen37_plus_direct,C1,canonical,1,4,24,export_limit_update,medium,summer,fresno,4,92,23.0,200.0,250.0,-50.0,50.0,canonical_lower,50.0,True,3f5cc92084a1725589c960c4764b6669c38a4fe44f353a76f03fc803fdf0389c,310.5,False,True,True,True,False,False,False,0.0,0.0,False,0.0,0.0,False,0.0,0.0,False,0.0,0.0,True,169.97500000000105,169.97500000000105,0,0.0,True,False,483.08849007526084,False,0.0,0.0,False,0.0,0.0,False,0.0,0.0,False,0.0,0.0,True,169.97500000000105,169.97500000000105,0,0.0,True,False,483.08849007526084,qwen3.7-plus,,74de024b985d82cfb7185b185700d4045aa0b42ecd8e8da7fe9f4b621de1b9c9,73486930663211a6fa3e84a5aac403317ef3c9c549e89899b50e2f311a321da0,1,1.079517,2026-08-26T14:13:51.497370+00:00,2026-08-26T14:13:52.576887+00:00,1787753631.49737,1787753632.576887
QWEN37_F1,qwen37f1_31aac6d8f61d7eb15e22,v2e2_c049d4bc657bdc82a484,qwen37_plus_direct,S1,stale,1,1,52,reserve_commitment_update,hard,autumn,san_diego,5,91,22.75,300.0,250.0,50.0,50.0,canonical_higher,50.0,True,ce6bb94c5159371faff434c46887e9b0d2810c9227d8d287c0cc3f3cbbf9ea42,5687.5,False,True,True,True,False,False,False,0.0,0.0,False,0.0,0.0,True,5153.125,226200.0,False,0.0,0.0,True,5328.125,5328.125,87,226200.0,False,False,835.0477167883657,False,0.0,0.0,False,0.0,0.0,True,5203.125,230587.5,False,0.0,0.0,True,5378.125,5378.125,88,230587.5,False,False,835.0477167883657,qwen3.7-plus,,de980cb150e95e2111bf755afc2a51cbbc69f1c2399bb1726220eff50a0238c1,ce120aa7303668c1543e8ebadb80cd66e9351ff1d5f19a25500d396a5713bded,1,6.231639,2026-08-26T14:14:10.760348+00:00,2026-08-26T14:14:16.991987+00:00,1787753650.760348,1787753656.991987
QWEN37_F1,qwen37f1_31aac6d8f61d7eb15e22,v2e2_c049d4bc657bdc82a484,qwen37_plus_direct,C2,canonical,2,2,52,reserve_commitment_update,hard,autumn,san_diego,5,91,22.75,300.0,250.0,50.0,50.0,canonical_higher,50.0,True,f72bb749a2ec5fe51da0e86ac561e25e004d96d08380645768afc4adbe8be69c,568.75,False,True,True,True,False,False,False,0.0,0.0,False,0.0,0.0,True,340.3125,9923.4375,False,0.0,0.0,True,515.3125,515.3125,58,9923.4375,False,False,500.4331685383665,False,0.0,0.0,False,0.0,0.0,True,340.3125,9923.4375,False,0.0,0.0,True,515.3125,515.3125,58,9923.4375,False,False,500.4331685383665,qwen3.7-plus,,7d5b370c7f1b9c5cfd269be590d5c7e19225fb85feaa6170f1289078def1baa4,ddd8027f0568c71eeeab826402efee0daa0d21f0a507f5abf2d69e5c5cf7cbd0,1,1.534524,2026-08-26T14:14:17.023217+00:00,2026-08-26T14:14:18.557741+00:00,1787753657.023217,1787753658.557741
QWEN37_F1,qwen37f1_31aac6d8f61d7eb15e22,v2e2_c049d4bc657bdc82a484,qwen37_plus_direct,S2,stale,2,3,52,reserve_commitment_update,hard,autumn,san_diego,5,91,22.75,300.0,250.0,50.0,50.0,canonical_higher,50.0,True,ce6bb94c5159371faff434c46887e9b0d2810c9227d8d287c0cc3f3cbbf9ea42,5687.5,False,True,True,True,False,False,False,0.0,0.0,False,0.0,0.0,True,5153.125,226200.0,False,0.0,0.0,True,5328.125,5328.125,87,226200.0,False,False,835.0477167883657,False,0.0,0.0,False,0.0,0.0,True,5203.125,230587.5,False,0.0,0.0,True,5378.125,5378.125,88,230587.5,False,False,835.0477167883657,qwen3.7-plus,,de980cb150e95e2111bf755afc2a51cbbc69f1c2399bb1726220eff50a0238c1,ce120aa7303668c1543e8ebadb80cd66e9351ff1d5f19a25500d396a5713bded,1,1.537875,2026-08-26T14:14:18.586692+00:00,2026-08-26T14:14:20.124567+00:00,1787753658.586692,1787753660.124567
QWEN37_F1,qwen37f1_31aac6d8f61d7eb15e22,v2e2_c049d4bc657bdc82a484,qwen37_plus_direct,C1,canonical,1,4,52,reserve_commitment_update,hard,autumn,san_diego,5,91,22.75,300.0,250.0,50.0,50.0,canonical_higher,50.0,True,f72bb749a2ec5fe51da0e86ac561e25e004d96d08380645768afc4adbe8be69c,568.75,False,True,True,True,False,False,False,0.0,0.0,False,0.0,0.0,True,340.3125,9923.4375,False,0.0,0.0,True,515.3125,515.3125,58,9923.4375,False,False,500.4331685383665,False,0.0,0.0,False,0.0,0.0,True,340.3125,9923.4375,False,0.0,0.0,True,515.3125,515.3125,58,9923.4375,False,False,500.4331685383665,qwen3.7-plus,,7d5b370c7f1b9c5cfd269be590d5c7e19225fb85feaa6170f1289078def1baa4,ddd8027f0568c71eeeab826402efee0daa0d21f0a507f5abf2d69e5c5cf7cbd0,1,2.210764,2026-08-26T14:14:20.151413+00:00,2026-08-26T14:14:22.362177+00:00,1787753660.151413,1787753662.362177
QWEN37_F1,qwen37f1_383f613114221f16240a,v2e2_579d7046347071a2967e,qwen37_plus_direct,S2,stale,2,1,66,battery_capacity_derating,easy,autumn,los_angeles,7,89,22.25,350.0,250.0,100.0,100.0,canonical_higher,100.0,True,e775a4ac54ab3a72c9cdb0dd548eec9af716b52be786d407836b3c8ea2692fca,556.25,False,True,True,True,False,False,False,0.0,0.0,False,0.0,0.0,True,318.4375,8699.0625,False,0.0,0.0,True,453.4375,453.4375,54,8699.0625,False,False,514.2142557768719,False,0.0,0.0,False,0.0,0.0,True,418.4375,14954.375,False,0.0,0.0,True,553.4375,553.4375,71,14954.375,False,False,514.2142557768719,qwen3.7-plus,,c4531656dc3444c3b734c862b7d1f9c690b9f232f6807fb91bdf227854a35be5,685beb960f12d95a133e6671250bd20851ad61976ee98006356d05d74d25d13c,1,5.810781,2026-08-26T14:14:26.378309+00:00,2026-08-26T14:14:32.189090+00:00,1787753666.378309,1787753672.18909
QWEN37_F1,qwen37f1_383f613114221f16240a,v2e2_579d7046347071a2967e,qwen37_plus_direct,C1,canonical,1,2,66,battery_capacity_derating,easy,autumn,los_angeles,7,89,22.25,350.0,250.0,100.0,100.0,canonical_higher,100.0,True,6963329e4f6bcfe4e43ad05fe1a5f7dc792bd26caca9098a1ebf45df97df04f5,556.25,False,True,True,True,False,False,False,0.0,0.0,True,310.5263157894732,7484.210526315772,False,0.0,0.0,False,0.0,0.0,True,560.5263157894732,-560.5263157894732,48,7484.210526315772,False,False,462.53115027687204,False,0.0,0.0,True,310.5263157894732,7484.210526315772,False,0.0,0.0,False,0.0,0.0,True,560.5263157894732,-560.5263157894732,48,7484.210526315772,False,False,462.53115027687204,qwen3.7-plus,,28705b78b07b80c762b4763476722128124ee4e938fec3f04413b679931b0cdd,907cd9c6936a622740cd07bf31a97caaa43ed534299a986be86fe6ec3ff1c284,1,1.322262,2026-08-26T14:14:32.218477+00:00,2026-08-26T14:14:33.540739+00:00,1787753672.218477,1787753673.540739
QWEN37_F1,qwen37f1_383f613114221f16240a,v2e2_579d7046347071a2967e,qwen37_plus_direct,S1,stale,1,3,66,battery_capacity_derating,easy,autumn,los_angeles,7,89,22.25,350.0,250.0,100.0,100.0,canonical_higher,100.0,True,e775a4ac54ab3a72c9cdb0dd548eec9af716b52be786d407836b3c8ea2692fca,556.25,False,True,True,True,False,False,False,0.0,0.0,False,0.0,0.0,True,318.4375,8699.0625,False,0.0,0.0,True,453.4375,453.4375,54,8699.0625,False,False,514.2142557768719,False,0.0,0.0,False,0.0,0.0,True,418.4375,14954.375,False,0.0,0.0,True,553.4375,553.4375,71,14954.375,False,False,514.2142557768719,qwen3.7-plus,,c4531656dc3444c3b734c862b7d1f9c690b9f232f6807fb91bdf227854a35be5,685beb960f12d95a133e6671250bd20851ad61976ee98006356d05d74d25d13c,1,1.066852,2026-08-26T14:14:33.571743+00:00,2026-08-26T14:14:34.638595+00:00,1787753673.571743,1787753674.638595
QWEN37_F1,qwen37f1_383f613114221f16240a,v2e2_579d7046347071a2967e,qwen37_plus_direct,C2,canonical,2,4,66,battery_capacity_derating,easy,autumn,los_angeles,7,89,22.25,350.0,250.0,100.0,100.0,canonical_higher,100.0,True,6963329e4f6bcfe4e43ad05fe1a5f7dc792bd26caca9098a1ebf45df97df04f5,556.25,False,True,True,True,False,False,False,0.0,0.0,True,310.5263157894732,7484.210526315772,False,0.0,0.0,False,0.0,0.0,True,560.5263157894732,-560.5263157894732,48,7484.210526315772,False,False,462.53115027687204,False,0.0,0.0,True,310.5263157894732,7484.210526315772,False,0.0,0.0,False,0.0,0.0,True,560.5263157894732,-560.5263157894732,48,7484.210526315772,False,False,462.53115027687204,qwen3.7-plus,,28705b78b07b80c762b4763476722128124ee4e938fec3f04413b679931b0cdd,907cd9c6936a622740cd07bf31a97caaa43ed534299a986be86fe6ec3ff1c284,1,1.21488,2026-08-26T14:14:34.669752+00:00,2026-08-26T14:14:35.884632+00:00,1787753674.669752,1787753675.884632
QWEN37_F1,qwen37f1_3c5aa7c5edca9c9b3591,v2e2_b7e962716394d888d563,qwen37_plus_direct,C2,canonical,2,1,47,forecast_revision,easy,autumn,sacramento,5,91,22.75,150.0,250.0,-100.0,100.0,canonical_lower,100.0,True,ce6bb94c5159371faff434c46887e9b0d2810c9227d8d287c0cc3f3cbbf9ea42,5687.5,False,True,True,True,False,False,False,0.0,0.0,False,0.0,0.0,True,5053.125,217553.125,False,0.0,0.0,True,5228.125,5228.125,86,217553.125,False,False,868.0146800762406,False,0.0,0.0,False,0.0,0.0,True,5053.125,217553.125,False,0.0,0.0,True,5228.125,5228.125,86,217553.125,False,False,868.0146800762406,qwen3.7-plus,,03af9d72aa8ede96a38f73a4efdcb6d9a8213debd1e3d469dbccae2a38c1bf03,babac1e9e5f7a6c2609ee2d1c92d94a1e876dce29195742405c59ab959d1ede6,1,1.799789,2026-08-26T14:14:06.078757+00:00,2026-08-26T14:14:07.878546+00:00,1787753646.078757,1787753647.878546
QWEN37_F1,qwen37f1_3c5aa7c5edca9c9b3591,v2e2_b7e962716394d888d563,qwen37_plus_direct,S2,stale,2,2,47,forecast_revision,easy,autumn,sacramento,5,91,22.75,150.0,250.0,-100.0,100.0,canonical_lower,100.0,True,f72bb749a2ec5fe51da0e86ac561e25e004d96d08380645768afc4adbe8be69c,568.75,False,True,True,True,False,False,False,0.0,0.0,False,0.0,0.0,True,290.3125,7242.8125,False,0.0,0.0,True,465.3125,465.3125,49,7242.8125,False,False,533.4001318262409,False,0.0,0.0,False,0.0,0.0,True,190.3125,3145.3125,False,0.0,0.0,True,365.3125,365.3125,33,3145.3125,False,False,533.4001318262409,qwen3.7-plus,,231d98336d163e414b9b628d16a6c7fc0a0908f1f366ac3f391b14626ccbad73,b6ccb82973e703fdc6d716d9e817d2790553027026f307568e8b862f7cdb3e8c,1,1.637341,2026-08-26T14:14:07.906772+00:00,2026-08-26T14:14:09.544113+00:00,1787753647.906772,1787753649.544113
QWEN37_F1,qwen37f1_3c5aa7c5edca9c9b3591,v2e2_b7e962716394d888d563,qwen37_plus_direct,C1,canonical,1,3,47,forecast_revision,easy,autumn,sacramento,5,91,22.75,150.0,250.0,-100.0,100.0,canonical_lower,100.0,True,ce6bb94c5159371faff434c46887e9b0d2810c9227d8d287c0cc3f3cbbf9ea42,5687.5,False,True,True,True,False,False,False,0.0,0.0,False,0.0,0.0,True,5053.125,217553.125,False,0.0,0.0,True,5228.125,5228.125,86,217553.125,False,False,868.0146800762406,False,0.0,0.0,False,0.0,0.0,True,5053.125,217553.125,False,0.0,0.0,True,5228.125,5228.125,86,217553.125,False,False,868.0146800762406,qwen3.7-plus,,03af9d72aa8ede96a38f73a4efdcb6d9a8213debd1e3d469dbccae2a38c1bf03,babac1e9e5f7a6c2609ee2d1c92d94a1e876dce29195742405c59ab959d1ede6,1,1.358586,2026-08-26T14:14:09.575543+00:00,2026-08-26T14:14:10.934129+00:00,1787753649.575543,1787753650.934129
QWEN37_F1,qwen37f1_3c5aa7c5edca9c9b3591,v2e2_b7e962716394d888d563,qwen37_plus_direct,S1,stale,1,4,47,forecast_revision,easy,autumn,sacramento,5,91,22.75,150.0,250.0,-100.0,100.0,canonical_lower,100.0,True,918246868d17cbd03a144a3c7c589fa5c8f1d110ca61b465767dfb46d5f5a368,74.61999999999999,False,True,True,True,False,False,False,0.0,0.0,False,0.0,0.0,False,0.0,0.0,False,0.0,0.0,True,4.111000000000331,-4.111000000000331,0,0.0,True,False,501.0986741018396,False,0.0,0.0,False,0.0,0.0,False,0.0,0.0,False,0.0,0.0,True,104.11100000000033,-104.11100000000033,0,0.0,True,False,501.0986741018396,qwen3.7-plus,,231d98336d163e414b9b628d16a6c7fc0a0908f1f366ac3f391b14626ccbad73,b6ccb82973e703fdc6d716d9e817d2790553027026f307568e8b862f7cdb3e8c,1,1.073977,2026-08-26T14:14:10.961781+00:00,2026-08-26T14:14:12.035758+00:00,1787753650.961781,1787753652.035758
QWEN37_F1,qwen37f1_3e0c5f963e869ad9b952,v2e2_16b5f26ad506f7afac02,qwen37_plus_direct,S2,stale,2,1,44,export_limit_update,medium,autumn,san_diego,15,81,20.25,175.0,250.0,-75.0,75.0,canonical_lower,75.0,True,bd03a00cf572bfa572c5e4f1b61c2c0bf10fcf0df33b772b88baffb721390b5f,506.25,False,True,True,True,False,False,False,0.0,0.0,False,0.0,0.0,True,230.9375,4606.875,False,0.0,0.0,True,405.9375,405.9375,39,4606.875,False,False,258.33187935473694,False,0.0,0.0,False,0.0,0.0,True,155.9375,2126.25,False,0.0,0.0,True,330.9375,330.9375,27,2126.25,False,False,258.33187935473694,qwen3.7-plus,,2dc9ba47e7426fbb0cc7b713e578e401940b9ee709b03d3019b5fab93a32705b,23f2c09586d50b0bf0f2e1587ffa509c963ec1ed2c1e8eae492045310dcff06d,1,3.86469,2026-08-26T14:14:03.660069+00:00,2026-08-26T14:14:07.524759+00:00,1787753643.660069,1787753647.524759
QWEN37_F1,qwen37f1_3e0c5f963e869ad9b952,v2e2_16b5f26ad506f7afac02,qwen37_plus_direct,C1,canonical,1,2,44,export_limit_update,medium,autumn,san_diego,15,81,20.25,175.0,250.0,-75.0,75.0,canonical_lower,75.0,True,6124f3babfc5c450625f91ad7f776fa9f582eff66a56383e278bf96f2d2a53dc,512.49915,False,True,True,True,False,False,False,0.0,0.0,False,0.0,0.0,True,161.8741924999988,2260.8150299999743,False,0.0,0.0,True,336.8741924999988,336.8741924999988,27,2260.8150299999743,False,False,258.6976711666416,False,0.0,0.0,False,0.0,0.0,True,161.8741924999988,2260.8150299999743,False,0.0,0.0,True,336.8741924999988,336.8741924999988,27,2260.8150299999743,False,False,258.6976711666416,qwen3.7-plus,,e8b46a7e2784d841ed99dabee524da0abc10f4fedcb07d4ceaa289faa18c7817,4b92c373bd44b80402f34b1ec17b5a2eb5c61525294c0fa813c88139e3b3ba4f,1,1.415965,2026-08-26T14:14:07.551365+00:00,2026-08-26T14:14:08.967330+00:00,1787753647.551365,1787753648.96733
QWEN37_F1,qwen37f1_3e0c5f963e869ad9b952,v2e2_16b5f26ad506f7afac02,qwen37_plus_direct,S1,stale,1,3,44,export_limit_update,medium,autumn,san_diego,15,81,20.25,175.0,250.0,-75.0,75.0,canonical_lower,75.0,True,65b63d0e42cc20ded3afca32ffccbff2e86044e1179129635e804d340c8d3e16,85.05000000000001,False,True,True,True,False,False,False,0.0,0.0,False,0.0,0.0,False,0.0,0.0,False,0.0,0.0,True,5.797500000000184,5.797500000000184,0,0.0,True,False,233.6770845147361,False,0.0,0.0,False,0.0,0.0,False,0.0,0.0,False,0.0,0.0,True,69.20249999999982,-69.20249999999982,0,0.0,True,False,233.6770845147361,qwen3.7-plus,,2dc9ba47e7426fbb0cc7b713e578e401940b9ee709b03d3019b5fab93a32705b,23f2c09586d50b0bf0f2e1587ffa509c963ec1ed2c1e8eae492045310dcff06d,1,1.768879,2026-08-26T14:14:08.992231+00:00,2026-08-26T14:14:10.761110+00:00,1787753648.992231,1787753650.76111
QWEN37_F1,qwen37f1_3e0c5f963e869ad9b952,v2e2_16b5f26ad506f7afac02,qwen37_plus_direct,C2,canonical,2,4,44,export_limit_update,medium,autumn,san_diego,15,81,20.25,175.0,250.0,-75.0,75.0,canonical_lower,75.0,True,bd03a00cf572bfa572c5e4f1b61c2c0bf10fcf0df33b772b88baffb721390b5f,506.25,False,True,True,True,False,False,False,0.0,0.0,False,0.0,0.0,True,155.9375,2126.25,False,0.0,0.0,True,330.9375,330.9375,27,2126.25,False,False,258.33187935473694,False,0.0,0.0,False,0.0,0.0,True,155.9375,2126.25,False,0.0,0.0,True,330.9375,330.9375,27,2126.25,False,False,258.33187935473694,qwen3.7-plus,,e8b46a7e2784d841ed99dabee524da0abc10f4fedcb07d4ceaa289faa18c7817,4b92c373bd44b80402f34b1ec17b5a2eb5c61525294c0fa813c88139e3b3ba4f,1,2.016835,2026-08-26T14:14:10.785711+00:00,2026-08-26T14:14:12.802546+00:00,1787753650.785711,1787753652.802546
QWEN37_F1,qwen37f1_3e3b5704ff481994ec3a,v2e2_ea69a5744fe4489919e6,qwen37_plus_direct,S1,stale,1,1,33,export_limit_update,hard,summer,los_angeles,13,83,20.75,350.0,250.0,100.0,100.0,canonical_higher,100.0,True,c11bb7e5d87801615f2ed0936f66a44988d4907316552713e19f178016b13e8e,861.125,False,True,True,True,False,False,False,0.0,0.0,False,0.0,0.0,True,568.0687500000022,16655.606250000055,False,0.0,0.0,True,743.0687500000022,743.0687500000022,58,16655.606250000055,False,False,378.5782129080346,False,0.0,0.0,False,0.0,0.0,True,668.0687500000029,22976.13750000009,False,0.0,0.0,True,843.0687500000029,843.0687500000029,68,22976.137500000088,False,False,378.5782129080346,qwen3.7-plus,,2e41183bed2b33aba739052d74ddf14be4df333ea8ac6e063c793c93171fbcec,85af03e4d0173ae8301cf572657584ac64f999ffa833d934c5f5854df9752d4f,1,1.497546,2026-08-26T14:13:51.894848+00:00,2026-08-26T14:13:53.392394+00:00,1787753631.894848,1787753633.392394
QWEN37_F1,qwen37f1_3e3b5704ff481994ec3a,v2e2_ea69a5744fe4489919e6,qwen37_plus_direct,C2,canonical,2,2,33,export_limit_update,hard,summer,los_angeles,13,83,20.75,350.0,250.0,100.0,100.0,canonical_higher,100.0,True,d865789a12c8e9a77c234e7fe35f6cab7706f3b55d2dc36668d01ad88d94203d,518.75,False,True,True,True,False,False,False,0.0,0.0,True,271.05263157894694,5719.736842105248,False,0.0,0.0,False,0.0,0.0,True,521.052631578947,-521.052631578947,42,5719.736842105248,False,False,316.63676264303433,False,0.0,0.0,True,271.05263157894694,5719.736842105248,False,0.0,0.0,False,0.0,0.0,True,521.052631578947,-521.052631578947,42,5719.736842105248,False,False,316.63676264303433,qwen3.7-plus,,42bcbc0bd43e2f18755812b0b3db707a28653f9097ef6f47011137f2f3daa962,f7ae1aeac70c75d091eee23463b1fa7e16889380af9724f9a07789bd473a0bf9,1,1.395702,2026-08-26T14:13:53.419156+00:00,2026-08-26T14:13:54.814858+00:00,1787753633.419156,1787753634.814858
QWEN37_F1,qwen37f1_3e3b5704ff481994ec3a,v2e2_ea69a5744fe4489919e6,qwen37_plus_direct,S2,stale,2,3,33,export_limit_update,hard,summer,los_angeles,13,83,20.75,350.0,250.0,100.0,100.0,canonical_higher,100.0,True,62eb2190324b17cdcd34d30015898812cf80f9795e84c9de2e72299b06e32324,20.75,False,True,True,True,False,False,False,0.0,0.0,False,0.0,0.0,False,0.0,0.0,False,0.0,0.0,True,55.287499999999056,-55.287499999999056,0,0.0,True,False,335.7995853030341,False,0.0,0.0,False,0.0,0.0,False,0.0,0.0,False,0.0,0.0,True,44.712500000000944,44.712500000000944,0,0.0,True,False,335.7995853030341,qwen3.7-plus,,2e41183bed2b33aba739052d74ddf14be4df333ea8ac6e063c793c93171fbcec,85af03e4d0173ae8301cf572657584ac64f999ffa833d934c5f5854df9752d4f,1,2.194799,2026-08-26T14:13:54.844472+00:00,2026-08-26T14:13:57.039271+00:00,1787753634.844472,1787753637.039271
QWEN37_F1,qwen37f1_3e3b5704ff481994ec3a,v2e2_ea69a5744fe4489919e6,qwen37_plus_direct,C1,canonical,1,4,33,export_limit_update,hard,summer,los_angeles,13,83,20.75,350.0,250.0,100.0,100.0,canonical_higher,100.0,True,d865789a12c8e9a77c234e7fe35f6cab7706f3b55d2dc36668d01ad88d94203d,518.75,False,True,True,True,False,False,False,0.0,0.0,True,271.05263157894694,5719.736842105248,False,0.0,0.0,False,0.0,0.0,True,521.052631578947,-521.052631578947,42,5719.736842105248,False,False,316.63676264303433,False,0.0,0.0,True,271.05263157894694,5719.736842105248,False,0.0,0.0,False,0.0,0.0,True,521.052631578947,-521.052631578947,42,5719.736842105248,False,False,316.63676264303433,qwen3.7-plus,,42bcbc0bd43e2f18755812b0b3db707a28653f9097ef6f47011137f2f3daa962,f7ae1aeac70c75d091eee23463b1fa7e16889380af9724f9a07789bd473a0bf9,1,1.138549,2026-08-26T14:13:57.065296+00:00,2026-08-26T14:13:58.203845+00:00,1787753637.065296,1787753638.203845
QWEN37_F1,qwen37f1_3f5c48b910488a8d5a3c,v2e2_a614c009acc530c12890,qwen37_plus_direct,C1,canonical,1,1,51,reserve_commitment_update,easy,autumn,los_angeles,5,91,22.75,300.0,250.0,50.0,50.0,canonical_higher,50.0,True,21726db897db5fdd77dfbbc1568fe739f43f7b05d91fd6f3156ca11714c84cdb,62.49425000000001,False,True,True,True,False,False,False,0.0,0.0,False,0.0,0.0,False,0.0,0.0,False,0.0,0.0,True,34.36953750000231,34.36953750000231,0,0.0,True,False,356.37532802218095,False,0.0,0.0,False,0.0,0.0,False,0.0,0.0,False,0.0,0.0,True,34.36953750000231,34.36953750000231,0,0.0,True,False,356.37532802218095,qwen3.7-plus,,8de38929850bfa3d6084c4822dfa9b3442e620e54d0a70f8d88714c57a6fae6b,8bad0c14af356ed967c6c969d6d12803492a47d465c46a62252bc0c919a671db,1,2.88948,2026-08-26T14:14:10.339007+00:00,2026-08-26T14:14:13.228487+00:00,1787753650.339007,1787753653.228487
QWEN37_F1,qwen37f1_3f5c48b910488a8d5a3c,v2e2_a614c009acc530c12890,qwen37_plus_direct,S1,stale,1,2,51,reserve_commitment_update,easy,autumn,los_angeles,5,91,22.75,300.0,250.0,50.0,50.0,canonical_higher,50.0,True,f72bb749a2ec5fe51da0e86ac561e25e004d96d08380645768afc4adbe8be69c,568.75,False,True,True,True,False,False,False,0.0,0.0,False,0.0,0.0,True,290.3125,7242.8125,False,0.0,0.0,True,465.3125,465.3125,49,7242.8125,False,False,394.768814010347,False,0.0,0.0,False,0.0,0.0,True,340.3125,9923.4375,False,0.0,0.0,True,515.3125,515.3125,58,9923.4375,False,False,394.768814010347,qwen3.7-plus,,bca780b4301e60b06f231557a40e15a7060e895d5a55f5e18934e9ffda6c7a06,16285a01135e52d4b91c39b903ac28890a23d7f795f0a5efd64dd62bebc1860f,1,2.578618,2026-08-26T14:14:13.255692+00:00,2026-08-26T14:14:15.834310+00:00,1787753653.255692,1787753655.83431
QWEN37_F1,qwen37f1_3f5c48b910488a8d5a3c,v2e2_a614c009acc530c12890,qwen37_plus_direct,C2,canonical,2,3,51,reserve_commitment_update,easy,autumn,los_angeles,5,91,22.75,300.0,250.0,50.0,50.0,canonical_higher,50.0,True,f72bb749a2ec5fe51da0e86ac561e25e004d96d08380645768afc4adbe8be69c,568.75,False,True,True,True,False,False,False,0.0,0.0,False,0.0,0.0,True,340.3125,9923.4375,False,0.0,0.0,True,515.3125,515.3125,58,9923.4375,False,False,394.768814010347,False,0.0,0.0,False,0.0,0.0,True,340.3125,9923.4375,False,0.0,0.0,True,515.3125,515.3125,58,9923.4375,False,False,394.768814010347,qwen3.7-plus,,8de38929850bfa3d6084c4822dfa9b3442e620e54d0a70f8d88714c57a6fae6b,8bad0c14af356ed967c6c969d6d12803492a47d465c46a62252bc0c919a671db,1,6.050403,2026-08-26T14:14:15.860631+00:00,2026-08-26T14:14:21.911034+00:00,1787753655.860631,1787753661.911034
QWEN37_F1,qwen37f1_3f5c48b910488a8d5a3c,v2e2_a614c009acc530c12890,qwen37_plus_direct,S2,stale,2,4,51,reserve_commitment_update,easy,autumn,los_angeles,5,91,22.75,300.0,250.0,50.0,50.0,canonical_higher,50.0,True,f72bb749a2ec5fe51da0e86ac561e25e004d96d08380645768afc4adbe8be69c,568.75,False,True,True,True,False,False,False,0.0,0.0,False,0.0,0.0,True,290.3125,7242.8125,False,0.0,0.0,True,465.3125,465.3125,49,7242.8125,False,False,394.768814010347,False,0.0,0.0,False,0.0,0.0,True,340.3125,9923.4375,False,0.0,0.0,True,515.3125,515.3125,58,9923.4375,False,False,394.768814010347,qwen3.7-plus,,bca780b4301e60b06f231557a40e15a7060e895d5a55f5e18934e9ffda6c7a06,16285a01135e52d4b91c39b903ac28890a23d7f795f0a5efd64dd62bebc1860f,1,1.122275,2026-08-26T14:14:21.942721+00:00,2026-08-26T14:14:23.064996+00:00,1787753661.942721,1787753663.064996
QWEN37_F1,qwen37f1_432cbcaad18dba17ba76,v2e2_d6701d548a93409fed9a,qwen37_plus_direct,C1,canonical,1,1,17,forecast_revision,hard,summer,los_angeles,4,92,23.0,200.0,250.0,-50.0,50.0,canonical_lower,50.0,True,3f5cc92084a1725589c960c4764b6669c38a4fe44f353a76f03fc803fdf0389c,310.5,False,True,True,True,False,False,False,0.0,0.0,False,0.0,0.0,False,0.0,0.0,False,0.0,0.0,True,169.97500000000105,169.97500000000105,0,0.0,True,False,417.7702947767071,False,0.0,0.0,False,0.0,0.0,False,0.0,0.0,False,0.0,0.0,True,169.97500000000105,169.97500000000105,0,0.0,True,False,417.7702947767071,qwen3.7-plus,,8c5a976251f17dbaef34b34ea83286cffaacc2e56d50209c74c5b6c181a8d3cf,74a2dadad91a3f86cbcb0b9effeea2785541bf6aebef4a7f84cba19b448e9b7a,1,1.858493,2026-08-26T14:13:35.572692+00:00,2026-08-26T14:13:37.431185+00:00,1787753615.572692,1787753617.431185
QWEN37_F1,qwen37f1_432cbcaad18dba17ba76,v2e2_d6701d548a93409fed9a,qwen37_plus_direct,S1,stale,1,2,17,forecast_revision,hard,summer,los_angeles,4,92,23.0,200.0,250.0,-50.0,50.0,canonical_lower,50.0,True,23cd904e05dc77458353892d5f14d947eba44b207c53c72781ee8e10c1307fa8,37.48999999999998,False,True,True,True,False,False,False,0.0,0.0,False,0.0,0.0,False,0.0,0.0,False,0.0,0.0,True,39.38449999999807,-39.38449999999807,0,0.0,True,False,402.35500935100896,False,0.0,0.0,False,0.0,0.0,False,0.0,0.0,False,0.0,0.0,True,89.38450000000023,-89.38450000000023,0,0.0,True,False,402.35500935100896,qwen3.7-plus,,d3a017570c7cacfcbc23cd3e87b678cae650b9f87eb3d4d1ad04a16a6fb97684,92e8226e2e03f1bb0821e04b680424b673e50c50bc34725e8c081989713935d3,1,1.52957,2026-08-26T14:13:37.460590+00:00,2026-08-26T14:13:38.990160+00:00,1787753617.46059,1787753618.99016
QWEN37_F1,qwen37f1_432cbcaad18dba17ba76,v2e2_d6701d548a93409fed9a,qwen37_plus_direct,C2,canonical,2,3,17,forecast_revision,hard,summer,los_angeles,4,92,23.0,200.0,250.0,-50.0,50.0,canonical_lower,50.0,True,ba0a5428f07d905ec102ad637d106017c0fb0fdede322fda6073a4ff0b44e9cc,3105.0,False,True,True,True,False,False,False,0.0,0.0,False,0.0,0.0,True,2649.75,110820.5625,False,0.0,0.0,True,2824.75,2824.75,83,110820.5625,False,False,575.5594421417067,False,0.0,0.0,False,0.0,0.0,True,2649.75,110820.5625,False,0.0,0.0,True,2824.75,2824.75,83,110820.5625,False,False,575.5594421417067,qwen3.7-plus,,8c5a976251f17dbaef34b34ea83286cffaacc2e56d50209c74c5b6c181a8d3cf,74a2dadad91a3f86cbcb0b9effeea2785541bf6aebef4a7f84cba19b448e9b7a,1,1.281985,2026-08-26T14:13:39.018901+00:00,2026-08-26T14:13:40.300886+00:00,1787753619.018901,1787753620.300886
QWEN37_F1,qwen37f1_432cbcaad18dba17ba76,v2e2_d6701d548a93409fed9a,qwen37_plus_direct,S2,stale,2,4,17,forecast_revision,hard,summer,los_angeles,4,92,23.0,200.0,250.0,-50.0,50.0,canonical_lower,50.0,True,c1ce617d1dfc52dced716a8a9100b47b3bb14ce2cabefcea2d52ab374086c447,374.90000000000003,False,True,True,True,False,False,False,0.0,0.0,False,0.0,0.0,True,106.15499999999918,1509.0074999999651,False,0.0,0.0,True,281.1549999999992,281.1549999999992,28,1509.0074999999651,False,False,421.4065878847082,False,0.0,0.0,False,0.0,0.0,True,56.15499999999872,435.84374999997783,False,0.0,0.0,True,231.15499999999872,231.15499999999872,15,435.84374999997783,False,False,421.4065878847082,qwen3.7-plus,,d3a017570c7cacfcbc23cd3e87b678cae650b9f87eb3d4d1ad04a16a6fb97684,92e8226e2e03f1bb0821e04b680424b673e50c50bc34725e8c081989713935d3,1,1.671521,2026-08-26T14:13:40.327971+00:00,2026-08-26T14:13:41.999492+00:00,1787753620.327971,1787753621.999492
QWEN37_F1,qwen37f1_4377914064a64354900c,v2e2_6044c2cf8efb739eb457,qwen37_plus_direct,S2,stale,2,1,64,reserve_commitment_update,easy,winter,sacramento,5,91,22.75,350.0,250.0,100.0,100.0,canonical_higher,100.0,True,f72bb749a2ec5fe51da0e86ac561e25e004d96d08380645768afc4adbe8be69c,568.75,False,True,True,True,False,False,False,0.0,0.0,False,0.0,0.0,True,290.3125,7242.8125,False,0.0,0.0,True,465.3125,465.3125,49,7242.8125,False,False,761.7706030482602,False,0.0,0.0,False,0.0,0.0,True,390.3125,13024.6875,False,0.0,0.0,True,565.3125,565.3125,66,13024.6875,False,False,761.7706030482602,qwen3.7-plus,,7fbcd42e8b4fc9354d72ed9e6c6945f46d9c2bb61c8fbe0d2eb029395d6b2b92,b7bb2964f524200e47271fde5c9504a5c4567a4175d2807933f22c9f648f89c1,1,2.58704,2026-08-26T14:14:22.785556+00:00,2026-08-26T14:14:25.372596+00:00,1787753662.785556,1787753665.372596
QWEN37_F1,qwen37f1_4377914064a64354900c,v2e2_6044c2cf8efb739eb457,qwen37_plus_direct,C1,canonical,1,2,64,reserve_commitment_update,easy,winter,sacramento,5,91,22.75,350.0,250.0,100.0,100.0,canonical_higher,100.0,True,39ec0dae9b8e0310a76a73cb84af639d6842418391d39cafd19cae626353a3a3,568.75,False,True,True,True,False,False,False,0.0,0.0,True,357.68421052631527,9902.894736842085,False,0.0,0.0,False,0.0,0.0,True,573.6842105263153,-573.6842105263153,55,9902.894736842085,False,False,666.9177796732603,False,0.0,0.0,True,357.68421052631527,9902.894736842085,False,0.0,0.0,False,0.0,0.0,True,573.6842105263153,-573.6842105263153,55,9902.894736842085,False,False,666.9177796732603,qwen3.7-plus,,73ba3c1f17a9f9ed2caa66720236ecd86b2d82f209189839002bcf15b0fc1696,d4dc39f9b943a0f08e1043282a27c3d5e8284eb6137f05fdfced5d39410761ff,1,1.646222,2026-08-26T14:14:25.406046+00:00,2026-08-26T14:14:27.052268+00:00,1787753665.406046,1787753667.052268
QWEN37_F1,qwen37f1_4377914064a64354900c,v2e2_6044c2cf8efb739eb457,qwen37_plus_direct,S1,stale,1,3,64,reserve_commitment_update,easy,winter,sacramento,5,91,22.75,350.0,250.0,100.0,100.0,canonical_higher,100.0,True,918246868d17cbd03a144a3c7c589fa5c8f1d110ca61b465767dfb46d5f5a368,74.61999999999999,False,True,True,True,False,False,False,0.0,0.0,False,0.0,0.0,False,0.0,0.0,False,0.0,0.0,True,4.111000000000331,-4.111000000000331,0,0.0,True,False,716.6134965741622,False,0.0,0.0,False,0.0,0.0,False,0.0,0.0,False,0.0,0.0,True,95.88899999999967,95.88899999999967,0,0.0,True,False,716.6134965741622,qwen3.7-plus,,7fbcd42e8b4fc9354d72ed9e6c6945f46d9c2bb61c8fbe0d2eb029395d6b2b92,b7bb2964f524200e47271fde5c9504a5c4567a4175d2807933f22c9f648f89c1,1,1.826675,2026-08-26T14:14:27.084342+00:00,2026-08-26T14:14:28.911017+00:00,1787753667.084342,1787753668.911017
QWEN37_F1,qwen37f1_4377914064a64354900c,v2e2_6044c2cf8efb739eb457,qwen37_plus_direct,C2,canonical,2,4,64,reserve_commitment_update,easy,winter,sacramento,5,91,22.75,350.0,250.0,100.0,100.0,canonical_higher,100.0,True,39ec0dae9b8e0310a76a73cb84af639d6842418391d39cafd19cae626353a3a3,568.75,False,True,True,True,False,False,False,0.0,0.0,True,357.68421052631527,9902.894736842085,False,0.0,0.0,False,0.0,0.0,True,573.6842105263153,-573.6842105263153,55,9902.894736842085,False,False,666.9177796732603,False,0.0,0.0,True,357.68421052631527,9902.894736842085,False,0.0,0.0,False,0.0,0.0,True,573.6842105263153,-573.6842105263153,55,9902.894736842085,False,False,666.9177796732603,qwen3.7-plus,,73ba3c1f17a9f9ed2caa66720236ecd86b2d82f209189839002bcf15b0fc1696,d4dc39f9b943a0f08e1043282a27c3d5e8284eb6137f05fdfced5d39410761ff,1,1.558212,2026-08-26T14:14:28.937285+00:00,2026-08-26T14:14:30.495497+00:00,1787753668.937285,1787753670.495497
QWEN37_F1,qwen37f1_49f6c905ac62acd4334f,v2e2_07ecea8c63a586f9fa3b,qwen37_plus_direct,S1,stale,1,1,57,reserve_commitment_update,hard,spring,fresno,9,87,21.75,350.0,250.0,100.0,100.0,canonical_higher,100.0,True,a4e26f2ea2ca2394ce8e01407cc73888b679075d82653593bf2b368cf6f3d0fc,543.75,False,True,True,True,False,False,False,0.0,0.0,False,0.0,0.0,True,266.5625,6117.1875,False,0.0,0.0,True,441.5625,441.5625,45,6117.1875,False,False,506.0942436556517,False,0.0,0.0,False,0.0,0.0,True,366.5625,11499.0625,False,0.0,0.0,True,541.5625,541.5625,62,11499.0625,False,False,506.0942436556517,qwen3.7-plus,,11340ad322b45f30ae9f1ca21ec156c56ca94de6033549ceec7ba14caf5d7867,60b83513d694b4051194ea8dcaf06f5926010be15e8463e193830901baef7365,1,1.381503,2026-08-26T14:14:15.311051+00:00,2026-08-26T14:14:16.692554+00:00,1787753655.311051,1787753656.692554
QWEN37_F1,qwen37f1_49f6c905ac62acd4334f,v2e2_07ecea8c63a586f9fa3b,qwen37_plus_direct,C2,canonical,2,2,57,reserve_commitment_update,hard,spring,fresno,9,87,21.75,350.0,250.0,100.0,100.0,canonical_higher,100.0,True,2bb7a980b34da8ddbcefeb9c91347984cf49252c9684902ed834b97350864f2b,261.0,False,True,True,True,False,False,False,0.0,0.0,True,161.23684210526272,4196.947368421023,False,0.0,0.0,False,0.0,0.0,True,249.73684210526272,-249.73684210526272,52,4196.947368421023,False,False,465.9450420231512,False,0.0,0.0,True,161.23684210526272,4196.947368421023,False,0.0,0.0,False,0.0,0.0,True,249.73684210526272,-249.73684210526272,52,4196.947368421023,False,False,465.9450420231512,qwen3.7-plus,,52cf34b9c4bcb83dc567eeefd5dc59b5140d5d65a4c88088884d2c56db729f37,b9f4dafb5e6fe0663f20bbd126ed5047afdc27affe3a95d2fc46cfb735557c9a,1,1.46202,2026-08-26T14:14:16.728195+00:00,2026-08-26T14:14:18.190215+00:00,1787753656.728195,1787753658.190215
QWEN37_F1,qwen37f1_49f6c905ac62acd4334f,v2e2_07ecea8c63a586f9fa3b,qwen37_plus_direct,S2,stale,2,3,57,reserve_commitment_update,hard,spring,fresno,9,87,21.75,350.0,250.0,100.0,100.0,canonical_higher,100.0,True,0493fcf648b562b32397ab866c964936c0e325c93360966d00157fb0f79d54d5,5437.5,False,True,True,True,False,False,False,0.0,0.0,False,0.0,0.0,True,4915.625,205943.75,False,0.0,0.0,True,5090.625,5090.625,83,205943.75,False,False,775.6393887181507,False,0.0,0.0,False,0.0,0.0,True,5015.625,214359.375,False,0.0,0.0,True,5190.625,5190.625,85,214359.375,False,False,775.6393887181507,qwen3.7-plus,,11340ad322b45f30ae9f1ca21ec156c56ca94de6033549ceec7ba14caf5d7867,60b83513d694b4051194ea8dcaf06f5926010be15e8463e193830901baef7365,1,1.176832,2026-08-26T14:14:18.272805+00:00,2026-08-26T14:14:19.449637+00:00,1787753658.272805,1787753659.449637
QWEN37_F1,qwen37f1_49f6c905ac62acd4334f,v2e2_07ecea8c63a586f9fa3b,qwen37_plus_direct,C1,canonical,1,4,57,reserve_commitment_update,hard,spring,fresno,9,87,21.75,350.0,250.0,100.0,100.0,canonical_higher,100.0,True,9b56a36a2da8a038d25360a8176f978ababf4bae0e80c037a36b4248267e3e93,543.75,False,True,True,True,False,False,False,0.0,0.0,True,458.8684210526311,16232.631578947345,False,0.0,0.0,False,0.0,0.0,True,547.3684210526311,-547.3684210526311,70,16232.631578947345,False,False,454.8953225306515,False,0.0,0.0,True,458.8684210526311,16232.631578947345,False,0.0,0.0,False,0.0,0.0,True,547.3684210526311,-547.3684210526311,70,16232.631578947345,False,False,454.8953225306515,qwen3.7-plus,,52cf34b9c4bcb83dc567eeefd5dc59b5140d5d65a4c88088884d2c56db729f37,b9f4dafb5e6fe0663f20bbd126ed5047afdc27affe3a95d2fc46cfb735557c9a,1,1.844448,2026-08-26T14:14:19.481165+00:00,2026-08-26T14:14:21.325613+00:00,1787753659.481165,1787753661.325613
QWEN37_F1,qwen37f1_55c1de52ece5fb0ef642,v2e2_25e030e6613f44a39649,qwen37_plus_direct,C1,canonical,1,1,60,export_limit_update,hard,spring,los_angeles,7,89,22.25,175.0,250.0,-75.0,75.0,canonical_lower,75.0,True,834dfcb1614e8bde8e79d65dd9d1b1571a87be387033c412d89637f9f9e6e6c8,378.25,False,True,True,True,False,False,False,0.0,0.0,False,0.0,0.0,True,34.337500000001455,163.68750000001228,False,0.0,0.0,True,209.33750000000146,209.33750000000146,9,163.68750000001228,False,False,205.68480165363474,False,0.0,0.0,False,0.0,0.0,True,34.337500000001455,163.68750000001228,False,0.0,0.0,True,209.33750000000146,209.33750000000146,9,163.68750000001228,False,False,205.68480165363474,qwen3.7-plus,,9ecaf68d734ad67021b3dd8747caa478484c44ed02f6ffa5fae32b65fb71cecd,da9e1c1f1e6f746cb45931c342f818ccd1165c88c04b963ec696c624e7329018,1,3.799264,2026-08-26T14:14:20.525139+00:00,2026-08-26T14:14:24.324403+00:00,1787753660.525139,1787753664.324403
QWEN37_F1,qwen37f1_55c1de52ece5fb0ef642,v2e2_25e030e6613f44a39649,qwen37_plus_direct,S1,stale,1,2,60,export_limit_update,hard,spring,los_angeles,7,89,22.25,175.0,250.0,-75.0,75.0,canonical_lower,75.0,True,c764521f7321d58d4a42eb6d90c45ea3201edd14989a4ebaa40bcd27cb45e955,222.5,False,True,True,True,False,False,False,0.0,0.0,False,0.0,0.0,False,0.0,0.0,False,0.0,0.0,True,136.375,136.375,0,0.0,True,False,199.79007515863535,False,0.0,0.0,False,0.0,0.0,False,0.0,0.0,False,0.0,0.0,True,61.375,61.375,0,0.0,True,False,199.79007515863535,qwen3.7-plus,,44517f8a166a751e30a6d44150a0abac33a9caa625c1520f2c3b8a4cfcbc0a6d,5b9d00d4353d5f7ae083835a7bf124f2439925d543c8fb3feb9a419dfe4876d2,1,1.541645,2026-08-26T14:14:24.357459+00:00,2026-08-26T14:14:25.899104+00:00,1787753664.357459,1787753665.899104
QWEN37_F1,qwen37f1_55c1de52ece5fb0ef642,v2e2_25e030e6613f44a39649,qwen37_plus_direct,C2,canonical,2,3,60,export_limit_update,hard,spring,los_angeles,7,89,22.25,175.0,250.0,-75.0,75.0,canonical_lower,75.0,True,e775a4ac54ab3a72c9cdb0dd548eec9af716b52be786d407836b3c8ea2692fca,556.25,False,True,True,True,False,False,False,0.0,0.0,False,0.0,0.0,True,203.4375,3587.5,False,0.0,0.0,True,378.4375,378.4375,35,3587.5,False,False,212.4216319336355,False,0.0,0.0,False,0.0,0.0,True,203.4375,3587.5,False,0.0,0.0,True,378.4375,378.4375,35,3587.5,False,False,212.4216319336355,qwen3.7-plus,,9ecaf68d734ad67021b3dd8747caa478484c44ed02f6ffa5fae32b65fb71cecd,da9e1c1f1e6f746cb45931c342f818ccd1165c88c04b963ec696c624e7329018,1,2.517886,2026-08-26T14:14:25.932084+00:00,2026-08-26T14:14:28.449970+00:00,1787753665.932084,1787753668.44997
QWEN37_F1,qwen37f1_55c1de52ece5fb0ef642,v2e2_25e030e6613f44a39649,qwen37_plus_direct,S2,stale,2,4,60,export_limit_update,hard,spring,los_angeles,7,89,22.25,175.0,250.0,-75.0,75.0,canonical_lower,75.0,True,e775a4ac54ab3a72c9cdb0dd548eec9af716b52be786d407836b3c8ea2692fca,556.25,False,True,True,True,False,False,False,0.0,0.0,False,0.0,0.0,True,278.4375,6668.125,False,0.0,0.0,True,453.4375,453.4375,47,6668.125,False,False,212.4216319336355,False,0.0,0.0,False,0.0,0.0,True,203.4375,3587.5,False,0.0,0.0,True,378.4375,378.4375,35,3587.5,False,False,212.4216319336355,qwen3.7-plus,,44517f8a166a751e30a6d44150a0abac33a9caa625c1520f2c3b8a4cfcbc0a6d,5b9d00d4353d5f7ae083835a7bf124f2439925d543c8fb3feb9a419dfe4876d2,1,1.141574,2026-08-26T14:14:28.476518+00:00,2026-08-26T14:14:29.618092+00:00,1787753668.476518,1787753669.618092
QWEN37_F1,qwen37f1_56d4cec0083088dc9871,v2e2_d2a42e359dd264f920da,qwen37_plus_direct,S2,stale,2,1,5,power_limit_derating,medium,autumn,san_diego,5,91,22.75,175.0,250.0,-75.0,75.0,canonical_lower,75.0,True,d238f911ad8f0e81cde7fce283b201eb81138b760717deaae9f16676f0549735,455.0,False,True,True,True,False,False,False,0.0,0.0,False,0.0,0.0,True,182.25,3588.0,False,0.0,0.0,True,357.25,357.25,39,3588.0,False,False,492.99728968836655,False,0.0,0.0,False,0.0,0.0,True,107.25,1265.0,False,0.0,0.0,True,282.25,282.25,23,1265.0,False,False,492.99728968836655,qwen3.7-plus,,77619296b09a8aa0f13bf8b9fe8fec279b37c7a155dc3891b5d4e2c651ff35d3,b3432189542f204f66e1e12a1ad7c88f4dfb63b9aedefd9f453e9b3c23b94338,1,2.304972,2026-08-26T14:13:20.752511+00:00,2026-08-26T14:13:23.057483+00:00,1787753600.752511,1787753603.057483
QWEN37_F1,qwen37f1_56d4cec0083088dc9871,v2e2_d2a42e359dd264f920da,qwen37_plus_direct,C1,canonical,1,2,5,power_limit_derating,medium,autumn,san_diego,5,91,22.75,175.0,250.0,-75.0,75.0,canonical_lower,75.0,True,eb6bb5bcbaefb3806e29ce3efe79f877e6d092fc58af6cbe538810faaedc7a66,4550.0,False,True,True,True,False,False,False,0.0,0.0,False,0.0,0.0,True,3997.5,170212.5,False,0.0,0.0,True,4172.5,4172.5,85,170212.5,False,False,760.6889282883642,False,0.0,0.0,False,0.0,0.0,True,3997.5,170212.5,False,0.0,0.0,True,4172.5,4172.5,85,170212.5,False,False,760.6889282883642,qwen3.7-plus,,3961b2a11f27c27c76f0efec9c13f3f4990109e87584e91b4a0d1574a9496a89,168d5ca09f702e77717d6d8816ed475c8a7aca1eb82a02af7424feac47172088,1,1.703095,2026-08-26T14:13:23.086474+00:00,2026-08-26T14:13:24.789569+00:00,1787753603.086474,1787753604.789569
QWEN37_F1,qwen37f1_56d4cec0083088dc9871,v2e2_d2a42e359dd264f920da,qwen37_plus_direct,S1,stale,1,3,5,power_limit_derating,medium,autumn,san_diego,5,91,22.75,175.0,250.0,-75.0,75.0,canonical_lower,75.0,True,eb6bb5bcbaefb3806e29ce3efe79f877e6d092fc58af6cbe538810faaedc7a66,4550.0,False,True,True,True,False,False,False,0.0,0.0,False,0.0,0.0,True,4072.5,176622.5,False,0.0,0.0,True,4247.5,4247.5,86,176622.5,False,False,760.6889282883642,False,0.0,0.0,False,0.0,0.0,True,3997.5,170212.5,False,0.0,0.0,True,4172.5,4172.5,85,170212.5,False,False,760.6889282883642,qwen3.7-plus,,77619296b09a8aa0f13bf8b9fe8fec279b37c7a155dc3891b5d4e2c651ff35d3,b3432189542f204f66e1e12a1ad7c88f4dfb63b9aedefd9f453e9b3c23b94338,1,1.174752,2026-08-26T14:13:24.817181+00:00,2026-08-26T14:13:25.991933+00:00,1787753604.817181,1787753605.991933
QWEN37_F1,qwen37f1_56d4cec0083088dc9871,v2e2_d2a42e359dd264f920da,qwen37_plus_direct,C2,canonical,2,4,5,power_limit_derating,medium,autumn,san_diego,5,91,22.75,175.0,250.0,-75.0,75.0,canonical_lower,75.0,True,eb6bb5bcbaefb3806e29ce3efe79f877e6d092fc58af6cbe538810faaedc7a66,4550.0,False,True,True,True,False,False,False,0.0,0.0,False,0.0,0.0,True,3997.5,170212.5,False,0.0,0.0,True,4172.5,4172.5,85,170212.5,False,False,760.6889282883642,False,0.0,0.0,False,0.0,0.0,True,3997.5,170212.5,False,0.0,0.0,True,4172.5,4172.5,85,170212.5,False,False,760.6889282883642,qwen3.7-plus,,3961b2a11f27c27c76f0efec9c13f3f4990109e87584e91b4a0d1574a9496a89,168d5ca09f702e77717d6d8816ed475c8a7aca1eb82a02af7424feac47172088,1,2.244978,2026-08-26T14:13:26.022247+00:00,2026-08-26T14:13:28.267225+00:00,1787753606.022247,1787753608.267225
QWEN37_F1,qwen37f1_57f5366dedb07226c3a5,v2e2_e87de31d325befcf7b51,qwen37_plus_direct,S2,stale,2,1,46,forecast_revision,hard,summer,sacramento,7,89,22.25,300.0,250.0,50.0,50.0,canonical_higher,50.0,True,ee95cd7d3c7f177ce6e28b4708d31ac435be0741d8c1da96de667f5900f1fb73,37.38,False,True,True,True,False,False,False,0.0,0.0,False,0.0,0.0,False,0.0,0.0,False,0.0,0.0,True,39.48899999999992,-39.48899999999992,0,0.0,True,False,377.8486219323562,False,0.0,0.0,False,0.0,0.0,False,0.0,0.0,False,0.0,0.0,True,10.511000000000081,10.511000000000081,0,0.0,True,False,377.8486219323562,qwen3.7-plus,,887c2f0837ebb4054b438748c0e0153a1d8d0a9bcdad81572ceb6e6296182d8f,6dc6ba68f81caa901c617c66934cd99b5dad088e4745d7f0bc31da4eab44743a,1,1.657454,2026-08-26T14:14:04.451036+00:00,2026-08-26T14:14:06.108490+00:00,1787753644.451036,1787753646.10849
QWEN37_F1,qwen37f1_57f5366dedb07226c3a5,v2e2_e87de31d325befcf7b51,qwen37_plus_direct,C1,canonical,1,2,46,forecast_revision,hard,summer,sacramento,7,89,22.25,300.0,250.0,50.0,50.0,canonical_higher,50.0,True,9086d0da451f2ac43ec9df6ff3c998118513b231374b65fe31221bbdbd70ed9e,5562.5,False,True,True,True,False,False,False,0.0,0.0,False,0.0,0.0,True,5084.375,220240.625,False,0.0,0.0,True,5259.375,5259.375,86,220240.625,False,False,641.0129742523571,False,0.0,0.0,False,0.0,0.0,True,5084.375,220240.625,False,0.0,0.0,True,5259.375,5259.375,86,220240.625,False,False,641.0129742523571,qwen3.7-plus,,3bb6c90b2cb7639a8120670f864b940c35d2c32b4197664a1e74cb3b7e78fc27,33eae36a09f64d43079c52f346a99d156d375201a6be34f2217bd86c721737a1,1,1.417981,2026-08-26T14:14:06.134932+00:00,2026-08-26T14:14:07.552913+00:00,1787753646.134932,1787753647.552913
QWEN37_F1,qwen37f1_57f5366dedb07226c3a5,v2e2_e87de31d325befcf7b51,qwen37_plus_direct,S1,stale,1,3,46,forecast_revision,hard,summer,sacramento,7,89,22.25,300.0,250.0,50.0,50.0,canonical_higher,50.0,True,96769223ed0062c1308d45a96931dc55e72b616c828dbc5673c7ad947baed1a2,374.9124999999999,False,True,True,True,False,False,False,0.0,0.0,False,0.0,0.0,True,106.166875,1461.8474999999858,False,0.0,0.0,True,281.166875,281.166875,27,1461.8474999999858,False,False,393.9254712586075,False,0.0,0.0,False,0.0,0.0,True,156.1668750000007,3125.212499999996,False,0.0,0.0,True,331.1668750000007,331.1668750000007,40,3125.212499999995,False,False,393.9254712586075,qwen3.7-plus,,887c2f0837ebb4054b438748c0e0153a1d8d0a9bcdad81572ceb6e6296182d8f,6dc6ba68f81caa901c617c66934cd99b5dad088e4745d7f0bc31da4eab44743a,1,1.360593,2026-08-26T14:14:07.578268+00:00,2026-08-26T14:14:08.938861+00:00,1787753647.578268,1787753648.938861
QWEN37_F1,qwen37f1_57f5366dedb07226c3a5,v2e2_e87de31d325befcf7b51,qwen37_plus_direct,C2,canonical,2,4,46,forecast_revision,hard,summer,sacramento,7,89,22.25,300.0,250.0,50.0,50.0,canonical_higher,50.0,True,e775a4ac54ab3a72c9cdb0dd548eec9af716b52be786d407836b3c8ea2692fca,556.25,False,True,True,True,False,False,False,0.0,0.0,False,0.0,0.0,True,328.4375,9248.75,False,0.0,0.0,True,503.4375,503.4375,56,9248.75,False,False,402.56267112735765,False,0.0,0.0,False,0.0,0.0,True,328.4375,9248.75,False,0.0,0.0,True,503.4375,503.4375,56,9248.75,False,False,402.56267112735765,qwen3.7-plus,,3bb6c90b2cb7639a8120670f864b940c35d2c32b4197664a1e74cb3b7e78fc27,33eae36a09f64d43079c52f346a99d156d375201a6be34f2217bd86c721737a1,1,0.993774,2026-08-26T14:14:08.965671+00:00,2026-08-26T14:14:09.959445+00:00,1787753648.965671,1787753649.959445
QWEN37_F1,qwen37f1_5b84d1573b4ea848679e,v2e2_7f938d120000eec26457,qwen37_plus_direct,C2,canonical,2,1,14,battery_capacity_derating,easy,summer,los_angeles,8,88,22.0,175.0,250.0,-75.0,75.0,canonical_lower,75.0,True,25addb9a3b409b662a756f476b9715de2c573b8f829545d4df99595de5147f5a,379.28000000000003,False,True,True,True,False,False,False,0.0,0.0,False,0.0,0.0,True,75.31599999999935,730.8444999999854,False,0.0,0.0,True,210.31599999999935,210.31599999999935,19,730.8444999999854,False,False,290.027507825788,False,0.0,0.0,False,0.0,0.0,True,75.31599999999935,730.8444999999854,False,0.0,0.0,True,210.31599999999935,210.31599999999935,19,730.8444999999854,False,False,290.027507825788,qwen3.7-plus,,3ac7dca69ec580410d81ad7b3a745ee1fe064298869898efbadc3c08f2429607,be04fa3a1d8ebf73035a0d2e48bd86edc4e00c41a11e1a7b51e421f647842dda,1,1.74731,2026-08-26T14:13:30.702543+00:00,2026-08-26T14:13:32.449853+00:00,1787753610.702543,1787753612.449853
QWEN37_F1,qwen37f1_5b84d1573b4ea848679e,v2e2_7f938d120000eec26457,qwen37_plus_direct,S2,stale,2,2,14,battery_capacity_derating,easy,summer,los_angeles,8,88,22.0,175.0,250.0,-75.0,75.0,canonical_lower,75.0,True,beca68540a34d9c2b25d29621d86675084de9e3fd9dd6a130b4f15d16b0a313c,385.0,False,True,True,True,False,False,False,0.0,0.0,False,0.0,0.0,True,155.75,2996.65625,False,0.0,0.0,True,290.75,290.75,38,2996.65625,False,False,290.3210559845893,False,0.0,0.0,False,0.0,0.0,True,80.75,825.3125,False,0.0,0.0,True,215.75,215.75,20,825.3125,False,False,290.3210559845893,qwen3.7-plus,,23e08dc3506247d3b38032b27d4f42c731dbb77613fdbf19d9814a3372f07ed6,4ad75ee4a1abafe449fd1a27752a7d145e5d9ed6058b67d69b0058731184ae53,1,2.282483,2026-08-26T14:13:32.476074+00:00,2026-08-26T14:13:34.758557+00:00,1787753612.476074,1787753614.758557
QWEN37_F1,qwen37f1_5b84d1573b4ea848679e,v2e2_7f938d120000eec26457,qwen37_plus_direct,C1,canonical,1,3,14,battery_capacity_derating,easy,summer,los_angeles,8,88,22.0,175.0,250.0,-75.0,75.0,canonical_lower,75.0,True,87af7c9594fbbf378c7b632cc9c2211b59b3a31d837085d1c6ada581aca4d767,374.9900000000001,False,True,True,True,False,False,False,0.0,0.0,False,0.0,0.0,True,71.24049999999932,662.9563124999868,False,0.0,0.0,True,206.24049999999932,206.24049999999932,18,662.9563124999868,False,False,289.80734670668807,False,0.0,0.0,False,0.0,0.0,True,71.24049999999932,662.9563124999868,False,0.0,0.0,True,206.24049999999932,206.24049999999932,18,662.9563124999868,False,False,289.80734670668807,qwen3.7-plus,,3ac7dca69ec580410d81ad7b3a745ee1fe064298869898efbadc3c08f2429607,be04fa3a1d8ebf73035a0d2e48bd86edc4e00c41a11e1a7b51e421f647842dda,1,1.756395,2026-08-26T14:13:34.786923+00:00,2026-08-26T14:13:36.543318+00:00,1787753614.786923,1787753616.543318
QWEN37_F1,qwen37f1_5b84d1573b4ea848679e,v2e2_7f938d120000eec26457,qwen37_plus_direct,S1,stale,1,4,14,battery_capacity_derating,easy,summer,los_angeles,8,88,22.0,175.0,250.0,-75.0,75.0,canonical_lower,75.0,True,0cee576cabf4af7203bfbc493c1169cefa69e7bf8600ffdbc6ab9b8ad6fcd25b,22.0,False,True,True,True,False,False,False,0.0,0.0,False,0.0,0.0,False,0.0,0.0,False,0.0,0.0,True,54.099999999999,-54.099999999999,0,0.0,True,False,271.6920382145891,False,0.0,0.0,False,0.0,0.0,False,0.0,0.0,False,0.0,0.0,True,129.099999999999,-129.099999999999,0,0.0,True,False,271.6920382145891,qwen3.7-plus,,23e08dc3506247d3b38032b27d4f42c731dbb77613fdbf19d9814a3372f07ed6,4ad75ee4a1abafe449fd1a27752a7d145e5d9ed6058b67d69b0058731184ae53,1,1.095507,2026-08-26T14:13:36.568822+00:00,2026-08-26T14:13:37.664329+00:00,1787753616.568822,1787753617.664329
QWEN37_F1,qwen37f1_63357aaa83e19fa548a0,v2e2_47a354a03084871e0ca3,qwen37_plus_direct,S1,stale,1,1,65,export_limit_update,medium,autumn,san_diego,6,90,22.5,200.0,250.0,-50.0,50.0,canonical_lower,50.0,True,42351936bd4f5b1bb909ad1554b9e2aba9426b750f27597cf4f1b9fb6ef8cd8f,375.0075,False,True,True,True,False,False,False,0.0,0.0,False,0.0,0.0,True,106.25712500000077,1479.539587500018,False,0.0,0.0,True,281.25712500000077,281.25712500000077,27,1479.539587500018,False,False,252.93804983795448,False,0.0,0.0,False,0.0,0.0,True,56.25712500000077,428.22356250001064,False,0.0,0.0,True,231.25712500000077,231.25712500000077,15,428.22356250001064,False,False,252.93804983795448,qwen3.7-plus,,2bb1a029e8e80e07338dc2aa31d7fefbd507a9ada6bbe33948aad762404444a9,d6bb4bb3c88c298ded8e5e6080d42703786236deceddddfcb2b049444558c8ef,1,1.445237,2026-08-26T14:14:23.455269+00:00,2026-08-26T14:14:24.900506+00:00,1787753663.455269,1787753664.900506
QWEN37_F1,qwen37f1_63357aaa83e19fa548a0,v2e2_47a354a03084871e0ca3,qwen37_plus_direct,C2,canonical,2,2,65,export_limit_update,medium,autumn,san_diego,6,90,22.5,200.0,250.0,-50.0,50.0,canonical_lower,50.0,True,83e193620a39a319f7119979da92ed2ff9235452d4dcf33f0c72258fd6f68d92,312.3,False,True,True,True,False,False,False,0.0,0.0,False,0.0,0.0,False,0.0,0.0,False,0.0,0.0,True,171.6849999999987,171.6849999999987,0,0.0,True,False,249.77596091342468,False,0.0,0.0,False,0.0,0.0,False,0.0,0.0,False,0.0,0.0,True,171.6849999999987,171.6849999999987,0,0.0,True,False,249.77596091342468,qwen3.7-plus,,18c6fda720dd84e29ca2bfe538b574ed4020404d881954e9e2f707cad5e9c244,0dea3d4ba8ed7be238905fa021408476411ae420d18b1efab11ceea11f289920,1,1.479146,2026-08-26T14:14:24.928979+00:00,2026-08-26T14:14:26.408125+00:00,1787753664.928979,1787753666.408125
QWEN37_F1,qwen37f1_63357aaa83e19fa548a0,v2e2_47a354a03084871e0ca3,qwen37_plus_direct,S2,stale,2,3,65,export_limit_update,medium,autumn,san_diego,6,90,22.5,200.0,250.0,-50.0,50.0,canonical_lower,50.0,True,36d1e1492376af5ea0e28dbc06947381eea6c17e34752995f55eec70839ded9d,562.5,False,True,True,True,False,False,False,0.0,0.0,False,0.0,0.0,True,284.375,6952.5,False,0.0,0.0,True,459.375,459.375,48,6952.5,False,False,262.39254822622524,False,0.0,0.0,False,0.0,0.0,True,234.375,4743.75,False,0.0,0.0,True,409.375,409.375,40,4743.75,False,False,262.39254822622524,qwen3.7-plus,,2bb1a029e8e80e07338dc2aa31d7fefbd507a9ada6bbe33948aad762404444a9,d6bb4bb3c88c298ded8e5e6080d42703786236deceddddfcb2b049444558c8ef,1,1.516013,2026-08-26T14:14:26.435233+00:00,2026-08-26T14:14:27.951246+00:00,1787753666.435233,1787753667.951246
QWEN37_F1,qwen37f1_63357aaa83e19fa548a0,v2e2_47a354a03084871e0ca3,qwen37_plus_direct,C1,canonical,1,4,65,export_limit_update,medium,autumn,san_diego,6,90,22.5,200.0,250.0,-50.0,50.0,canonical_lower,50.0,True,979af0451140c7ab5731b9d9c87ea0c9346e60186aaa8aaa21ee8577b00e4d7f,312.5,False,True,True,True,False,False,False,0.0,0.0,False,0.0,0.0,False,0.0,0.0,False,0.0,0.0,True,171.87499999999818,171.87499999999818,0,0.0,True,False,249.78604611511315,False,0.0,0.0,False,0.0,0.0,False,0.0,0.0,False,0.0,0.0,True,171.87499999999818,171.87499999999818,0,0.0,True,False,249.78604611511315,qwen3.7-plus,,18c6fda720dd84e29ca2bfe538b574ed4020404d881954e9e2f707cad5e9c244,0dea3d4ba8ed7be238905fa021408476411ae420d18b1efab11ceea11f289920,1,2.939498,2026-08-26T14:14:27.976667+00:00,2026-08-26T14:14:30.916165+00:00,1787753667.976667,1787753670.916165
QWEN37_F1,qwen37f1_69544ce973d15392cd7a,v2e2_1fd8536d13787e44dc17,qwen37_plus_direct,C2,canonical,2,1,8,battery_capacity_derating,easy,spring,fresno,6,90,22.5,350.0,250.0,100.0,100.0,canonical_higher,100.0,True,2337f4a44eeb0811225f19657385473b7094aa10e9dbc6d8e65c8ac417101571,562.5,False,True,True,True,False,False,False,0.0,0.0,True,317.1052631578942,7801.315789473666,False,0.0,0.0,False,0.0,0.0,True,567.1052631578942,-567.1052631578942,49,7801.315789473666,False,False,273.54640602041377,False,0.0,0.0,True,317.1052631578942,7801.315789473666,False,0.0,0.0,False,0.0,0.0,True,567.1052631578942,-567.1052631578942,49,7801.315789473666,False,False,273.54640602041377,qwen3.7-plus,,ae5fb65c62fb49cd4262f76835f5f7b6000542f977b03ea2947a487bd570a27c,3c45908200782776e94e0e2c79aabdd6d6195a37ff772481c24875b7914ee772,1,2.99767,2026-08-26T14:13:26.977216+00:00,2026-08-26T14:13:29.974886+00:00,1787753606.977216,1787753609.974886
QWEN37_F1,qwen37f1_69544ce973d15392cd7a,v2e2_1fd8536d13787e44dc17,qwen37_plus_direct,S2,stale,2,2,8,battery_capacity_derating,easy,spring,fresno,6,90,22.5,350.0,250.0,100.0,100.0,canonical_higher,100.0,True,c33d16a4bce81ccc3fd11fd97ca4519f03c44ec1c31d60f9e36503a3d26caa77,1076.34,False,True,True,True,False,False,False,0.0,0.0,False,0.0,0.0,True,757.6605000000006,21187.78855263159,False,0.0,0.0,True,831.8710263157893,831.8710263157893,35,21187.788552631595,False,False,322.13834246146354,False,0.0,0.0,False,0.0,0.0,True,857.6605000000006,24799.984552631588,False,0.0,0.0,True,931.8710263157893,931.8710263157893,37,24799.9845526316,False,False,322.13834246146354,qwen3.7-plus,,8857e190252c6d1a0e02d33ae020df07a920a3106604a437a5664c7d77675557,b9b6b1057c0bdde9943e13ac33653eefaff211bc30392e335fded37e6110d3c0,1,2.262747,2026-08-26T14:13:30.006668+00:00,2026-08-26T14:13:32.269415+00:00,1787753610.006668,1787753612.269415
QWEN37_F1,qwen37f1_69544ce973d15392cd7a,v2e2_1fd8536d13787e44dc17,qwen37_plus_direct,C1,canonical,1,3,8,battery_capacity_derating,easy,spring,fresno,6,90,22.5,350.0,250.0,100.0,100.0,canonical_higher,100.0,True,2337f4a44eeb0811225f19657385473b7094aa10e9dbc6d8e65c8ac417101571,562.5,False,True,True,True,False,False,False,0.0,0.0,True,317.1052631578942,7801.315789473666,False,0.0,0.0,False,0.0,0.0,True,567.1052631578942,-567.1052631578942,49,7801.315789473666,False,False,273.54640602041377,False,0.0,0.0,True,317.1052631578942,7801.315789473666,False,0.0,0.0,False,0.0,0.0,True,567.1052631578942,-567.1052631578942,49,7801.315789473666,False,False,273.54640602041377,qwen3.7-plus,,ae5fb65c62fb49cd4262f76835f5f7b6000542f977b03ea2947a487bd570a27c,3c45908200782776e94e0e2c79aabdd6d6195a37ff772481c24875b7914ee772,1,1.180686,2026-08-26T14:13:32.297609+00:00,2026-08-26T14:13:33.478295+00:00,1787753612.297609,1787753613.478295
QWEN37_F1,qwen37f1_69544ce973d15392cd7a,v2e2_1fd8536d13787e44dc17,qwen37_plus_direct,S1,stale,1,4,8,battery_capacity_derating,easy,spring,fresno,6,90,22.5,350.0,250.0,100.0,100.0,canonical_higher,100.0,True,36d1e1492376af5ea0e28dbc06947381eea6c17e34752995f55eec70839ded9d,562.5,False,True,True,True,False,False,False,0.0,0.0,False,0.0,0.0,True,324.375,9023.4375,False,0.0,0.0,True,459.375,459.375,55,9023.4375,False,False,307.9010172704138,False,0.0,0.0,False,0.0,0.0,True,424.375,15378.75,False,0.0,0.0,True,559.375,559.375,72,15378.75,False,False,307.9010172704138,qwen3.7-plus,,8857e190252c6d1a0e02d33ae020df07a920a3106604a437a5664c7d77675557,b9b6b1057c0bdde9943e13ac33653eefaff211bc30392e335fded37e6110d3c0,1,1.280896,2026-08-26T14:13:33.507787+00:00,2026-08-26T14:13:34.788683+00:00,1787753613.507787,1787753614.788683
QWEN37_F1,qwen37f1_6b01671985e6ddfc0f52,v2e2_689fd81bd1f3eec1e27d,qwen37_plus_direct,C1,canonical,1,1,3,reserve_commitment_update,easy,autumn,san_diego,14,82,20.5,175.0,250.0,-75.0,75.0,canonical_lower,75.0,True,a6b375ff68a39d94f8fa55f1d5b588b93dc575887eea0b4b66a6f96376289b8f,379.25,False,True,True,True,False,False,False,0.0,0.0,False,0.0,0.0,True,35.28750000000059,159.4125000000068,False,0.0,0.0,True,210.2875000000006,210.2875000000006,9,159.4125000000068,False,False,382.25916879737605,False,0.0,0.0,False,0.0,0.0,True,35.28750000000059,159.4125000000068,False,0.0,0.0,True,210.2875000000006,210.2875000000006,9,159.4125000000068,False,False,382.25916879737605,qwen3.7-plus,,0fe55a65eef391b2ea008b91ba8b82729a072ff557205e5b71ae5fc79980b019,216550268d55b66786cfe2d6f894926418ba5d73978b71a7d579bb2d2185f66b,1,2.824192,2026-08-26T14:13:20.054735+00:00,2026-08-26T14:13:22.878927+00:00,1787753600.054735,1787753602.878927
QWEN37_F1,qwen37f1_6b01671985e6ddfc0f52,v2e2_689fd81bd1f3eec1e27d,qwen37_plus_direct,S1,stale,1,2,3,reserve_commitment_update,easy,autumn,san_diego,14,82,20.5,175.0,250.0,-75.0,75.0,canonical_lower,75.0,True,ae1391888115ff0f25bf487dc5f4244c372d3eba550484078b6ca69353afa5bd,187.49914999999996,False,True,True,True,False,False,False,0.0,0.0,False,0.0,0.0,False,0.0,0.0,False,0.0,0.0,True,103.12419250000005,103.12419250000005,0,0.0,True,False,373.01726403270226,False,0.0,0.0,False,0.0,0.0,False,0.0,0.0,False,0.0,0.0,True,28.12419250000005,28.12419250000005,0,0.0,True,False,373.01726403270226,qwen3.7-plus,,75e05096ab868566c32ac54e9e9872c7a765dde2eae4292c7e37074333237582,3343b2f89d84a81332805a528a50a0641aecfe710857ddbb6a9763fd2c7cbe33,1,2.276929,2026-08-26T14:13:22.903653+00:00,2026-08-26T14:13:25.180582+00:00,1787753602.903653,1787753605.180582
QWEN37_F1,qwen37f1_6b01671985e6ddfc0f52,v2e2_689fd81bd1f3eec1e27d,qwen37_plus_direct,C2,canonical,2,3,3,reserve_commitment_update,easy,autumn,san_diego,14,82,20.5,175.0,250.0,-75.0,75.0,canonical_lower,75.0,True,a6b375ff68a39d94f8fa55f1d5b588b93dc575887eea0b4b66a6f96376289b8f,379.25,False,True,True,True,False,False,False,0.0,0.0,False,0.0,0.0,True,35.28750000000059,159.4125000000068,False,0.0,0.0,True,210.2875000000006,210.2875000000006,9,159.4125000000068,False,False,382.25916879737605,False,0.0,0.0,False,0.0,0.0,True,35.28750000000059,159.4125000000068,False,0.0,0.0,True,210.2875000000006,210.2875000000006,9,159.4125000000068,False,False,382.25916879737605,qwen3.7-plus,,0fe55a65eef391b2ea008b91ba8b82729a072ff557205e5b71ae5fc79980b019,216550268d55b66786cfe2d6f894926418ba5d73978b71a7d579bb2d2185f66b,1,1.749689,2026-08-26T14:13:25.229763+00:00,2026-08-26T14:13:26.979452+00:00,1787753605.229763,1787753606.979452
QWEN37_F1,qwen37f1_6b01671985e6ddfc0f52,v2e2_689fd81bd1f3eec1e27d,qwen37_plus_direct,S2,stale,2,4,3,reserve_commitment_update,easy,autumn,san_diego,14,82,20.5,175.0,250.0,-75.0,75.0,canonical_lower,75.0,True,ae1391888115ff0f25bf487dc5f4244c372d3eba550484078b6ca69353afa5bd,187.49914999999996,False,True,True,True,False,False,False,0.0,0.0,False,0.0,0.0,False,0.0,0.0,False,0.0,0.0,True,103.12419250000005,103.12419250000005,0,0.0,True,False,373.01726403270226,False,0.0,0.0,False,0.0,0.0,False,0.0,0.0,False,0.0,0.0,True,28.12419250000005,28.12419250000005,0,0.0,True,False,373.01726403270226,qwen3.7-plus,,75e05096ab868566c32ac54e9e9872c7a765dde2eae4292c7e37074333237582,3343b2f89d84a81332805a528a50a0641aecfe710857ddbb6a9763fd2c7cbe33,1,3.317176,2026-08-26T14:13:27.006801+00:00,2026-08-26T14:13:30.323977+00:00,1787753607.006801,1787753610.323977
QWEN37_F1,qwen37f1_6ed136996be36b88de0c,v2e2_a26fd019af93d45104b8,qwen37_plus_direct,C2,canonical,2,1,27,export_limit_update,medium,spring,sacramento,13,83,20.75,300.0,250.0,50.0,50.0,canonical_higher,50.0,True,62eb2190324b17cdcd34d30015898812cf80f9795e84c9de2e72299b06e32324,20.75,False,True,True,True,False,False,False,0.0,0.0,False,0.0,0.0,False,0.0,0.0,False,0.0,0.0,True,5.287499999999056,-5.287499999999056,0,0.0,True,False,160.75548746510822,False,0.0,0.0,False,0.0,0.0,False,0.0,0.0,False,0.0,0.0,True,5.287499999999056,-5.287499999999056,0,0.0,True,False,160.75548746510822,qwen3.7-plus,,eb060adae8385ead84af032bfeec05ab6bf4e30aa723930a39ad8e9fdf6c76a7,ebb68731bcdd49525f3c36bb524b33826889d5cfb7515c7c02efcbf0dbc163a9,1,1.98658,2026-08-26T14:13:47.325893+00:00,2026-08-26T14:13:49.312473+00:00,1787753627.325893,1787753629.312473
QWEN37_F1,qwen37f1_6ed136996be36b88de0c,v2e2_a26fd019af93d45104b8,qwen37_plus_direct,S2,stale,2,2,27,export_limit_update,medium,spring,sacramento,13,83,20.75,300.0,250.0,50.0,50.0,canonical_higher,50.0,True,62eb2190324b17cdcd34d30015898812cf80f9795e84c9de2e72299b06e32324,20.75,False,True,True,True,False,False,False,0.0,0.0,False,0.0,0.0,False,0.0,0.0,False,0.0,0.0,True,55.287499999999056,-55.287499999999056,0,0.0,True,False,160.75548746510822,False,0.0,0.0,False,0.0,0.0,False,0.0,0.0,False,0.0,0.0,True,5.287499999999056,-5.287499999999056,0,0.0,True,False,160.75548746510822,qwen3.7-plus,,a6da8108519a93a3b5829b2f2563afc8458b217c9d1140c079a19355a4b22f91,ba1ba516585ac081db233bc4998fcf3058411c6b988730ea7f380ff749403ab4,1,2.105173,2026-08-26T14:13:49.338742+00:00,2026-08-26T14:13:51.443915+00:00,1787753629.338742,1787753631.443915
QWEN37_F1,qwen37f1_6ed136996be36b88de0c,v2e2_a26fd019af93d45104b8,qwen37_plus_direct,C1,canonical,1,3,27,export_limit_update,medium,spring,sacramento,13,83,20.75,300.0,250.0,50.0,50.0,canonical_higher,50.0,True,63e83f7998715ac5812485df3583f54725795ca1797686649e728aaca5bfce5c,25.9375,False,True,True,True,True,True,False,0.0,0.0,False,0.0,0.0,False,0.0,0.0,False,0.0,0.0,False,0.359375,-0.359375,0,0.0,True,True,160.94526169010777,False,0.0,0.0,False,0.0,0.0,False,0.0,0.0,False,0.0,0.0,False,0.359375,-0.359375,0,0.0,True,True,160.94526169010777,qwen3.7-plus,,eb060adae8385ead84af032bfeec05ab6bf4e30aa723930a39ad8e9fdf6c76a7,ebb68731bcdd49525f3c36bb524b33826889d5cfb7515c7c02efcbf0dbc163a9,1,1.553483,2026-08-26T14:13:51.468549+00:00,2026-08-26T14:13:53.022032+00:00,1787753631.468549,1787753633.022032
QWEN37_F1,qwen37f1_6ed136996be36b88de0c,v2e2_a26fd019af93d45104b8,qwen37_plus_direct,S1,stale,1,4,27,export_limit_update,medium,spring,sacramento,13,83,20.75,300.0,250.0,50.0,50.0,canonical_higher,50.0,True,76c307dcff14fc83b93d8b7ea3871e4b806f3b9db7459b758addbdb8f7940f25,518.75,False,True,True,True,False,False,False,0.0,0.0,False,0.0,0.0,True,242.8125,5086.5625,False,0.0,0.0,True,417.8125,417.8125,41,5086.5625,False,False,178.97381306510817,False,0.0,0.0,False,0.0,0.0,True,292.8125,7367.1875,False,0.0,0.0,True,467.8125,467.8125,50,7367.1875,False,False,178.97381306510817,qwen3.7-plus,,a6da8108519a93a3b5829b2f2563afc8458b217c9d1140c079a19355a4b22f91,ba1ba516585ac081db233bc4998fcf3058411c6b988730ea7f380ff749403ab4,1,6.325882,2026-08-26T14:13:53.049067+00:00,2026-08-26T14:13:59.374949+00:00,1787753633.049067,1787753639.374949
QWEN37_F1,qwen37f1_818f412579461024d2b0,v2e2_eabe3c90461f173e872b,qwen37_plus_direct,C2,canonical,2,1,15,battery_capacity_derating,easy,autumn,sacramento,6,90,22.5,150.0,250.0,-100.0,100.0,canonical_lower,100.0,True,f59ee9feafd3b24dfda6da1aa0fcac428b3338b8db17407f828b76443f72c273,5625.0,False,True,True,True,False,False,False,0.0,0.0,False,0.0,0.0,True,5033.75,215900.0,False,0.0,0.0,True,5168.75,5168.75,85,215900.0,False,False,636.145598510063,False,0.0,0.0,False,0.0,0.0,True,5033.75,215900.0,False,0.0,0.0,True,5168.75,5168.75,85,215900.0,False,False,636.145598510063,qwen3.7-plus,,c06f1cde20b0c6b2d41b3ea3ca1234068f7c4552790f0e53564e717c9f1d4012,c55165a69672f4e6cbc49d7ffe8ea7543fe95d8d6f85b764e7492a537bd76cbf,1,1.759939,2026-08-26T14:13:34.756894+00:00,2026-08-26T14:13:36.516833+00:00,1787753614.756894,1787753616.516833
QWEN37_F1,qwen37f1_818f412579461024d2b0,v2e2_eabe3c90461f173e872b,qwen37_plus_direct,S2,stale,2,2,15,battery_capacity_derating,easy,autumn,sacramento,6,90,22.5,150.0,250.0,-100.0,100.0,canonical_lower,100.0,True,36d1e1492376af5ea0e28dbc06947381eea6c17e34752995f55eec70839ded9d,562.5,False,True,True,True,False,False,False,0.0,0.0,False,0.0,0.0,True,324.375,9023.4375,False,0.0,0.0,True,459.375,459.375,55,9023.4375,False,False,327.45327438506337,False,0.0,0.0,False,0.0,0.0,True,224.375,4352.1875,False,0.0,0.0,True,359.375,359.375,38,4352.1875,False,False,327.45327438506337,qwen3.7-plus,,e248035d85ff3cb010e3324ec72991c13ca52b17836cd0d7c132796e47381273,a418754eda7eb85a5c893ae80a6c8e16f18a9498fe3730553f51b33795befde3,1,1.578899,2026-08-26T14:13:36.542624+00:00,2026-08-26T14:13:38.121523+00:00,1787753616.542624,1787753618.121523
QWEN37_F1,qwen37f1_818f412579461024d2b0,v2e2_eabe3c90461f173e872b,qwen37_plus_direct,C1,canonical,1,3,15,battery_capacity_derating,easy,autumn,sacramento,6,90,22.5,150.0,250.0,-100.0,100.0,canonical_lower,100.0,True,f59ee9feafd3b24dfda6da1aa0fcac428b3338b8db17407f828b76443f72c273,5625.0,False,True,True,True,False,False,False,0.0,0.0,False,0.0,0.0,True,5033.75,215900.0,False,0.0,0.0,True,5168.75,5168.75,85,215900.0,False,False,636.145598510063,False,0.0,0.0,False,0.0,0.0,True,5033.75,215900.0,False,0.0,0.0,True,5168.75,5168.75,85,215900.0,False,False,636.145598510063,qwen3.7-plus,,c06f1cde20b0c6b2d41b3ea3ca1234068f7c4552790f0e53564e717c9f1d4012,c55165a69672f4e6cbc49d7ffe8ea7543fe95d8d6f85b764e7492a537bd76cbf,1,1.156496,2026-08-26T14:13:38.149004+00:00,2026-08-26T14:13:39.305500+00:00,1787753618.149004,1787753619.3055
QWEN37_F1,qwen37f1_818f412579461024d2b0,v2e2_eabe3c90461f173e872b,qwen37_plus_direct,S1,stale,1,4,15,battery_capacity_derating,easy,autumn,sacramento,6,90,22.5,150.0,250.0,-100.0,100.0,canonical_lower,100.0,True,9d3a7b4c179ce2903ec4a98862e500eacfd2ab51cc103c46b45a8b5b92cc281c,787.5,False,True,True,True,False,False,False,0.0,0.0,False,0.0,0.0,True,538.125,17688.125,False,0.0,0.0,True,673.125,673.125,65,17688.125,False,False,341.17293323506226,False,0.0,0.0,False,0.0,0.0,True,438.125,11766.0,False,0.0,0.0,True,573.125,573.125,53,11766.0,False,False,341.17293323506226,qwen3.7-plus,,e248035d85ff3cb010e3324ec72991c13ca52b17836cd0d7c132796e47381273,a418754eda7eb85a5c893ae80a6c8e16f18a9498fe3730553f51b33795befde3,1,1.37935,2026-08-26T14:13:39.336920+00:00,2026-08-26T14:13:40.716270+00:00,1787753619.33692,1787753620.71627
QWEN37_F1,qwen37f1_86c207b5817e368dedb6,v2e2_e6c8a896df3972a400a6,qwen37_plus_direct,C2,canonical,2,1,13,reserve_commitment_update,medium,summer,fresno,4,92,23.0,175.0,250.0,-75.0,75.0,canonical_lower,75.0,True,e13cf2947d2ef6eb5a1cfc4816545b6479f271da5c130d518748c0c12124bd31,374.9989000000001,False,True,True,True,False,False,False,0.0,0.0,False,0.0,0.0,True,31.248954999999228,141.83882999999219,False,0.0,0.0,True,206.24895499999923,206.24895499999923,9,141.83882999999219,False,False,420.1154764799428,False,0.0,0.0,False,0.0,0.0,True,31.248954999999228,141.83882999999219,False,0.0,0.0,True,206.24895499999923,206.24895499999923,9,141.83882999999219,False,False,420.1154764799428,qwen3.7-plus,,5479e040a60840168028fb34be147c09e7d1ec4225a7c5f47e6a9409923577ee,384a20b8f5669e40377c6da59972bacad352a6eaf8d9a7eed8044ce43e17dee1,1,1.655203,2026-08-26T14:13:29.077661+00:00,2026-08-26T14:13:30.732864+00:00,1787753609.077661,1787753610.732864
QWEN37_F1,qwen37f1_86c207b5817e368dedb6,v2e2_e6c8a896df3972a400a6,qwen37_plus_direct,S2,stale,2,2,13,reserve_commitment_update,medium,summer,fresno,4,92,23.0,175.0,250.0,-75.0,75.0,canonical_lower,75.0,True,7431e6eee2e267cb1ba01974c1488da6b5b4db11daacf0eb17ac0deff21e8291,387.31999999999994,False,True,True,True,False,False,False,0.0,0.0,False,0.0,0.0,True,117.95400000000109,1798.8375000000274,False,0.0,0.0,True,292.9540000000011,292.9540000000011,30,1798.8375000000274,False,False,420.8111772720699,False,0.0,0.0,False,0.0,0.0,True,42.95400000000109,252.52150000001132,False,0.0,0.0,True,217.9540000000011,217.9540000000011,11,252.52150000001132,False,False,420.8111772720699,qwen3.7-plus,,cbf7f41cb9381ef30100559326da80bd02feec3041738ecb5298d1dc947044eb,a1cfc597f4c5c2a687329a8bd1ba500acddb0f28c0907ee5febe08767b0876aa,1,1.474219,2026-08-26T14:13:30.760867+00:00,2026-08-26T14:13:32.235086+00:00,1787753610.760867,1787753612.235086
QWEN37_F1,qwen37f1_86c207b5817e368dedb6,v2e2_e6c8a896df3972a400a6,qwen37_plus_direct,C1,canonical,1,3,13,reserve_commitment_update,medium,summer,fresno,4,92,23.0,175.0,250.0,-75.0,75.0,canonical_lower,75.0,True,cf47db740caa6104de8115e1632cc94e0303545bc75a5521b37d7aad8eb5a938,379.5,False,True,True,True,False,False,False,0.0,0.0,False,0.0,0.0,True,35.524999999999295,178.90624999999125,False,0.0,0.0,True,210.5249999999993,210.5249999999993,10,178.90624999999125,False,False,420.3696273946699,False,0.0,0.0,False,0.0,0.0,True,35.524999999999295,178.90624999999125,False,0.0,0.0,True,210.5249999999993,210.5249999999993,10,178.90624999999125,False,False,420.3696273946699,qwen3.7-plus,,5479e040a60840168028fb34be147c09e7d1ec4225a7c5f47e6a9409923577ee,384a20b8f5669e40377c6da59972bacad352a6eaf8d9a7eed8044ce43e17dee1,1,1.240799,2026-08-26T14:13:32.267861+00:00,2026-08-26T14:13:33.508660+00:00,1787753612.267861,1787753613.50866
QWEN37_F1,qwen37f1_86c207b5817e368dedb6,v2e2_e6c8a896df3972a400a6,qwen37_plus_direct,S1,stale,1,4,13,reserve_commitment_update,medium,summer,fresno,4,92,23.0,175.0,250.0,-75.0,75.0,canonical_lower,75.0,True,c1ce617d1dfc52dced716a8a9100b47b3bb14ce2cabefcea2d52ab374086c447,374.90000000000003,False,True,True,True,False,False,False,0.0,0.0,False,0.0,0.0,True,106.15499999999918,1509.0074999999651,False,0.0,0.0,True,281.1549999999992,281.1549999999992,28,1509.0074999999651,False,False,420.1098921726701,False,0.0,0.0,False,0.0,0.0,True,31.154999999998495,141.02999999998588,False,0.0,0.0,True,206.1549999999985,206.1549999999985,9,141.02999999998588,False,False,420.1098921726701,qwen3.7-plus,,cbf7f41cb9381ef30100559326da80bd02feec3041738ecb5298d1dc947044eb,a1cfc597f4c5c2a687329a8bd1ba500acddb0f28c0907ee5febe08767b0876aa,1,2.032296,2026-08-26T14:13:33.541174+00:00,2026-08-26T14:13:35.573470+00:00,1787753613.541174,1787753615.57347
QWEN37_F1,qwen37f1_89848d513923ab2382f4,v2e2_7b2e0628b0d7b7a4badd,qwen37_plus_direct,C1,canonical,1,1,48,power_limit_derating,medium,summer,fresno,4,92,23.0,350.0,250.0,100.0,100.0,canonical_higher,100.0,True,cbf814a71888caec86c9e74ed73ec0ac85b14c262e5a4cb5a0e4a48881de586c,310.5,False,True,True,True,False,False,False,0.0,0.0,True,51.84210526315729,404.60526315788553,False,0.0,0.0,False,0.0,0.0,True,301.8421052631573,-301.8421052631573,15,404.60526315788553,False,False,281.4547225394239,False,0.0,0.0,True,51.84210526315729,404.60526315788553,False,0.0,0.0,False,0.0,0.0,True,301.8421052631573,-301.8421052631573,15,404.60526315788553,False,False,281.4547225394239,qwen3.7-plus,,442815f9a079d83beaf7de6666b51c1a3e5d1c8dc33fb7ed1a236e5c5181d112,ff830597bda36dc9c9967433b1cabe725ba58dfe9937788f1adb9b947130784b,1,1.390622,2026-08-26T14:14:06.743092+00:00,2026-08-26T14:14:08.133714+00:00,1787753646.743092,1787753648.133714
QWEN37_F1,qwen37f1_89848d513923ab2382f4,v2e2_7b2e0628b0d7b7a4badd,qwen37_plus_direct,S1,stale,1,2,48,power_limit_derating,medium,summer,fresno,4,92,23.0,350.0,250.0,100.0,100.0,canonical_higher,100.0,True,e13cf2947d2ef6eb5a1cfc4816545b6479f271da5c130d518748c0c12124bd31,374.9989000000001,False,True,True,True,False,False,False,0.0,0.0,False,0.0,0.0,True,106.24895499999991,1511.252207499983,False,0.0,0.0,True,281.2489549999999,281.2489549999999,28,1511.2522074999824,False,False,314.92105818736394,False,0.0,0.0,False,0.0,0.0,True,206.24895500000127,5596.223411250012,False,0.0,0.0,True,381.2489550000013,381.2489550000013,54,5596.223411250013,False,False,314.92105818736394,qwen3.7-plus,,e1f709aa3fac89434faa6c842c4c64b052c9026b3f7e975bee8c3092ceda8a6e,8aab552e97ab9fee113bc0e72298c9160b4e1adc9b666c54ae94e83af177160a,1,1.166586,2026-08-26T14:14:08.161578+00:00,2026-08-26T14:14:09.328164+00:00,1787753648.161578,1787753649.328164
QWEN37_F1,qwen37f1_89848d513923ab2382f4,v2e2_7b2e0628b0d7b7a4badd,qwen37_plus_direct,C2,canonical,2,3,48,power_limit_derating,medium,summer,fresno,4,92,23.0,350.0,250.0,100.0,100.0,canonical_higher,100.0,True,cbf814a71888caec86c9e74ed73ec0ac85b14c262e5a4cb5a0e4a48881de586c,310.5,False,True,True,True,False,False,False,0.0,0.0,True,51.84210526315729,404.60526315788553,False,0.0,0.0,False,0.0,0.0,True,301.8421052631573,-301.8421052631573,15,404.60526315788553,False,False,281.4547225394239,False,0.0,0.0,True,51.84210526315729,404.60526315788553,False,0.0,0.0,False,0.0,0.0,True,301.8421052631573,-301.8421052631573,15,404.60526315788553,False,False,281.4547225394239,qwen3.7-plus,,442815f9a079d83beaf7de6666b51c1a3e5d1c8dc33fb7ed1a236e5c5181d112,ff830597bda36dc9c9967433b1cabe725ba58dfe9937788f1adb9b947130784b,1,1.428039,2026-08-26T14:14:09.360173+00:00,2026-08-26T14:14:10.788212+00:00,1787753649.360173,1787753650.788212
QWEN37_F1,qwen37f1_89848d513923ab2382f4,v2e2_7b2e0628b0d7b7a4badd,qwen37_plus_direct,S2,stale,2,4,48,power_limit_derating,medium,summer,fresno,4,92,23.0,350.0,250.0,100.0,100.0,canonical_higher,100.0,True,e13cf2947d2ef6eb5a1cfc4816545b6479f271da5c130d518748c0c12124bd31,374.9989000000001,False,True,True,True,False,False,False,0.0,0.0,False,0.0,0.0,True,106.24895499999991,1511.252207499983,False,0.0,0.0,True,281.2489549999999,281.2489549999999,28,1511.2522074999824,False,False,314.92105818736394,False,0.0,0.0,False,0.0,0.0,True,206.24895500000127,5596.223411250012,False,0.0,0.0,True,381.2489550000013,381.2489550000013,54,5596.223411250013,False,False,314.92105818736394,qwen3.7-plus,,e1f709aa3fac89434faa6c842c4c64b052c9026b3f7e975bee8c3092ceda8a6e,8aab552e97ab9fee113bc0e72298c9160b4e1adc9b666c54ae94e83af177160a,1,1.615698,2026-08-26T14:14:10.814695+00:00,2026-08-26T14:14:12.430393+00:00,1787753650.814695,1787753652.430393
QWEN37_F1,qwen37f1_8f159fe10d063d56228e,v2e2_ade91af586194aa1b583,qwen37_plus_direct,S1,stale,1,1,40,battery_capacity_derating,medium,autumn,san_diego,5,91,22.75,300.0,250.0,50.0,50.0,canonical_higher,50.0,True,918246868d17cbd03a144a3c7c589fa5c8f1d110ca61b465767dfb46d5f5a368,74.61999999999999,False,True,True,True,False,False,False,0.0,0.0,False,0.0,0.0,False,0.0,0.0,False,0.0,0.0,True,4.111000000000331,-4.111000000000331,0,0.0,True,False,468.1317108139647,False,0.0,0.0,False,0.0,0.0,False,0.0,0.0,False,0.0,0.0,True,45.88899999999967,45.88899999999967,0,0.0,True,False,468.1317108139647,qwen3.7-plus,,ef63d9497cb414140d02af4f4bfc3e31f2ab1940bf75ac63a5f572dbea386123,87c85cdac7a77235607b4159d32b87b2e0cda6776fe72116a0368db4a07a4f55,1,2.785957,2026-08-26T14:13:59.016492+00:00,2026-08-26T14:14:01.802449+00:00,1787753639.016492,1787753641.802449
QWEN37_F1,qwen37f1_8f159fe10d063d56228e,v2e2_ade91af586194aa1b583,qwen37_plus_direct,C2,canonical,2,2,40,battery_capacity_derating,medium,autumn,san_diego,5,91,22.75,300.0,250.0,50.0,50.0,canonical_higher,50.0,True,f72bb749a2ec5fe51da0e86ac561e25e004d96d08380645768afc4adbe8be69c,568.75,False,True,True,True,False,False,False,0.0,0.0,False,0.0,0.0,True,440.3125,16546.875,False,0.0,0.0,True,515.3125,515.3125,75,16546.875,False,False,500.4331685383665,False,0.0,0.0,False,0.0,0.0,True,440.3125,16546.875,False,0.0,0.0,True,515.3125,515.3125,75,16546.875,False,False,500.4331685383665,qwen3.7-plus,,5dbd15f884d7b5ca33b48b3d5d8651850d8f00ce4efa3843ecf8c190ebd297a0,3637db29a91d5e473c352e584518d5482856d7ef9e14ae778d2926057f7117d6,1,2.624145,2026-08-26T14:14:01.827745+00:00,2026-08-26T14:14:04.451890+00:00,1787753641.827745,1787753644.45189
QWEN37_F1,qwen37f1_8f159fe10d063d56228e,v2e2_ade91af586194aa1b583,qwen37_plus_direct,S2,stale,2,3,40,battery_capacity_derating,medium,autumn,san_diego,5,91,22.75,300.0,250.0,50.0,50.0,canonical_higher,50.0,True,918246868d17cbd03a144a3c7c589fa5c8f1d110ca61b465767dfb46d5f5a368,74.61999999999999,False,True,True,True,False,False,False,0.0,0.0,False,0.0,0.0,False,0.0,0.0,False,0.0,0.0,True,4.111000000000331,-4.111000000000331,0,0.0,True,False,468.1317108139647,False,0.0,0.0,False,0.0,0.0,False,0.0,0.0,False,0.0,0.0,True,45.88899999999967,45.88899999999967,0,0.0,True,False,468.1317108139647,qwen3.7-plus,,ef63d9497cb414140d02af4f4bfc3e31f2ab1940bf75ac63a5f572dbea386123,87c85cdac7a77235607b4159d32b87b2e0cda6776fe72116a0368db4a07a4f55,1,1.035227,2026-08-26T14:14:04.506253+00:00,2026-08-26T14:14:05.541480+00:00,1787753644.506253,1787753645.54148
QWEN37_F1,qwen37f1_8f159fe10d063d56228e,v2e2_ade91af586194aa1b583,qwen37_plus_direct,C1,canonical,1,4,40,battery_capacity_derating,medium,autumn,san_diego,5,91,22.75,300.0,250.0,50.0,50.0,canonical_higher,50.0,True,f72bb749a2ec5fe51da0e86ac561e25e004d96d08380645768afc4adbe8be69c,568.75,False,True,True,True,False,False,False,0.0,0.0,False,0.0,0.0,True,440.3125,16546.875,False,0.0,0.0,True,515.3125,515.3125,75,16546.875,False,False,500.4331685383665,False,0.0,0.0,False,0.0,0.0,True,440.3125,16546.875,False,0.0,0.0,True,515.3125,515.3125,75,16546.875,False,False,500.4331685383665,qwen3.7-plus,,5dbd15f884d7b5ca33b48b3d5d8651850d8f00ce4efa3843ecf8c190ebd297a0,3637db29a91d5e473c352e584518d5482856d7ef9e14ae778d2926057f7117d6,1,1.170891,2026-08-26T14:14:05.573659+00:00,2026-08-26T14:14:06.744550+00:00,1787753645.573659,1787753646.74455
QWEN37_F1,qwen37f1_9cc27ff15b109646cfaf,v2e2_90357feca5a42c2b5eee,qwen37_plus_direct,C1,canonical,1,1,26,forecast_revision,medium,spring,los_angeles,6,90,22.5,175.0,250.0,-75.0,75.0,canonical_lower,75.0,True,6a5ea58d7eafbbb3c09ab4e5f8f0837ea0ab76ed6ad664dd79bd21b5df6f1cc1,379.1249999999999,False,True,True,True,False,False,False,0.0,0.0,False,0.0,0.0,True,35.16874999999948,172.451249999994,False,0.0,0.0,True,210.16874999999948,210.16874999999948,9,172.451249999994,False,False,201.06858519153133,False,0.0,0.0,False,0.0,0.0,True,35.16874999999948,172.451249999994,False,0.0,0.0,True,210.16874999999948,210.16874999999948,9,172.451249999994,False,False,201.06858519153133,qwen3.7-plus,,fb8d5e83d7fa832d70bcf95c617122c43b89cc292afe723361a1f80bf3f1e208,c42e92aef32057c113775e1e8ef546ffe825dc3412d50205aeb774a314f1208b,1,1.749163,2026-08-26T14:13:44.078228+00:00,2026-08-26T14:13:45.827391+00:00,1787753624.078228,1787753625.827391
QWEN37_F1,qwen37f1_9cc27ff15b109646cfaf,v2e2_90357feca5a42c2b5eee,qwen37_plus_direct,S1,stale,1,2,26,forecast_revision,medium,spring,los_angeles,6,90,22.5,175.0,250.0,-75.0,75.0,canonical_lower,75.0,True,36d1e1492376af5ea0e28dbc06947381eea6c17e34752995f55eec70839ded9d,562.5,False,True,True,True,False,False,False,0.0,0.0,False,0.0,0.0,True,284.375,6952.5,False,0.0,0.0,True,459.375,459.375,48,6952.5,False,False,208.75258616228135,False,0.0,0.0,False,0.0,0.0,True,209.375,3796.875,False,0.0,0.0,True,384.375,384.375,36,3796.875,False,False,208.75258616228135,qwen3.7-plus,,cee6fa91d52dd4053e1a8ebaff92c0e50266552d31bbbbf342d5ae69bffefa96,f5f1fbd3657d92b8776be80bcd0a4918ed9f0baac0ae0bd210105643dd50c904,1,1.495012,2026-08-26T14:13:45.859120+00:00,2026-08-26T14:13:47.354132+00:00,1787753625.85912,1787753627.354132
QWEN37_F1,qwen37f1_9cc27ff15b109646cfaf,v2e2_90357feca5a42c2b5eee,qwen37_plus_direct,C2,canonical,2,3,26,forecast_revision,medium,spring,los_angeles,6,90,22.5,175.0,250.0,-75.0,75.0,canonical_lower,75.0,True,6a5ea58d7eafbbb3c09ab4e5f8f0837ea0ab76ed6ad664dd79bd21b5df6f1cc1,379.1249999999999,False,True,True,True,False,False,False,0.0,0.0,False,0.0,0.0,True,35.16874999999948,172.451249999994,False,0.0,0.0,True,210.16874999999948,210.16874999999948,9,172.451249999994,False,False,201.06858519153133,False,0.0,0.0,False,0.0,0.0,True,35.16874999999948,172.451249999994,False,0.0,0.0,True,210.16874999999948,210.16874999999948,9,172.451249999994,False,False,201.06858519153133,qwen3.7-plus,,fb8d5e83d7fa832d70bcf95c617122c43b89cc292afe723361a1f80bf3f1e208,c42e92aef32057c113775e1e8ef546ffe825dc3412d50205aeb774a314f1208b,1,1.546016,2026-08-26T14:13:47.379542+00:00,2026-08-26T14:13:48.925558+00:00,1787753627.379542,1787753628.925558
QWEN37_F1,qwen37f1_9cc27ff15b109646cfaf,v2e2_90357feca5a42c2b5eee,qwen37_plus_direct,S2,stale,2,4,26,forecast_revision,medium,spring,los_angeles,6,90,22.5,175.0,250.0,-75.0,75.0,canonical_lower,75.0,True,baf687b1e42f6434855af40105ed27417629050e4720f18a8c0cddca32f7d2ec,74.99249999999999,False,True,True,True,False,False,False,0.0,0.0,False,0.0,0.0,False,0.0,0.0,False,0.0,0.0,True,3.7571250000007694,-3.7571250000007694,0,0.0,True,False,188.32445744654567,False,0.0,0.0,False,0.0,0.0,False,0.0,0.0,False,0.0,0.0,True,78.75712500000077,-78.75712500000077,0,0.0,True,False,188.32445744654567,qwen3.7-plus,,cee6fa91d52dd4053e1a8ebaff92c0e50266552d31bbbbf342d5ae69bffefa96,f5f1fbd3657d92b8776be80bcd0a4918ed9f0baac0ae0bd210105643dd50c904,1,1.630456,2026-08-26T14:13:48.952443+00:00,2026-08-26T14:13:50.582899+00:00,1787753628.952443,1787753630.582899
QWEN37_F1,qwen37f1_9d240b5f2e3af4418515,v2e2_57ed2833756fcc2a81f4,qwen37_plus_direct,C1,canonical,1,1,0,export_limit_update,easy,winter,los_angeles,7,89,22.25,150.0,250.0,-100.0,100.0,canonical_lower,100.0,True,9086d0da451f2ac43ec9df6ff3c998118513b231374b65fe31221bbdbd70ed9e,5562.5,False,True,True,True,False,False,False,0.0,0.0,False,0.0,0.0,True,4934.375,207506.25,False,0.0,0.0,True,5109.375,5109.375,84,207506.25,False,False,1785.8702245022796,False,0.0,0.0,False,0.0,0.0,True,4934.375,207506.25,False,0.0,0.0,True,5109.375,5109.375,84,207506.25,False,False,1785.8702245022796,qwen3.7-plus,,9b8e51db42d73df367f1d5a14f79376b879521a04fbc6bc0811c06df735fd1b4,a7b179521e23547c0e3d048cc4bc93c2274318ee221c41e0d10cb656ef334d11,1,4.019672,2026-08-26T14:13:19.097454+00:00,2026-08-26T14:13:23.117126+00:00,1787753599.097454,1787753603.117126
QWEN37_F1,qwen37f1_9d240b5f2e3af4418515,v2e2_57ed2833756fcc2a81f4,qwen37_plus_direct,S1,stale,1,2,0,export_limit_update,easy,winter,los_angeles,7,89,22.25,150.0,250.0,-100.0,100.0,canonical_lower,100.0,True,e775a4ac54ab3a72c9cdb0dd548eec9af716b52be786d407836b3c8ea2692fca,556.25,False,True,True,True,False,False,False,0.0,0.0,False,0.0,0.0,True,278.4375,6668.125,False,0.0,0.0,True,453.4375,453.4375,47,6668.125,False,False,1146.4335557522777,False,0.0,0.0,False,0.0,0.0,True,178.4375,2770.625,False,0.0,0.0,True,353.4375,353.4375,31,2770.625,False,False,1146.4335557522777,qwen3.7-plus,,c0330a05e986a19dd5426b1b4d4f266520fd47eade08e58910b1c89a88b318f9,2df7014d4a2f44b6743ff6cee8a3346580dad31977036121595f5bb7b254f4cc,1,1.674929,2026-08-26T14:13:23.143641+00:00,2026-08-26T14:13:24.818570+00:00,1787753603.143641,1787753604.81857
QWEN37_F1,qwen37f1_9d240b5f2e3af4418515,v2e2_57ed2833756fcc2a81f4,qwen37_plus_direct,C2,canonical,2,3,0,export_limit_update,easy,winter,los_angeles,7,89,22.25,150.0,250.0,-100.0,100.0,canonical_lower,100.0,True,9086d0da451f2ac43ec9df6ff3c998118513b231374b65fe31221bbdbd70ed9e,5562.5,False,True,True,True,False,False,False,0.0,0.0,False,0.0,0.0,True,4934.375,207506.25,False,0.0,0.0,True,5109.375,5109.375,84,207506.25,False,False,1785.8702245022796,False,0.0,0.0,False,0.0,0.0,True,4934.375,207506.25,False,0.0,0.0,True,5109.375,5109.375,84,207506.25,False,False,1785.8702245022796,qwen3.7-plus,,9b8e51db42d73df367f1d5a14f79376b879521a04fbc6bc0811c06df735fd1b4,a7b179521e23547c0e3d048cc4bc93c2274318ee221c41e0d10cb656ef334d11,1,1.35263,2026-08-26T14:13:24.848149+00:00,2026-08-26T14:13:26.200779+00:00,1787753604.848149,1787753606.200779
QWEN37_F1,qwen37f1_9d240b5f2e3af4418515,v2e2_57ed2833756fcc2a81f4,qwen37_plus_direct,S2,stale,2,4,0,export_limit_update,easy,winter,los_angeles,7,89,22.25,150.0,250.0,-100.0,100.0,canonical_lower,100.0,True,e775a4ac54ab3a72c9cdb0dd548eec9af716b52be786d407836b3c8ea2692fca,556.25,False,True,True,True,False,False,False,0.0,0.0,False,0.0,0.0,True,278.4375,6668.125,False,0.0,0.0,True,453.4375,453.4375,47,6668.125,False,False,1146.4335557522777,False,0.0,0.0,False,0.0,0.0,True,178.4375,2770.625,False,0.0,0.0,True,353.4375,353.4375,31,2770.625,False,False,1146.4335557522777,qwen3.7-plus,,c0330a05e986a19dd5426b1b4d4f266520fd47eade08e58910b1c89a88b318f9,2df7014d4a2f44b6743ff6cee8a3346580dad31977036121595f5bb7b254f4cc,1,2.426927,2026-08-26T14:13:26.228560+00:00,2026-08-26T14:13:28.655487+00:00,1787753606.22856,1787753608.655487
QWEN37_F1,qwen37f1_9fa481f802e4a10b7994,v2e2_a7c71f5aa3db3e32fdd1,qwen37_plus_direct,C2,canonical,2,1,11,power_limit_derating,hard,spring,fresno,4,92,23.0,350.0,250.0,100.0,100.0,canonical_higher,100.0,True,472104ca527305691d2de1580fd6c2aed00f12dc0eeb755556a43ff731a2acdd,3565.0,False,True,True,True,False,False,False,0.0,0.0,True,3477.631578947367,149990.78947368424,False,0.0,0.0,False,0.0,0.0,True,3727.631578947367,-3727.631578947367,86,149990.78947368424,False,False,249.37727754460278,False,0.0,0.0,True,3477.631578947367,149990.78947368424,False,0.0,0.0,False,0.0,0.0,True,3727.631578947367,-3727.631578947367,86,149990.78947368424,False,False,249.37727754460278,qwen3.7-plus,,29fde8a925870b86ed6c643468c9fe870dc4cc2ef7819de605486e8ddafcef69,089ccf7033a631c363777148040a440aa3980ecd11536d10de54b3f875f32ff2,1,2.496439,2026-08-26T14:13:28.266439+00:00,2026-08-26T14:13:30.762878+00:00,1787753608.266439,1787753610.762878
QWEN37_F1,qwen37f1_9fa481f802e4a10b7994,v2e2_a7c71f5aa3db3e32fdd1,qwen37_plus_direct,S2,stale,2,2,11,power_limit_derating,hard,spring,fresno,4,92,23.0,350.0,250.0,100.0,100.0,canonical_higher,100.0,True,7059773acbe60fd02ac1225d4b51dd3fd0a86b52252614bb8ab37b5b3e19f129,364.78,False,True,True,True,False,False,False,0.0,0.0,False,0.0,0.0,True,96.54100000000017,1285.8722500000038,False,0.0,0.0,True,271.54100000000017,271.54100000000017,26,1285.8722500000038,False,False,391.743117451803,False,0.0,0.0,False,0.0,0.0,True,196.54100000000017,5226.091500000007,False,0.0,0.0,True,371.54100000000017,371.54100000000017,53,5226.091500000005,False,False,391.743117451803,qwen3.7-plus,,d45e4845521ec557834a3eacb2a521c4d21c561afd17f635f6729032da66daa2,70098c469ef85af8794665228279d191b6955b0547096aebe34d479691089348,1,6.384559,2026-08-26T14:13:30.790282+00:00,2026-08-26T14:13:37.174841+00:00,1787753610.790282,1787753617.174841
QWEN37_F1,qwen37f1_9fa481f802e4a10b7994,v2e2_a7c71f5aa3db3e32fdd1,qwen37_plus_direct,C1,canonical,1,3,11,power_limit_derating,hard,spring,fresno,4,92,23.0,350.0,250.0,100.0,100.0,canonical_higher,100.0,True,472104ca527305691d2de1580fd6c2aed00f12dc0eeb755556a43ff731a2acdd,3565.0,False,True,True,True,False,False,False,0.0,0.0,True,3477.631578947367,149990.78947368424,False,0.0,0.0,False,0.0,0.0,True,3727.631578947367,-3727.631578947367,86,149990.78947368424,False,False,249.37727754460278,False,0.0,0.0,True,3477.631578947367,149990.78947368424,False,0.0,0.0,False,0.0,0.0,True,3727.631578947367,-3727.631578947367,86,149990.78947368424,False,False,249.37727754460278,qwen3.7-plus,,29fde8a925870b86ed6c643468c9fe870dc4cc2ef7819de605486e8ddafcef69,089ccf7033a631c363777148040a440aa3980ecd11536d10de54b3f875f32ff2,1,0.881777,2026-08-26T14:13:37.211023+00:00,2026-08-26T14:13:38.092800+00:00,1787753617.211023,1787753618.0928
QWEN37_F1,qwen37f1_9fa481f802e4a10b7994,v2e2_a7c71f5aa3db3e32fdd1,qwen37_plus_direct,S1,stale,1,4,11,power_limit_derating,hard,spring,fresno,4,92,23.0,350.0,250.0,100.0,100.0,canonical_higher,100.0,True,23cd904e05dc77458353892d5f14d947eba44b207c53c72781ee8e10c1307fa8,37.48999999999998,False,True,True,True,False,False,False,0.0,0.0,False,0.0,0.0,False,0.0,0.0,False,0.0,0.0,True,39.38449999999807,-39.38449999999807,0,0.0,True,False,375.13568972220315,False,0.0,0.0,False,0.0,0.0,False,0.0,0.0,False,0.0,0.0,True,60.615500000002385,60.615500000002385,0,0.0,True,False,375.13568972220315,qwen3.7-plus,,d45e4845521ec557834a3eacb2a521c4d21c561afd17f635f6729032da66daa2,70098c469ef85af8794665228279d191b6955b0547096aebe34d479691089348,1,1.227249,2026-08-26T14:13:38.119655+00:00,2026-08-26T14:13:39.346904+00:00,1787753618.119655,1787753619.346904
QWEN37_F1,qwen37f1_a308bdf50eab9a3e3f68,v2e2_394e89f7d166924e9409,qwen37_plus_direct,S2,stale,2,1,55,export_limit_update,easy,winter,fresno,5,91,22.75,175.0,250.0,-75.0,75.0,canonical_lower,75.0,True,f72bb749a2ec5fe51da0e86ac561e25e004d96d08380645768afc4adbe8be69c,568.75,False,True,True,True,False,False,False,0.0,0.0,False,0.0,0.0,True,290.3125,7242.8125,False,0.0,0.0,True,465.3125,465.3125,49,7242.8125,False,False,721.0567513573354,False,0.0,0.0,False,0.0,0.0,True,215.3125,4012.1875,False,0.0,0.0,True,390.3125,390.3125,37,4012.1875,False,False,721.0567513573354,qwen3.7-plus,,41d1680b9f2a8f839e2e73392c9e47e85dab65ddbaa4989009a85f48cbec9faf,05f8c519ffa5e75ffba881323da4d24e31cb731bbdff0e58cc52b0cdd33dfa53,1,2.635028,2026-08-26T14:14:13.227699+00:00,2026-08-26T14:14:15.862727+00:00,1787753653.227699,1787753655.862727
QWEN37_F1,qwen37f1_a308bdf50eab9a3e3f68,v2e2_394e89f7d166924e9409,qwen37_plus_direct,C1,canonical,1,2,55,export_limit_update,easy,winter,fresno,5,91,22.75,175.0,250.0,-75.0,75.0,canonical_lower,75.0,True,918246868d17cbd03a144a3c7c589fa5c8f1d110ca61b465767dfb46d5f5a368,74.61999999999999,False,True,True,True,False,False,False,0.0,0.0,False,0.0,0.0,False,0.0,0.0,False,0.0,0.0,True,79.11100000000033,-79.11100000000033,0,0.0,True,False,678.2766773392381,False,0.0,0.0,False,0.0,0.0,False,0.0,0.0,False,0.0,0.0,True,79.11100000000033,-79.11100000000033,0,0.0,True,False,678.2766773392381,qwen3.7-plus,,ef01986f3ec80ce6cd6d7f424c0b08bd7fcc6a068332dec4506c9a7bdfc8102b,80ea0d94dffd0eb9a5642c4cf9b4a06a997f14414dab508119ccb1b131629a1e,1,2.179255,2026-08-26T14:14:15.889347+00:00,2026-08-26T14:14:18.068602+00:00,1787753655.889347,1787753658.068602
QWEN37_F1,qwen37f1_a308bdf50eab9a3e3f68,v2e2_394e89f7d166924e9409,qwen37_plus_direct,S1,stale,1,3,55,export_limit_update,easy,winter,fresno,5,91,22.75,175.0,250.0,-75.0,75.0,canonical_lower,75.0,True,f72bb749a2ec5fe51da0e86ac561e25e004d96d08380645768afc4adbe8be69c,568.75,False,True,True,True,False,False,False,0.0,0.0,False,0.0,0.0,True,290.3125,7242.8125,False,0.0,0.0,True,465.3125,465.3125,49,7242.8125,False,False,721.0567513573354,False,0.0,0.0,False,0.0,0.0,True,215.3125,4012.1875,False,0.0,0.0,True,390.3125,390.3125,37,4012.1875,False,False,721.0567513573354,qwen3.7-plus,,41d1680b9f2a8f839e2e73392c9e47e85dab65ddbaa4989009a85f48cbec9faf,05f8c519ffa5e75ffba881323da4d24e31cb731bbdff0e58cc52b0cdd33dfa53,1,1.195159,2026-08-26T14:14:18.097607+00:00,2026-08-26T14:14:19.292766+00:00,1787753658.097607,1787753659.292766
QWEN37_F1,qwen37f1_a308bdf50eab9a3e3f68,v2e2_394e89f7d166924e9409,qwen37_plus_direct,C2,canonical,2,4,55,export_limit_update,easy,winter,fresno,5,91,22.75,175.0,250.0,-75.0,75.0,canonical_lower,75.0,True,918246868d17cbd03a144a3c7c589fa5c8f1d110ca61b465767dfb46d5f5a368,74.61999999999999,False,True,True,True,False,False,False,0.0,0.0,False,0.0,0.0,False,0.0,0.0,False,0.0,0.0,True,79.11100000000033,-79.11100000000033,0,0.0,True,False,678.2766773392381,False,0.0,0.0,False,0.0,0.0,False,0.0,0.0,False,0.0,0.0,True,79.11100000000033,-79.11100000000033,0,0.0,True,False,678.2766773392381,qwen3.7-plus,,ef01986f3ec80ce6cd6d7f424c0b08bd7fcc6a068332dec4506c9a7bdfc8102b,80ea0d94dffd0eb9a5642c4cf9b4a06a997f14414dab508119ccb1b131629a1e,1,1.616888,2026-08-26T14:14:19.327637+00:00,2026-08-26T14:14:20.944525+00:00,1787753659.327637,1787753660.944525
QWEN37_F1,qwen37f1_a41f3c6598a3f69c732d,v2e2_1a991ca6b21c0ed79241,qwen37_plus_direct,S1,stale,1,1,35,forecast_revision,hard,spring,sacramento,14,82,20.5,300.0,250.0,50.0,50.0,canonical_higher,50.0,True,bb2fdd68ed6b159f1ef3d65ddbc57483a8db7c193a126fb1169c810d4ee8cc65,187.57500000000002,False,True,True,True,False,False,False,0.0,0.0,False,0.0,0.0,False,0.0,0.0,False,0.0,0.0,True,103.19625000000218,103.19625000000218,0,0.0,True,False,366.067953873736,False,0.0,0.0,False,0.0,0.0,False,0.0,0.0,False,0.0,0.0,True,153.19625000000224,153.19625000000224,0,0.0,True,False,366.067953873736,qwen3.7-plus,,e5da5f26ba0fd02d48bcd646e6d238a7300b3bc9b8c807b16a83deb66eeaae99,d8ae2b32797701e479f937719f22b854b3f33b3e3de2ba428f4f12e153b69909,1,2.091009,2026-08-26T14:13:54.488834+00:00,2026-08-26T14:13:56.579843+00:00,1787753634.488834,1787753636.579843
QWEN37_F1,qwen37f1_a41f3c6598a3f69c732d,v2e2_1a991ca6b21c0ed79241,qwen37_plus_direct,C2,canonical,2,2,35,forecast_revision,hard,spring,sacramento,14,82,20.5,300.0,250.0,50.0,50.0,canonical_higher,50.0,True,1b4e455c9947e558cb2daeea9a32a852ae4cb7e891534db3ac5db551cdcdab74,31.364999999999995,False,True,True,True,False,False,False,0.0,0.0,False,0.0,0.0,False,0.0,0.0,False,0.0,0.0,True,4.796750000001566,4.796750000001566,0,0.0,True,False,359.0359608130358,False,0.0,0.0,False,0.0,0.0,False,0.0,0.0,False,0.0,0.0,True,4.796750000001566,4.796750000001566,0,0.0,True,False,359.0359608130358,qwen3.7-plus,,bd943b5cff961afb854e7e0ba4bf0f510ab5f01a26cb93df01397fae24d17c0a,a7b7cebab88fb9ef08918c1856ddc999a60ab8c7921810d5ee38e875acae4632,1,2.463621,2026-08-26T14:13:56.607178+00:00,2026-08-26T14:13:59.070799+00:00,1787753636.607178,1787753639.070799
QWEN37_F1,qwen37f1_a41f3c6598a3f69c732d,v2e2_1a991ca6b21c0ed79241,qwen37_plus_direct,S2,stale,2,3,35,forecast_revision,hard,spring,sacramento,14,82,20.5,300.0,250.0,50.0,50.0,canonical_higher,50.0,True,1b4e455c9947e558cb2daeea9a32a852ae4cb7e891534db3ac5db551cdcdab74,31.364999999999995,False,True,True,True,False,False,False,0.0,0.0,False,0.0,0.0,False,0.0,0.0,False,0.0,0.0,True,45.20324999999889,-45.20324999999889,0,0.0,True,False,359.0359608130358,False,0.0,0.0,False,0.0,0.0,False,0.0,0.0,False,0.0,0.0,True,4.796750000001566,4.796750000001566,0,0.0,True,False,359.0359608130358,qwen3.7-plus,,e5da5f26ba0fd02d48bcd646e6d238a7300b3bc9b8c807b16a83deb66eeaae99,d8ae2b32797701e479f937719f22b854b3f33b3e3de2ba428f4f12e153b69909,1,1.202428,2026-08-26T14:13:59.097474+00:00,2026-08-26T14:14:00.299902+00:00,1787753639.097474,1787753640.299902
QWEN37_F1,qwen37f1_a41f3c6598a3f69c732d,v2e2_1a991ca6b21c0ed79241,qwen37_plus_direct,C1,canonical,1,4,35,forecast_revision,hard,spring,sacramento,14,82,20.5,300.0,250.0,50.0,50.0,canonical_higher,50.0,True,201c392affd1d0b3bdf404cb0174b659c37a6127f844db57557a9302ff6271cd,27.470000000000002,False,True,True,True,False,False,False,0.0,0.0,False,0.0,0.0,False,0.0,0.0,False,0.0,0.0,True,1.0964999999981728,1.0964999999981728,0,0.0,True,False,358.8606224033855,False,0.0,0.0,False,0.0,0.0,False,0.0,0.0,False,0.0,0.0,True,1.0964999999981728,1.0964999999981728,0,0.0,True,False,358.8606224033855,qwen3.7-plus,,bd943b5cff961afb854e7e0ba4bf0f510ab5f01a26cb93df01397fae24d17c0a,a7b7cebab88fb9ef08918c1856ddc999a60ab8c7921810d5ee38e875acae4632,1,1.027336,2026-08-26T14:14:00.330411+00:00,2026-08-26T14:14:01.357747+00:00,1787753640.330411,1787753641.357747
QWEN37_F1,qwen37f1_ad373a37404f00160e88,v2e2_581afa30a65d6a5d08a5,qwen37_plus_direct,S1,stale,1,1,41,export_limit_update,hard,spring,fresno,6,90,22.5,350.0,250.0,100.0,100.0,canonical_higher,100.0,True,c3139e3601aaf78235612774bdfe96ba892a617e887cb7e2048aea0085cc05cb,78.75,False,True,True,True,True,False,False,0.0,0.0,False,0.0,0.0,False,0.0,0.0,False,0.0,0.0,False,0.18749999999897682,-0.18749999999897682,0,0.0,True,True,263.5010481071481,False,0.0,0.0,False,0.0,0.0,False,0.0,0.0,False,0.0,0.0,True,99.81250000000102,99.81250000000102,0,0.0,True,False,263.5010481071481,qwen3.7-plus,,830ae7789b587003f6c74bd89c8faf736bcecf3e4b6d5cc50a6384e20f6ea5d2,48c311dc74ee53171fac6ef9ba3eb66ca465fa206190a1f743b7e6e686ca831d,1,2.010478,2026-08-26T14:13:59.764476+00:00,2026-08-26T14:14:01.774954+00:00,1787753639.764476,1787753641.774954
QWEN37_F1,qwen37f1_ad373a37404f00160e88,v2e2_581afa30a65d6a5d08a5,qwen37_plus_direct,C2,canonical,2,2,41,export_limit_update,hard,spring,fresno,6,90,22.5,350.0,250.0,100.0,100.0,canonical_higher,100.0,True,d58edbfeaba9135830b1c2b3e49b72051cc9bf08046fd585fa1f14ec53c6c760,310.5,False,True,True,True,False,False,False,0.0,0.0,True,51.84210526315806,396.31578947368655,False,0.0,0.0,False,0.0,0.0,True,301.8421052631581,-301.8421052631581,15,396.31578947368655,False,False,255.22339384564813,False,0.0,0.0,True,51.84210526315806,396.31578947368655,False,0.0,0.0,False,0.0,0.0,True,301.8421052631581,-301.8421052631581,15,396.31578947368655,False,False,255.22339384564813,qwen3.7-plus,,50ba93e0e89a49909647ae1f5503eaec44486b4c7f4893d8a65a11d9296f3be5,23a7a9c465340fa909be93750c446852d99e3c522f69b81e9a6a1e55b93d4290,1,2.705335,2026-08-26T14:14:01.801773+00:00,2026-08-26T14:14:04.507108+00:00,1787753641.801773,1787753644.507108
QWEN37_F1,qwen37f1_ad373a37404f00160e88,v2e2_581afa30a65d6a5d08a5,qwen37_plus_direct,S2,stale,2,3,41,export_limit_update,hard,spring,fresno,6,90,22.5,350.0,250.0,100.0,100.0,canonical_higher,100.0,True,67f200ab0d372650c1a1bceddb82483cb82e9269c17536f88478f9c890200474,738.0000000000002,False,True,True,True,False,False,False,0.0,0.0,False,0.0,0.0,True,451.09999999999866,13286.929999999984,False,0.0,0.0,True,626.0999999999987,626.0999999999987,58,13286.929999999984,False,False,285.934439428648,False,0.0,0.0,False,0.0,0.0,True,551.0999999999979,19769.94999999994,False,0.0,0.0,True,726.0999999999979,726.0999999999979,71,19769.94999999994,False,False,285.934439428648,qwen3.7-plus,,830ae7789b587003f6c74bd89c8faf736bcecf3e4b6d5cc50a6384e20f6ea5d2,48c311dc74ee53171fac6ef9ba3eb66ca465fa206190a1f743b7e6e686ca831d,1,1.118033,2026-08-26T14:14:04.532967+00:00,2026-08-26T14:14:05.651000+00:00,1787753644.532967,1787753645.651
QWEN37_F1,qwen37f1_ad373a37404f00160e88,v2e2_581afa30a65d6a5d08a5,qwen37_plus_direct,C1,canonical,1,4,41,export_limit_update,hard,spring,fresno,6,90,22.5,350.0,250.0,100.0,100.0,canonical_higher,100.0,True,ef4bb78e99a520f1d1f211de7548f0db01c44ac127e230f48f3df1f1d0a7b811,312.3,False,True,True,True,False,False,False,0.0,0.0,True,53.73684210526285,422.526315789469,False,0.0,0.0,False,0.0,0.0,True,303.73684210526284,-303.73684210526284,15,422.526315789469,False,False,255.19094226524777,False,0.0,0.0,True,53.73684210526285,422.526315789469,False,0.0,0.0,False,0.0,0.0,True,303.73684210526284,-303.73684210526284,15,422.526315789469,False,False,255.19094226524777,qwen3.7-plus,,50ba93e0e89a49909647ae1f5503eaec44486b4c7f4893d8a65a11d9296f3be5,23a7a9c465340fa909be93750c446852d99e3c522f69b81e9a6a1e55b93d4290,1,1.45721,2026-08-26T14:14:05.681102+00:00,2026-08-26T14:14:07.138312+00:00,1787753645.681102,1787753647.138312
QWEN37_F1,qwen37f1_b7348f05df4f34cefd1d,v2e2_babe8da2420b974ae448,qwen37_plus_direct,S2,stale,2,1,45,battery_capacity_derating,medium,autumn,sacramento,6,90,22.5,200.0,250.0,-50.0,50.0,canonical_lower,50.0,True,d770cbb314f645051a8712f10c5a8e267ba01bedbe5263a1f0a67dbc51c2de69,74.92499999999997,False,True,True,True,False,False,False,0.0,0.0,False,0.0,0.0,False,0.0,0.0,False,0.0,0.0,True,3.82124999999769,-3.82124999999769,0,0.0,True,False,227.83785181185326,False,0.0,0.0,False,0.0,0.0,False,0.0,0.0,False,0.0,0.0,True,53.82124999999945,-53.82124999999945,0,0.0,True,False,227.83785181185326,qwen3.7-plus,,b5c368aea385fddeb511dde4ffdf5924be46e04ddeba4e868503f25316445d56,be742149f067a46151d3911a97f6a76e75485b292da2ea16b86075ec3d138a1b,1,2.087124,2026-08-26T14:14:04.048534+00:00,2026-08-26T14:14:06.135658+00:00,1787753644.048534,1787753646.135658
QWEN37_F1,qwen37f1_b7348f05df4f34cefd1d,v2e2_babe8da2420b974ae448,qwen37_plus_direct,C1,canonical,1,2,45,battery_capacity_derating,medium,autumn,sacramento,6,90,22.5,200.0,250.0,-50.0,50.0,canonical_lower,50.0,True,83e193620a39a319f7119979da92ed2ff9235452d4dcf33f0c72258fd6f68d92,312.3,False,True,True,True,False,False,False,0.0,0.0,False,0.0,0.0,True,96.6849999999987,1466.5724999999693,False,0.0,0.0,True,171.6849999999987,171.6849999999987,30,1466.5724999999693,False,False,239.8077255663528,False,0.0,0.0,False,0.0,0.0,True,96.6849999999987,1466.5724999999693,False,0.0,0.0,True,171.6849999999987,171.6849999999987,30,1466.5724999999693,False,False,239.8077255663528,qwen3.7-plus,,0e0f453a9dacb55f45147c4de018afcfb3d74358adf7028ce1c740b9d94004bb,ed7db971b5cc97617fc04c5bbbaa8e2c623ed18581fbae25f8003ffc2f93941b,1,1.674197,2026-08-26T14:14:06.162180+00:00,2026-08-26T14:14:07.836377+00:00,1787753646.16218,1787753647.836377
QWEN37_F1,qwen37f1_b7348f05df4f34cefd1d,v2e2_babe8da2420b974ae448,qwen37_plus_direct,S1,stale,1,3,45,battery_capacity_derating,medium,autumn,sacramento,6,90,22.5,200.0,250.0,-50.0,50.0,canonical_lower,50.0,True,c3139e3601aaf78235612774bdfe96ba892a617e887cb7e2048aea0085cc05cb,78.75,False,True,True,True,True,False,False,0.0,0.0,False,0.0,0.0,False,0.0,0.0,False,0.0,0.0,False,0.18749999999897682,-0.18749999999897682,0,0.0,True,True,228.03073129415318,False,0.0,0.0,False,0.0,0.0,False,0.0,0.0,False,0.0,0.0,True,50.18749999999898,-50.18749999999898,0,0.0,True,False,228.03073129415318,qwen3.7-plus,,b5c368aea385fddeb511dde4ffdf5924be46e04ddeba4e868503f25316445d56,be742149f067a46151d3911a97f6a76e75485b292da2ea16b86075ec3d138a1b,1,1.042781,2026-08-26T14:14:07.867345+00:00,2026-08-26T14:14:08.910126+00:00,1787753647.867345,1787753648.910126
QWEN37_F1,qwen37f1_b7348f05df4f34cefd1d,v2e2_babe8da2420b974ae448,qwen37_plus_direct,C2,canonical,2,4,45,battery_capacity_derating,medium,autumn,sacramento,6,90,22.5,200.0,250.0,-50.0,50.0,canonical_lower,50.0,True,f138c57b1120db9e915b49c2e454ccbb5841eeda2d1bb2661321d311abade655,125.00999999999996,False,True,True,True,False,False,False,0.0,0.0,False,0.0,0.0,False,0.0,0.0,False,0.0,0.0,True,6.240500000000679,-6.240500000000679,0,0.0,True,False,230.36343844479265,False,0.0,0.0,False,0.0,0.0,False,0.0,0.0,False,0.0,0.0,True,6.240500000000679,-6.240500000000679,0,0.0,True,False,230.36343844479265,qwen3.7-plus,,0e0f453a9dacb55f45147c4de018afcfb3d74358adf7028ce1c740b9d94004bb,ed7db971b5cc97617fc04c5bbbaa8e2c623ed18581fbae25f8003ffc2f93941b,1,1.403291,2026-08-26T14:14:08.937129+00:00,2026-08-26T14:14:10.340420+00:00,1787753648.937129,1787753650.34042
QWEN37_F1,qwen37f1_bab7890ef7738048b0a9,v2e2_f60d5d4b26a4ec302fa4,qwen37_plus_direct,C2,canonical,2,1,12,battery_capacity_derating,easy,autumn,san_diego,7,89,22.25,175.0,250.0,-75.0,75.0,canonical_lower,75.0,True,e775a4ac54ab3a72c9cdb0dd548eec9af716b52be786d407836b3c8ea2692fca,556.25,False,True,True,True,False,False,False,0.0,0.0,False,0.0,0.0,True,243.4375,5112.1875,False,0.0,0.0,True,378.4375,378.4375,41,5112.1875,False,False,250.41435719426448,False,0.0,0.0,False,0.0,0.0,True,243.4375,5112.1875,False,0.0,0.0,True,378.4375,378.4375,41,5112.1875,False,False,250.41435719426448,qwen3.7-plus,,780b0a84bc93e69a852a25eee6ba6bd7aa4a23852e54ff0e9e358b0d997ae3b5,1a11861826f89f0beed7853d4593ce2d7f8b04937d7309ce0c882ce672886964,1,2.196279,2026-08-26T14:13:28.653439+00:00,2026-08-26T14:13:30.849718+00:00,1787753608.653439,1787753610.849718
QWEN37_F1,qwen37f1_bab7890ef7738048b0a9,v2e2_f60d5d4b26a4ec302fa4,qwen37_plus_direct,S2,stale,2,2,12,battery_capacity_derating,easy,autumn,san_diego,7,89,22.25,175.0,250.0,-75.0,75.0,canonical_lower,75.0,True,c764521f7321d58d4a42eb6d90c45ea3201edd14989a4ebaa40bcd27cb45e955,222.5,False,True,True,True,False,False,False,0.0,0.0,False,0.0,0.0,True,1.375,1.375,False,0.0,0.0,True,136.375,136.375,1,1.375,False,False,234.7818276317645,False,0.0,0.0,False,0.0,0.0,False,0.0,0.0,False,0.0,0.0,True,61.375,61.375,0,0.0,True,False,234.7818276317645,qwen3.7-plus,,97456f43f0afe1bccc40d273e4fd8041344ff207b84e81642d6e9920228aedd4,7f14ec09dae4dab0a379c4600f7209ccdd7020f617ed36a97bd72db161a1575d,1,1.543429,2026-08-26T14:13:30.876589+00:00,2026-08-26T14:13:32.420018+00:00,1787753610.876589,1787753612.420018
QWEN37_F1,qwen37f1_bab7890ef7738048b0a9,v2e2_f60d5d4b26a4ec302fa4,qwen37_plus_direct,C1,canonical,1,3,12,battery_capacity_derating,easy,autumn,san_diego,7,89,22.25,175.0,250.0,-75.0,75.0,canonical_lower,75.0,True,e775a4ac54ab3a72c9cdb0dd548eec9af716b52be786d407836b3c8ea2692fca,556.25,False,True,True,True,False,False,False,0.0,0.0,False,0.0,0.0,True,243.4375,5112.1875,False,0.0,0.0,True,378.4375,378.4375,41,5112.1875,False,False,250.41435719426448,False,0.0,0.0,False,0.0,0.0,True,243.4375,5112.1875,False,0.0,0.0,True,378.4375,378.4375,41,5112.1875,False,False,250.41435719426448,qwen3.7-plus,,780b0a84bc93e69a852a25eee6ba6bd7aa4a23852e54ff0e9e358b0d997ae3b5,1a11861826f89f0beed7853d4593ce2d7f8b04937d7309ce0c882ce672886964,1,1.094382,2026-08-26T14:13:32.448191+00:00,2026-08-26T14:13:33.542573+00:00,1787753612.448191,1787753613.542573
QWEN37_F1,qwen37f1_bab7890ef7738048b0a9,v2e2_f60d5d4b26a4ec302fa4,qwen37_plus_direct,S1,stale,1,4,12,battery_capacity_derating,easy,autumn,san_diego,7,89,22.25,175.0,250.0,-75.0,75.0,canonical_lower,75.0,True,e775a4ac54ab3a72c9cdb0dd548eec9af716b52be786d407836b3c8ea2692fca,556.25,False,True,True,True,False,False,False,0.0,0.0,False,0.0,0.0,True,318.4375,8699.0625,False,0.0,0.0,True,453.4375,453.4375,54,8699.0625,False,False,250.41435719426448,False,0.0,0.0,False,0.0,0.0,True,243.4375,5112.1875,False,0.0,0.0,True,378.4375,378.4375,41,5112.1875,False,False,250.41435719426448,qwen3.7-plus,,97456f43f0afe1bccc40d273e4fd8041344ff207b84e81642d6e9920228aedd4,7f14ec09dae4dab0a379c4600f7209ccdd7020f617ed36a97bd72db161a1575d,1,1.625686,2026-08-26T14:13:33.571605+00:00,2026-08-26T14:13:35.197291+00:00,1787753613.571605,1787753615.197291
QWEN37_F1,qwen37f1_bb3b8eb274674eb04b38,v2e2_eefa2a6aa00281c6d0de,qwen37_plus_direct,C1,canonical,1,1,22,battery_capacity_derating,easy,summer,fresno,6,90,22.5,300.0,250.0,50.0,50.0,canonical_higher,50.0,True,2337f4a44eeb0811225f19657385473b7094aa10e9dbc6d8e65c8ac417101571,562.5,False,True,True,True,False,False,False,0.0,0.0,True,367.1052631578942,10426.315789473667,False,0.0,0.0,False,0.0,0.0,True,617.1052631578942,-617.1052631578942,56,10426.315789473667,False,False,608.1648606963795,False,0.0,0.0,True,367.1052631578942,10426.315789473667,False,0.0,0.0,False,0.0,0.0,True,617.1052631578942,-617.1052631578942,56,10426.315789473667,False,False,608.1648606963795,qwen3.7-plus,,18c05fe31a6ff85dbe88a71b8d516c7783473d20e93098b718d9879c83ad4aa7,f53cce6ef590a532ffe0229fd4761e9c2d83d671528855709fa8f4535f54fc82,1,2.18283,2026-08-26T14:13:40.240155+00:00,2026-08-26T14:13:42.422985+00:00,1787753620.240155,1787753622.422985
QWEN37_F1,qwen37f1_bb3b8eb274674eb04b38,v2e2_eefa2a6aa00281c6d0de,qwen37_plus_direct,S1,stale,1,2,22,battery_capacity_derating,easy,summer,fresno,6,90,22.5,300.0,250.0,50.0,50.0,canonical_higher,50.0,True,ab5f77ed5b55ed1df8539feae09b38cecd265fd10490058fe823e5e30d343732,769.4999999999998,False,True,True,True,False,False,False,0.0,0.0,False,0.0,0.0,True,521.0249999999969,16971.824999999913,False,0.0,0.0,True,656.0249999999969,656.0249999999969,65,16971.82499999991,False,False,712.1441014003806,False,0.0,0.0,False,0.0,0.0,True,571.0249999999967,20358.36249999989,False,0.0,0.0,True,706.0249999999967,706.0249999999967,71,20358.362499999894,False,False,712.1441014003806,qwen3.7-plus,,f3cbf6457378b55cf894b7569a0fc9326279e3067a8c42525d53440cfc18e121,09600fb261700eb028a0864fd01c36f00e06e28a4b62bd0241cf7c503e325cc2,1,1.63007,2026-08-26T14:13:42.450251+00:00,2026-08-26T14:13:44.080321+00:00,1787753622.450251,1787753624.080321
QWEN37_F1,qwen37f1_bb3b8eb274674eb04b38,v2e2_eefa2a6aa00281c6d0de,qwen37_plus_direct,C2,canonical,2,3,22,battery_capacity_derating,easy,summer,fresno,6,90,22.5,300.0,250.0,50.0,50.0,canonical_higher,50.0,True,2337f4a44eeb0811225f19657385473b7094aa10e9dbc6d8e65c8ac417101571,562.5,False,True,True,True,False,False,False,0.0,0.0,True,367.1052631578942,10426.315789473667,False,0.0,0.0,False,0.0,0.0,True,617.1052631578942,-617.1052631578942,56,10426.315789473667,False,False,608.1648606963795,False,0.0,0.0,True,367.1052631578942,10426.315789473667,False,0.0,0.0,False,0.0,0.0,True,617.1052631578942,-617.1052631578942,56,10426.315789473667,False,False,608.1648606963795,qwen3.7-plus,,18c05fe31a6ff85dbe88a71b8d516c7783473d20e93098b718d9879c83ad4aa7,f53cce6ef590a532ffe0229fd4761e9c2d83d671528855709fa8f4535f54fc82,1,1.130057,2026-08-26T14:13:44.107139+00:00,2026-08-26T14:13:45.237196+00:00,1787753624.107139,1787753625.237196
QWEN37_F1,qwen37f1_bb3b8eb274674eb04b38,v2e2_eefa2a6aa00281c6d0de,qwen37_plus_direct,S2,stale,2,4,22,battery_capacity_derating,easy,summer,fresno,6,90,22.5,300.0,250.0,50.0,50.0,canonical_higher,50.0,True,36d1e1492376af5ea0e28dbc06947381eea6c17e34752995f55eec70839ded9d,562.5,False,True,True,True,False,False,False,0.0,0.0,False,0.0,0.0,True,324.375,9023.4375,False,0.0,0.0,True,459.375,459.375,55,9023.4375,False,False,694.5865166963788,False,0.0,0.0,False,0.0,0.0,True,374.375,11990.0,False,0.0,0.0,True,509.375,509.375,64,11990.0,False,False,694.5865166963788,qwen3.7-plus,,f3cbf6457378b55cf894b7569a0fc9326279e3067a8c42525d53440cfc18e121,09600fb261700eb028a0864fd01c36f00e06e28a4b62bd0241cf7c503e325cc2,1,1.69207,2026-08-26T14:13:45.269047+00:00,2026-08-26T14:13:46.961117+00:00,1787753625.269047,1787753626.961117
QWEN37_F1,qwen37f1_bfdc857df31666bf3d04,v2e2_be357ad7fa505f6b8f35,qwen37_plus_direct,C1,canonical,1,1,54,battery_capacity_derating,easy,winter,fresno,8,88,22.0,200.0,250.0,-50.0,50.0,canonical_lower,50.0,True,4a992c0da78ac492a6c4fef8558911c4aa4eb3e943d16285e5242974e246dc94,550.0,False,True,True,True,False,False,False,0.0,0.0,False,0.0,0.0,True,262.5,5934.375,False,0.0,0.0,True,397.5,397.5,45,5934.375,False,False,367.3481963841441,False,0.0,0.0,False,0.0,0.0,True,262.5,5934.375,False,0.0,0.0,True,397.5,397.5,45,5934.375,False,False,367.3481963841441,qwen3.7-plus,,9317d62d730071d2fd1ff044f2ed5ac8d98db36ee32c34959fd4944fe4a02fda,37d734bccfdfa0111863e4f6784cd708477ac4b56af3a9448b00d75c15570c2b,1,3.116613,2026-08-26T14:14:12.801821+00:00,2026-08-26T14:14:15.918434+00:00,1787753652.801821,1787753655.918434
QWEN37_F1,qwen37f1_bfdc857df31666bf3d04,v2e2_be357ad7fa505f6b8f35,qwen37_plus_direct,S1,stale,1,2,54,battery_capacity_derating,easy,winter,fresno,8,88,22.0,200.0,250.0,-50.0,50.0,canonical_lower,50.0,True,0cee576cabf4af7203bfbc493c1169cefa69e7bf8600ffdbc6ab9b8ad6fcd25b,22.0,False,True,True,True,False,False,False,0.0,0.0,False,0.0,0.0,False,0.0,0.0,False,0.0,0.0,True,54.099999999999,-54.099999999999,0,0.0,True,False,333.8036423841442,False,0.0,0.0,False,0.0,0.0,False,0.0,0.0,False,0.0,0.0,True,104.099999999999,-104.099999999999,0,0.0,True,False,333.8036423841442,qwen3.7-plus,,ea2d9509a3de3e1cab2a09f60f2929b360bba71c544c37a0ba8036b60bee00c7,b3585d69b371e651a13a45229fbef70c86f6e913acc85d702d1194df3120ebfe,1,1.66395,2026-08-26T14:14:15.944829+00:00,2026-08-26T14:14:17.608779+00:00,1787753655.944829,1787753657.608779
QWEN37_F1,qwen37f1_bfdc857df31666bf3d04,v2e2_be357ad7fa505f6b8f35,qwen37_plus_direct,C2,canonical,2,3,54,battery_capacity_derating,easy,winter,fresno,8,88,22.0,200.0,250.0,-50.0,50.0,canonical_lower,50.0,True,4a992c0da78ac492a6c4fef8558911c4aa4eb3e943d16285e5242974e246dc94,550.0,False,True,True,True,False,False,False,0.0,0.0,False,0.0,0.0,True,262.5,5934.375,False,0.0,0.0,True,397.5,397.5,45,5934.375,False,False,367.3481963841441,False,0.0,0.0,False,0.0,0.0,True,262.5,5934.375,False,0.0,0.0,True,397.5,397.5,45,5934.375,False,False,367.3481963841441,qwen3.7-plus,,9317d62d730071d2fd1ff044f2ed5ac8d98db36ee32c34959fd4944fe4a02fda,37d734bccfdfa0111863e4f6784cd708477ac4b56af3a9448b00d75c15570c2b,1,1.348188,2026-08-26T14:14:17.636953+00:00,2026-08-26T14:14:18.985141+00:00,1787753657.636953,1787753658.985141
QWEN37_F1,qwen37f1_bfdc857df31666bf3d04,v2e2_be357ad7fa505f6b8f35,qwen37_plus_direct,S2,stale,2,4,54,battery_capacity_derating,easy,winter,fresno,8,88,22.0,200.0,250.0,-50.0,50.0,canonical_lower,50.0,True,4a992c0da78ac492a6c4fef8558911c4aa4eb3e943d16285e5242974e246dc94,550.0,False,True,True,True,False,False,False,0.0,0.0,False,0.0,0.0,True,312.5,8380.625,False,0.0,0.0,True,447.5,447.5,53,8380.625,False,False,367.3481963841441,False,0.0,0.0,False,0.0,0.0,True,262.5,5934.375,False,0.0,0.0,True,397.5,397.5,45,5934.375,False,False,367.3481963841441,qwen3.7-plus,,ea2d9509a3de3e1cab2a09f60f2929b360bba71c544c37a0ba8036b60bee00c7,b3585d69b371e651a13a45229fbef70c86f6e913acc85d702d1194df3120ebfe,1,1.509265,2026-08-26T14:14:19.016601+00:00,2026-08-26T14:14:20.525866+00:00,1787753659.016601,1787753660.525866
QWEN37_F1,qwen37f1_c4ab0367a5476cc4717d,v2e2_eeaa2f40bad66efc8c57,qwen37_plus_direct,S2,stale,2,1,68,power_limit_derating,easy,winter,los_angeles,5,91,22.75,150.0,250.0,-100.0,100.0,canonical_lower,100.0,True,5fe009c3b4b4691111ae959b020e5ed65695fb5f4945c1e4331b712c2231db64,534.625,False,True,True,True,False,False,False,0.0,0.0,False,0.0,0.0,True,257.8937499999985,6087.674999999977,False,0.0,0.0,True,432.8937499999985,432.8937499999985,47,6087.674999999977,False,False,344.17700919880576,False,0.0,0.0,False,0.0,0.0,True,157.8937499999995,2312.931250000004,False,0.0,0.0,True,332.8937499999995,332.8937499999995,29,2312.931250000004,False,False,344.17700919880576,qwen3.7-plus,,30a1a4841a7bcc3c3f047be992775fe5a4ed67c8252d32d8e99f51fe0bb8901c,f741a7b7fe653ff753dfcea50c6b12b5b75390eb5d0b3869b9ddedb6c2b025f0,1,2.046975,2026-08-26T14:14:28.419911+00:00,2026-08-26T14:14:30.466886+00:00,1787753668.419911,1787753670.466886
QWEN37_F1,qwen37f1_c4ab0367a5476cc4717d,v2e2_eeaa2f40bad66efc8c57,qwen37_plus_direct,C1,canonical,1,2,68,power_limit_derating,easy,winter,los_angeles,5,91,22.75,150.0,250.0,-100.0,100.0,canonical_lower,100.0,True,5d1600f5e8d6f6ee68acaf545ae80d93d7e245ffc100284a66cd4cfb9a0eaa4c,104.65000000000003,False,True,True,True,False,False,False,0.0,0.0,False,0.0,0.0,False,0.0,0.0,False,0.0,0.0,True,75.5824999999999,-75.5824999999999,0,0.0,True,False,312.92525085505565,False,0.0,0.0,False,0.0,0.0,False,0.0,0.0,False,0.0,0.0,True,75.5824999999999,-75.5824999999999,0,0.0,True,False,312.92525085505565,qwen3.7-plus,,8bc53c95320f4dd49b082d6020a5979019eb6e359f207c6d9c7ca3dcbc603adf,228c8bdc594004e4f7cd252ba05edb3af08bd0ad39c54fe08f31a7425a9714a7,1,2.268329,2026-08-26T14:14:30.494603+00:00,2026-08-26T14:14:32.762932+00:00,1787753670.494603,1787753672.762932
QWEN37_F1,qwen37f1_c4ab0367a5476cc4717d,v2e2_eeaa2f40bad66efc8c57,qwen37_plus_direct,S1,stale,1,3,68,power_limit_derating,easy,winter,los_angeles,5,91,22.75,150.0,250.0,-100.0,100.0,canonical_lower,100.0,True,5fe009c3b4b4691111ae959b020e5ed65695fb5f4945c1e4331b712c2231db64,534.625,False,True,True,True,False,False,False,0.0,0.0,False,0.0,0.0,True,257.8937499999985,6087.674999999977,False,0.0,0.0,True,432.8937499999985,432.8937499999985,47,6087.674999999977,False,False,344.17700919880576,False,0.0,0.0,False,0.0,0.0,True,157.8937499999995,2312.931250000004,False,0.0,0.0,True,332.8937499999995,332.8937499999995,29,2312.931250000004,False,False,344.17700919880576,qwen3.7-plus,,30a1a4841a7bcc3c3f047be992775fe5a4ed67c8252d32d8e99f51fe0bb8901c,f741a7b7fe653ff753dfcea50c6b12b5b75390eb5d0b3869b9ddedb6c2b025f0,1,1.21911,2026-08-26T14:14:32.790776+00:00,2026-08-26T14:14:34.009886+00:00,1787753672.790776,1787753674.009886
QWEN37_F1,qwen37f1_c4ab0367a5476cc4717d,v2e2_eeaa2f40bad66efc8c57,qwen37_plus_direct,C2,canonical,2,4,68,power_limit_derating,easy,winter,los_angeles,5,91,22.75,150.0,250.0,-100.0,100.0,canonical_lower,100.0,True,5fe009c3b4b4691111ae959b020e5ed65695fb5f4945c1e4331b712c2231db64,534.625,False,True,True,True,False,False,False,0.0,0.0,False,0.0,0.0,True,157.8937499999995,2312.931250000004,False,0.0,0.0,True,332.8937499999995,332.8937499999995,29,2312.931250000004,False,False,344.17700919880576,False,0.0,0.0,False,0.0,0.0,True,157.8937499999995,2312.931250000004,False,0.0,0.0,True,332.8937499999995,332.8937499999995,29,2312.931250000004,False,False,344.17700919880576,qwen3.7-plus,,8bc53c95320f4dd49b082d6020a5979019eb6e359f207c6d9c7ca3dcbc603adf,228c8bdc594004e4f7cd252ba05edb3af08bd0ad39c54fe08f31a7425a9714a7,1,1.123783,2026-08-26T14:14:34.045428+00:00,2026-08-26T14:14:35.169211+00:00,1787753674.045428,1787753675.169211
QWEN37_F1,qwen37f1_cb0b4a938591b59e7598,v2e2_16c288d882ac6a326385,qwen37_plus_direct,C1,canonical,1,1,72,battery_capacity_derating,easy,spring,fresno,4,92,23.0,200.0,250.0,-50.0,50.0,canonical_lower,50.0,True,3f5cc92084a1725589c960c4764b6669c38a4fe44f353a76f03fc803fdf0389c,310.5,False,True,True,True,False,False,False,0.0,0.0,False,0.0,0.0,True,34.975000000001046,208.38125000001088,False,0.0,0.0,True,169.97500000000105,169.97500000000105,11,208.38125000001088,False,False,420.73601778692137,False,0.0,0.0,False,0.0,0.0,True,34.975000000001046,208.38125000001088,False,0.0,0.0,True,169.97500000000105,169.97500000000105,11,208.38125000001088,False,False,420.73601778692137,qwen3.7-plus,,f8528e3a094e13659d0d81703d7603f7be376948c3cbf91f2df873463a2ad4df,4f200c97a9da51f59bcbb47b20d44c609232cf17d8a28b6e169b6e409417e7d3,1,5.541166,2026-08-26T14:14:30.886372+00:00,2026-08-26T14:14:36.427538+00:00,1787753670.886372,1787753676.427538
QWEN37_F1,qwen37f1_cb0b4a938591b59e7598,v2e2_16c288d882ac6a326385,qwen37_plus_direct,S1,stale,1,2,72,battery_capacity_derating,easy,spring,fresno,4,92,23.0,200.0,250.0,-50.0,50.0,canonical_lower,50.0,True,c1ce617d1dfc52dced716a8a9100b47b3bb14ce2cabefcea2d52ab374086c447,374.90000000000003,False,True,True,True,False,False,False,0.0,0.0,False,0.0,0.0,True,146.15499999999918,2832.4012499999512,False,0.0,0.0,True,281.1549999999992,281.1549999999992,38,2832.4012499999512,False,False,424.22242944292265,False,0.0,0.0,False,0.0,0.0,True,96.15499999999872,1242.4999999999636,False,0.0,0.0,True,231.15499999999872,231.15499999999872,25,1242.4999999999636,False,False,424.22242944292265,qwen3.7-plus,,c0a6244032f8bea3bb3f20b9d272b1187f96c45c1c626ad50aebd10c7ce1ed43,7211dda8eb00c6492bc9d4cb1c76b072ac48bbc9abce76b8edf808eb7a74ae68,1,1.674898,2026-08-26T14:14:36.460461+00:00,2026-08-26T14:14:38.135359+00:00,1787753676.460461,1787753678.135359
QWEN37_F1,qwen37f1_cb0b4a938591b59e7598,v2e2_16c288d882ac6a326385,qwen37_plus_direct,C2,canonical,2,3,72,battery_capacity_derating,easy,spring,fresno,4,92,23.0,200.0,250.0,-50.0,50.0,canonical_lower,50.0,True,3f5cc92084a1725589c960c4764b6669c38a4fe44f353a76f03fc803fdf0389c,310.5,False,True,True,True,False,False,False,0.0,0.0,False,0.0,0.0,True,34.975000000001046,208.38125000001088,False,0.0,0.0,True,169.97500000000105,169.97500000000105,11,208.38125000001088,False,False,420.73601778692137,False,0.0,0.0,False,0.0,0.0,True,34.975000000001046,208.38125000001088,False,0.0,0.0,True,169.97500000000105,169.97500000000105,11,208.38125000001088,False,False,420.73601778692137,qwen3.7-plus,,f8528e3a094e13659d0d81703d7603f7be376948c3cbf91f2df873463a2ad4df,4f200c97a9da51f59bcbb47b20d44c609232cf17d8a28b6e169b6e409417e7d3,1,4.613875,2026-08-26T14:14:38.162542+00:00,2026-08-26T14:14:42.776417+00:00,1787753678.162542,1787753682.776417
QWEN37_F1,qwen37f1_cb0b4a938591b59e7598,v2e2_16c288d882ac6a326385,qwen37_plus_direct,S2,stale,2,4,72,battery_capacity_derating,easy,spring,fresno,4,92,23.0,200.0,250.0,-50.0,50.0,canonical_lower,50.0,True,23cd904e05dc77458353892d5f14d947eba44b207c53c72781ee8e10c1307fa8,37.48999999999998,False,True,True,True,False,False,False,0.0,0.0,False,0.0,0.0,False,0.0,0.0,False,0.0,0.0,True,39.38449999999807,-39.38449999999807,0,0.0,True,False,405.9561226595229,False,0.0,0.0,False,0.0,0.0,False,0.0,0.0,False,0.0,0.0,True,89.38450000000023,-89.38450000000023,0,0.0,True,False,405.9561226595229,qwen3.7-plus,,c0a6244032f8bea3bb3f20b9d272b1187f96c45c1c626ad50aebd10c7ce1ed43,7211dda8eb00c6492bc9d4cb1c76b072ac48bbc9abce76b8edf808eb7a74ae68,1,1.522466,2026-08-26T14:14:42.811162+00:00,2026-08-26T14:14:44.333628+00:00,1787753682.811162,1787753684.333628
QWEN37_F1,qwen37f1_ce6f722eecf69d0a2e4a,v2e2_e9230cb9c5afdd6582ec,qwen37_plus_direct,C1,canonical,1,1,29,power_limit_derating,hard,autumn,san_diego,7,89,22.25,150.0,250.0,-100.0,100.0,canonical_lower,100.0,True,6e74b54cfb5c8a84c53c6323b1e9231e47b0c14dd2799d8845e73ad252048195,3448.75,False,True,True,True,False,False,False,0.0,0.0,False,0.0,0.0,True,2926.3125,117777.5,False,0.0,0.0,True,3101.3125,3101.3125,80,117777.5,False,False,668.0165174471155,False,0.0,0.0,False,0.0,0.0,True,2926.3125,117777.5,False,0.0,0.0,True,3101.3125,3101.3125,80,117777.5,False,False,668.0165174471155,qwen3.7-plus,,81b8daa24d9ea4a6ff435d5637d98cec4984bd484a3db4a8c4f1c7a543db416b,de9a9a25623896e6791140deb4df79844373d423106830d52f6ef7d4ddb7d790,1,2.494216,2026-08-26T14:13:48.895503+00:00,2026-08-26T14:13:51.389719+00:00,1787753628.895503,1787753631.389719
QWEN37_F1,qwen37f1_ce6f722eecf69d0a2e4a,v2e2_e9230cb9c5afdd6582ec,qwen37_plus_direct,S1,stale,1,2,29,power_limit_derating,hard,autumn,san_diego,7,89,22.25,150.0,250.0,-100.0,100.0,canonical_lower,100.0,True,6e74b54cfb5c8a84c53c6323b1e9231e47b0c14dd2799d8845e73ad252048195,3448.75,False,True,True,True,False,False,False,0.0,0.0,False,0.0,0.0,True,3026.3125,125911.0,False,0.0,0.0,True,3201.3125,3201.3125,83,125911.0,False,False,668.0165174471155,False,0.0,0.0,False,0.0,0.0,True,2926.3125,117777.5,False,0.0,0.0,True,3101.3125,3101.3125,80,117777.5,False,False,668.0165174471155,qwen3.7-plus,,72f10ac36943e8da8d55063e2e963ba4e45b8e3dd1a665aed8b95b99eb8a5dc9,3d90e26940cffb8179b35639b4df2a5a7d7eff7283ca0f712bd6de909c545660,1,1.767855,2026-08-26T14:13:51.416796+00:00,2026-08-26T14:13:53.184651+00:00,1787753631.416796,1787753633.184651
QWEN37_F1,qwen37f1_ce6f722eecf69d0a2e4a,v2e2_e9230cb9c5afdd6582ec,qwen37_plus_direct,C2,canonical,2,3,29,power_limit_derating,hard,autumn,san_diego,7,89,22.25,150.0,250.0,-100.0,100.0,canonical_lower,100.0,True,1c50a99394be8ce1044b12fd6bdcb07d4663d207448e9cb0621d5b54fcb542ee,46.72500000000001,False,True,True,True,False,False,False,0.0,0.0,False,0.0,0.0,False,0.0,0.0,False,0.0,0.0,True,130.6112499999999,-130.6112499999999,0,0.0,True,False,482.75338082811794,False,0.0,0.0,False,0.0,0.0,False,0.0,0.0,False,0.0,0.0,True,130.6112499999999,-130.6112499999999,0,0.0,True,False,482.75338082811794,qwen3.7-plus,,81b8daa24d9ea4a6ff435d5637d98cec4984bd484a3db4a8c4f1c7a543db416b,de9a9a25623896e6791140deb4df79844373d423106830d52f6ef7d4ddb7d790,1,1.277661,2026-08-26T14:13:53.212744+00:00,2026-08-26T14:13:54.490405+00:00,1787753633.212744,1787753634.490405
QWEN37_F1,qwen37f1_ce6f722eecf69d0a2e4a,v2e2_e9230cb9c5afdd6582ec,qwen37_plus_direct,S2,stale,2,4,29,power_limit_derating,hard,autumn,san_diego,7,89,22.25,150.0,250.0,-100.0,100.0,canonical_lower,100.0,True,6e74b54cfb5c8a84c53c6323b1e9231e47b0c14dd2799d8845e73ad252048195,3448.75,False,True,True,True,False,False,False,0.0,0.0,False,0.0,0.0,True,3026.3125,125911.0,False,0.0,0.0,True,3201.3125,3201.3125,83,125911.0,False,False,668.0165174471155,False,0.0,0.0,False,0.0,0.0,True,2926.3125,117777.5,False,0.0,0.0,True,3101.3125,3101.3125,80,117777.5,False,False,668.0165174471155,qwen3.7-plus,,72f10ac36943e8da8d55063e2e963ba4e45b8e3dd1a665aed8b95b99eb8a5dc9,3d90e26940cffb8179b35639b4df2a5a7d7eff7283ca0f712bd6de909c545660,1,1.298278,2026-08-26T14:13:54.519226+00:00,2026-08-26T14:13:55.817504+00:00,1787753634.519226,1787753635.817504
QWEN37_F1,qwen37f1_cee9bb3db4379a0a2310,v2e2_7778cc641046e1b0a2cd,qwen37_plus_direct,S2,stale,2,1,42,forecast_revision,hard,autumn,san_diego,14,82,20.5,175.0,250.0,-75.0,75.0,canonical_lower,75.0,True,861ba0071a6e0bec024c80b4582c1b902ee4b9ffb34de5887b7fb509fed6292e,20.5,False,True,True,True,False,False,False,0.0,0.0,False,0.0,0.0,False,0.0,0.0,False,0.0,0.0,True,55.52499999999907,-55.52499999999907,0,0.0,True,False,419.60775033927905,False,0.0,0.0,False,0.0,0.0,False,0.0,0.0,False,0.0,0.0,True,130.52499999999907,-130.52499999999907,0,0.0,True,False,419.60775033927905,qwen3.7-plus,,1b73555a5b301dc3304af0964477b642712cef1fdf5e08304313e01c747cf529,f00eacb8208dd59a980630ab730c881f17a8808566ca60c13295e2293abd77f6,1,1.20168,2026-08-26T14:14:00.120569+00:00,2026-08-26T14:14:01.322249+00:00,1787753640.120569,1787753641.322249
QWEN37_F1,qwen37f1_cee9bb3db4379a0a2310,v2e2_7778cc641046e1b0a2cd,qwen37_plus_direct,C1,canonical,1,2,42,forecast_revision,hard,autumn,san_diego,14,82,20.5,175.0,250.0,-75.0,75.0,canonical_lower,75.0,True,cd68c0f331e15792086ba1c94a088b39d7b497bf0c27dc619ad5570100148bc0,374.99994,False,True,True,True,False,False,False,0.0,0.0,False,0.0,0.0,True,31.2499430000006,128.35322200000576,False,0.0,0.0,True,206.2499430000006,206.2499430000006,8,128.35322200000576,False,False,437.0328541377193,False,0.0,0.0,False,0.0,0.0,True,31.2499430000006,128.35322200000576,False,0.0,0.0,True,206.2499430000006,206.2499430000006,8,128.35322200000576,False,False,437.0328541377193,qwen3.7-plus,,1c3f9297c8d9aed52aee0398529bbfbc6085b8d07c1f3cb40da5ce3ba7d6d813,7b10e4333d6a2b4badaeee05dac560c89b611829f4433948751b944a5a70190a,1,1.843242,2026-08-26T14:14:01.356457+00:00,2026-08-26T14:14:03.199699+00:00,1787753641.356457,1787753643.199699
QWEN37_F1,qwen37f1_cee9bb3db4379a0a2310,v2e2_7778cc641046e1b0a2cd,qwen37_plus_direct,S1,stale,1,3,42,forecast_revision,hard,autumn,san_diego,14,82,20.5,175.0,250.0,-75.0,75.0,canonical_lower,75.0,True,861ba0071a6e0bec024c80b4582c1b902ee4b9ffb34de5887b7fb509fed6292e,20.5,False,True,True,True,False,False,False,0.0,0.0,False,0.0,0.0,False,0.0,0.0,False,0.0,0.0,True,55.52499999999907,-55.52499999999907,0,0.0,True,False,419.60775033927905,False,0.0,0.0,False,0.0,0.0,False,0.0,0.0,False,0.0,0.0,True,130.52499999999907,-130.52499999999907,0,0.0,True,False,419.60775033927905,qwen3.7-plus,,1b73555a5b301dc3304af0964477b642712cef1fdf5e08304313e01c747cf529,f00eacb8208dd59a980630ab730c881f17a8808566ca60c13295e2293abd77f6,1,1.988631,2026-08-26T14:14:03.230815+00:00,2026-08-26T14:14:05.219446+00:00,1787753643.230815,1787753645.219446
QWEN37_F1,qwen37f1_cee9bb3db4379a0a2310,v2e2_7778cc641046e1b0a2cd,qwen37_plus_direct,C2,canonical,2,4,42,forecast_revision,hard,autumn,san_diego,14,82,20.5,175.0,250.0,-75.0,75.0,canonical_lower,75.0,True,442f321b5925a740d7cb5213f1010b57cf453da2f504bc9723e610eba606a08c,376.1749999999999,False,True,True,True,False,False,False,0.0,0.0,False,0.0,0.0,True,32.36624999999833,136.90249999998724,False,0.0,0.0,True,207.36624999999833,207.36624999999833,8,136.90249999998724,False,False,437.09061308252814,False,0.0,0.0,False,0.0,0.0,True,32.36624999999833,136.90249999998724,False,0.0,0.0,True,207.36624999999833,207.36624999999833,8,136.90249999998724,False,False,437.09061308252814,qwen3.7-plus,,1c3f9297c8d9aed52aee0398529bbfbc6085b8d07c1f3cb40da5ce3ba7d6d813,7b10e4333d6a2b4badaeee05dac560c89b611829f4433948751b944a5a70190a,1,1.100044,2026-08-26T14:14:05.251743+00:00,2026-08-26T14:14:06.351787+00:00,1787753645.251743,1787753646.351787
QWEN37_F1,qwen37f1_d133068b1e8df25bb6a2,v2e2_4bc783ae8ece976241af,qwen37_plus_direct,C2,canonical,2,1,56,reserve_commitment_update,easy,spring,los_angeles,8,88,22.0,350.0,250.0,100.0,100.0,canonical_higher,100.0,True,0a9c370e398ef4de3e33dfecf30f500192ea60b2d9b910b012f7529c7df46473,550.0,False,True,True,True,False,False,False,0.0,0.0,True,337.94736842105215,8849.578947368402,False,0.0,0.0,False,0.0,0.0,True,553.9473684210521,-553.9473684210521,52,8849.578947368402,False,False,259.1351902136914,False,0.0,0.0,True,337.94736842105215,8849.578947368402,False,0.0,0.0,False,0.0,0.0,True,553.9473684210521,-553.9473684210521,52,8849.578947368402,False,False,259.1351902136914,qwen3.7-plus,,e839016877d3dc9fdc85a7bebdec4b58788de52fa8cf861867339191ff0baa04,44721fe5fb5f6b641c4bbe1a4274166a278f6dffcd39ce51ad2520c729052a3e,1,2.200814,2026-08-26T14:14:13.689233+00:00,2026-08-26T14:14:15.890047+00:00,1787753653.689233,1787753655.890047
QWEN37_F1,qwen37f1_d133068b1e8df25bb6a2,v2e2_4bc783ae8ece976241af,qwen37_plus_direct,S2,stale,2,2,56,reserve_commitment_update,easy,spring,los_angeles,8,88,22.0,350.0,250.0,100.0,100.0,canonical_higher,100.0,True,9c8a284de03b5f11a83bf8fb969a147633ef885b1067dbd4582468e86a34a3d5,74.99799999999999,False,True,True,True,False,False,False,0.0,0.0,False,0.0,0.0,False,0.0,0.0,False,0.0,0.0,True,3.7518999999992957,-3.7518999999992957,0,0.0,True,False,274.01713545395114,False,0.0,0.0,False,0.0,0.0,False,0.0,0.0,False,0.0,0.0,True,96.2481000000007,96.2481000000007,0,0.0,True,False,274.01713545395114,qwen3.7-plus,,5745cec2040307c6534e815732bec3db31018ee5c9dc909c8be240705ad248f7,fc803b4f66da4e22faff2aee9ce3e7b0fe0f694990f4625fb1a0fd0ff92b5fed,1,1.591445,2026-08-26T14:14:15.916887+00:00,2026-08-26T14:14:17.508332+00:00,1787753655.916887,1787753657.508332
QWEN37_F1,qwen37f1_d133068b1e8df25bb6a2,v2e2_4bc783ae8ece976241af,qwen37_plus_direct,C1,canonical,1,3,56,reserve_commitment_update,easy,spring,los_angeles,8,88,22.0,350.0,250.0,100.0,100.0,canonical_higher,100.0,True,0a9c370e398ef4de3e33dfecf30f500192ea60b2d9b910b012f7529c7df46473,550.0,False,True,True,True,False,False,False,0.0,0.0,True,337.94736842105215,8849.578947368402,False,0.0,0.0,False,0.0,0.0,True,553.9473684210521,-553.9473684210521,52,8849.578947368402,False,False,259.1351902136914,False,0.0,0.0,True,337.94736842105215,8849.578947368402,False,0.0,0.0,False,0.0,0.0,True,553.9473684210521,-553.9473684210521,52,8849.578947368402,False,False,259.1351902136914,qwen3.7-plus,,e839016877d3dc9fdc85a7bebdec4b58788de52fa8cf861867339191ff0baa04,44721fe5fb5f6b641c4bbe1a4274166a278f6dffcd39ce51ad2520c729052a3e,1,1.282357,2026-08-26T14:14:17.536238+00:00,2026-08-26T14:14:18.818595+00:00,1787753657.536238,1787753658.818595
QWEN37_F1,qwen37f1_d133068b1e8df25bb6a2,v2e2_4bc783ae8ece976241af,qwen37_plus_direct,S1,stale,1,4,56,reserve_commitment_update,easy,spring,los_angeles,8,88,22.0,350.0,250.0,100.0,100.0,canonical_higher,100.0,True,9c8a284de03b5f11a83bf8fb969a147633ef885b1067dbd4582468e86a34a3d5,74.99799999999999,False,True,True,True,False,False,False,0.0,0.0,False,0.0,0.0,False,0.0,0.0,False,0.0,0.0,True,3.7518999999992957,-3.7518999999992957,0,0.0,True,False,274.01713545395114,False,0.0,0.0,False,0.0,0.0,False,0.0,0.0,False,0.0,0.0,True,96.2481000000007,96.2481000000007,0,0.0,True,False,274.01713545395114,qwen3.7-plus,,5745cec2040307c6534e815732bec3db31018ee5c9dc909c8be240705ad248f7,fc803b4f66da4e22faff2aee9ce3e7b0fe0f694990f4625fb1a0fd0ff92b5fed,1,1.306262,2026-08-26T14:14:18.846933+00:00,2026-08-26T14:14:20.153195+00:00,1787753658.846933,1787753660.153195
QWEN37_F1,qwen37f1_d559ea0106d370f9fb5f,v2e2_20534de655a33fde87ca,qwen37_plus_direct,S2,stale,2,1,69,export_limit_update,easy,summer,los_angeles,4,92,23.0,150.0,250.0,-100.0,100.0,canonical_lower,100.0,True,23cd904e05dc77458353892d5f14d947eba44b207c53c72781ee8e10c1307fa8,37.48999999999998,False,True,True,True,False,False,False,0.0,0.0,False,0.0,0.0,False,0.0,0.0,False,0.0,0.0,True,39.38449999999807,-39.38449999999807,0,0.0,True,False,294.2264430383895,False,0.0,0.0,False,0.0,0.0,False,0.0,0.0,False,0.0,0.0,True,139.38450000000023,-139.38450000000023,0,0.0,True,False,294.2264430383895,qwen3.7-plus,,7ea6855a1a1623864cb4fb3a53536cb09bbda62fa94448c2fc52f2547a6fece9,bd618422efe944c2c9411248966e44e5dc3576d4800a4ac27137ad1213ce309b,1,1.979519,2026-08-26T14:14:28.909429+00:00,2026-08-26T14:14:30.888948+00:00,1787753668.909429,1787753670.888948
QWEN37_F1,qwen37f1_d559ea0106d370f9fb5f,v2e2_20534de655a33fde87ca,qwen37_plus_direct,C1,canonical,1,2,69,export_limit_update,easy,summer,los_angeles,4,92,23.0,150.0,250.0,-100.0,100.0,canonical_lower,100.0,True,33b111c74b228d1d7897dca311e3f5495381b8fea52ce73208c45b4cb34418db,437.0,False,True,True,True,False,False,False,0.0,0.0,False,0.0,0.0,True,65.14999999999964,503.43749999998994,False,0.0,0.0,True,240.14999999999964,240.14999999999964,15,503.43749999998994,False,False,316.6260434384893,False,0.0,0.0,False,0.0,0.0,True,65.14999999999964,503.43749999998994,False,0.0,0.0,True,240.14999999999964,240.14999999999964,15,503.43749999998994,False,False,316.6260434384893,qwen3.7-plus,,b631f883abf68d0eef58e652134ef7a2a544788885e29001ee2e20cce164c477,63093b6e23b15b648f2749dad8d18f5ebd054e3838700c59a2b24d07f616f55e,1,1.88525,2026-08-26T14:14:30.915355+00:00,2026-08-26T14:14:32.800605+00:00,1787753670.915355,1787753672.800605
QWEN37_F1,qwen37f1_d559ea0106d370f9fb5f,v2e2_20534de655a33fde87ca,qwen37_plus_direct,S1,stale,1,3,69,export_limit_update,easy,summer,los_angeles,4,92,23.0,150.0,250.0,-100.0,100.0,canonical_lower,100.0,True,23cd904e05dc77458353892d5f14d947eba44b207c53c72781ee8e10c1307fa8,37.48999999999998,False,True,True,True,False,False,False,0.0,0.0,False,0.0,0.0,False,0.0,0.0,False,0.0,0.0,True,39.38449999999807,-39.38449999999807,0,0.0,True,False,294.2264430383895,False,0.0,0.0,False,0.0,0.0,False,0.0,0.0,False,0.0,0.0,True,139.38450000000023,-139.38450000000023,0,0.0,True,False,294.2264430383895,qwen3.7-plus,,7ea6855a1a1623864cb4fb3a53536cb09bbda62fa94448c2fc52f2547a6fece9,bd618422efe944c2c9411248966e44e5dc3576d4800a4ac27137ad1213ce309b,1,1.456605,2026-08-26T14:14:32.827447+00:00,2026-08-26T14:14:34.284052+00:00,1787753672.827447,1787753674.284052
QWEN37_F1,qwen37f1_d559ea0106d370f9fb5f,v2e2_20534de655a33fde87ca,qwen37_plus_direct,C2,canonical,2,4,69,export_limit_update,easy,summer,los_angeles,4,92,23.0,150.0,250.0,-100.0,100.0,canonical_lower,100.0,True,f0ef1981652c0ab933fe0fdaa6c41c373904ddf9176501368bca8402bf9443c4,43.46999999999999,False,True,True,True,False,False,False,0.0,0.0,False,0.0,0.0,False,0.0,0.0,False,0.0,0.0,True,133.7035000000012,-133.7035000000012,0,0.0,True,False,294.5617277881891,False,0.0,0.0,False,0.0,0.0,False,0.0,0.0,False,0.0,0.0,True,133.7035000000012,-133.7035000000012,0,0.0,True,False,294.5617277881891,qwen3.7-plus,,b631f883abf68d0eef58e652134ef7a2a544788885e29001ee2e20cce164c477,63093b6e23b15b648f2749dad8d18f5ebd054e3838700c59a2b24d07f616f55e,1,1.678957,2026-08-26T14:14:34.314742+00:00,2026-08-26T14:14:35.993699+00:00,1787753674.314742,1787753675.993699
QWEN37_F1,qwen37f1_dedabb5c8f24a1a133ae,v2e2_cd47662d04581b339960,qwen37_plus_direct,S1,stale,1,1,18,power_limit_derating,medium,spring,los_angeles,6,90,22.5,200.0,250.0,-50.0,50.0,canonical_lower,50.0,True,848a40df4838eb63cfd30d2b6c7a4cec8f5026d118d28652728e479512192650,37.800000000000004,False,True,True,True,False,False,False,0.0,0.0,False,0.0,0.0,False,0.0,0.0,False,0.0,0.0,True,39.08999999999992,-39.08999999999992,0,0.0,True,False,285.8715996075325,False,0.0,0.0,False,0.0,0.0,False,0.0,0.0,False,0.0,0.0,True,89.08999999999992,-89.08999999999992,0,0.0,True,False,285.8715996075325,qwen3.7-plus,,ee1435ec0cb60fb530095bc6f60ba6898c6be70d44cbf5146693336c7bd6db22,4897fc14bf135eb58d3a2e017a0e5bd91ae9a115bed4f018a4f778b08e3d3bc2,1,1.575935,2026-08-26T14:13:35.943654+00:00,2026-08-26T14:13:37.519589+00:00,1787753615.943654,1787753617.519589
QWEN37_F1,qwen37f1_dedabb5c8f24a1a133ae,v2e2_cd47662d04581b339960,qwen37_plus_direct,C2,canonical,2,2,18,power_limit_derating,medium,spring,los_angeles,6,90,22.5,200.0,250.0,-50.0,50.0,canonical_lower,50.0,True,9de97df717a1f745f6f10f70e1e3f9b5e0f7465e00209ecf1914d77e2dea71d1,625.0049999999999,False,True,True,True,False,False,False,0.0,0.0,False,0.0,0.0,True,293.7547499999996,6687.661500000015,False,0.0,0.0,True,468.7547499999996,468.7547499999996,45,6687.661500000015,False,False,308.5009724955841,False,0.0,0.0,False,0.0,0.0,True,293.7547499999996,6687.661500000015,False,0.0,0.0,True,468.7547499999996,468.7547499999996,45,6687.661500000015,False,False,308.5009724955841,qwen3.7-plus,,0b56f6d245215c263d5023df395df4e3889dbc730b6024736a6a2bfd39649bd7,c5584a7096ec0b5a0dd6425c6d6a3f405170c61ae1e4249bd2c9e7e7aca9e872,1,1.377391,2026-08-26T14:13:37.549024+00:00,2026-08-26T14:13:38.926415+00:00,1787753617.549024,1787753618.926415
QWEN37_F1,qwen37f1_dedabb5c8f24a1a133ae,v2e2_cd47662d04581b339960,qwen37_plus_direct,S2,stale,2,3,18,power_limit_derating,medium,spring,los_angeles,6,90,22.5,200.0,250.0,-50.0,50.0,canonical_lower,50.0,True,809389eeb8fde52ad87b09487cc20511bd51e0a688edbec3c0b5b860756f2a49,225.0,False,True,True,True,False,False,False,0.0,0.0,False,0.0,0.0,False,0.0,0.0,False,0.0,0.0,True,138.75,138.75,0,0.0,True,False,293.0858069195326,False,0.0,0.0,False,0.0,0.0,False,0.0,0.0,False,0.0,0.0,True,88.75,88.75,0,0.0,True,False,293.0858069195326,qwen3.7-plus,,ee1435ec0cb60fb530095bc6f60ba6898c6be70d44cbf5146693336c7bd6db22,4897fc14bf135eb58d3a2e017a0e5bd91ae9a115bed4f018a4f778b08e3d3bc2,1,1.535499,2026-08-26T14:13:38.955579+00:00,2026-08-26T14:13:40.491078+00:00,1787753618.955579,1787753620.491078
QWEN37_F1,qwen37f1_dedabb5c8f24a1a133ae,v2e2_cd47662d04581b339960,qwen37_plus_direct,C1,canonical,1,4,18,power_limit_derating,medium,spring,los_angeles,6,90,22.5,200.0,250.0,-50.0,50.0,canonical_lower,50.0,True,78915023ce7cd837c729fc210e41ccd5bbb5522058067c1e6c39b88a416fc6a3,315.0,False,True,True,True,False,False,False,0.0,0.0,False,0.0,0.0,False,0.0,0.0,False,0.0,0.0,True,174.24999999999898,174.24999999999898,0,0.0,True,False,296.5541758195338,False,0.0,0.0,False,0.0,0.0,False,0.0,0.0,False,0.0,0.0,True,174.24999999999898,174.24999999999898,0,0.0,True,False,296.5541758195338,qwen3.7-plus,,0b56f6d245215c263d5023df395df4e3889dbc730b6024736a6a2bfd39649bd7,c5584a7096ec0b5a0dd6425c6d6a3f405170c61ae1e4249bd2c9e7e7aca9e872,1,1.013741,2026-08-26T14:13:40.520223+00:00,2026-08-26T14:13:41.533964+00:00,1787753620.520223,1787753621.533964
QWEN37_F1,qwen37f1_df44c3059311d69be180,v2e2_c4d42554da4b1f44862b,qwen37_plus_direct,C2,canonical,2,1,34,power_limit_derating,hard,winter,fresno,5,91,22.75,350.0,250.0,100.0,100.0,canonical_higher,100.0,True,0b00276f0b11f10de4c3841a4581717e55d1eb32555ce25a2761acf39b57a447,625.625,False,True,True,True,False,False,False,0.0,0.0,True,383.5526315789476,10355.92105263159,False,0.0,0.0,False,0.0,0.0,True,633.5526315789476,-633.5526315789476,53,10355.921052631591,False,False,621.6332430423213,False,0.0,0.0,True,383.5526315789476,10355.92105263159,False,0.0,0.0,False,0.0,0.0,True,633.5526315789476,-633.5526315789476,53,10355.921052631591,False,False,621.6332430423213,qwen3.7-plus,,341b4deb82531759077945903cf3386480134f80e85faba0105c3f113a075843,edfca215b06aede2edab81644cdcca241af34a0073ce9d52d5d9146b63f7b442,1,1.580722,2026-08-26T14:13:52.966104+00:00,2026-08-26T14:13:54.546826+00:00,1787753632.966104,1787753634.546826
QWEN37_F1,qwen37f1_df44c3059311d69be180,v2e2_c4d42554da4b1f44862b,qwen37_plus_direct,S2,stale,2,2,34,power_limit_derating,hard,winter,fresno,5,91,22.75,350.0,250.0,100.0,100.0,canonical_higher,100.0,True,fbdfb7112ba70228383dfb72f326c8c5a96144fa2032d7df91340e66bee0a40e,46.182500000000005,False,True,True,True,False,False,False,0.0,0.0,False,0.0,0.0,False,0.0,0.0,False,0.0,0.0,True,31.12662500000033,-31.12662500000033,0,0.0,True,False,673.0177805275964,False,0.0,0.0,False,0.0,0.0,False,0.0,0.0,False,0.0,0.0,True,68.87337499999967,68.87337499999967,0,0.0,True,False,673.0177805275964,qwen3.7-plus,,d968a292838dbda4679e26a67054c737a4783d700dde4a563058772c82b6ad08,d77491a90f1b8da02a2b91d955a39a8cf73fd755a96d9fd4d238a8b1616516a8,1,2.437609,2026-08-26T14:13:54.573765+00:00,2026-08-26T14:13:57.011374+00:00,1787753634.573765,1787753637.011374
QWEN37_F1,qwen37f1_df44c3059311d69be180,v2e2_c4d42554da4b1f44862b,qwen37_plus_direct,C1,canonical,1,3,34,power_limit_derating,hard,winter,fresno,5,91,22.75,350.0,250.0,100.0,100.0,canonical_higher,100.0,True,0b00276f0b11f10de4c3841a4581717e55d1eb32555ce25a2761acf39b57a447,625.625,False,True,True,True,False,False,False,0.0,0.0,True,383.5526315789476,10355.92105263159,False,0.0,0.0,False,0.0,0.0,True,633.5526315789476,-633.5526315789476,53,10355.921052631591,False,False,621.6332430423213,False,0.0,0.0,True,383.5526315789476,10355.92105263159,False,0.0,0.0,False,0.0,0.0,True,633.5526315789476,-633.5526315789476,53,10355.921052631591,False,False,621.6332430423213,qwen3.7-plus,,341b4deb82531759077945903cf3386480134f80e85faba0105c3f113a075843,edfca215b06aede2edab81644cdcca241af34a0073ce9d52d5d9146b63f7b442,1,1.076068,2026-08-26T14:13:57.038164+00:00,2026-08-26T14:13:58.114232+00:00,1787753637.038164,1787753638.114232
QWEN37_F1,qwen37f1_df44c3059311d69be180,v2e2_c4d42554da4b1f44862b,qwen37_plus_direct,S1,stale,1,4,34,power_limit_derating,hard,winter,fresno,5,91,22.75,350.0,250.0,100.0,100.0,canonical_higher,100.0,True,3e515c8f4169f75cc4b168579d7407202349b2e2c0fcead40bcc2c4ad6719c9a,64.83750000000002,False,True,True,True,False,False,False,0.0,0.0,False,0.0,0.0,False,0.0,0.0,False,0.0,0.0,True,13.404375000000414,-13.404375000000414,0,0.0,True,False,674.7226068309486,False,0.0,0.0,False,0.0,0.0,False,0.0,0.0,False,0.0,0.0,True,86.59562499999959,86.59562499999959,0,0.0,True,False,674.7226068309486,qwen3.7-plus,,d968a292838dbda4679e26a67054c737a4783d700dde4a563058772c82b6ad08,d77491a90f1b8da02a2b91d955a39a8cf73fd755a96d9fd4d238a8b1616516a8,1,1.619698,2026-08-26T14:13:58.146210+00:00,2026-08-26T14:13:59.765908+00:00,1787753638.14621,1787753639.765908
QWEN37_F1,qwen37f1_e441f463386f128f1075,v2e2_31906e8fff0262a0bd53,qwen37_plus_direct,C2,canonical,2,1,21,power_limit_derating,medium,autumn,san_diego,4,92,23.0,175.0,250.0,-75.0,75.0,canonical_lower,75.0,True,c1ce617d1dfc52dced716a8a9100b47b3bb14ce2cabefcea2d52ab374086c447,374.90000000000003,False,True,True,True,False,False,False,0.0,0.0,False,0.0,0.0,True,31.154999999998495,141.02999999998588,False,0.0,0.0,True,206.1549999999985,206.1549999999985,9,141.02999999998588,False,False,380.7344451880105,False,0.0,0.0,False,0.0,0.0,True,31.154999999998495,141.02999999998588,False,0.0,0.0,True,206.1549999999985,206.1549999999985,9,141.02999999998588,False,False,380.7344451880105,qwen3.7-plus,,b57efde49f5ced3ab78375c7ea16bd7784d20cef7f3d38ec641fad1e33764848,5cd66e0fe25963a3243c2d9adbb10b52efc16f2dd9dcb43128e2a397bc56d118,1,2.603788,2026-08-26T14:13:39.789879+00:00,2026-08-26T14:13:42.393667+00:00,1787753619.789879,1787753622.393667
QWEN37_F1,qwen37f1_e441f463386f128f1075,v2e2_31906e8fff0262a0bd53,qwen37_plus_direct,S2,stale,2,2,21,power_limit_derating,medium,autumn,san_diego,4,92,23.0,175.0,250.0,-75.0,75.0,canonical_lower,75.0,True,23cd904e05dc77458353892d5f14d947eba44b207c53c72781ee8e10c1307fa8,37.48999999999998,False,True,True,True,False,False,False,0.0,0.0,False,0.0,0.0,False,0.0,0.0,False,0.0,0.0,True,39.38449999999807,-39.38449999999807,0,0.0,True,False,357.5388422179111,False,0.0,0.0,False,0.0,0.0,False,0.0,0.0,False,0.0,0.0,True,114.38450000000023,-114.38450000000023,0,0.0,True,False,357.5388422179111,qwen3.7-plus,,d7e65d9f47600576e386b91ab62b249c842ca4ebf921dd7317b61fa8be604f45,ac4f701c9204d17fd4db145f25a1b27b92bfb9bbede28f2ed568dcad528da826,1,6.476018,2026-08-26T14:13:42.422012+00:00,2026-08-26T14:13:48.898030+00:00,1787753622.422012,1787753628.89803
QWEN37_F1,qwen37f1_e441f463386f128f1075,v2e2_31906e8fff0262a0bd53,qwen37_plus_direct,C1,canonical,1,3,21,power_limit_derating,medium,autumn,san_diego,4,92,23.0,175.0,250.0,-75.0,75.0,canonical_lower,75.0,True,c1ce617d1dfc52dced716a8a9100b47b3bb14ce2cabefcea2d52ab374086c447,374.90000000000003,False,True,True,True,False,False,False,0.0,0.0,False,0.0,0.0,True,31.154999999998495,141.02999999998588,False,0.0,0.0,True,206.1549999999985,206.1549999999985,9,141.02999999998588,False,False,380.7344451880105,False,0.0,0.0,False,0.0,0.0,True,31.154999999998495,141.02999999998588,False,0.0,0.0,True,206.1549999999985,206.1549999999985,9,141.02999999998588,False,False,380.7344451880105,qwen3.7-plus,,b57efde49f5ced3ab78375c7ea16bd7784d20cef7f3d38ec641fad1e33764848,5cd66e0fe25963a3243c2d9adbb10b52efc16f2dd9dcb43128e2a397bc56d118,1,1.547929,2026-08-26T14:13:48.924800+00:00,2026-08-26T14:13:50.472729+00:00,1787753628.9248,1787753630.472729
QWEN37_F1,qwen37f1_e441f463386f128f1075,v2e2_31906e8fff0262a0bd53,qwen37_plus_direct,S1,stale,1,4,21,power_limit_derating,medium,autumn,san_diego,4,92,23.0,175.0,250.0,-75.0,75.0,canonical_lower,75.0,True,23cd904e05dc77458353892d5f14d947eba44b207c53c72781ee8e10c1307fa8,37.48999999999998,False,True,True,True,False,False,False,0.0,0.0,False,0.0,0.0,False,0.0,0.0,False,0.0,0.0,True,39.38449999999807,-39.38449999999807,0,0.0,True,False,357.5388422179111,False,0.0,0.0,False,0.0,0.0,False,0.0,0.0,False,0.0,0.0,True,114.38450000000023,-114.38450000000023,0,0.0,True,False,357.5388422179111,qwen3.7-plus,,d7e65d9f47600576e386b91ab62b249c842ca4ebf921dd7317b61fa8be604f45,ac4f701c9204d17fd4db145f25a1b27b92bfb9bbede28f2ed568dcad528da826,1,1.035507,2026-08-26T14:13:50.506712+00:00,2026-08-26T14:13:51.542219+00:00,1787753630.506712,1787753631.542219
QWEN37_F1,qwen37f1_e67624d3f156005e407e,v2e2_01647af4ab413aad9430,qwen37_plus_direct,C1,canonical,1,1,25,power_limit_derating,hard,winter,sacramento,5,91,22.75,175.0,250.0,-75.0,75.0,canonical_lower,75.0,True,f70d05c435ed58d80a9125da555752a483265419be30b4731d3e2e90a1a95594,341.25,False,True,True,True,False,False,False,0.0,0.0,False,0.0,0.0,False,0.0,0.0,False,0.0,0.0,True,174.1875,174.1875,0,0.0,True,False,727.8823876335938,False,0.0,0.0,False,0.0,0.0,False,0.0,0.0,False,0.0,0.0,True,174.1875,174.1875,0,0.0,True,False,727.8823876335938,qwen3.7-plus,,cd94ddfefbc2b632642e6b4267ec47ee9ebaa9229ca5cd400e149893650a67c7,b8616645680a601a9612d68542834778b10d9e8ed2f6e90bb6af7df004f1c9c8,1,2.08639,2026-08-26T14:13:42.392769+00:00,2026-08-26T14:13:44.479159+00:00,1787753622.392769,1787753624.479159
QWEN37_F1,qwen37f1_e67624d3f156005e407e,v2e2_01647af4ab413aad9430,qwen37_plus_direct,S1,stale,1,2,25,power_limit_derating,hard,winter,sacramento,5,91,22.75,175.0,250.0,-75.0,75.0,canonical_lower,75.0,True,3e515c8f4169f75cc4b168579d7407202349b2e2c0fcead40bcc2c4ad6719c9a,64.83750000000002,False,True,True,True,False,False,False,0.0,0.0,False,0.0,0.0,False,0.0,0.0,False,0.0,0.0,True,13.404375000000414,-13.404375000000414,0,0.0,True,False,703.9515451234714,False,0.0,0.0,False,0.0,0.0,False,0.0,0.0,False,0.0,0.0,True,88.40437500000041,-88.40437500000041,0,0.0,True,False,703.9515451234714,qwen3.7-plus,,ee16c72384f956ac3fafe52c2b6c7b98368973d787b0bd248c103e5961d43942,8e59cb22ea5b87df78e6341e4aa1f2ee8761c82e5055df262e82dd1bf648579b,1,1.600657,2026-08-26T14:13:44.513841+00:00,2026-08-26T14:13:46.114498+00:00,1787753624.513841,1787753626.114498
QWEN37_F1,qwen37f1_e67624d3f156005e407e,v2e2_01647af4ab413aad9430,qwen37_plus_direct,C2,canonical,2,3,25,power_limit_derating,hard,winter,sacramento,5,91,22.75,175.0,250.0,-75.0,75.0,canonical_lower,75.0,True,4840ca57aadcf6e001372827c7984431da30c1a9438c2d6bb15cdab75bb5e325,45.5,False,True,True,True,False,False,False,0.0,0.0,False,0.0,0.0,False,0.0,0.0,False,0.0,0.0,True,106.77500000000052,-106.77500000000052,0,0.0,True,False,702.2773709560963,False,0.0,0.0,False,0.0,0.0,False,0.0,0.0,False,0.0,0.0,True,106.77500000000052,-106.77500000000052,0,0.0,True,False,702.2773709560963,qwen3.7-plus,,cd94ddfefbc2b632642e6b4267ec47ee9ebaa9229ca5cd400e149893650a67c7,b8616645680a601a9612d68542834778b10d9e8ed2f6e90bb6af7df004f1c9c8,1,1.177629,2026-08-26T14:13:46.150016+00:00,2026-08-26T14:13:47.327645+00:00,1787753626.150016,1787753627.327645
QWEN37_F1,qwen37f1_e67624d3f156005e407e,v2e2_01647af4ab413aad9430,qwen37_plus_direct,S2,stale,2,4,25,power_limit_derating,hard,winter,sacramento,5,91,22.75,175.0,250.0,-75.0,75.0,canonical_lower,75.0,True,67fa42b2757b619f8c8b27aacbf7cfd84403aec707d725536d3b0b4ea4358712,74.3925,False,True,True,True,False,False,False,0.0,0.0,False,0.0,0.0,False,0.0,0.0,False,0.0,0.0,True,4.327124999998034,-4.327124999998034,0,0.0,True,False,704.7787841238188,False,0.0,0.0,False,0.0,0.0,False,0.0,0.0,False,0.0,0.0,True,79.3271250000004,-79.3271250000004,0,0.0,True,False,704.7787841238188,qwen3.7-plus,,ee16c72384f956ac3fafe52c2b6c7b98368973d787b0bd248c103e5961d43942,8e59cb22ea5b87df78e6341e4aa1f2ee8761c82e5055df262e82dd1bf648579b,1,1.599849,2026-08-26T14:13:47.353388+00:00,2026-08-26T14:13:48.953237+00:00,1787753627.353388,1787753628.953237
QWEN37_F1,qwen37f1_e9279d3fb6c00b84b443,v2e2_f5ed58c9117bb14967a8,qwen37_plus_direct,S1,stale,1,1,58,power_limit_derating,medium,spring,fresno,5,91,22.75,150.0,250.0,-100.0,100.0,canonical_lower,100.0,True,e6ff459ebc86a128b3e37b46d41efd52eedbe5c955acf3d20dfbf99a33fb2557,0.0,True,False,False,False,False,False,False,0.0,0.0,False,0.0,0.0,False,0.0,0.0,False,0.0,0.0,True,75.0,-75.0,0,0.0,True,False,361.5824730194866,False,0.0,0.0,False,0.0,0.0,False,0.0,0.0,False,0.0,0.0,True,175.0,-175.0,0,0.0,True,False,361.5824730194866,qwen3.7-plus,,c1d2df6e04f45bdce9941fcc0877b50b10eb4f5de3847b599f1cf19d4f9e525b,10eb94c7f54d28f31c429f21c3432419945ff2745fb07a2735bb0bcde63fc04c,1,5.87028,2026-08-26T14:14:15.833548+00:00,2026-08-26T14:14:21.703828+00:00,1787753655.833548,1787753661.703828
QWEN37_F1,qwen37f1_e9279d3fb6c00b84b443,v2e2_f5ed58c9117bb14967a8,qwen37_plus_direct,C2,canonical,2,2,58,power_limit_derating,medium,spring,fresno,5,91,22.75,150.0,250.0,-100.0,100.0,canonical_lower,100.0,True,eb6bb5bcbaefb3806e29ce3efe79f877e6d092fc58af6cbe538810faaedc7a66,4550.0,False,True,True,True,False,False,False,0.0,0.0,False,0.0,0.0,True,3972.5,168105.0,False,0.0,0.0,True,4147.5,4147.5,84,168105.0,False,False,574.3296635194854,False,0.0,0.0,False,0.0,0.0,True,3972.5,168105.0,False,0.0,0.0,True,4147.5,4147.5,84,168105.0,False,False,574.3296635194854,qwen3.7-plus,,20db128a1aa6e0d82996e5e42ff8f9f963af53a94bf317a749c7ae71991d8554,e365eaeb23b5435a80af0b891214d4900f33ac987ee52bd02ee8725bd8bf332f,1,2.780045,2026-08-26T14:14:21.731057+00:00,2026-08-26T14:14:24.511102+00:00,1787753661.731057,1787753664.511102
QWEN37_F1,qwen37f1_e9279d3fb6c00b84b443,v2e2_f5ed58c9117bb14967a8,qwen37_plus_direct,S2,stale,2,3,58,power_limit_derating,medium,spring,fresno,5,91,22.75,150.0,250.0,-100.0,100.0,canonical_lower,100.0,True,1d5b7620f11dea314c32eb535e7b5efd11b1cd6db07b93f06af04aa839377ef4,64.99675,False,True,True,True,False,False,False,0.0,0.0,False,0.0,0.0,False,0.0,0.0,False,0.0,0.0,True,13.253087499999594,-13.253087499999594,0,0.0,True,False,364.62156663577974,False,0.0,0.0,False,0.0,0.0,False,0.0,0.0,False,0.0,0.0,True,113.2530874999996,-113.2530874999996,0,0.0,True,False,364.62156663577974,qwen3.7-plus,,c1d2df6e04f45bdce9941fcc0877b50b10eb4f5de3847b599f1cf19d4f9e525b,10eb94c7f54d28f31c429f21c3432419945ff2745fb07a2735bb0bcde63fc04c,1,1.388233,2026-08-26T14:14:24.544957+00:00,2026-08-26T14:14:25.933190+00:00,1787753664.544957,1787753665.93319
QWEN37_F1,qwen37f1_e9279d3fb6c00b84b443,v2e2_f5ed58c9117bb14967a8,qwen37_plus_direct,C1,canonical,1,4,58,power_limit_derating,medium,spring,fresno,5,91,22.75,150.0,250.0,-100.0,100.0,canonical_lower,100.0,True,eb6bb5bcbaefb3806e29ce3efe79f877e6d092fc58af6cbe538810faaedc7a66,4550.0,False,True,True,True,False,False,False,0.0,0.0,False,0.0,0.0,True,3972.5,168105.0,False,0.0,0.0,True,4147.5,4147.5,84,168105.0,False,False,574.3296635194854,False,0.0,0.0,False,0.0,0.0,True,3972.5,168105.0,False,0.0,0.0,True,4147.5,4147.5,84,168105.0,False,False,574.3296635194854,qwen3.7-plus,,20db128a1aa6e0d82996e5e42ff8f9f963af53a94bf317a749c7ae71991d8554,e365eaeb23b5435a80af0b891214d4900f33ac987ee52bd02ee8725bd8bf332f,1,2.557263,2026-08-26T14:14:25.961152+00:00,2026-08-26T14:14:28.518415+00:00,1787753665.961152,1787753668.518415
QWEN37_F1,qwen37f1_ec592705915514026f43,v2e2_c9b994f593c92dd9efa9,qwen37_plus_direct,C1,canonical,1,1,53,power_limit_derating,hard,autumn,san_diego,5,91,22.75,200.0,250.0,-50.0,50.0,canonical_lower,50.0,True,176c1bf216d4f048c59b1cfee68232f6884f362959d14d69b5b843b89d2863bc,124.99987500000005,False,True,True,True,False,False,False,0.0,0.0,False,0.0,0.0,False,0.0,0.0,False,0.0,0.0,True,6.2501187499993875,-6.2501187499993875,0,0.0,True,False,354.81702421580576,False,0.0,0.0,False,0.0,0.0,False,0.0,0.0,False,0.0,0.0,True,6.2501187499993875,-6.2501187499993875,0,0.0,True,False,354.81702421580576,qwen3.7-plus,,608e83971705c10aedbda64767fedb4b141af79ec9bba0bf50656128c61728dc,f1cf3ceab899d6ea9feaa7a94cde773d0dececdf8e249dc77cdf84297cc42d81,1,2.460231,2026-08-26T14:14:12.427955+00:00,2026-08-26T14:14:14.888186+00:00,1787753652.427955,1787753654.888186
QWEN37_F1,qwen37f1_ec592705915514026f43,v2e2_c9b994f593c92dd9efa9,qwen37_plus_direct,S1,stale,1,2,53,power_limit_derating,hard,autumn,san_diego,5,91,22.75,200.0,250.0,-50.0,50.0,canonical_lower,50.0,True,f70d05c435ed58d80a9125da555752a483265419be30b4731d3e2e90a1a95594,341.25,False,True,True,True,False,False,False,0.0,0.0,False,0.0,0.0,True,74.1875,809.8125,False,0.0,0.0,True,249.1875,249.1875,21,809.8125,False,False,371.21702785848237,False,0.0,0.0,False,0.0,0.0,True,24.1875,94.5,False,0.0,0.0,True,199.1875,199.1875,7,94.5,False,False,371.21702785848237,qwen3.7-plus,,d9c9f091050d3aa310a770b35beafaa2bc81af7110c4fdef0b9af1808516d28f,a65a35acee127f55a7f7316bae87adc7fb37026134daa82956def0342536c7f2,1,2.367226,2026-08-26T14:14:14.916358+00:00,2026-08-26T14:14:17.283584+00:00,1787753654.916358,1787753657.283584
QWEN37_F1,qwen37f1_ec592705915514026f43,v2e2_c9b994f593c92dd9efa9,qwen37_plus_direct,C2,canonical,2,3,53,power_limit_derating,hard,autumn,san_diego,5,91,22.75,200.0,250.0,-50.0,50.0,canonical_lower,50.0,True,176c1bf216d4f048c59b1cfee68232f6884f362959d14d69b5b843b89d2863bc,124.99987500000005,False,True,True,True,False,False,False,0.0,0.0,False,0.0,0.0,False,0.0,0.0,False,0.0,0.0,True,6.2501187499993875,-6.2501187499993875,0,0.0,True,False,354.81702421580576,False,0.0,0.0,False,0.0,0.0,False,0.0,0.0,False,0.0,0.0,True,6.2501187499993875,-6.2501187499993875,0,0.0,True,False,354.81702421580576,qwen3.7-plus,,608e83971705c10aedbda64767fedb4b141af79ec9bba0bf50656128c61728dc,f1cf3ceab899d6ea9feaa7a94cde773d0dececdf8e249dc77cdf84297cc42d81,1,1.373554,2026-08-26T14:14:17.317663+00:00,2026-08-26T14:14:18.691217+00:00,1787753657.317663,1787753658.691217
QWEN37_F1,qwen37f1_ec592705915514026f43,v2e2_c9b994f593c92dd9efa9,qwen37_plus_direct,S2,stale,2,4,53,power_limit_derating,hard,autumn,san_diego,5,91,22.75,200.0,250.0,-50.0,50.0,canonical_lower,50.0,True,4840ca57aadcf6e001372827c7984431da30c1a9438c2d6bb15cdab75bb5e325,45.5,False,True,True,True,False,False,False,0.0,0.0,False,0.0,0.0,False,0.0,0.0,False,0.0,0.0,True,31.774999999998272,-31.774999999998272,0,0.0,True,False,348.78790289348404,False,0.0,0.0,False,0.0,0.0,False,0.0,0.0,False,0.0,0.0,True,81.77500000000052,-81.77500000000052,0,0.0,True,False,348.78790289348404,qwen3.7-plus,,d9c9f091050d3aa310a770b35beafaa2bc81af7110c4fdef0b9af1808516d28f,a65a35acee127f55a7f7316bae87adc7fb37026134daa82956def0342536c7f2,1,1.016208,2026-08-26T14:14:18.719851+00:00,2026-08-26T14:14:19.736059+00:00,1787753658.719851,1787753659.736059
QWEN37_F1,qwen37f1_ee7f0861126b4b76602e,v2e2_d6ba00286f170447ebbf,qwen37_plus_direct,S1,stale,1,1,9,forecast_revision,hard,summer,sacramento,4,92,23.0,175.0,250.0,-75.0,75.0,canonical_lower,75.0,True,cf47db740caa6104de8115e1632cc94e0303545bc75a5521b37d7aad8eb5a938,379.5,False,True,True,True,False,False,False,0.0,0.0,False,0.0,0.0,True,110.52500000000043,1614.2124999999942,False,0.0,0.0,True,285.52500000000043,285.52500000000043,29,1614.2124999999942,False,False,420.47985522449983,False,0.0,0.0,False,0.0,0.0,True,35.524999999999295,178.90624999999125,False,0.0,0.0,True,210.5249999999993,210.5249999999993,10,178.90624999999125,False,False,420.47985522449983,qwen3.7-plus,,e1755f93d3d34a9ec2d180a155927a5d6f9786019f41c11f67b7f5aee392ec8b,9799be61fc4898a23b443d2d051c7ab02b0af83e225a3acffc0d8b5bc97e6df6,1,3.295659,2026-08-26T14:13:27.408887+00:00,2026-08-26T14:13:30.704546+00:00,1787753607.408887,1787753610.704546
QWEN37_F1,qwen37f1_ee7f0861126b4b76602e,v2e2_d6ba00286f170447ebbf,qwen37_plus_direct,C2,canonical,2,2,9,forecast_revision,hard,summer,sacramento,4,92,23.0,175.0,250.0,-75.0,75.0,canonical_lower,75.0,True,c1ce617d1dfc52dced716a8a9100b47b3bb14ce2cabefcea2d52ab374086c447,374.90000000000003,False,True,True,True,False,False,False,0.0,0.0,False,0.0,0.0,True,31.154999999998495,141.02999999998588,False,0.0,0.0,True,206.1549999999985,206.1549999999985,9,141.02999999998588,False,False,420.2201200024995,False,0.0,0.0,False,0.0,0.0,True,31.154999999998495,141.02999999998588,False,0.0,0.0,True,206.1549999999985,206.1549999999985,9,141.02999999998588,False,False,420.2201200024995,qwen3.7-plus,,d898fd153fd7c46e1d77314b30a66ec47848b7869ef2c9d7c2d8eb265921983d,bcea9bbf13dba8f3fc2113a5c0e2ea17925352e10f4a16f4246078e03b949bd4,1,6.65571,2026-08-26T14:13:30.732115+00:00,2026-08-26T14:13:37.387825+00:00,1787753610.732115,1787753617.387825
QWEN37_F1,qwen37f1_ee7f0861126b4b76602e,v2e2_d6ba00286f170447ebbf,qwen37_plus_direct,S2,stale,2,3,9,forecast_revision,hard,summer,sacramento,4,92,23.0,175.0,250.0,-75.0,75.0,canonical_lower,75.0,True,c1ce617d1dfc52dced716a8a9100b47b3bb14ce2cabefcea2d52ab374086c447,374.90000000000003,False,True,True,True,False,False,False,0.0,0.0,False,0.0,0.0,True,106.15499999999918,1509.0074999999651,False,0.0,0.0,True,281.1549999999992,281.1549999999992,28,1509.0074999999651,False,False,420.2201200024995,False,0.0,0.0,False,0.0,0.0,True,31.154999999998495,141.02999999998588,False,0.0,0.0,True,206.1549999999985,206.1549999999985,9,141.02999999998588,False,False,420.2201200024995,qwen3.7-plus,,e1755f93d3d34a9ec2d180a155927a5d6f9786019f41c11f67b7f5aee392ec8b,9799be61fc4898a23b443d2d051c7ab02b0af83e225a3acffc0d8b5bc97e6df6,1,1.147716,2026-08-26T14:13:37.420140+00:00,2026-08-26T14:13:38.567856+00:00,1787753617.42014,1787753618.567856
QWEN37_F1,qwen37f1_ee7f0861126b4b76602e,v2e2_d6ba00286f170447ebbf,qwen37_plus_direct,C1,canonical,1,4,9,forecast_revision,hard,summer,sacramento,4,92,23.0,175.0,250.0,-75.0,75.0,canonical_lower,75.0,True,c1ce617d1dfc52dced716a8a9100b47b3bb14ce2cabefcea2d52ab374086c447,374.90000000000003,False,True,True,True,False,False,False,0.0,0.0,False,0.0,0.0,True,31.154999999998495,141.02999999998588,False,0.0,0.0,True,206.1549999999985,206.1549999999985,9,141.02999999998588,False,False,420.2201200024995,False,0.0,0.0,False,0.0,0.0,True,31.154999999998495,141.02999999998588,False,0.0,0.0,True,206.1549999999985,206.1549999999985,9,141.02999999998588,False,False,420.2201200024995,qwen3.7-plus,,d898fd153fd7c46e1d77314b30a66ec47848b7869ef2c9d7c2d8eb265921983d,bcea9bbf13dba8f3fc2113a5c0e2ea17925352e10f4a16f4246078e03b949bd4,1,1.221028,2026-08-26T14:13:38.601482+00:00,2026-08-26T14:13:39.822510+00:00,1787753618.601482,1787753619.82251
QWEN37_F1,qwen37f1_f6a01d8d47b6708952df,v2e2_599ab783e7af2d598059,qwen37_plus_direct,C2,canonical,2,1,4,reserve_commitment_update,hard,spring,los_angeles,5,91,22.75,300.0,250.0,50.0,50.0,canonical_higher,50.0,True,f72bb749a2ec5fe51da0e86ac561e25e004d96d08380645768afc4adbe8be69c,568.75,False,True,True,True,False,False,False,0.0,0.0,False,0.0,0.0,True,340.3125,9923.4375,False,0.0,0.0,True,515.3125,515.3125,58,9923.4375,False,False,358.39646221886557,False,0.0,0.0,False,0.0,0.0,True,340.3125,9923.4375,False,0.0,0.0,True,515.3125,515.3125,58,9923.4375,False,False,358.39646221886557,qwen3.7-plus,,f43ee7106985b33021b6cdca0501fab68f119fd367aee309090227e001eb9d44,94be664e4a31a3ba7ceaf722e93e9100d1a6dcdfd3fa968826fbe51ffa741341,1,2.365639,2026-08-26T14:13:20.384873+00:00,2026-08-26T14:13:22.750512+00:00,1787753600.384873,1787753602.750512
QWEN37_F1,qwen37f1_f6a01d8d47b6708952df,v2e2_599ab783e7af2d598059,qwen37_plus_direct,S2,stale,2,2,4,reserve_commitment_update,hard,spring,los_angeles,5,91,22.75,300.0,250.0,50.0,50.0,canonical_higher,50.0,True,ce6bb94c5159371faff434c46887e9b0d2810c9227d8d287c0cc3f3cbbf9ea42,5687.5,False,True,True,True,False,False,False,0.0,0.0,False,0.0,0.0,True,5153.125,226200.0,False,0.0,0.0,True,5328.125,5328.125,87,226200.0,False,False,597.7370515313648,False,0.0,0.0,False,0.0,0.0,True,5203.125,230587.5,False,0.0,0.0,True,5378.125,5378.125,88,230587.5,False,False,597.7370515313648,qwen3.7-plus,,b0c312733b0bb5e58a7c7d62b8c74b5909508b6eb3f5ea9f75cedae778b6fd96,a8e4f31134f462683ae42beb1d4d3b727dc4d7b6fd99ff974b58eb61748754e2,1,1.470664,2026-08-26T14:13:22.779000+00:00,2026-08-26T14:13:24.249664+00:00,1787753602.779,1787753604.249664
QWEN37_F1,qwen37f1_f6a01d8d47b6708952df,v2e2_599ab783e7af2d598059,qwen37_plus_direct,C1,canonical,1,3,4,reserve_commitment_update,hard,spring,los_angeles,5,91,22.75,300.0,250.0,50.0,50.0,canonical_higher,50.0,True,f72bb749a2ec5fe51da0e86ac561e25e004d96d08380645768afc4adbe8be69c,568.75,False,True,True,True,False,False,False,0.0,0.0,False,0.0,0.0,True,340.3125,9923.4375,False,0.0,0.0,True,515.3125,515.3125,58,9923.4375,False,False,358.39646221886557,False,0.0,0.0,False,0.0,0.0,True,340.3125,9923.4375,False,0.0,0.0,True,515.3125,515.3125,58,9923.4375,False,False,358.39646221886557,qwen3.7-plus,,f43ee7106985b33021b6cdca0501fab68f119fd367aee309090227e001eb9d44,94be664e4a31a3ba7ceaf722e93e9100d1a6dcdfd3fa968826fbe51ffa741341,1,1.221408,2026-08-26T14:13:24.285189+00:00,2026-08-26T14:13:25.506597+00:00,1787753604.285189,1787753605.506597
QWEN37_F1,qwen37f1_f6a01d8d47b6708952df,v2e2_599ab783e7af2d598059,qwen37_plus_direct,S1,stale,1,4,4,reserve_commitment_update,hard,spring,los_angeles,5,91,22.75,300.0,250.0,50.0,50.0,canonical_higher,50.0,True,f72bb749a2ec5fe51da0e86ac561e25e004d96d08380645768afc4adbe8be69c,568.75,False,True,True,True,False,False,False,0.0,0.0,False,0.0,0.0,True,290.3125,7242.8125,False,0.0,0.0,True,465.3125,465.3125,49,7242.8125,False,False,358.39646221886557,False,0.0,0.0,False,0.0,0.0,True,340.3125,9923.4375,False,0.0,0.0,True,515.3125,515.3125,58,9923.4375,False,False,358.39646221886557,qwen3.7-plus,,b0c312733b0bb5e58a7c7d62b8c74b5909508b6eb3f5ea9f75cedae778b6fd96,a8e4f31134f462683ae42beb1d4d3b727dc4d7b6fd99ff974b58eb61748754e2,1,1.463597,2026-08-26T14:13:25.543993+00:00,2026-08-26T14:13:27.007590+00:00,1787753605.543993,1787753607.00759
QWEN37_F1,qwen37f1_f89f6500a768ca00cca8,v2e2_12b72852882928644d40,qwen37_plus_direct,C2,canonical,2,1,62,forecast_revision,easy,winter,los_angeles,10,86,21.5,300.0,250.0,50.0,50.0,canonical_higher,50.0,True,70f822404bddd40817635f4b4980c8b346e2e299884fbbd55c8651c14a4086fb,62.99500000000001,False,True,True,True,False,False,False,0.0,0.0,False,0.0,0.0,False,0.0,0.0,False,0.0,0.0,True,34.84525000000008,34.84525000000008,0,0.0,True,False,242.36693218272302,False,0.0,0.0,False,0.0,0.0,False,0.0,0.0,False,0.0,0.0,True,34.84525000000008,34.84525000000008,0,0.0,True,False,242.36693218272302,qwen3.7-plus,,457aebfe1bd793ad5b1d2db9d005117d64f8a4fa4f6ea3fbe425459ab5ce3a50,a0866bf69f35e4c2ff3b3349ec2330f2211890df383cf596be802a6208a4fdf6,1,1.508151,2026-08-26T14:14:21.324794+00:00,2026-08-26T14:14:22.832945+00:00,1787753661.324794,1787753662.832945
QWEN37_F1,qwen37f1_f89f6500a768ca00cca8,v2e2_12b72852882928644d40,qwen37_plus_direct,S2,stale,2,2,62,forecast_revision,easy,winter,los_angeles,10,86,21.5,300.0,250.0,50.0,50.0,canonical_higher,50.0,True,f98e53143f926a21de88d76a5791711e9575eb22a05357c7ba03558b43a66826,376.25,False,True,True,True,False,False,False,0.0,0.0,False,0.0,0.0,True,107.4375,1442.59375,False,0.0,0.0,True,282.4375,282.4375,26,1442.59375,False,False,258.8149582673222,False,0.0,0.0,False,0.0,0.0,True,157.4375,3060.78125,False,0.0,0.0,True,332.4375,332.4375,38,3060.78125,False,False,258.8149582673222,qwen3.7-plus,,f893e14fe8f910556fc1c88a32438e5dcd2ac189d7b1750a1fce92622945844c,ed660e85d62a065d17ede6937922d99edaa50262c97b5712ce1e5903464f8252,1,3.86247,2026-08-26T14:14:22.860584+00:00,2026-08-26T14:14:26.723054+00:00,1787753662.860584,1787753666.723054
QWEN37_F1,qwen37f1_f89f6500a768ca00cca8,v2e2_12b72852882928644d40,qwen37_plus_direct,C1,canonical,1,3,62,forecast_revision,easy,winter,los_angeles,10,86,21.5,300.0,250.0,50.0,50.0,canonical_higher,50.0,True,b37eb0ee478025c3f82641f5c6b95ed3ce7eb0fe672ccd738f625820f403a943,537.5,False,True,True,True,False,False,False,0.0,0.0,False,0.0,0.0,True,310.625,8281.25,False,0.0,0.0,True,485.625,485.625,53,8281.25,False,False,267.281684117323,False,0.0,0.0,False,0.0,0.0,True,310.625,8281.25,False,0.0,0.0,True,485.625,485.625,53,8281.25,False,False,267.281684117323,qwen3.7-plus,,457aebfe1bd793ad5b1d2db9d005117d64f8a4fa4f6ea3fbe425459ab5ce3a50,a0866bf69f35e4c2ff3b3349ec2330f2211890df383cf596be802a6208a4fdf6,1,1.671285,2026-08-26T14:14:26.750897+00:00,2026-08-26T14:14:28.422182+00:00,1787753666.750897,1787753668.422182
QWEN37_F1,qwen37f1_f89f6500a768ca00cca8,v2e2_12b72852882928644d40,qwen37_plus_direct,S1,stale,1,4,62,forecast_revision,easy,winter,los_angeles,10,86,21.5,300.0,250.0,50.0,50.0,canonical_higher,50.0,True,f98e53143f926a21de88d76a5791711e9575eb22a05357c7ba03558b43a66826,376.25,False,True,True,True,False,False,False,0.0,0.0,False,0.0,0.0,True,107.4375,1442.59375,False,0.0,0.0,True,282.4375,282.4375,26,1442.59375,False,False,258.8149582673222,False,0.0,0.0,False,0.0,0.0,True,157.4375,3060.78125,False,0.0,0.0,True,332.4375,332.4375,38,3060.78125,False,False,258.8149582673222,qwen3.7-plus,,f893e14fe8f910556fc1c88a32438e5dcd2ac189d7b1750a1fce92622945844c,ed660e85d62a065d17ede6937922d99edaa50262c97b5712ce1e5903464f8252,1,1.589456,2026-08-26T14:14:28.449275+00:00,2026-08-26T14:14:30.038731+00:00,1787753668.449275,1787753670.038731
QWEN37_F1,qwen37f1_f9e9536ccb06550366dd,v2e2_a66e250328b3cef2064f,qwen37_plus_direct,S1,stale,1,1,63,reserve_commitment_update,medium,spring,fresno,5,91,22.75,350.0,250.0,100.0,100.0,canonical_higher,100.0,True,51a7d900bc708785e8bab99c312e63e8c1694470251bed9226b7a31e49a41aac,746.2000000000003,False,True,True,True,False,False,False,0.0,0.0,False,0.0,0.0,True,458.8899999999986,13745.819999999983,False,0.0,0.0,True,633.8899999999986,633.8899999999986,59,13745.819999999983,False,False,220.1100505209275,False,0.0,0.0,False,0.0,0.0,True,558.8899999999978,20328.83999999994,False,0.0,0.0,True,733.8899999999978,733.8899999999978,72,20328.83999999994,False,False,220.1100505209275,qwen3.7-plus,,80182aa6543ca86fc4318def5aa30f47e1702443e7038dd2c03856a4b90c2a71,89b17ed19efe224b58f451527f4842d05d6ab88e318be5b02221982516f405e2,1,1.755118,2026-08-26T14:14:21.701594+00:00,2026-08-26T14:14:23.456712+00:00,1787753661.701594,1787753663.456712
QWEN37_F1,qwen37f1_f9e9536ccb06550366dd,v2e2_a66e250328b3cef2064f,qwen37_plus_direct,C2,canonical,2,2,63,reserve_commitment_update,medium,spring,fresno,5,91,22.75,350.0,250.0,100.0,100.0,canonical_higher,100.0,True,39ec0dae9b8e0310a76a73cb84af639d6842418391d39cafd19cae626353a3a3,568.75,False,True,True,True,False,False,False,0.0,0.0,True,408.68421052631527,12898.421052631556,False,0.0,0.0,False,0.0,0.0,True,573.6842105263153,-573.6842105263153,63,12898.421052631555,False,False,176.14110479092852,False,0.0,0.0,True,408.68421052631527,12898.421052631556,False,0.0,0.0,False,0.0,0.0,True,573.6842105263153,-573.6842105263153,63,12898.421052631555,False,False,176.14110479092852,qwen3.7-plus,,104b08ce18c6edf31605c22ebdc6f48efc24ee0ebd57df279aeaa9d17ec94d07,52c6e9965290f45ba9992a1cce2e9150eafbcd856f8148537734995bb1201d2b,1,1.486599,2026-08-26T14:14:23.483192+00:00,2026-08-26T14:14:24.969791+00:00,1787753663.483192,1787753664.969791
QWEN37_F1,qwen37f1_f9e9536ccb06550366dd,v2e2_a66e250328b3cef2064f,qwen37_plus_direct,S2,stale,2,3,63,reserve_commitment_update,medium,spring,fresno,5,91,22.75,350.0,250.0,100.0,100.0,canonical_higher,100.0,True,918246868d17cbd03a144a3c7c589fa5c8f1d110ca61b465767dfb46d5f5a368,74.61999999999999,False,True,True,True,False,False,False,0.0,0.0,False,0.0,0.0,False,0.0,0.0,False,0.0,0.0,True,4.111000000000331,-4.111000000000331,0,0.0,True,False,193.00632598892844,False,0.0,0.0,False,0.0,0.0,False,0.0,0.0,False,0.0,0.0,True,95.88899999999967,95.88899999999967,0,0.0,True,False,193.00632598892844,qwen3.7-plus,,80182aa6543ca86fc4318def5aa30f47e1702443e7038dd2c03856a4b90c2a71,89b17ed19efe224b58f451527f4842d05d6ab88e318be5b02221982516f405e2,1,1.436162,2026-08-26T14:14:24.999811+00:00,2026-08-26T14:14:26.435973+00:00,1787753664.999811,1787753666.435973
QWEN37_F1,qwen37f1_f9e9536ccb06550366dd,v2e2_a66e250328b3cef2064f,qwen37_plus_direct,C1,canonical,1,4,63,reserve_commitment_update,medium,spring,fresno,5,91,22.75,350.0,250.0,100.0,100.0,canonical_higher,100.0,True,39ec0dae9b8e0310a76a73cb84af639d6842418391d39cafd19cae626353a3a3,568.75,False,True,True,True,False,False,False,0.0,0.0,True,408.68421052631527,12898.421052631556,False,0.0,0.0,False,0.0,0.0,True,573.6842105263153,-573.6842105263153,63,12898.421052631555,False,False,176.14110479092852,False,0.0,0.0,True,408.68421052631527,12898.421052631556,False,0.0,0.0,False,0.0,0.0,True,573.6842105263153,-573.6842105263153,63,12898.421052631555,False,False,176.14110479092852,qwen3.7-plus,,104b08ce18c6edf31605c22ebdc6f48efc24ee0ebd57df279aeaa9d17ec94d07,52c6e9965290f45ba9992a1cce2e9150eafbcd856f8148537734995bb1201d2b,1,1.097097,2026-08-26T14:14:26.462379+00:00,2026-08-26T14:14:27.559476+00:00,1787753666.462379,1787753667.559476
QWEN37_F1,qwen37f1_fcd31e299a3d8c530bc7,v2e2_ff7d4d179a2e6d483137,qwen37_plus_direct,S2,stale,2,1,16,export_limit_update,easy,winter,fresno,5,91,22.75,350.0,250.0,100.0,100.0,canonical_higher,100.0,True,f72bb749a2ec5fe51da0e86ac561e25e004d96d08380645768afc4adbe8be69c,568.75,False,True,True,True,False,False,False,0.0,0.0,False,0.0,0.0,True,290.3125,7242.8125,False,0.0,0.0,True,465.3125,465.3125,49,7242.8125,False,False,681.5134468190819,False,0.0,0.0,False,0.0,0.0,True,390.3125,13024.6875,False,0.0,0.0,True,565.3125,565.3125,66,13024.6875,False,False,681.5134468190819,qwen3.7-plus,,aa847d5bd33f78a7f9baa04b45e6444d0f8d9725ed7604970eb8903c1da3dbd6,573de733ced5c0205bc3b4a90efd785b3392538457563f6fb85636745b119fbf,1,2.376168,2026-08-26T14:13:35.195154+00:00,2026-08-26T14:13:37.571322+00:00,1787753615.195154,1787753617.571322
QWEN37_F1,qwen37f1_fcd31e299a3d8c530bc7,v2e2_ff7d4d179a2e6d483137,qwen37_plus_direct,C1,canonical,1,2,16,export_limit_update,easy,winter,fresno,5,91,22.75,350.0,250.0,100.0,100.0,canonical_higher,100.0,True,39ec0dae9b8e0310a76a73cb84af639d6842418391d39cafd19cae626353a3a3,568.75,False,True,True,True,False,False,False,0.0,0.0,True,323.68421052631527,8124.999999999981,False,0.0,0.0,False,0.0,0.0,True,573.6842105263153,-573.6842105263153,50,8124.999999999981,False,False,599.5134311940823,False,0.0,0.0,True,323.68421052631527,8124.999999999981,False,0.0,0.0,False,0.0,0.0,True,573.6842105263153,-573.6842105263153,50,8124.999999999981,False,False,599.5134311940823,qwen3.7-plus,,3a041f4116076bf6975d20f2e4acb8c1fed9c205b3ca5079fef810eb46b2ce9c,944f30f0db31336bfed998ec0f28f864e70e77cb89d16a38242573ceb611af53,1,2.192565,2026-08-26T14:13:37.599118+00:00,2026-08-26T14:13:39.791683+00:00,1787753617.599118,1787753619.791683
QWEN37_F1,qwen37f1_fcd31e299a3d8c530bc7,v2e2_ff7d4d179a2e6d483137,qwen37_plus_direct,S1,stale,1,3,16,export_limit_update,easy,winter,fresno,5,91,22.75,350.0,250.0,100.0,100.0,canonical_higher,100.0,True,f72bb749a2ec5fe51da0e86ac561e25e004d96d08380645768afc4adbe8be69c,568.75,False,True,True,True,False,False,False,0.0,0.0,False,0.0,0.0,True,290.3125,7242.8125,False,0.0,0.0,True,465.3125,465.3125,49,7242.8125,False,False,681.5134468190819,False,0.0,0.0,False,0.0,0.0,True,390.3125,13024.6875,False,0.0,0.0,True,565.3125,565.3125,66,13024.6875,False,False,681.5134468190819,qwen3.7-plus,,aa847d5bd33f78a7f9baa04b45e6444d0f8d9725ed7604970eb8903c1da3dbd6,573de733ced5c0205bc3b4a90efd785b3392538457563f6fb85636745b119fbf,1,2.148668,2026-08-26T14:13:39.821268+00:00,2026-08-26T14:13:41.969936+00:00,1787753619.821268,1787753621.969936
QWEN37_F1,qwen37f1_fcd31e299a3d8c530bc7,v2e2_ff7d4d179a2e6d483137,qwen37_plus_direct,C2,canonical,2,4,16,export_limit_update,easy,winter,fresno,5,91,22.75,350.0,250.0,100.0,100.0,canonical_higher,100.0,True,f8dee190d455dc4db29ca0dfba8f3996b1db62687be4d1ef5b069afb78f65e1e,587.4960000000002,False,True,True,True,False,False,False,0.0,0.0,True,343.41684210526347,8849.627368421068,False,0.0,0.0,False,0.0,0.0,True,593.4168421052634,-593.4168421052634,51,8849.627368421068,False,False,598.3120389365832,False,0.0,0.0,True,343.41684210526347,8849.627368421068,False,0.0,0.0,False,0.0,0.0,True,593.4168421052634,-593.4168421052634,51,8849.627368421068,False,False,598.3120389365832,qwen3.7-plus,,3a041f4116076bf6975d20f2e4acb8c1fed9c205b3ca5079fef810eb46b2ce9c,944f30f0db31336bfed998ec0f28f864e70e77cb89d16a38242573ceb611af53,1,1.663563,2026-08-26T14:13:41.998709+00:00,2026-08-26T14:13:43.662272+00:00,1787753621.998709,1787753623.662272
