tier,scenario_id,model_condition,block_id,branch,carrier,raw_action_digest,raw_action_energy_kwh,authoritative_raw_feasible,D_feasible_set_engineering_kwh,D_feasible_set_status,gate_battery_only_status,gate_battery_only_distance_kwh,gate_battery_only_distance_lower_bound_kwh,gate_battery_only_distance_optimality_gap_kwh,gate_battery_only_global_distance_optimality_proven,gate_battery_only_lp_overlap_intervals,gate_battery_only_selected_mode_source,gate_battery_only_throughput_kwh,gate_battery_only_cost_usd,gate_battery_only_curtailment_kwh,gate_battery_only_curtailment_price_term_usd,gate_battery_only_exact_retained_fraction,gate_battery_only_correlation,gate_battery_only_solve_seconds,gate_battery_only_regret_usd,gate_battery_only_regret_fraction_abs_opt,gate_expanded_system_status,gate_expanded_system_distance_kwh,gate_expanded_system_distance_lower_bound_kwh,gate_expanded_system_distance_optimality_gap_kwh,gate_expanded_system_global_distance_optimality_proven,gate_expanded_system_lp_overlap_intervals,gate_expanded_system_selected_mode_source,gate_expanded_system_throughput_kwh,gate_expanded_system_cost_usd,gate_expanded_system_curtailment_kwh,gate_expanded_system_curtailment_price_term_usd,gate_expanded_system_exact_retained_fraction,gate_expanded_system_correlation,gate_expanded_system_solve_seconds,gate_expanded_system_regret_usd,gate_expanded_system_regret_fraction_abs_opt,expanded_minus_battery_distance_kwh,expanded_distance_reduction_kwh
F0,v2e2_01647af4ab413aad9430,qwen37_plus_direct,qwen37f0_1ce6e32bc06aa7dc6f53,C1,canonical,4840ca57aadcf6e001372827c7984431da30c1a9438c2d6bb15cdab75bb5e325,45.5,False,111.34220526315838,global_distance_optimum_lp_integral_distance_focus,global_distance_optimum_lp_integral,112.3948368421058,112.3947368421058,0.00010000000000331966,True,0,lp_relaxation,157.89473684210552,709.1442132303749,0.0,0.0,0.9560439560439561,,0.017339499987429008,4.600367459279482,0.006529568722929602,global_distance_optimum_lp_integral,112.3948368421058,112.3947368421058,0.00010000000000331966,True,0,lp_relaxation,157.89473684210552,709.1442132303749,0.0,0.0,0.9560439560439561,,0.017695957998512313,4.600367459279482,0.006529568722929602,0.0,0.0
F0,v2e2_01647af4ab413aad9430,qwen37_plus_direct,qwen37f0_1ce6e32bc06aa7dc6f53,C2,canonical,4840ca57aadcf6e001372827c7984431da30c1a9438c2d6bb15cdab75bb5e325,45.5,False,111.34220526315838,global_distance_optimum_lp_integral_distance_focus,global_distance_optimum_lp_integral,112.3948368421058,112.3947368421058,0.00010000000000331966,True,0,lp_relaxation,157.89473684210552,709.1442132303749,0.0,0.0,0.9560439560439561,,0.017339499987429008,4.600367459279482,0.006529568722929602,global_distance_optimum_lp_integral,112.3948368421058,112.3947368421058,0.00010000000000331966,True,0,lp_relaxation,157.89473684210552,709.1442132303749,0.0,0.0,0.9560439560439561,,0.017695957998512313,4.600367459279482,0.006529568722929602,0.0,0.0
F0,v2e2_01647af4ab413aad9430,qwen37_plus_direct,qwen37f0_1ce6e32bc06aa7dc6f53,S1,stale,67fa42b2757b619f8c8b27aacbf7cfd84403aec707d725536d3b0b4ea4358712,74.3925,False,82.44970526315824,global_distance_optimum_lp_integral_distance_focus,global_distance_optimum_lp_integral,83.50233684210566,83.50223684210566,0.00010000000000331966,True,0,lp_relaxation,157.89473684210537,709.8804162855249,0.0,0.0,0.9560439560439561,,0.017411916982382536,5.336570514429468,0.0075745044775585284,global_distance_optimum_lp_integral,83.50233684210566,83.50223684210566,0.00010000000000331966,True,0,lp_relaxation,157.89473684210537,709.8804162855249,0.0,0.0,0.9560439560439561,,0.016669541015289724,5.336570514429468,0.0075745044775585284,0.0,0.0
F0,v2e2_01647af4ab413aad9430,qwen37_plus_direct,qwen37f0_1ce6e32bc06aa7dc6f53,S2,stale,1bf49b19d7a41d7aabe9a1bdfeb520e462026ca8c377003b72b2e2c4f58b7ca0,748.2474999999997,False,574.850785595567,feasible_mode_library_upper_bound_distance_focus,feasible_mode_library_upper_bound,563.3445529085867,417.7300886990802,145.61446420950648,False,89,lp_net_sign_with_mpc_zero_anchor,684.9010958093712,709.9669899441355,0.0,0.0,0.5714285714285714,,0.01586633297847584,5.4231441730401,0.00769738349939695,feasible_mode_library_upper_bound,563.3445529085867,417.7300886990802,145.61446420950648,False,89,lp_net_sign_with_mpc_zero_anchor,684.9010958093712,709.9669899441355,0.0,0.0,0.5714285714285714,,0.014662625006167218,5.4231441730401,0.00769738349939695,0.0,0.0
F1,v2e2_01647af4ab413aad9430,qwen37_plus_direct,qwen37f1_e67624d3f156005e407e,C1,canonical,f70d05c435ed58d80a9125da555752a483265419be30b4731d3e2e90a1a95594,341.25,False,178.1164434903047,feasible_mode_library_upper_bound_distance_focus,feasible_mode_library_upper_bound,179.1690750692521,10.732588699079088,168.43648637017301,False,91,lp_net_sign_with_mpc_zero_anchor,239.5790736486962,711.2403978276915,0.0,0.0,0.5824175824175825,,0.016238082986092195,6.696552056596033,0.009504805267679148,feasible_mode_library_upper_bound,179.1690750692521,10.732588699079088,168.43648637017301,False,91,lp_net_sign_with_mpc_zero_anchor,239.5790736486962,711.2403978276915,0.0,0.0,0.5824175824175825,,0.015689749998273328,6.696552056596033,0.009504805267679148,0.0,0.0
F1,v2e2_01647af4ab413aad9430,qwen37_plus_direct,qwen37f1_e67624d3f156005e407e,C2,canonical,4840ca57aadcf6e001372827c7984431da30c1a9438c2d6bb15cdab75bb5e325,45.5,False,111.34220526315838,global_distance_optimum_lp_integral_distance_focus,global_distance_optimum_lp_integral,112.3948368421058,112.3947368421058,0.00010000000000331966,True,0,lp_relaxation,157.89473684210552,709.1442132303749,0.0,0.0,0.9560439560439561,,0.017339499987429008,4.600367459279482,0.006529568722929602,global_distance_optimum_lp_integral,112.3948368421058,112.3947368421058,0.00010000000000331966,True,0,lp_relaxation,157.89473684210552,709.1442132303749,0.0,0.0,0.9560439560439561,,0.017695957998512313,4.600367459279482,0.006529568722929602,0.0,0.0
F1,v2e2_01647af4ab413aad9430,qwen37_plus_direct,qwen37f1_e67624d3f156005e407e,S1,stale,3e515c8f4169f75cc4b168579d7407202349b2e2c0fcead40bcc2c4ad6719c9a,64.83750000000002,False,92.00470526315833,global_distance_optimum_lp_integral_distance_focus,global_distance_optimum_lp_integral,93.05733684210568,93.05723684210568,0.00010000000000331966,True,0,lp_relaxation,157.8947368421057,709.6369475586248,0.0,0.0,0.9560439560439561,,0.017724083008943126,5.093101787529349,0.007228935172877921,global_distance_optimum_lp_integral,93.05733684210568,93.05723684210568,0.00010000000000331966,True,0,lp_relaxation,157.8947368421057,709.6369475586248,0.0,0.0,0.9560439560439561,,0.01761795798665844,5.093101787529349,0.007228935172877921,0.0,0.0
F1,v2e2_01647af4ab413aad9430,qwen37_plus_direct,qwen37f1_e67624d3f156005e407e,S2,stale,67fa42b2757b619f8c8b27aacbf7cfd84403aec707d725536d3b0b4ea4358712,74.3925,False,82.44970526315824,global_distance_optimum_lp_integral_distance_focus,global_distance_optimum_lp_integral,83.50233684210566,83.50223684210566,0.00010000000000331966,True,0,lp_relaxation,157.89473684210537,709.8804162855249,0.0,0.0,0.9560439560439561,,0.017411916982382536,5.336570514429468,0.0075745044775585284,global_distance_optimum_lp_integral,83.50233684210566,83.50223684210566,0.00010000000000331966,True,0,lp_relaxation,157.89473684210537,709.8804162855249,0.0,0.0,0.9560439560439561,,0.016669541015289724,5.336570514429468,0.0075745044775585284,0.0,0.0
F0,v2e2_07ecea8c63a586f9fa3b,qwen37_plus_direct,qwen37f0_fd885bbff4141c9825da,C1,canonical,0ecedab110833e26fb2152b4d5fc28a92fe7b62137787466762e65eb7ce29f06,249.90749999999997,False,225.20759999999981,global_distance_optimum_lp_integral_distance_focus,global_distance_optimum_lp_integral,226.15759999999983,226.15749999999997,9.999999986121111e-05,True,0,lp_relaxation,23.750000000000014,474.9560873099409,0.0,0.0,0.08045977011494253,,0.015116499998839572,0.3152459865268611,0.000664177961693896,global_distance_optimum_lp_integral,226.15759999999983,226.15749999999997,9.999999986121111e-05,True,0,lp_relaxation,23.750000000000014,474.9560873099409,0.0,0.0,0.08045977011494253,,0.014989165996666998,0.3152459865268611,0.000664177961693896,0.0,0.0
F0,v2e2_07ecea8c63a586f9fa3b,qwen37_plus_direct,qwen37f0_fd885bbff4141c9825da,C2,canonical,2bb7a980b34da8ddbcefeb9c91347984cf49252c9684902ed834b97350864f2b,261.0,False,236.30009999999982,global_distance_optimum_lp_integral_distance_focus,global_distance_optimum_lp_integral,237.25009999999983,237.24999999999983,0.00010000000000331966,True,0,lp_relaxation,23.75010000000007,474.9549554848194,0.0,0.0,0.06896551724137931,,0.014399042003788054,0.314114161405314,0.0006617933689176164,global_distance_optimum_lp_integral,237.25009999999983,237.24999999999983,0.00010000000000331966,True,0,lp_relaxation,23.75010000000007,474.9549554848194,0.0,0.0,0.06896551724137931,,0.015348332992289215,0.314114161405314,0.0006617933689176164,0.0,0.0
F0,v2e2_07ecea8c63a586f9fa3b,qwen37_plus_direct,qwen37f0_fd885bbff4141c9825da,S1,stale,a4e26f2ea2ca2394ce8e01407cc73888b679075d82653593bf2b368cf6f3d0fc,543.75,False,557.3645736842105,feasible_mode_library_upper_bound_distance_focus,feasible_mode_library_upper_bound,558.4172052631579,290.05420499342966,268.3630002697283,False,86,lp_net_sign_with_mpc_zero_anchor,200.98094345479012,475.4795528233494,0.0,0.0,0.16091954022988506,,0.013356499985093251,0.8387114999353571,0.001767044524859735,feasible_mode_library_upper_bound,558.4172052631579,290.05420499342966,268.3630002697283,False,86,lp_net_sign_with_mpc_zero_anchor,200.98094345479012,475.4795528233494,0.0,0.0,0.16091954022988506,,0.013917583011789247,0.8387114999353571,0.001767044524859735,0.0,0.0
F0,v2e2_07ecea8c63a586f9fa3b,qwen37_plus_direct,qwen37f0_fd885bbff4141c9825da,S2,stale,a4e26f2ea2ca2394ce8e01407cc73888b679075d82653593bf2b368cf6f3d0fc,543.75,False,557.3645736842105,feasible_mode_library_upper_bound_distance_focus,feasible_mode_library_upper_bound,558.4172052631579,290.05420499342966,268.3630002697283,False,86,lp_net_sign_with_mpc_zero_anchor,200.98094345479012,475.4795528233494,0.0,0.0,0.16091954022988506,,0.013356499985093251,0.8387114999353571,0.001767044524859735,feasible_mode_library_upper_bound,558.4172052631579,290.05420499342966,268.3630002697283,False,86,lp_net_sign_with_mpc_zero_anchor,200.98094345479012,475.4795528233494,0.0,0.0,0.16091954022988506,,0.013917583011789247,0.8387114999353571,0.001767044524859735,0.0,0.0
F1,v2e2_07ecea8c63a586f9fa3b,qwen37_plus_direct,qwen37f1_49f6c905ac62acd4334f,C1,canonical,9b56a36a2da8a038d25360a8176f978ababf4bae0e80c037a36b4248267e3e93,543.75,False,519.0500999999999,global_distance_optimum_lp_integral_distance_focus,global_distance_optimum_lp_integral,520.0001,520.0,9.999999997489795e-05,True,0,lp_relaxation,23.750100000000035,474.93622386981934,0.0,0.0,0.022988505747126436,,0.015219499997328967,0.2953825464052784,0.0006223285496917628,global_distance_optimum_lp_integral,520.0001,520.0,9.999999997489795e-05,True,0,lp_relaxation,23.750100000000035,474.93622386981934,0.0,0.0,0.022988505747126436,,0.014905084011843428,0.2953825464052784,0.0006223285496917628,0.0,0.0
F1,v2e2_07ecea8c63a586f9fa3b,qwen37_plus_direct,qwen37f1_49f6c905ac62acd4334f,C2,canonical,2bb7a980b34da8ddbcefeb9c91347984cf49252c9684902ed834b97350864f2b,261.0,False,236.30009999999982,global_distance_optimum_lp_integral_distance_focus,global_distance_optimum_lp_integral,237.25009999999983,237.24999999999983,0.00010000000000331966,True,0,lp_relaxation,23.75010000000007,474.9549554848194,0.0,0.0,0.06896551724137931,,0.014399042003788054,0.314114161405314,0.0006617933689176164,global_distance_optimum_lp_integral,237.25009999999983,237.24999999999983,0.00010000000000331966,True,0,lp_relaxation,23.75010000000007,474.9549554848194,0.0,0.0,0.06896551724137931,,0.015348332992289215,0.314114161405314,0.0006617933689176164,0.0,0.0
F1,v2e2_07ecea8c63a586f9fa3b,qwen37_plus_direct,qwen37f1_49f6c905ac62acd4334f,S1,stale,a4e26f2ea2ca2394ce8e01407cc73888b679075d82653593bf2b368cf6f3d0fc,543.75,False,557.3645736842105,feasible_mode_library_upper_bound_distance_focus,feasible_mode_library_upper_bound,558.4172052631579,290.05420499342966,268.3630002697283,False,86,lp_net_sign_with_mpc_zero_anchor,200.98094345479012,475.4795528233494,0.0,0.0,0.16091954022988506,,0.013356499985093251,0.8387114999353571,0.001767044524859735,feasible_mode_library_upper_bound,558.4172052631579,290.05420499342966,268.3630002697283,False,86,lp_net_sign_with_mpc_zero_anchor,200.98094345479012,475.4795528233494,0.0,0.0,0.16091954022988506,,0.013917583011789247,0.8387114999353571,0.001767044524859735,0.0,0.0
F1,v2e2_07ecea8c63a586f9fa3b,qwen37_plus_direct,qwen37f1_49f6c905ac62acd4334f,S2,stale,0493fcf648b562b32397ab866c964936c0e325c93360966d00157fb0f79d54d5,5437.5,False,5442.01885,feasible_mode_library_upper_bound_distance_focus,feasible_mode_library_upper_bound,5442.96885,5183.80420499343,259.16464500657,False,84,direct_mpc_sign,380.46679871794504,474.747740656803,0.0,0.0,0.022988505747126436,,0.013475375017151237,0.10689933338892388,0.00022522152348049642,feasible_mode_library_upper_bound,5442.96885,5183.80420499343,259.16464500657,False,84,direct_mpc_sign,380.46679871794504,474.747740656803,0.0,0.0,0.022988505747126436,,0.013999832997797057,0.10689933338892388,0.00022522152348049642,0.0,0.0
F0,v2e2_12b72852882928644d40,qwen37_plus_direct,qwen37f0_3dc0af9594d02e1dc109,C1,canonical,b37eb0ee478025c3f82641f5c6b95ed3ce7eb0fe672ccd738f625820f403a943,537.5,False,487.0395736842105,feasible_mode_library_upper_bound_distance_focus,feasible_mode_library_upper_bound,487.4828302631579,237.0729303547961,250.40989990836178,False,83,lp_net_sign_with_mpc_zero_anchor,488.7965684547912,241.09575356810984,0.0,0.0,0.4883720930232558,,0.01352704199962318,3.697833659340091,0.015576520892689965,feasible_mode_library_upper_bound,488.0922052631579,237.0729303547961,251.01927490836178,False,83,lp_net_sign_with_mpc_zero_anchor,476.90594345479116,241.64425333013278,0.0,0.0,0.4883720930232558,,0.013611417001811787,4.246333421363033,0.017886986638277487,0.609375,-0.609375
F0,v2e2_12b72852882928644d40,qwen37_plus_direct,qwen37f0_3dc0af9594d02e1dc109,C2,canonical,5978cd2db97b662ffa19157dea0b038f49bd91e258717fd3aa751f0f82be312c,21.5,False,3.763257894735826,global_distance_optimum_lp_integral_distance_focus,global_distance_optimum_lp_integral,4.815889473683194,4.815789473683194,0.00010000000000065512,True,0,lp_relaxation,26.315789473683203,240.35618269667617,0.0,0.0,0.9767441860465116,,0.01656079202075489,2.9582627879064205,0.012461199276907139,global_distance_optimum_lp_integral,4.815889473683194,4.815789473683194,0.00010000000000065512,True,0,lp_relaxation,26.315789473683203,240.35618269667617,0.0,0.0,0.9767441860465116,,0.017577791993971914,2.9582627879064205,0.012461199276907139,0.0,0.0
F0,v2e2_12b72852882928644d40,qwen37_plus_direct,qwen37f0_3dc0af9594d02e1dc109,S1,stale,f98e53143f926a21de88d76a5791711e9575eb22a05357c7ba03558b43a66826,376.25,False,335.3775238227147,feasible_mode_library_upper_bound_distance_focus,feasible_mode_library_upper_bound,336.43015540166203,75.82293035479506,260.607225046867,False,85,lp_net_sign_with_mpc_zero_anchor,289.81799331628713,241.57193457575866,0.0,0.0,0.43023255813953487,,0.013921000005211681,4.17401466698891,0.017582355686153243,feasible_mode_library_upper_bound,336.430155401662,75.82293035479503,260.6072250468669,False,85,lp_net_sign_with_mpc_zero_anchor,289.81799331628713,241.33232652658359,0.0,0.0,0.43023255813953487,,0.013494917016942054,3.934406617813835,0.01657304587725873,-5.684341886080802e-14,5.684341886080802e-14
F0,v2e2_12b72852882928644d40,qwen37_plus_direct,qwen37f0_3dc0af9594d02e1dc109,S2,stale,f98e53143f926a21de88d76a5791711e9575eb22a05357c7ba03558b43a66826,376.25,False,335.3775238227147,feasible_mode_library_upper_bound_distance_focus,feasible_mode_library_upper_bound,336.43015540166203,75.82293035479506,260.607225046867,False,85,lp_net_sign_with_mpc_zero_anchor,289.81799331628713,241.57193457575866,0.0,0.0,0.43023255813953487,,0.013921000005211681,4.17401466698891,0.017582355686153243,feasible_mode_library_upper_bound,336.430155401662,75.82293035479503,260.6072250468669,False,85,lp_net_sign_with_mpc_zero_anchor,289.81799331628713,241.33232652658359,0.0,0.0,0.43023255813953487,,0.013494917016942054,3.934406617813835,0.01657304587725873,-5.684341886080802e-14,5.684341886080802e-14
F1,v2e2_12b72852882928644d40,qwen37_plus_direct,qwen37f1_f89f6500a768ca00cca8,C1,canonical,b37eb0ee478025c3f82641f5c6b95ed3ce7eb0fe672ccd738f625820f403a943,537.5,False,487.0395736842105,feasible_mode_library_upper_bound_distance_focus,feasible_mode_library_upper_bound,487.4828302631579,237.0729303547961,250.40989990836178,False,83,lp_net_sign_with_mpc_zero_anchor,488.7965684547912,241.09575356810984,0.0,0.0,0.4883720930232558,,0.01352704199962318,3.697833659340091,0.015576520892689965,feasible_mode_library_upper_bound,488.0922052631579,237.0729303547961,251.01927490836178,False,83,lp_net_sign_with_mpc_zero_anchor,476.90594345479116,241.64425333013278,0.0,0.0,0.4883720930232558,,0.013611417001811787,4.246333421363033,0.017886986638277487,0.609375,-0.609375
F1,v2e2_12b72852882928644d40,qwen37_plus_direct,qwen37f1_f89f6500a768ca00cca8,C2,canonical,70f822404bddd40817635f4b4980c8b346e2e299884fbbd55c8651c14a4086fb,62.99500000000001,False,35.62667894736843,feasible_mode_library_upper_bound_distance_focus,feasible_mode_library_upper_bound,36.67931052631579,0.0,36.67931052631579,False,11,raw_sign_with_mpc_zero_anchor,26.315789473684188,240.37664473313978,0.0,0.0,0.3953488372093023,,0.015147042024182156,2.9787248243700333,0.012547392266599197,feasible_mode_library_upper_bound,36.67931052631579,0.0,36.67931052631579,False,11,raw_sign_with_mpc_zero_anchor,26.315789473684188,240.37664473313978,0.0,0.0,0.3953488372093023,,0.014660040993476287,2.9787248243700333,0.012547392266599197,0.0,0.0
F1,v2e2_12b72852882928644d40,qwen37_plus_direct,qwen37f1_f89f6500a768ca00cca8,S1,stale,f98e53143f926a21de88d76a5791711e9575eb22a05357c7ba03558b43a66826,376.25,False,335.3775238227147,feasible_mode_library_upper_bound_distance_focus,feasible_mode_library_upper_bound,336.43015540166203,75.82293035479506,260.607225046867,False,85,lp_net_sign_with_mpc_zero_anchor,289.81799331628713,241.57193457575866,0.0,0.0,0.43023255813953487,,0.013921000005211681,4.17401466698891,0.017582355686153243,feasible_mode_library_upper_bound,336.430155401662,75.82293035479503,260.6072250468669,False,85,lp_net_sign_with_mpc_zero_anchor,289.81799331628713,241.33232652658359,0.0,0.0,0.43023255813953487,,0.013494917016942054,3.934406617813835,0.01657304587725873,-5.684341886080802e-14,5.684341886080802e-14
F1,v2e2_12b72852882928644d40,qwen37_plus_direct,qwen37f1_f89f6500a768ca00cca8,S2,stale,f98e53143f926a21de88d76a5791711e9575eb22a05357c7ba03558b43a66826,376.25,False,335.3775238227147,feasible_mode_library_upper_bound_distance_focus,feasible_mode_library_upper_bound,336.43015540166203,75.82293035479506,260.607225046867,False,85,lp_net_sign_with_mpc_zero_anchor,289.81799331628713,241.57193457575866,0.0,0.0,0.43023255813953487,,0.013921000005211681,4.17401466698891,0.017582355686153243,feasible_mode_library_upper_bound,336.430155401662,75.82293035479503,260.6072250468669,False,85,lp_net_sign_with_mpc_zero_anchor,289.81799331628713,241.33232652658359,0.0,0.0,0.43023255813953487,,0.013494917016942054,3.934406617813835,0.01657304587725873,-5.684341886080802e-14,5.684341886080802e-14
F0,v2e2_16b5f26ad506f7afac02,qwen37_plus_direct,qwen37f0_af0e8b5712f44d5eec65,C1,canonical,bd03a00cf572bfa572c5e4f1b61c2c0bf10fcf0df33b772b88baffb721390b5f,506.25,False,337.0395736842105,feasible_mode_library_upper_bound_distance_focus,feasible_mode_library_upper_bound,338.0922052631579,97.00229960578164,241.08990565737625,False,80,lp_net_sign_with_mpc_zero_anchor,358.15594345479076,237.1948287568572,0.0,0.0,0.5185185185185185,,0.013537167018512264,2.8395464206553527,0.012116417399893683,feasible_mode_library_upper_bound,338.0922052631579,97.00229960578164,241.08990565737625,False,80,lp_net_sign_with_mpc_zero_anchor,358.15594345479076,237.1948287568572,0.0,0.0,0.5185185185185185,,0.013592499977676198,2.8395464206553527,0.012116417399893683,0.0,0.0
F0,v2e2_16b5f26ad506f7afac02,qwen37_plus_direct,qwen37f0_af0e8b5712f44d5eec65,C2,canonical,bd03a00cf572bfa572c5e4f1b61c2c0bf10fcf0df33b772b88baffb721390b5f,506.25,False,337.0395736842105,feasible_mode_library_upper_bound_distance_focus,feasible_mode_library_upper_bound,338.0922052631579,97.00229960578164,241.08990565737625,False,80,lp_net_sign_with_mpc_zero_anchor,358.15594345479076,237.1948287568572,0.0,0.0,0.5185185185185185,,0.013537167018512264,2.8395464206553527,0.012116417399893683,feasible_mode_library_upper_bound,338.0922052631579,97.00229960578164,241.08990565737625,False,80,lp_net_sign_with_mpc_zero_anchor,358.15594345479076,237.1948287568572,0.0,0.0,0.5185185185185185,,0.013592499977676198,2.8395464206553527,0.012116417399893683,0.0,0.0
F0,v2e2_16b5f26ad506f7afac02,qwen37_plus_direct,qwen37f0_af0e8b5712f44d5eec65,S1,stale,6124f3babfc5c450625f91ad7f776fa9f582eff66a56383e278bf96f2d2a53dc,512.49915,False,343.2887236842103,feasible_mode_library_upper_bound_distance_focus,feasible_mode_library_upper_bound,344.3413552631577,103.25144960578163,241.08990565737608,False,80,lp_net_sign_with_mpc_zero_anchor,358.1559434547875,236.97822951748407,0.0,0.0,0.5061728395061729,,0.014051792008103803,2.6229471812822283,0.011192182890588298,feasible_mode_library_upper_bound,344.3413552631577,103.25144960578163,241.08990565737608,False,80,lp_net_sign_with_mpc_zero_anchor,358.1559434547875,236.97822951748407,0.0,0.0,0.5061728395061729,,0.013954207999631763,2.6229471812822283,0.011192182890588298,0.0,0.0
F0,v2e2_16b5f26ad506f7afac02,qwen37_plus_direct,qwen37f0_af0e8b5712f44d5eec65,S2,stale,4c06c3aa1165d9dad15d38d0faf3ef0538d4217efce495e5100d67fd2b05e55f,860.625,False,677.9104185595568,feasible_mode_library_upper_bound_distance_focus,feasible_mode_library_upper_bound,685.715127700831,451.377299605782,234.33782809504896,False,80,lp_net_sign_with_mpc_zero_anchor,489.9080210171191,236.44752883535824,0.0,0.0,0.38271604938271603,,0.014307708013802767,2.0922464991564027,0.008927669469617091,feasible_mode_library_upper_bound,678.9630501385042,451.37729960578196,227.58575053272222,False,80,lp_net_sign_with_mpc_zero_anchor,621.660098579445,237.8915548250879,0.0,0.0,0.4567901234567901,,0.013805875001708046,3.5362724888860555,0.015089365401258518,-6.752077562326804,6.752077562326804
F1,v2e2_16b5f26ad506f7afac02,qwen37_plus_direct,qwen37f1_3e0c5f963e869ad9b952,C1,canonical,6124f3babfc5c450625f91ad7f776fa9f582eff66a56383e278bf96f2d2a53dc,512.49915,False,343.2887236842103,feasible_mode_library_upper_bound_distance_focus,feasible_mode_library_upper_bound,344.3413552631577,103.25144960578163,241.08990565737608,False,80,lp_net_sign_with_mpc_zero_anchor,358.1559434547875,236.97822951748407,0.0,0.0,0.5061728395061729,,0.014051792008103803,2.6229471812822283,0.011192182890588298,feasible_mode_library_upper_bound,344.3413552631577,103.25144960578163,241.08990565737608,False,80,lp_net_sign_with_mpc_zero_anchor,358.1559434547875,236.97822951748407,0.0,0.0,0.5061728395061729,,0.013954207999631763,2.6229471812822283,0.011192182890588298,0.0,0.0
F1,v2e2_16b5f26ad506f7afac02,qwen37_plus_direct,qwen37f1_3e0c5f963e869ad9b952,C2,canonical,bd03a00cf572bfa572c5e4f1b61c2c0bf10fcf0df33b772b88baffb721390b5f,506.25,False,337.0395736842105,feasible_mode_library_upper_bound_distance_focus,feasible_mode_library_upper_bound,338.0922052631579,97.00229960578164,241.08990565737625,False,80,lp_net_sign_with_mpc_zero_anchor,358.15594345479076,237.1948287568572,0.0,0.0,0.5185185185185185,,0.013537167018512264,2.8395464206553527,0.012116417399893683,feasible_mode_library_upper_bound,338.0922052631579,97.00229960578164,241.08990565737625,False,80,lp_net_sign_with_mpc_zero_anchor,358.15594345479076,237.1948287568572,0.0,0.0,0.5185185185185185,,0.013592499977676198,2.8395464206553527,0.012116417399893683,0.0,0.0
F1,v2e2_16b5f26ad506f7afac02,qwen37_plus_direct,qwen37f1_3e0c5f963e869ad9b952,S1,stale,65b63d0e42cc20ded3afca32ffccbff2e86044e1179129635e804d340c8d3e16,85.05000000000001,False,71.79220526315771,global_distance_optimum_lp_integral_distance_focus,global_distance_optimum_lp_integral,72.84483684210508,72.84473684210508,0.00010000000000331966,True,0,lp_relaxation,157.89473684210512,237.06625776780004,0.0,0.0,0.9629629629629629,,0.015382082987343892,2.7109754315982,0.011567801692257502,global_distance_optimum_lp_integral,72.84483684210508,72.84473684210508,0.00010000000000331966,True,0,lp_relaxation,157.89473684210512,237.06625776780004,0.0,0.0,0.9629629629629629,,0.016317666973918676,2.7109754315982,0.011567801692257502,0.0,0.0
F1,v2e2_16b5f26ad506f7afac02,qwen37_plus_direct,qwen37f1_3e0c5f963e869ad9b952,S2,stale,bd03a00cf572bfa572c5e4f1b61c2c0bf10fcf0df33b772b88baffb721390b5f,506.25,False,337.0395736842105,feasible_mode_library_upper_bound_distance_focus,feasible_mode_library_upper_bound,338.0922052631579,97.00229960578164,241.08990565737625,False,80,lp_net_sign_with_mpc_zero_anchor,358.15594345479076,237.1948287568572,0.0,0.0,0.5185185185185185,,0.013537167018512264,2.8395464206553527,0.012116417399893683,feasible_mode_library_upper_bound,338.0922052631579,97.00229960578164,241.08990565737625,False,80,lp_net_sign_with_mpc_zero_anchor,358.15594345479076,237.1948287568572,0.0,0.0,0.5185185185185185,,0.013592499977676198,2.8395464206553527,0.012116417399893683,0.0,0.0
F0,v2e2_16c288d882ac6a326385,qwen37_plus_direct,qwen37f0_790d8a3bd0010dd2deb7,C1,canonical,3f5cc92084a1725589c960c4764b6669c38a4fe44f353a76f03fc803fdf0389c,310.5,False,177.86852105263205,feasible_mode_library_upper_bound_distance_focus,feasible_mode_library_upper_bound,178.92115263157942,0.0,178.92115263157942,False,57,raw_sign_with_mpc_zero_anchor,131.57894736842061,410.69534430369515,0.0,0.0,0.40217391304347827,,0.015853165998123586,2.9799675071676575,0.007308940689413404,feasible_mode_library_upper_bound,178.92115263157942,0.0,178.92115263157942,False,57,raw_sign_with_mpc_zero_anchor,131.57894736842061,410.69534430369515,0.0,0.0,0.40217391304347827,,0.015720374998636544,2.9799675071676575,0.007308940689413404,0.0,0.0
F0,v2e2_16c288d882ac6a326385,qwen37_plus_direct,qwen37f0_790d8a3bd0010dd2deb7,C2,canonical,3f5cc92084a1725589c960c4764b6669c38a4fe44f353a76f03fc803fdf0389c,310.5,False,177.86852105263205,feasible_mode_library_upper_bound_distance_focus,feasible_mode_library_upper_bound,178.92115263157942,0.0,178.92115263157942,False,57,raw_sign_with_mpc_zero_anchor,131.57894736842061,410.69534430369515,0.0,0.0,0.40217391304347827,,0.015853165998123586,2.9799675071676575,0.007308940689413404,feasible_mode_library_upper_bound,178.92115263157942,0.0,178.92115263157942,False,57,raw_sign_with_mpc_zero_anchor,131.57894736842061,410.69534430369515,0.0,0.0,0.40217391304347827,,0.015720374998636544,2.9799675071676575,0.007308940689413404,0.0,0.0
F0,v2e2_16c288d882ac6a326385,qwen37_plus_direct,qwen37f0_790d8a3bd0010dd2deb7,S1,stale,c1ce617d1dfc52dced716a8a9100b47b3bb14ce2cabefcea2d52ab374086c447,374.90000000000003,False,242.26852105263134,feasible_mode_library_upper_bound_distance_focus,feasible_mode_library_upper_bound,243.32115263157874,0.0,243.32115263157874,False,78,raw_sign_with_mpc_zero_anchor,131.57894736842144,410.56989544921197,0.0,0.0,0.33695652173913043,,0.016238292009802535,2.854518652684476,0.007001253362364693,feasible_mode_library_upper_bound,243.32115263157874,0.0,243.32115263157874,False,78,raw_sign_with_mpc_zero_anchor,131.57894736842144,410.56989544921197,0.0,0.0,0.33695652173913043,,0.015531957993516698,2.854518652684476,0.007001253362364693,0.0,0.0
F0,v2e2_16c288d882ac6a326385,qwen37_plus_direct,qwen37f0_790d8a3bd0010dd2deb7,S2,stale,c1ce617d1dfc52dced716a8a9100b47b3bb14ce2cabefcea2d52ab374086c447,374.90000000000003,False,242.26852105263134,feasible_mode_library_upper_bound_distance_focus,feasible_mode_library_upper_bound,243.32115263157874,0.0,243.32115263157874,False,78,raw_sign_with_mpc_zero_anchor,131.57894736842144,410.56989544921197,0.0,0.0,0.33695652173913043,,0.016238292009802535,2.854518652684476,0.007001253362364693,feasible_mode_library_upper_bound,243.32115263157874,0.0,243.32115263157874,False,78,raw_sign_with_mpc_zero_anchor,131.57894736842144,410.56989544921197,0.0,0.0,0.33695652173913043,,0.015531957993516698,2.854518652684476,0.007001253362364693,0.0,0.0
F1,v2e2_16c288d882ac6a326385,qwen37_plus_direct,qwen37f1_cb0b4a938591b59e7598,C1,canonical,3f5cc92084a1725589c960c4764b6669c38a4fe44f353a76f03fc803fdf0389c,310.5,False,177.86852105263205,feasible_mode_library_upper_bound_distance_focus,feasible_mode_library_upper_bound,178.92115263157942,0.0,178.92115263157942,False,57,raw_sign_with_mpc_zero_anchor,131.57894736842061,410.69534430369515,0.0,0.0,0.40217391304347827,,0.015853165998123586,2.9799675071676575,0.007308940689413404,feasible_mode_library_upper_bound,178.92115263157942,0.0,178.92115263157942,False,57,raw_sign_with_mpc_zero_anchor,131.57894736842061,410.69534430369515,0.0,0.0,0.40217391304347827,,0.015720374998636544,2.9799675071676575,0.007308940689413404,0.0,0.0
F1,v2e2_16c288d882ac6a326385,qwen37_plus_direct,qwen37f1_cb0b4a938591b59e7598,C2,canonical,3f5cc92084a1725589c960c4764b6669c38a4fe44f353a76f03fc803fdf0389c,310.5,False,177.86852105263205,feasible_mode_library_upper_bound_distance_focus,feasible_mode_library_upper_bound,178.92115263157942,0.0,178.92115263157942,False,57,raw_sign_with_mpc_zero_anchor,131.57894736842061,410.69534430369515,0.0,0.0,0.40217391304347827,,0.015853165998123586,2.9799675071676575,0.007308940689413404,feasible_mode_library_upper_bound,178.92115263157942,0.0,178.92115263157942,False,57,raw_sign_with_mpc_zero_anchor,131.57894736842061,410.69534430369515,0.0,0.0,0.40217391304347827,,0.015720374998636544,2.9799675071676575,0.007308940689413404,0.0,0.0
F1,v2e2_16c288d882ac6a326385,qwen37_plus_direct,qwen37f1_cb0b4a938591b59e7598,S1,stale,c1ce617d1dfc52dced716a8a9100b47b3bb14ce2cabefcea2d52ab374086c447,374.90000000000003,False,242.26852105263134,feasible_mode_library_upper_bound_distance_focus,feasible_mode_library_upper_bound,243.32115263157874,0.0,243.32115263157874,False,78,raw_sign_with_mpc_zero_anchor,131.57894736842144,410.56989544921197,0.0,0.0,0.33695652173913043,,0.016238292009802535,2.854518652684476,0.007001253362364693,feasible_mode_library_upper_bound,243.32115263157874,0.0,243.32115263157874,False,78,raw_sign_with_mpc_zero_anchor,131.57894736842144,410.56989544921197,0.0,0.0,0.33695652173913043,,0.015531957993516698,2.854518652684476,0.007001253362364693,0.0,0.0
F1,v2e2_16c288d882ac6a326385,qwen37_plus_direct,qwen37f1_cb0b4a938591b59e7598,S2,stale,23cd904e05dc77458353892d5f14d947eba44b207c53c72781ee8e10c1307fa8,37.48999999999998,False,93.03641578947392,global_distance_optimum_lp_integral_distance_focus,global_distance_optimum_lp_integral,94.08904736842129,94.08894736842129,0.00010000000000331966,True,0,lp_relaxation,131.57894736842056,409.53351464490044,0.0,0.0,0.967391304347826,,0.017995208007050678,1.8181378483729418,0.004459331072225645,global_distance_optimum_lp_integral,94.08904736842123,94.08894736842123,0.00010000000000331966,True,0,lp_relaxation,131.57894736842056,409.53351464490044,0.0,0.0,0.967391304347826,,0.01731516601284966,1.8181378483729418,0.004459331072225645,-5.684341886080802e-14,5.684341886080802e-14
F1,v2e2_1a991ca6b21c0ed79241,qwen37_plus_direct,qwen37f1_a41f3c6598a3f69c732d,C1,canonical,201c392affd1d0b3bdf404cb0174b659c37a6127f844db57557a9302ff6271cd,27.470000000000002,False,0.10167894736652117,feasible_mode_library_upper_bound_distance_focus,feasible_mode_library_upper_bound,1.1543105263139601,0.0,1.1543105263139601,False,1,raw_sign_with_mpc_zero_anchor,26.315789473686017,358.81211163553655,0.0,0.0,0.9390243902439024,,0.014036209002370015,3.731678909419429,0.010509390452100106,feasible_mode_library_upper_bound,1.1543105263139601,0.0,1.1543105263139601,False,1,raw_sign_with_mpc_zero_anchor,26.315789473686017,358.81211163553655,0.0,0.0,0.9390243902439024,,0.014788667001994327,3.731678909419429,0.010509390452100106,0.0,0.0
F1,v2e2_1a991ca6b21c0ed79241,qwen37_plus_direct,qwen37f1_a41f3c6598a3f69c732d,C2,canonical,1b4e455c9947e558cb2daeea9a32a852ae4cb7e891534db3ac5db551cdcdab74,31.364999999999995,False,3.996678947369849,feasible_mode_library_upper_bound_distance_focus,feasible_mode_library_upper_bound,5.049310526317157,0.0,5.049310526317157,False,2,raw_sign_with_mpc_zero_anchor,26.315789473682862,358.80444610226147,0.0,0.0,0.8170731707317073,,0.015262417000485584,3.7240133761443417,0.010487802291873322,feasible_mode_library_upper_bound,5.049310526317157,0.0,5.049310526317157,False,2,raw_sign_with_mpc_zero_anchor,26.315789473682862,358.80444610226147,0.0,0.0,0.8170731707317073,,0.014701749983942136,3.7240133761443417,0.010487802291873322,0.0,0.0
F1,v2e2_1a991ca6b21c0ed79241,qwen37_plus_direct,qwen37f1_a41f3c6598a3f69c732d,S1,stale,bb2fdd68ed6b159f1ef3d65ddbc57483a8db7c193a126fb1169c810d4ee8cc65,187.57500000000002,False,160.20667894736897,feasible_mode_library_upper_bound_distance_focus,feasible_mode_library_upper_bound,161.25931052631634,0.0,161.25931052631634,False,50,raw_sign_with_mpc_zero_anchor,26.315789473683928,358.57275716996713,0.0,0.0,0.12195121951219512,,0.012988000002223998,3.492324443850009,0.009835305249117264,feasible_mode_library_upper_bound,161.25931052631634,0.0,161.25931052631634,False,50,raw_sign_with_mpc_zero_anchor,26.315789473683928,358.57275716996713,0.0,0.0,0.12195121951219512,,0.01361304201418534,3.492324443850009,0.009835305249117264,0.0,0.0
F1,v2e2_1a991ca6b21c0ed79241,qwen37_plus_direct,qwen37f1_a41f3c6598a3f69c732d,S2,stale,1b4e455c9947e558cb2daeea9a32a852ae4cb7e891534db3ac5db551cdcdab74,31.364999999999995,False,3.996678947369849,feasible_mode_library_upper_bound_distance_focus,feasible_mode_library_upper_bound,5.049310526317157,0.0,5.049310526317157,False,2,raw_sign_with_mpc_zero_anchor,26.315789473682862,358.80444610226147,0.0,0.0,0.8170731707317073,,0.015262417000485584,3.7240133761443417,0.010487802291873322,feasible_mode_library_upper_bound,5.049310526317157,0.0,5.049310526317157,False,2,raw_sign_with_mpc_zero_anchor,26.315789473682862,358.80444610226147,0.0,0.0,0.8170731707317073,,0.014701749983942136,3.7240133761443417,0.010487802291873322,0.0,0.0
F0,v2e2_1fd8536d13787e44dc17,qwen37_plus_direct,qwen37f0_435de2ad5ee8eee720d3,C1,canonical,2337f4a44eeb0811225f19657385473b7094aa10e9dbc6d8e65c8ac417101571,562.5,False,537.8,global_distance_optimum_lp_integral_distance_focus,global_distance_optimum_lp_integral,538.7500051248358,538.75,5.124835752212675e-06,True,0,lp_relaxation,23.7501,285.2203958101474,0.0,0.0,0.03333333333333333,,0.015412124979775399,9.032793918023629,0.032705283858294805,global_distance_optimum_lp_integral,538.7500051248358,538.75,5.124835752212675e-06,True,0,lp_relaxation,23.750100000000035,283.4606177239649,367.38582175,-1.7597780861824999,0.03333333333333333,,0.015434415981872007,9.032793918023629,0.03291500764299714,0.0,0.0
F0,v2e2_1fd8536d13787e44dc17,qwen37_plus_direct,qwen37f0_435de2ad5ee8eee720d3,C2,canonical,2337f4a44eeb0811225f19657385473b7094aa10e9dbc6d8e65c8ac417101571,562.5,False,537.8,global_distance_optimum_lp_integral_distance_focus,global_distance_optimum_lp_integral,538.7500051248358,538.75,5.124835752212675e-06,True,0,lp_relaxation,23.7501,285.2203958101474,0.0,0.0,0.03333333333333333,,0.015412124979775399,9.032793918023629,0.032705283858294805,global_distance_optimum_lp_integral,538.7500051248358,538.75,5.124835752212675e-06,True,0,lp_relaxation,23.750100000000035,283.4606177239649,367.38582175,-1.7597780861824999,0.03333333333333333,,0.015434415981872007,9.032793918023629,0.03291500764299714,0.0,0.0
F0,v2e2_1fd8536d13787e44dc17,qwen37_plus_direct,qwen37f0_435de2ad5ee8eee720d3,S1,stale,36d1e1492376af5ea0e28dbc06947381eea6c17e34752995f55eec70839ded9d,562.5,False,559.5395736842105,feasible_mode_library_upper_bound_distance_focus,feasible_mode_library_upper_bound,560.5922052631579,299.1951379763467,261.3970672868112,False,86,lp_net_sign_with_mpc_zero_anchor,524.4059434547913,285.0736027209782,0.0,0.0,0.4666666666666667,,0.015025417000288144,8.886000828854435,0.03217378610762268,feasible_mode_library_upper_bound,559.9828302631579,299.1951379763467,260.7876922868112,False,86,lp_net_sign_with_mpc_zero_anchor,536.2965684547912,282.25848377928924,367.38582175,-1.7597780861824999,0.4777777777777778,,0.014986124995630234,7.830659973347963,0.028534497212226305,-0.609375,0.609375
F0,v2e2_1fd8536d13787e44dc17,qwen37_plus_direct,qwen37f0_435de2ad5ee8eee720d3,S2,stale,36d1e1492376af5ea0e28dbc06947381eea6c17e34752995f55eec70839ded9d,562.5,False,559.5395736842105,feasible_mode_library_upper_bound_distance_focus,feasible_mode_library_upper_bound,560.5922052631579,299.1951379763467,261.3970672868112,False,86,lp_net_sign_with_mpc_zero_anchor,524.4059434547913,285.0736027209782,0.0,0.0,0.4666666666666667,,0.015025417000288144,8.886000828854435,0.03217378610762268,feasible_mode_library_upper_bound,559.9828302631579,299.1951379763467,260.7876922868112,False,86,lp_net_sign_with_mpc_zero_anchor,536.2965684547912,282.25848377928924,367.38582175,-1.7597780861824999,0.4777777777777778,,0.014986124995630234,7.830659973347963,0.028534497212226305,-0.609375,0.609375
F1,v2e2_1fd8536d13787e44dc17,qwen37_plus_direct,qwen37f1_69544ce973d15392cd7a,C1,canonical,2337f4a44eeb0811225f19657385473b7094aa10e9dbc6d8e65c8ac417101571,562.5,False,537.8,global_distance_optimum_lp_integral_distance_focus,global_distance_optimum_lp_integral,538.7500051248358,538.75,5.124835752212675e-06,True,0,lp_relaxation,23.7501,285.2203958101474,0.0,0.0,0.03333333333333333,,0.015412124979775399,9.032793918023629,0.032705283858294805,global_distance_optimum_lp_integral,538.7500051248358,538.75,5.124835752212675e-06,True,0,lp_relaxation,23.750100000000035,283.4606177239649,367.38582175,-1.7597780861824999,0.03333333333333333,,0.015434415981872007,9.032793918023629,0.03291500764299714,0.0,0.0
F1,v2e2_1fd8536d13787e44dc17,qwen37_plus_direct,qwen37f1_69544ce973d15392cd7a,C2,canonical,2337f4a44eeb0811225f19657385473b7094aa10e9dbc6d8e65c8ac417101571,562.5,False,537.8,global_distance_optimum_lp_integral_distance_focus,global_distance_optimum_lp_integral,538.7500051248358,538.75,5.124835752212675e-06,True,0,lp_relaxation,23.7501,285.2203958101474,0.0,0.0,0.03333333333333333,,0.015412124979775399,9.032793918023629,0.032705283858294805,global_distance_optimum_lp_integral,538.7500051248358,538.75,5.124835752212675e-06,True,0,lp_relaxation,23.750100000000035,283.4606177239649,367.38582175,-1.7597780861824999,0.03333333333333333,,0.015434415981872007,9.032793918023629,0.03291500764299714,0.0,0.0
F1,v2e2_1fd8536d13787e44dc17,qwen37_plus_direct,qwen37f1_69544ce973d15392cd7a,S1,stale,36d1e1492376af5ea0e28dbc06947381eea6c17e34752995f55eec70839ded9d,562.5,False,559.5395736842105,feasible_mode_library_upper_bound_distance_focus,feasible_mode_library_upper_bound,560.5922052631579,299.1951379763467,261.3970672868112,False,86,lp_net_sign_with_mpc_zero_anchor,524.4059434547913,285.0736027209782,0.0,0.0,0.4666666666666667,,0.015025417000288144,8.886000828854435,0.03217378610762268,feasible_mode_library_upper_bound,559.9828302631579,299.1951379763467,260.7876922868112,False,86,lp_net_sign_with_mpc_zero_anchor,536.2965684547912,282.25848377928924,367.38582175,-1.7597780861824999,0.4777777777777778,,0.014986124995630234,7.830659973347963,0.028534497212226305,-0.609375,0.609375
F1,v2e2_1fd8536d13787e44dc17,qwen37_plus_direct,qwen37f1_69544ce973d15392cd7a,S2,stale,c33d16a4bce81ccc3fd11fd97ca4519f03c44ec1c31d60f9e36503a3d26caa77,1076.34,False,952.0943936288102,feasible_mode_library_upper_bound_distance_focus,feasible_mode_library_upper_bound,953.0443936288113,697.5351379763467,255.50925565246462,False,82,lp_net_sign_with_mpc_zero_anchor,639.2938550891263,283.870863355327,0.0,0.0,0.28888888888888886,0.2882221221290922,0.015003667009295896,7.683261463203223,0.02781899480847888,feasible_mode_library_upper_bound,953.0443936288113,697.5351379763467,255.50925565246462,False,82,lp_net_sign_with_mpc_zero_anchor,639.2938550891264,282.11108526914455,367.38582175,-1.7597780861824999,0.28888888888888886,0.2882221221290923,0.01577754199388437,7.68326146320328,0.027997385092542282,0.0,0.0
F0,v2e2_20534de655a33fde87ca,qwen37_plus_direct,qwen37f0_6a190c0d081e6b1e37f7,C1,canonical,ccdafca388b7730f5fdf2bc7ed6f34f4b879dd4084eb5f1192dae62e8d5d68eb,43.8095238095238,False,139.34847092731732,global_distance_optimum_lp_integral_distance_focus,global_distance_optimum_lp_integral,140.4011025062647,140.40100250626466,0.00010000000003174137,True,0,lp_relaxation,184.2105263157885,300.02750267488835,0.0,0.0,0.9565217391304348,,0.01772183401044458,7.17718817613661,0.02450804325896397,global_distance_optimum_lp_integral,140.4011025062647,140.40100250626466,0.00010000000003174137,True,0,lp_relaxation,184.2105263157885,300.02750267488835,0.0,0.0,0.9565217391304348,,0.018072125007165596,7.17718817613661,0.02450804325896397,0.0,0.0
F0,v2e2_20534de655a33fde87ca,qwen37_plus_direct,qwen37f0_6a190c0d081e6b1e37f7,C2,canonical,33b111c74b228d1d7897dca311e3f5495381b8fea52ce73208c45b4cb34418db,437.0,False,251.7369421052627,feasible_mode_library_upper_bound_distance_focus,feasible_mode_library_upper_bound,252.78957368421007,0.0,252.78957368421007,False,82,raw_sign_with_mpc_zero_anchor,184.21062631578994,301.0329073916983,0.0,0.0,0.40217391304347827,,0.015780916990479454,8.182592892946559,0.027941212584838924,feasible_mode_library_upper_bound,252.78957368421007,0.0,252.78957368421007,False,82,raw_sign_with_mpc_zero_anchor,184.21062631578994,301.0329073916983,0.0,0.0,0.40217391304347827,,0.015458125009899959,8.182592892946559,0.027941212584838924,0.0,0.0
F0,v2e2_20534de655a33fde87ca,qwen37_plus_direct,qwen37f0_6a190c0d081e6b1e37f7,S1,stale,d0562ce92b34363e8965c738451f51757008731e906ad1e4bf46d1d139a93bf9,74.97999999999996,False,108.1779947368426,global_distance_optimum_lp_integral_distance_focus,global_distance_optimum_lp_integral,109.23062631578996,109.23052631578994,0.00010000000001753051,True,0,lp_relaxation,184.21052631578988,300.56592601733604,0.0,0.0,0.967391304347826,,0.017076290998375043,7.715611518584296,0.026346604857811016,global_distance_optimum_lp_integral,109.23062631578996,109.23052631578994,0.00010000000001753051,True,0,lp_relaxation,184.21052631578988,300.56592601733604,0.0,0.0,0.967391304347826,,0.01810950000071898,7.715611518584296,0.026346604857811016,0.0,0.0
F0,v2e2_20534de655a33fde87ca,qwen37_plus_direct,qwen37f0_6a190c0d081e6b1e37f7,S2,stale,23cd904e05dc77458353892d5f14d947eba44b207c53c72781ee8e10c1307fa8,37.48999999999998,False,145.66799473684242,global_distance_optimum_lp_integral_distance_focus,global_distance_optimum_lp_integral,146.7206263157897,146.7205263157897,0.00010000000000331966,True,0,lp_relaxation,184.21052631578868,299.91834235563607,0.0,0.0,0.9565217391304348,,0.03580104099819437,7.068027856884328,0.024135292014222695,global_distance_optimum_lp_integral,146.72062631578976,146.72052631578975,0.00010000000000331966,True,0,lp_relaxation,184.2105263157887,299.91834235563607,0.0,0.0,0.9565217391304348,,0.017586832982487977,7.068027856884328,0.024135292014222695,5.684341886080802e-14,-5.684341886080802e-14
F1,v2e2_20534de655a33fde87ca,qwen37_plus_direct,qwen37f1_d559ea0106d370f9fb5f,C1,canonical,33b111c74b228d1d7897dca311e3f5495381b8fea52ce73208c45b4cb34418db,437.0,False,251.7369421052627,feasible_mode_library_upper_bound_distance_focus,feasible_mode_library_upper_bound,252.78957368421007,0.0,252.78957368421007,False,82,raw_sign_with_mpc_zero_anchor,184.21062631578994,301.0329073916983,0.0,0.0,0.40217391304347827,,0.015780916990479454,8.182592892946559,0.027941212584838924,feasible_mode_library_upper_bound,252.78957368421007,0.0,252.78957368421007,False,82,raw_sign_with_mpc_zero_anchor,184.21062631578994,301.0329073916983,0.0,0.0,0.40217391304347827,,0.015458125009899959,8.182592892946559,0.027941212584838924,0.0,0.0
F1,v2e2_20534de655a33fde87ca,qwen37_plus_direct,qwen37f1_d559ea0106d370f9fb5f,C2,canonical,f0ef1981652c0ab933fe0fdaa6c41c373904ddf9176501368bca8402bf9443c4,43.46999999999999,False,139.68799473684336,global_distance_optimum_lp_integral_distance_focus,global_distance_optimum_lp_integral,140.7406263157907,140.7405263157907,0.00010000000000331966,True,0,lp_relaxation,184.2105263157907,300.0216379090361,0.0,0.0,0.9565217391304348,,0.01816750000580214,7.171323410284344,0.024488016762279803,global_distance_optimum_lp_integral,140.7406263157907,140.7405263157907,0.00010000000000331966,True,0,lp_relaxation,184.2105263157907,300.0216379090361,0.0,0.0,0.9565217391304348,,0.017009208007948473,7.171323410284344,0.024488016762279803,0.0,0.0
F1,v2e2_20534de655a33fde87ca,qwen37_plus_direct,qwen37f1_d559ea0106d370f9fb5f,S1,stale,23cd904e05dc77458353892d5f14d947eba44b207c53c72781ee8e10c1307fa8,37.48999999999998,False,145.66799473684242,global_distance_optimum_lp_integral_distance_focus,global_distance_optimum_lp_integral,146.7206263157897,146.7205263157897,0.00010000000000331966,True,0,lp_relaxation,184.21052631578868,299.91834235563607,0.0,0.0,0.9565217391304348,,0.03580104099819437,7.068027856884328,0.024135292014222695,global_distance_optimum_lp_integral,146.72062631578976,146.72052631578975,0.00010000000000331966,True,0,lp_relaxation,184.2105263157887,299.91834235563607,0.0,0.0,0.9565217391304348,,0.017586832982487977,7.068027856884328,0.024135292014222695,5.684341886080802e-14,-5.684341886080802e-14
F1,v2e2_20534de655a33fde87ca,qwen37_plus_direct,qwen37f1_d559ea0106d370f9fb5f,S2,stale,23cd904e05dc77458353892d5f14d947eba44b207c53c72781ee8e10c1307fa8,37.48999999999998,False,145.66799473684242,global_distance_optimum_lp_integral_distance_focus,global_distance_optimum_lp_integral,146.7206263157897,146.7205263157897,0.00010000000000331966,True,0,lp_relaxation,184.21052631578868,299.91834235563607,0.0,0.0,0.9565217391304348,,0.03580104099819437,7.068027856884328,0.024135292014222695,global_distance_optimum_lp_integral,146.72062631578976,146.72052631578975,0.00010000000000331966,True,0,lp_relaxation,184.2105263157887,299.91834235563607,0.0,0.0,0.9565217391304348,,0.017586832982487977,7.068027856884328,0.024135292014222695,5.684341886080802e-14,-5.684341886080802e-14
F1,v2e2_25e030e6613f44a39649,qwen37_plus_direct,qwen37f1_55c1de52ece5fb0ef642,C1,canonical,834dfcb1614e8bde8e79d65dd9d1b1571a87be387033c412d89637f9f9e6e6c8,378.25,False,219.30273157894766,feasible_mode_library_upper_bound_distance_focus,feasible_mode_library_upper_bound,220.35536315789503,0.0,220.35536315789503,False,71,raw_sign_with_mpc_zero_anchor,157.89473684210495,196.92254749501862,0.0,0.0,0.4044943820224719,,0.015252208017045632,5.844224493862811,0.030585491865696663,feasible_mode_library_upper_bound,220.35536315789503,0.0,220.35536315789503,False,71,raw_sign_with_mpc_zero_anchor,157.89473684210495,196.92254749501862,0.0,0.0,0.4044943820224719,,0.01649899999029003,5.844224493862811,0.030585491865696663,0.0,0.0
F1,v2e2_25e030e6613f44a39649,qwen37_plus_direct,qwen37f1_55c1de52ece5fb0ef642,C2,canonical,e775a4ac54ab3a72c9cdb0dd548eec9af716b52be786d407836b3c8ea2692fca,556.25,False,387.0395736842105,feasible_mode_library_upper_bound_distance_focus,feasible_mode_library_upper_bound,388.0922052631579,121.37812089356088,266.714084369597,False,88,lp_net_sign_with_mpc_zero_anchor,358.15594345479093,197.08846969377137,0.0,0.0,0.47191011235955055,,0.016275583009701222,6.010146692615564,0.03145383839578291,feasible_mode_library_upper_bound,388.0922052631579,121.37812089356088,266.714084369597,False,88,lp_net_sign_with_mpc_zero_anchor,358.155943454791,197.08846969377137,0.0,0.0,0.47191011235955055,,0.014571042003808543,6.010146692615564,0.03145383839578291,0.0,0.0
F1,v2e2_25e030e6613f44a39649,qwen37_plus_direct,qwen37f1_55c1de52ece5fb0ef642,S1,stale,c764521f7321d58d4a42eb6d90c45ea3201edd14989a4ebaa40bcd27cb45e955,222.5,False,63.55273157894737,feasible_mode_library_upper_bound_distance_focus,feasible_mode_library_upper_bound,64.60536315789474,0.0,64.60536315789474,False,20,raw_sign_with_mpc_zero_anchor,157.89473684210526,197.03539133751863,0.0,0.0,0.6966292134831461,,0.015179374982835725,5.957068336362823,0.031176055152665274,feasible_mode_library_upper_bound,64.60536315789474,0.0,64.60536315789474,False,20,raw_sign_with_mpc_zero_anchor,157.89473684210526,197.03539133751863,0.0,0.0,0.6966292134831461,,0.01515862499945797,5.957068336362823,0.031176055152665274,0.0,0.0
F1,v2e2_25e030e6613f44a39649,qwen37_plus_direct,qwen37f1_55c1de52ece5fb0ef642,S2,stale,e775a4ac54ab3a72c9cdb0dd548eec9af716b52be786d407836b3c8ea2692fca,556.25,False,387.0395736842105,feasible_mode_library_upper_bound_distance_focus,feasible_mode_library_upper_bound,388.0922052631579,121.37812089356088,266.714084369597,False,88,lp_net_sign_with_mpc_zero_anchor,358.15594345479093,197.08846969377137,0.0,0.0,0.47191011235955055,,0.016275583009701222,6.010146692615564,0.03145383839578291,feasible_mode_library_upper_bound,388.0922052631579,121.37812089356088,266.714084369597,False,88,lp_net_sign_with_mpc_zero_anchor,358.155943454791,197.08846969377137,0.0,0.0,0.47191011235955055,,0.014571042003808543,6.010146692615564,0.03145383839578291,0.0,0.0
F0,v2e2_28d9724eea09520d5cd7,qwen37_plus_direct,qwen37f0_2af3869e046374defe64,C1,canonical,33b8e14c0cd42f3a8480d01e2d40c085a75658a25390a057dfc3551748da98a0,3846.0,False,3335.155363157895,feasible_mode_library_upper_bound_distance_focus,feasible_mode_library_upper_bound,3336.105363157895,3188.6199080157685,147.48545514212674,False,47,lp_net_sign_with_mpc_zero_anchor,538.392785560045,266.87858592571433,0.0,0.0,0.34444444444444444,0.3541889353044788,0.018590332998428494,7.648689693451445,0.029505430525645963,feasible_mode_library_upper_bound,3336.105363157895,3188.6199080157685,147.48545514212674,False,47,lp_net_sign_with_mpc_zero_anchor,538.3927855600449,266.8785859257144,0.0,0.0,0.34444444444444444,0.35418893530447887,0.01945274998433888,7.648689693451502,0.029505430525646182,0.0,0.0
F0,v2e2_28d9724eea09520d5cd7,qwen37_plus_direct,qwen37f0_2af3869e046374defe64,C2,canonical,1fc95291c9e39ea5ecdba231eeb95be081b5196e4c811595e83ab97a0e852d4d,51.300000000000004,False,134.04220526315814,global_distance_optimum_lp_integral_distance_focus,global_distance_optimum_lp_integral,135.0948368421055,135.0947368421055,0.00010000000000331966,True,0,lp_relaxation,157.8948368421053,261.2339981580993,0.0,0.0,0.5666666666666667,-0.13761214364899257,0.017594083008589223,2.004101925836437,0.0077309830191839325,global_distance_optimum_lp_integral,135.0948368421055,135.0947368421055,0.00010000000000331966,True,0,lp_relaxation,157.8948368421053,261.2339981580993,0.0,0.0,0.5666666666666667,-0.13761214364899257,0.017515957995783538,2.004101925836437,0.0077309830191839325,0.0,0.0
F0,v2e2_28d9724eea09520d5cd7,qwen37_plus_direct,qwen37f0_2af3869e046374defe64,S1,stale,1c8cde70e3e1aa134aa7de277c095dd675922c7fe4369123315008bcfe84f902,1874.9250000000002,False,1700.9341027700843,feasible_mode_library_upper_bound_distance_focus,feasible_mode_library_upper_bound,1695.2346567867048,1436.8500985545338,258.384558232171,False,90,lp_net_sign_with_mpc_zero_anchor,583.188491931226,261.9622172638983,0.0,0.0,0.2,,0.01436999998986721,2.732321031635422,0.01054014630005228,feasible_mode_library_upper_bound,1696.5517994113588,1436.8500985545338,259.701700856825,False,90,lp_net_sign_with_mpc_zero_anchor,557.487324306565,260.81830442335666,0.0,0.0,0.18888888888888888,,0.0144055419950746,1.5884081910937766,0.006127411283112988,1.317142624654025,-1.317142624654025
F0,v2e2_28d9724eea09520d5cd7,qwen37_plus_direct,qwen37f0_2af3869e046374defe64,S2,stale,42351936bd4f5b1bb909ad1554b9e2aba9426b750f27597cf4f1b9fb6ef8cd8f,375.0075,False,216.0602315789475,feasible_mode_library_upper_bound_distance_focus,feasible_mode_library_upper_bound,217.11286315789488,0.0,217.11286315789488,False,69,raw_sign_with_mpc_zero_anchor,157.89473684210498,263.44660422692954,0.0,0.0,0.4,,0.015527707990258932,4.216707994666649,0.016266287399538955,feasible_mode_library_upper_bound,217.11286315789488,0.0,217.11286315789488,False,69,raw_sign_with_mpc_zero_anchor,157.89473684210498,263.44660422692954,0.0,0.0,0.4,,0.015390082990052179,4.216707994666649,0.016266287399538955,0.0,0.0
F1,v2e2_28d9724eea09520d5cd7,qwen37_plus_direct,qwen37f1_043c12b7330e60ca555b,C1,canonical,4bbecf0d57875899d6955efe7bb624bd2027b0d175e24ee0bc2b919e48654372,3789.4725000000008,False,3617.2857668749966,feasible_mode_library_upper_bound_distance_focus,feasible_mode_library_upper_bound,3618.2357668749974,3351.397598554534,266.8381683204634,False,90,direct_mpc_sign,418.23481559301143,260.59590463041553,0.0,0.0,0.05555555555555555,,0.013619417004520074,1.366008398152644,0.005269486344000763,feasible_mode_library_upper_bound,3618.2357668749974,3351.397598554534,266.8381683204634,False,90,direct_mpc_sign,418.23481559301126,260.5959046304155,0.0,0.0,0.05555555555555555,,0.013274041994009167,1.3660083981525872,0.005269486344000544,0.0,0.0
F1,v2e2_28d9724eea09520d5cd7,qwen37_plus_direct,qwen37f1_043c12b7330e60ca555b,C2,canonical,be6ae305f10d436ab7f1167fe71e2ba9ea38c1a1cfee4fa6823c20bd520f050a,3789.4500000000003,False,3617.2634375,feasible_mode_library_upper_bound_distance_focus,feasible_mode_library_upper_bound,3618.2134374999996,3351.3750985545344,266.83833894546524,False,90,direct_mpc_sign,418.2314862179677,260.59592596714555,0.0,0.0,0.05555555555555555,,0.01391412498196587,1.3660297348826589,0.005269568652138539,feasible_mode_library_upper_bound,3618.2134374999996,3351.375098554534,266.8383389454657,False,90,direct_mpc_sign,418.23148621796696,260.59592596714555,0.0,0.0,0.05555555555555555,,0.013503042020602152,1.3660297348826589,0.005269568652138539,0.0,0.0
F1,v2e2_28d9724eea09520d5cd7,qwen37_plus_direct,qwen37f1_043c12b7330e60ca555b,S1,stale,98a789245a216f16358dcfa54c161fb26300bb2a541d49b646263469e3b2eab1,378.94499999999994,False,219.99773157894776,feasible_mode_library_upper_bound_distance_focus,feasible_mode_library_upper_bound,221.05036315789513,0.0,221.05036315789513,False,71,raw_sign_with_mpc_zero_anchor,157.8947368421051,263.4069954737421,0.0,0.0,0.4,,0.015268874994944781,4.177099241479198,0.016113493475060574,feasible_mode_library_upper_bound,221.05036315789513,0.0,221.05036315789513,False,71,raw_sign_with_mpc_zero_anchor,157.8947368421051,263.4069954737421,0.0,0.0,0.4,,0.01555400001234375,4.177099241479198,0.016113493475060574,0.0,0.0
F1,v2e2_28d9724eea09520d5cd7,qwen37_plus_direct,qwen37f1_043c12b7330e60ca555b,S2,stale,42351936bd4f5b1bb909ad1554b9e2aba9426b750f27597cf4f1b9fb6ef8cd8f,375.0075,False,216.0602315789475,feasible_mode_library_upper_bound_distance_focus,feasible_mode_library_upper_bound,217.11286315789488,0.0,217.11286315789488,False,69,raw_sign_with_mpc_zero_anchor,157.89473684210498,263.44660422692954,0.0,0.0,0.4,,0.015527707990258932,4.216707994666649,0.016266287399538955,feasible_mode_library_upper_bound,217.11286315789488,0.0,217.11286315789488,False,69,raw_sign_with_mpc_zero_anchor,157.89473684210498,263.44660422692954,0.0,0.0,0.4,,0.015390082990052179,4.216707994666649,0.016266287399538955,0.0,0.0
F1,v2e2_31906e8fff0262a0bd53,qwen37_plus_direct,qwen37f1_e441f463386f128f1075,C1,canonical,c1ce617d1dfc52dced716a8a9100b47b3bb14ce2cabefcea2d52ab374086c447,374.90000000000003,False,215.95273157894712,feasible_mode_library_upper_bound_distance_focus,feasible_mode_library_upper_bound,217.00536315789446,0.0,217.00536315789446,False,88,raw_sign_with_mpc_zero_anchor,157.8948368421057,364.3180425143654,0.0,0.0,0.40217391304347827,,0.016315958026098087,14.515120725881502,0.041495138610244064,feasible_mode_library_upper_bound,217.00536315789446,0.0,217.00536315789446,False,88,raw_sign_with_mpc_zero_anchor,157.8948368421057,364.3180425143654,0.0,0.0,0.40217391304347827,,0.015780209010699764,14.515120725881502,0.041495138610244064,0.0,0.0
F1,v2e2_31906e8fff0262a0bd53,qwen37_plus_direct,qwen37f1_e441f463386f128f1075,C2,canonical,c1ce617d1dfc52dced716a8a9100b47b3bb14ce2cabefcea2d52ab374086c447,374.90000000000003,False,215.95273157894712,feasible_mode_library_upper_bound_distance_focus,feasible_mode_library_upper_bound,217.00536315789446,0.0,217.00536315789446,False,88,raw_sign_with_mpc_zero_anchor,157.8948368421057,364.3180425143654,0.0,0.0,0.40217391304347827,,0.016315958026098087,14.515120725881502,0.041495138610244064,feasible_mode_library_upper_bound,217.00536315789446,0.0,217.00536315789446,False,88,raw_sign_with_mpc_zero_anchor,157.8948368421057,364.3180425143654,0.0,0.0,0.40217391304347827,,0.015780209010699764,14.515120725881502,0.041495138610244064,0.0,0.0
F1,v2e2_31906e8fff0262a0bd53,qwen37_plus_direct,qwen37f1_e441f463386f128f1075,S1,stale,23cd904e05dc77458353892d5f14d947eba44b207c53c72781ee8e10c1307fa8,37.48999999999998,False,119.35220526315811,global_distance_optimum_lp_integral_distance_focus,global_distance_optimum_lp_integral,120.40483684210548,120.40473684210548,0.00010000000000331966,True,0,lp_relaxation,157.89473684210378,363.9734332394058,0.0,0.0,0.9565217391304348,,0.017617875011637807,14.170511450921879,0.04050998596143915,global_distance_optimum_lp_integral,120.40483684210554,120.40473684210554,0.00010000000000331966,True,0,lp_relaxation,157.89473684210378,363.9734332394058,0.0,0.0,0.9565217391304348,,0.018470042006811127,14.170511450921879,0.04050998596143915,5.684341886080802e-14,-5.684341886080802e-14
F1,v2e2_31906e8fff0262a0bd53,qwen37_plus_direct,qwen37f1_e441f463386f128f1075,S2,stale,23cd904e05dc77458353892d5f14d947eba44b207c53c72781ee8e10c1307fa8,37.48999999999998,False,119.35220526315811,global_distance_optimum_lp_integral_distance_focus,global_distance_optimum_lp_integral,120.40483684210548,120.40473684210548,0.00010000000000331966,True,0,lp_relaxation,157.89473684210378,363.9734332394058,0.0,0.0,0.9565217391304348,,0.017617875011637807,14.170511450921879,0.04050998596143915,global_distance_optimum_lp_integral,120.40483684210554,120.40473684210554,0.00010000000000331966,True,0,lp_relaxation,157.89473684210378,363.9734332394058,0.0,0.0,0.9565217391304348,,0.018470042006811127,14.170511450921879,0.04050998596143915,5.684341886080802e-14,-5.684341886080802e-14
F1,v2e2_394e89f7d166924e9409,qwen37_plus_direct,qwen37f1_a308bdf50eab9a3e3f68,C1,canonical,918246868d17cbd03a144a3c7c589fa5c8f1d110ca61b465767dfb46d5f5a368,74.61999999999999,False,82.22220526315824,global_distance_optimum_lp_integral_distance_focus,global_distance_optimum_lp_integral,83.2748368421056,83.2747368421056,0.00010000000000331966,True,0,lp_relaxation,157.8947368421056,683.3644102087163,0.0,0.0,0.967032967032967,,0.018280667020007968,5.382189488879703,0.007938540752831617,global_distance_optimum_lp_integral,83.2748368421056,83.2747368421056,0.00010000000000331966,True,0,lp_relaxation,157.8947368421056,683.3644102087163,0.0,0.0,0.967032967032967,,0.01733137498376891,5.382189488879703,0.007938540752831617,0.0,0.0
F1,v2e2_394e89f7d166924e9409,qwen37_plus_direct,qwen37f1_a308bdf50eab9a3e3f68,C2,canonical,918246868d17cbd03a144a3c7c589fa5c8f1d110ca61b465767dfb46d5f5a368,74.61999999999999,False,82.22220526315824,global_distance_optimum_lp_integral_distance_focus,global_distance_optimum_lp_integral,83.2748368421056,83.2747368421056,0.00010000000000331966,True,0,lp_relaxation,157.8947368421056,683.3644102087163,0.0,0.0,0.967032967032967,,0.018280667020007968,5.382189488879703,0.007938540752831617,global_distance_optimum_lp_integral,83.2748368421056,83.2747368421056,0.00010000000000331966,True,0,lp_relaxation,157.8947368421056,683.3644102087163,0.0,0.0,0.967032967032967,,0.01733137498376891,5.382189488879703,0.007938540752831617,0.0,0.0
F1,v2e2_394e89f7d166924e9409,qwen37_plus_direct,qwen37f1_a308bdf50eab9a3e3f68,S1,stale,f72bb749a2ec5fe51da0e86ac561e25e004d96d08380645768afc4adbe8be69c,568.75,False,399.5395736842105,feasible_mode_library_upper_bound_distance_focus,feasible_mode_library_upper_bound,400.5922052631579,127.4720762155057,273.1201290476522,False,90,lp_net_sign_with_mpc_zero_anchor,358.155943454791,684.4171402163217,0.0,0.0,0.46153846153846156,,0.016368667013011873,6.434919496485122,0.009491280596787555,feasible_mode_library_upper_bound,400.5922052631579,127.47207621550568,273.1201290476522,False,90,lp_net_sign_with_mpc_zero_anchor,358.155943454791,684.4171402163219,0.0,0.0,0.46153846153846156,,0.015500916983000934,6.434919496485236,0.009491280596787721,0.0,0.0
F1,v2e2_394e89f7d166924e9409,qwen37_plus_direct,qwen37f1_a308bdf50eab9a3e3f68,S2,stale,f72bb749a2ec5fe51da0e86ac561e25e004d96d08380645768afc4adbe8be69c,568.75,False,399.5395736842105,feasible_mode_library_upper_bound_distance_focus,feasible_mode_library_upper_bound,400.5922052631579,127.4720762155057,273.1201290476522,False,90,lp_net_sign_with_mpc_zero_anchor,358.155943454791,684.4171402163217,0.0,0.0,0.46153846153846156,,0.016368667013011873,6.434919496485122,0.009491280596787555,feasible_mode_library_upper_bound,400.5922052631579,127.47207621550568,273.1201290476522,False,90,lp_net_sign_with_mpc_zero_anchor,358.155943454791,684.4171402163219,0.0,0.0,0.46153846153846156,,0.015500916983000934,6.434919496485236,0.009491280596787721,0.0,0.0
F1,v2e2_4029a98e7ae402335d31,qwen37_plus_direct,qwen37f1_011f732c105348b17496,C1,canonical,c1ce617d1dfc52dced716a8a9100b47b3bb14ce2cabefcea2d52ab374086c447,374.90000000000003,False,215.95273157894712,feasible_mode_library_upper_bound_distance_focus,feasible_mode_library_upper_bound,217.0053631578945,0.0,217.0053631578945,False,69,raw_sign_with_mpc_zero_anchor,157.89473684210563,202.39410360549053,0.0,0.0,0.40217391304347827,,0.01579345902428031,1.8143223941622466,0.009045390234276404,feasible_mode_library_upper_bound,217.00536315789452,0.0,217.00536315789452,False,69,raw_sign_with_mpc_zero_anchor,157.89473684210566,202.39410360549053,0.0,0.0,0.40217391304347827,,0.014436083991313353,1.8143223941622466,0.009045390234276404,2.842170943040401e-14,-2.842170943040401e-14
F1,v2e2_4029a98e7ae402335d31,qwen37_plus_direct,qwen37f1_011f732c105348b17496,C2,canonical,c1ce617d1dfc52dced716a8a9100b47b3bb14ce2cabefcea2d52ab374086c447,374.90000000000003,False,215.95273157894712,feasible_mode_library_upper_bound_distance_focus,feasible_mode_library_upper_bound,217.0053631578945,0.0,217.0053631578945,False,69,raw_sign_with_mpc_zero_anchor,157.89473684210563,202.39410360549053,0.0,0.0,0.40217391304347827,,0.01579345902428031,1.8143223941622466,0.009045390234276404,feasible_mode_library_upper_bound,217.00536315789452,0.0,217.00536315789452,False,69,raw_sign_with_mpc_zero_anchor,157.89473684210566,202.39410360549053,0.0,0.0,0.40217391304347827,,0.014436083991313353,1.8143223941622466,0.009045390234276404,2.842170943040401e-14,-2.842170943040401e-14
F1,v2e2_4029a98e7ae402335d31,qwen37_plus_direct,qwen37f1_011f732c105348b17496,S1,stale,e13cf2947d2ef6eb5a1cfc4816545b6479f271da5c130d518748c0c12124bd31,374.9989000000001,False,216.0516315789472,feasible_mode_library_upper_bound_distance_focus,feasible_mode_library_upper_bound,217.1042631578946,0.0,217.1042631578946,False,69,raw_sign_with_mpc_zero_anchor,157.89473684210543,202.39364560013883,0.0,0.0,0.40217391304347827,,0.01554570798180066,1.8138643888105435,0.009043106826901357,feasible_mode_library_upper_bound,217.1042631578946,0.0,217.1042631578946,False,69,raw_sign_with_mpc_zero_anchor,157.89473684210543,202.3936456001388,0.0,0.0,0.40217391304347827,,0.01582333300029859,1.813864388810515,0.009043106826901216,0.0,0.0
F1,v2e2_4029a98e7ae402335d31,qwen37_plus_direct,qwen37f1_011f732c105348b17496,S2,stale,72d0811a7d0593ec0d352dea6b8e43d0fc8f2274a04a7204a9eab7c7904d1ca1,374.9920000000001,False,216.0447315789478,feasible_mode_library_upper_bound_distance_focus,feasible_mode_library_upper_bound,217.09736315789513,0.0,217.09736315789513,False,69,raw_sign_with_mpc_zero_anchor,157.89473684210498,202.39367755400045,0.0,0.0,0.40217391304347827,,0.035472125018713996,1.813896342672166,0.009043266134392021,feasible_mode_library_upper_bound,217.09736315789513,0.0,217.09736315789513,False,69,raw_sign_with_mpc_zero_anchor,157.8947368421049,202.39367755400048,0.0,0.0,0.40217391304347827,,0.015505666990065947,1.8138963426721944,0.009043266134392162,0.0,0.0
F0,v2e2_47a354a03084871e0ca3,qwen37_plus_direct,qwen37f0_fdb70a084a3a1a08d9eb,C1,canonical,36d1e1492376af5ea0e28dbc06947381eea6c17e34752995f55eec70839ded9d,562.5,False,417.0395736842105,feasible_mode_library_upper_bound_distance_focus,feasible_mode_library_upper_bound,418.0922052631579,149.39224704336374,268.69995821979415,False,89,lp_net_sign_with_mpc_zero_anchor,381.905943454791,240.01413262892302,0.0,0.0,0.4666666666666667,,0.015443584008608013,2.233619955329914,0.009393620739627458,feasible_mode_library_upper_bound,418.0922052631579,149.39224704336374,268.69995821979415,False,89,lp_net_sign_with_mpc_zero_anchor,381.905943454791,240.01413262892302,0.0,0.0,0.4666666666666667,,0.01612408400978893,2.233619955329914,0.009393620739627458,0.0,0.0
F0,v2e2_47a354a03084871e0ca3,qwen37_plus_direct,qwen37f0_fdb70a084a3a1a08d9eb,C2,canonical,f59ee9feafd3b24dfda6da1aa0fcac428b3338b8db17407f828b76443f72c273,5625.0,False,5474.83135,feasible_mode_library_upper_bound_distance_focus,feasible_mode_library_upper_bound,5475.78135,5211.892247043364,263.88910295663663,False,85,direct_mpc_sign,475.77929871794504,238.0871094077604,0.0,0.0,0.044444444444444446,,0.013675875001354143,0.30659673416730016,0.001289410686855456,feasible_mode_library_upper_bound,5475.78135,5211.892247043364,263.88910295663663,False,85,direct_mpc_sign,475.77929871794504,238.0871094077604,0.0,0.0,0.044444444444444446,,0.014533707988448441,0.30659673416730016,0.001289410686855456,0.0,0.0
F0,v2e2_47a354a03084871e0ca3,qwen37_plus_direct,qwen37f0_fdb70a084a3a1a08d9eb,S1,stale,36d1e1492376af5ea0e28dbc06947381eea6c17e34752995f55eec70839ded9d,562.5,False,417.0395736842105,feasible_mode_library_upper_bound_distance_focus,feasible_mode_library_upper_bound,418.0922052631579,149.39224704336374,268.69995821979415,False,89,lp_net_sign_with_mpc_zero_anchor,381.905943454791,240.01413262892302,0.0,0.0,0.4666666666666667,,0.015443584008608013,2.233619955329914,0.009393620739627458,feasible_mode_library_upper_bound,418.0922052631579,149.39224704336374,268.69995821979415,False,89,lp_net_sign_with_mpc_zero_anchor,381.905943454791,240.01413262892302,0.0,0.0,0.4666666666666667,,0.01612408400978893,2.233619955329914,0.009393620739627458,0.0,0.0
F0,v2e2_47a354a03084871e0ca3,qwen37_plus_direct,qwen37f0_fdb70a084a3a1a08d9eb,S2,stale,f97c4365fc38af7aee44990415c7210a1a3f8f2df4655ce7d26ef6ffebb148d2,78.97499999999997,False,51.5514157894732,global_distance_optimum_lp_integral_distance_focus,global_distance_optimum_lp_integral,52.60404736842056,52.603947368420556,0.00010000000000331966,True,0,lp_relaxation,131.57894736842235,240.06871965840824,0.0,0.0,0.9777777777777777,,0.018255666975164786,2.288206984815133,0.009623189718478775,global_distance_optimum_lp_integral,52.60404736842056,52.603947368420556,0.00010000000000331966,True,0,lp_relaxation,131.57894736842235,240.06871965840824,0.0,0.0,0.9777777777777777,,0.018052625004202127,2.288206984815133,0.009623189718478775,0.0,0.0
F1,v2e2_47a354a03084871e0ca3,qwen37_plus_direct,qwen37f1_63357aaa83e19fa548a0,C1,canonical,979af0451140c7ab5731b9d9c87ea0c9346e60186aaa8aaa21ee8577b00e4d7f,312.5,False,179.86852105263088,feasible_mode_library_upper_bound_distance_focus,feasible_mode_library_upper_bound,180.92115263157828,0.0,180.92115263157828,False,57,raw_sign_with_mpc_zero_anchor,131.57894736842158,240.42491248460985,0.0,0.0,0.4,,0.014889958023559302,2.64439981101674,0.01112117970174776,feasible_mode_library_upper_bound,180.92115263157828,0.0,180.92115263157828,False,57,raw_sign_with_mpc_zero_anchor,131.57894736842158,240.42491248460985,0.0,0.0,0.4,,0.015485541021917015,2.64439981101674,0.01112117970174776,0.0,0.0
F1,v2e2_47a354a03084871e0ca3,qwen37_plus_direct,qwen37f1_63357aaa83e19fa548a0,C2,canonical,83e193620a39a319f7119979da92ed2ff9235452d4dcf33f0c72258fd6f68d92,312.3,False,179.66852105263138,feasible_mode_library_upper_bound_distance_focus,feasible_mode_library_upper_bound,180.72115263157875,0.0,180.72115263157875,False,57,raw_sign_with_mpc_zero_anchor,131.57894736842147,240.4266054710765,0.0,0.0,0.4,,0.01478108300943859,2.6460927974833908,0.011128299656396756,feasible_mode_library_upper_bound,180.72115263157872,0.0,180.72115263157872,False,57,raw_sign_with_mpc_zero_anchor,131.57894736842135,240.4266054710765,0.0,0.0,0.4,,0.015715124987764284,2.6460927974833908,0.011128299656396756,-2.842170943040401e-14,2.842170943040401e-14
F1,v2e2_47a354a03084871e0ca3,qwen37_plus_direct,qwen37f1_63357aaa83e19fa548a0,S1,stale,42351936bd4f5b1bb909ad1554b9e2aba9426b750f27597cf4f1b9fb6ef8cd8f,375.0075,False,242.37602105263156,feasible_mode_library_upper_bound_distance_focus,feasible_mode_library_upper_bound,243.42865263157898,0.0,243.42865263157898,False,78,raw_sign_with_mpc_zero_anchor,131.5789473684208,240.34184833137797,0.0,0.0,0.3333333333333333,,0.015273708995664492,2.5613356577848663,0.010771848495847395,feasible_mode_library_upper_bound,243.42865263157898,0.0,243.42865263157898,False,78,raw_sign_with_mpc_zero_anchor,131.5789473684208,240.34184833137797,0.0,0.0,0.3333333333333333,,0.01459395801066421,2.5613356577848663,0.010771848495847395,0.0,0.0
F1,v2e2_47a354a03084871e0ca3,qwen37_plus_direct,qwen37f1_63357aaa83e19fa548a0,S2,stale,36d1e1492376af5ea0e28dbc06947381eea6c17e34752995f55eec70839ded9d,562.5,False,417.0395736842105,feasible_mode_library_upper_bound_distance_focus,feasible_mode_library_upper_bound,418.0922052631579,149.39224704336374,268.69995821979415,False,89,lp_net_sign_with_mpc_zero_anchor,381.905943454791,240.01413262892302,0.0,0.0,0.4666666666666667,,0.015443584008608013,2.233619955329914,0.009393620739627458,feasible_mode_library_upper_bound,418.0922052631579,149.39224704336374,268.69995821979415,False,89,lp_net_sign_with_mpc_zero_anchor,381.905943454791,240.01413262892302,0.0,0.0,0.4666666666666667,,0.01612408400978893,2.233619955329914,0.009393620739627458,0.0,0.0
F1,v2e2_4bc783ae8ece976241af,qwen37_plus_direct,qwen37f1_d133068b1e8df25bb6a2,C1,canonical,0a9c370e398ef4de3e33dfecf30f500192ea60b2d9b910b012f7529c7df46473,550.0,False,525.3000999999999,global_distance_optimum_lp_integral_distance_focus,global_distance_optimum_lp_integral,526.2500051248358,526.25,5.124835752212675e-06,True,0,lp_relaxation,23.750100000000035,270.18164150795224,0.0,0.0,0.03409090909090909,,0.01580233301501721,4.674933018208776,0.01760758906922071,global_distance_optimum_lp_integral,526.2500051248358,526.25,5.124835752212675e-06,True,0,lp_relaxation,23.750100000000035,270.18164150795224,0.0,0.0,0.03409090909090909,,0.014827582985162735,4.674933018208776,0.01760758906922071,0.0,0.0
F1,v2e2_4bc783ae8ece976241af,qwen37_plus_direct,qwen37f1_d133068b1e8df25bb6a2,C2,canonical,0a9c370e398ef4de3e33dfecf30f500192ea60b2d9b910b012f7529c7df46473,550.0,False,525.3000999999999,global_distance_optimum_lp_integral_distance_focus,global_distance_optimum_lp_integral,526.2500051248358,526.25,5.124835752212675e-06,True,0,lp_relaxation,23.750100000000035,270.18164150795224,0.0,0.0,0.03409090909090909,,0.01580233301501721,4.674933018208776,0.01760758906922071,global_distance_optimum_lp_integral,526.2500051248358,526.25,5.124835752212675e-06,True,0,lp_relaxation,23.750100000000035,270.18164150795224,0.0,0.0,0.03409090909090909,,0.014827582985162735,4.674933018208776,0.01760758906922071,0.0,0.0
F1,v2e2_4bc783ae8ece976241af,qwen37_plus_direct,qwen37f1_d133068b1e8df25bb6a2,S1,stale,9c8a284de03b5f11a83bf8fb969a147633ef885b1067dbd4582468e86a34a3d5,74.99799999999999,False,97.46572250000018,feasible_mode_library_upper_bound_distance_focus,feasible_mode_library_upper_bound,98.41571737516443,0.0,98.41571737516443,False,31,direct_mpc_sign,30.233771217945797,270.1115699673867,0.0,0.0,0.03409090909090909,,0.013406167010543868,4.604861477643226,0.01734367279771054,feasible_mode_library_upper_bound,98.41571737516443,0.0,98.41571737516443,False,31,direct_mpc_sign,30.233771217945797,270.1115699673867,0.0,0.0,0.03409090909090909,,0.013910834008129314,4.604861477643226,0.01734367279771054,0.0,0.0
F1,v2e2_4bc783ae8ece976241af,qwen37_plus_direct,qwen37f1_d133068b1e8df25bb6a2,S2,stale,9c8a284de03b5f11a83bf8fb969a147633ef885b1067dbd4582468e86a34a3d5,74.99799999999999,False,97.46572250000018,feasible_mode_library_upper_bound_distance_focus,feasible_mode_library_upper_bound,98.41571737516443,0.0,98.41571737516443,False,31,direct_mpc_sign,30.233771217945797,270.1115699673867,0.0,0.0,0.03409090909090909,,0.013406167010543868,4.604861477643226,0.01734367279771054,feasible_mode_library_upper_bound,98.41571737516443,0.0,98.41571737516443,False,31,direct_mpc_sign,30.233771217945797,270.1115699673867,0.0,0.0,0.03409090909090909,,0.013910834008129314,4.604861477643226,0.01734367279771054,0.0,0.0
F1,v2e2_579d7046347071a2967e,qwen37_plus_direct,qwen37f1_383f613114221f16240a,C1,canonical,6963329e4f6bcfe4e43ad05fe1a5f7dc792bd26caca9098a1ebf45df97df04f5,556.25,False,531.5500999999999,global_distance_optimum_lp_integral_distance_focus,global_distance_optimum_lp_integral,532.5001,532.5,9.999999997489795e-05,True,0,lp_relaxation,23.750100000000035,482.617570599259,0.0,0.0,0.02247191011235955,,0.015823708003154024,0.5607570671244275,0.0011632592909861374,global_distance_optimum_lp_integral,532.5001,532.5,9.999999997489795e-05,True,0,lp_relaxation,23.750100000000035,482.617570599259,0.0,0.0,0.02247191011235955,,0.015755458996864036,0.5607570671244275,0.0011632592909861374,0.0,0.0
F1,v2e2_579d7046347071a2967e,qwen37_plus_direct,qwen37f1_383f613114221f16240a,C2,canonical,6963329e4f6bcfe4e43ad05fe1a5f7dc792bd26caca9098a1ebf45df97df04f5,556.25,False,531.5500999999999,global_distance_optimum_lp_integral_distance_focus,global_distance_optimum_lp_integral,532.5001,532.5,9.999999997489795e-05,True,0,lp_relaxation,23.750100000000035,482.617570599259,0.0,0.0,0.02247191011235955,,0.015823708003154024,0.5607570671244275,0.0011632592909861374,global_distance_optimum_lp_integral,532.5001,532.5,9.999999997489795e-05,True,0,lp_relaxation,23.750100000000035,482.617570599259,0.0,0.0,0.02247191011235955,,0.015755458996864036,0.5607570671244275,0.0011632592909861374,0.0,0.0
F1,v2e2_579d7046347071a2967e,qwen37_plus_direct,qwen37f1_383f613114221f16240a,S1,stale,e775a4ac54ab3a72c9cdb0dd548eec9af716b52be786d407836b3c8ea2692fca,556.25,False,553.2895736842105,feasible_mode_library_upper_bound_distance_focus,feasible_mode_library_upper_bound,554.3422052631579,296.1481603153743,258.1940449477836,False,85,lp_net_sign_with_mpc_zero_anchor,524.4059434547913,483.38292410146505,0.0,0.0,0.47191011235955055,,0.014443708001635969,1.3261105693304671,0.0027509424866620346,feasible_mode_library_upper_bound,554.3422052631579,296.1481603153743,258.1940449477836,False,85,lp_net_sign_with_mpc_zero_anchor,524.4059434547913,483.38292410146505,0.0,0.0,0.47191011235955055,,0.014893665997078642,1.3261105693304671,0.0027509424866620346,0.0,0.0
F1,v2e2_579d7046347071a2967e,qwen37_plus_direct,qwen37f1_383f613114221f16240a,S2,stale,e775a4ac54ab3a72c9cdb0dd548eec9af716b52be786d407836b3c8ea2692fca,556.25,False,553.2895736842105,feasible_mode_library_upper_bound_distance_focus,feasible_mode_library_upper_bound,554.3422052631579,296.1481603153743,258.1940449477836,False,85,lp_net_sign_with_mpc_zero_anchor,524.4059434547913,483.38292410146505,0.0,0.0,0.47191011235955055,,0.014443708001635969,1.3261105693304671,0.0027509424866620346,feasible_mode_library_upper_bound,554.3422052631579,296.1481603153743,258.1940449477836,False,85,lp_net_sign_with_mpc_zero_anchor,524.4059434547913,483.38292410146505,0.0,0.0,0.47191011235955055,,0.014893665997078642,1.3261105693304671,0.0027509424866620346,0.0,0.0
F1,v2e2_57ed2833756fcc2a81f4,qwen37_plus_direct,qwen37f1_9d240b5f2e3af4418515,C1,canonical,9086d0da451f2ac43ec9df6ff3c998118513b231374b65fe31221bbdbd70ed9e,5562.5,False,5364.83135,feasible_mode_library_upper_bound_distance_focus,feasible_mode_library_upper_bound,5365.78135,5102.66097240473,263.12037759526993,False,84,direct_mpc_sign,428.2792987179448,1080.3581077759438,0.0,0.0,0.0449438202247191,,0.014228666987037286,0.9771737769531228,0.0009053094659850981,feasible_mode_library_upper_bound,5365.78135,5102.66097240473,263.12037759526993,False,84,direct_mpc_sign,428.2792987179448,1080.3581077759438,0.0,0.0,0.0449438202247191,,0.013659541989909485,0.9771737769531228,0.0009053094659850981,0.0,0.0
F1,v2e2_57ed2833756fcc2a81f4,qwen37_plus_direct,qwen37f1_9d240b5f2e3af4418515,C2,canonical,9086d0da451f2ac43ec9df6ff3c998118513b231374b65fe31221bbdbd70ed9e,5562.5,False,5364.83135,feasible_mode_library_upper_bound_distance_focus,feasible_mode_library_upper_bound,5365.78135,5102.66097240473,263.12037759526993,False,84,direct_mpc_sign,428.2792987179448,1080.3581077759438,0.0,0.0,0.0449438202247191,,0.014228666987037286,0.9771737769531228,0.0009053094659850981,feasible_mode_library_upper_bound,5365.78135,5102.66097240473,263.12037759526993,False,84,direct_mpc_sign,428.2792987179448,1080.3581077759438,0.0,0.0,0.0449438202247191,,0.013659541989909485,0.9771737769531228,0.0009053094659850981,0.0,0.0
F1,v2e2_57ed2833756fcc2a81f4,qwen37_plus_direct,qwen37f1_9d240b5f2e3af4418515,S1,stale,e775a4ac54ab3a72c9cdb0dd548eec9af716b52be786d407836b3c8ea2692fca,556.25,False,363.2895736842105,feasible_mode_library_upper_bound_distance_focus,feasible_mode_library_upper_bound,364.3422052631579,96.4109724047304,267.9312328584275,False,88,lp_net_sign_with_mpc_zero_anchor,334.405943454791,1092.4442097474655,0.0,0.0,0.47191011235955055,,0.015024541004095227,13.06327574847478,0.012102562994212565,feasible_mode_library_upper_bound,364.3422052631579,96.4109724047304,267.9312328584275,False,88,lp_net_sign_with_mpc_zero_anchor,334.405943454791,1092.4442097474655,0.0,0.0,0.47191011235955055,,0.01551866700174287,13.06327574847478,0.012102562994212565,0.0,0.0
F1,v2e2_57ed2833756fcc2a81f4,qwen37_plus_direct,qwen37f1_9d240b5f2e3af4418515,S2,stale,e775a4ac54ab3a72c9cdb0dd548eec9af716b52be786d407836b3c8ea2692fca,556.25,False,363.2895736842105,feasible_mode_library_upper_bound_distance_focus,feasible_mode_library_upper_bound,364.3422052631579,96.4109724047304,267.9312328584275,False,88,lp_net_sign_with_mpc_zero_anchor,334.405943454791,1092.4442097474655,0.0,0.0,0.47191011235955055,,0.015024541004095227,13.06327574847478,0.012102562994212565,feasible_mode_library_upper_bound,364.3422052631579,96.4109724047304,267.9312328584275,False,88,lp_net_sign_with_mpc_zero_anchor,334.405943454791,1092.4442097474655,0.0,0.0,0.47191011235955055,,0.01551866700174287,13.06327574847478,0.012102562994212565,0.0,0.0
F1,v2e2_581afa30a65d6a5d08a5,qwen37_plus_direct,qwen37f1_ad373a37404f00160e88,C1,canonical,ef4bb78e99a520f1d1f211de7548f0db01c44ac127e230f48f3df1f1d0a7b811,312.3,False,287.6000999999999,global_distance_optimum_lp_integral_distance_focus,global_distance_optimum_lp_integral,288.55009999999976,288.54999999999995,9.999999980436769e-05,True,0,lp_relaxation,23.750100000000003,259.8985516940931,0.0,0.0,0.05555555555555555,,0.015971000015269965,7.22047539622173,0.028575789011903906,global_distance_optimum_lp_integral,288.55009999999976,288.54999999999995,9.999999980436769e-05,True,0,lp_relaxation,23.75010000000001,259.8985516940931,0.0,0.0,0.05555555555555555,,0.015464208991033956,7.22047539622173,0.028575789011903906,0.0,0.0
F1,v2e2_581afa30a65d6a5d08a5,qwen37_plus_direct,qwen37f1_ad373a37404f00160e88,C2,canonical,d58edbfeaba9135830b1c2b3e49b72051cc9bf08046fd585fa1f14ec53c6c760,310.5,False,285.80010000000044,global_distance_optimum_lp_integral_distance_focus,global_distance_optimum_lp_integral,286.75010000000054,286.7500000000001,0.0001000000004296453,True,0,lp_relaxation,23.750100000000003,259.8986002988931,0.0,0.0,0.05555555555555555,,0.015679458010708913,7.220524001021715,0.028575981370499864,global_distance_optimum_lp_integral,286.75010000000054,286.7500000000001,0.0001000000004296453,True,0,lp_relaxation,23.750100000000003,259.8986002988931,0.0,0.0,0.05555555555555555,,0.014984750014264137,7.220524001021715,0.028575981370499864,0.0,0.0
F1,v2e2_581afa30a65d6a5d08a5,qwen37_plus_direct,qwen37f1_ad373a37404f00160e88,S1,stale,c3139e3601aaf78235612774bdfe96ba892a617e887cb7e2048aea0085cc05cb,78.75,False,100.78228750000011,feasible_mode_library_upper_bound_distance_focus,feasible_mode_library_upper_bound,101.7322875000001,0.0,101.7322875000001,False,32,direct_mpc_sign,38.73033621794862,259.7722412884048,0.0,0.0,0.07777777777777778,,0.01312400001916103,7.094164990533443,0.02807590232787128,feasible_mode_library_upper_bound,101.7322875000001,0.0,101.7322875000001,False,32,direct_mpc_sign,38.73033621794862,259.7722412884048,0.0,0.0,0.07777777777777778,,0.013236166996648535,7.094164990533443,0.02807590232787128,0.0,0.0
F1,v2e2_581afa30a65d6a5d08a5,qwen37_plus_direct,qwen37f1_ad373a37404f00160e88,S2,stale,67f200ab0d372650c1a1bceddb82483cb82e9269c17536f88478f9c890200474,738.0000000000002,False,714.2525736842105,feasible_mode_library_upper_bound_distance_focus,feasible_mode_library_upper_bound,736.0922052631583,474.69513797634687,261.3970672868115,False,86,lp_net_sign_with_mpc_zero_anchor,524.4059434547862,258.26737647936534,0.0,0.0,0.35555555555555557,,0.015657040989026427,5.589300181493968,0.022120241943369007,feasible_mode_library_upper_bound,716.1920501385042,474.69513797634676,241.49691216215746,False,86,lp_net_sign_with_mpc_zero_anchor,912.7140985794479,258.2947077160629,0.0,0.0,0.6222222222222222,,0.0155879580124747,5.616631418191503,0.02222840818041648,-19.900155124654134,19.900155124654134
F0,v2e2_599ab783e7af2d598059,qwen37_plus_direct,qwen37f0_81b93e378ed685d77d0c,C1,canonical,f72bb749a2ec5fe51da0e86ac561e25e004d96d08380645768afc4adbe8be69c,568.75,False,534.8645736842104,feasible_mode_library_upper_bound_distance_focus,feasible_mode_library_upper_bound,535.9172052631578,252.30781865965832,283.6093866034995,False,91,lp_net_sign_with_mpc_zero_anchor,153.48094345479223,333.01520278457264,0.0,0.0,0.15384615384615385,,0.014454040996497497,1.5211494156815775,0.004588768336030517,feasible_mode_library_upper_bound,535.9172052631578,252.3078186596583,283.6093866034995,False,91,lp_net_sign_with_mpc_zero_anchor,153.48094345479223,333.01520278457264,0.0,0.0,0.15384615384615385,,0.015147041995078325,1.5211494156815775,0.004588768336030517,0.0,0.0
F0,v2e2_599ab783e7af2d598059,qwen37_plus_direct,qwen37f0_81b93e378ed685d77d0c,C2,canonical,f72bb749a2ec5fe51da0e86ac561e25e004d96d08380645768afc4adbe8be69c,568.75,False,534.8645736842104,feasible_mode_library_upper_bound_distance_focus,feasible_mode_library_upper_bound,535.9172052631578,252.30781865965832,283.6093866034995,False,91,lp_net_sign_with_mpc_zero_anchor,153.48094345479223,333.01520278457264,0.0,0.0,0.15384615384615385,,0.014454040996497497,1.5211494156815775,0.004588768336030517,feasible_mode_library_upper_bound,535.9172052631578,252.3078186596583,283.6093866034995,False,91,lp_net_sign_with_mpc_zero_anchor,153.48094345479223,333.01520278457264,0.0,0.0,0.15384615384615385,,0.015147041995078325,1.5211494156815775,0.004588768336030517,0.0,0.0
F0,v2e2_599ab783e7af2d598059,qwen37_plus_direct,qwen37f0_81b93e378ed685d77d0c,S1,stale,f72bb749a2ec5fe51da0e86ac561e25e004d96d08380645768afc4adbe8be69c,568.75,False,534.8645736842104,feasible_mode_library_upper_bound_distance_focus,feasible_mode_library_upper_bound,535.9172052631578,252.30781865965832,283.6093866034995,False,91,lp_net_sign_with_mpc_zero_anchor,153.48094345479223,333.01520278457264,0.0,0.0,0.15384615384615385,,0.014454040996497497,1.5211494156815775,0.004588768336030517,feasible_mode_library_upper_bound,535.9172052631578,252.3078186596583,283.6093866034995,False,91,lp_net_sign_with_mpc_zero_anchor,153.48094345479223,333.01520278457264,0.0,0.0,0.15384615384615385,,0.015147041995078325,1.5211494156815775,0.004588768336030517,0.0,0.0
F0,v2e2_599ab783e7af2d598059,qwen37_plus_direct,qwen37f0_81b93e378ed685d77d0c,S2,stale,f72bb749a2ec5fe51da0e86ac561e25e004d96d08380645768afc4adbe8be69c,568.75,False,534.8645736842104,feasible_mode_library_upper_bound_distance_focus,feasible_mode_library_upper_bound,535.9172052631578,252.30781865965832,283.6093866034995,False,91,lp_net_sign_with_mpc_zero_anchor,153.48094345479223,333.01520278457264,0.0,0.0,0.15384615384615385,,0.014454040996497497,1.5211494156815775,0.004588768336030517,feasible_mode_library_upper_bound,535.9172052631578,252.3078186596583,283.6093866034995,False,91,lp_net_sign_with_mpc_zero_anchor,153.48094345479223,333.01520278457264,0.0,0.0,0.15384615384615385,,0.015147041995078325,1.5211494156815775,0.004588768336030517,0.0,0.0
F1,v2e2_599ab783e7af2d598059,qwen37_plus_direct,qwen37f1_f6a01d8d47b6708952df,C1,canonical,f72bb749a2ec5fe51da0e86ac561e25e004d96d08380645768afc4adbe8be69c,568.75,False,534.8645736842104,feasible_mode_library_upper_bound_distance_focus,feasible_mode_library_upper_bound,535.9172052631578,252.30781865965832,283.6093866034995,False,91,lp_net_sign_with_mpc_zero_anchor,153.48094345479223,333.01520278457264,0.0,0.0,0.15384615384615385,,0.014454040996497497,1.5211494156815775,0.004588768336030517,feasible_mode_library_upper_bound,535.9172052631578,252.3078186596583,283.6093866034995,False,91,lp_net_sign_with_mpc_zero_anchor,153.48094345479223,333.01520278457264,0.0,0.0,0.15384615384615385,,0.015147041995078325,1.5211494156815775,0.004588768336030517,0.0,0.0
F1,v2e2_599ab783e7af2d598059,qwen37_plus_direct,qwen37f1_f6a01d8d47b6708952df,C2,canonical,f72bb749a2ec5fe51da0e86ac561e25e004d96d08380645768afc4adbe8be69c,568.75,False,534.8645736842104,feasible_mode_library_upper_bound_distance_focus,feasible_mode_library_upper_bound,535.9172052631578,252.30781865965832,283.6093866034995,False,91,lp_net_sign_with_mpc_zero_anchor,153.48094345479223,333.01520278457264,0.0,0.0,0.15384615384615385,,0.014454040996497497,1.5211494156815775,0.004588768336030517,feasible_mode_library_upper_bound,535.9172052631578,252.3078186596583,283.6093866034995,False,91,lp_net_sign_with_mpc_zero_anchor,153.48094345479223,333.01520278457264,0.0,0.0,0.15384615384615385,,0.015147041995078325,1.5211494156815775,0.004588768336030517,0.0,0.0
F1,v2e2_599ab783e7af2d598059,qwen37_plus_direct,qwen37f1_f6a01d8d47b6708952df,S1,stale,f72bb749a2ec5fe51da0e86ac561e25e004d96d08380645768afc4adbe8be69c,568.75,False,534.8645736842104,feasible_mode_library_upper_bound_distance_focus,feasible_mode_library_upper_bound,535.9172052631578,252.30781865965832,283.6093866034995,False,91,lp_net_sign_with_mpc_zero_anchor,153.48094345479223,333.01520278457264,0.0,0.0,0.15384615384615385,,0.014454040996497497,1.5211494156815775,0.004588768336030517,feasible_mode_library_upper_bound,535.9172052631578,252.3078186596583,283.6093866034995,False,91,lp_net_sign_with_mpc_zero_anchor,153.48094345479223,333.01520278457264,0.0,0.0,0.15384615384615385,,0.015147041995078325,1.5211494156815775,0.004588768336030517,0.0,0.0
F1,v2e2_599ab783e7af2d598059,qwen37_plus_direct,qwen37f1_f6a01d8d47b6708952df,S2,stale,ce6bb94c5159371faff434c46887e9b0d2810c9227d8d287c0cc3f3cbbf9ea42,5687.5,False,5650.6126,feasible_mode_library_upper_bound_distance_focus,feasible_mode_library_upper_bound,5647.91512770083,5371.057818659659,276.8573090411719,False,89,lp_net_sign_with_mpc_zero_anchor,285.23302101712915,332.59297715063906,0.0,0.0,0.02197802197802198,,0.017774499981896952,1.0989237817479989,0.0033150633339570097,feasible_mode_library_upper_bound,5651.5626,5371.057818659659,280.50478134034165,False,90,direct_mpc_sign,214.0605487179448,331.89822476737316,0.0,0.0,0.01098901098901099,,0.013260916981380433,0.4041713984821058,0.0012192417763595247,3.647472299169749,-3.647472299169749
F1,v2e2_6044c2cf8efb739eb457,qwen37_plus_direct,qwen37f1_4377914064a64354900c,C1,canonical,39ec0dae9b8e0310a76a73cb84af639d6842418391d39cafd19cae626353a3a3,568.75,False,544.05,global_distance_optimum_lp_integral_distance_focus,global_distance_optimum_lp_integral,545.0001,545.0,9.999999997489795e-05,True,0,lp_relaxation,23.750100000000035,707.4051783332858,0.0,0.0,0.02197802197802198,,0.015323458996135741,2.3634820041032754,0.003352258478340791,global_distance_optimum_lp_integral,545.0001,545.0,9.999999997489795e-05,True,0,lp_relaxation,23.750100000000035,707.4051783332858,0.0,0.0,0.02197802197802198,,0.01568945898907259,2.3634820041032754,0.003352258478340791,0.0,0.0
F1,v2e2_6044c2cf8efb739eb457,qwen37_plus_direct,qwen37f1_4377914064a64354900c,C2,canonical,39ec0dae9b8e0310a76a73cb84af639d6842418391d39cafd19cae626353a3a3,568.75,False,544.05,global_distance_optimum_lp_integral_distance_focus,global_distance_optimum_lp_integral,545.0001,545.0,9.999999997489795e-05,True,0,lp_relaxation,23.750100000000035,707.4051783332858,0.0,0.0,0.02197802197802198,,0.015323458996135741,2.3634820041032754,0.003352258478340791,global_distance_optimum_lp_integral,545.0001,545.0,9.999999997489795e-05,True,0,lp_relaxation,23.750100000000035,707.4051783332858,0.0,0.0,0.02197802197802198,,0.01568945898907259,2.3634820041032754,0.003352258478340791,0.0,0.0
F1,v2e2_6044c2cf8efb739eb457,qwen37_plus_direct,qwen37f1_4377914064a64354900c,S1,stale,918246868d17cbd03a144a3c7c589fa5c8f1d110ca61b465767dfb46d5f5a368,74.61999999999999,False,96.86045000000023,feasible_mode_library_upper_bound_distance_focus,feasible_mode_library_upper_bound,97.81045000000023,0.0,97.81045000000023,False,31,direct_mpc_sign,34.66849871794362,707.3677343011271,0.0,0.0,0.054945054945054944,,0.013493458012817428,2.326037971944629,0.003299149517050133,feasible_mode_library_upper_bound,97.81045000000023,0.0,97.81045000000023,False,31,direct_mpc_sign,34.66849871794362,707.3677343011271,0.0,0.0,0.054945054945054944,,0.014188000001013279,2.326037971944629,0.003299149517050133,0.0,0.0
F1,v2e2_6044c2cf8efb739eb457,qwen37_plus_direct,qwen37f1_4377914064a64354900c,S2,stale,f72bb749a2ec5fe51da0e86ac561e25e004d96d08380645768afc4adbe8be69c,568.75,False,569.2790473684211,feasible_mode_library_upper_bound_distance_focus,feasible_mode_library_upper_bound,570.3316789473685,302.2421156373191,268.08956331004936,False,88,lp_net_sign_with_mpc_zero_anchor,456.31646977057994,706.5367860254667,0.0,0.0,0.3956043956043956,,0.01566649999585934,1.4950896962841398,0.0021205691862883603,feasible_mode_library_upper_bound,570.3316789473685,302.2421156373191,268.08956331004936,False,88,lp_net_sign_with_mpc_zero_anchor,456.31646977057994,706.5367860254667,0.0,0.0,0.3956043956043956,,0.015075250004883856,1.4950896962841398,0.0021205691862883603,0.0,0.0
F1,v2e2_689fd81bd1f3eec1e27d,qwen37_plus_direct,qwen37f1_6b01671985e6ddfc0f52,C1,canonical,a6b375ff68a39d94f8fa55f1d5b588b93dc575887eea0b4b66a6f96376289b8f,379.25,False,220.30273157894777,feasible_mode_library_upper_bound_distance_focus,feasible_mode_library_upper_bound,221.35536315789514,0.0,221.35536315789514,False,71,raw_sign_with_mpc_zero_anchor,157.89473684210512,371.4914282441019,0.0,0.0,0.4024390243902439,,0.014061875001061708,2.434437423672591,0.006596372604298143,feasible_mode_library_upper_bound,221.35536315789514,0.0,221.35536315789514,False,71,raw_sign_with_mpc_zero_anchor,157.89473684210512,371.4914282441019,0.0,0.0,0.4024390243902439,,0.013283166976179928,2.434437423672591,0.006596372604298143,0.0,0.0
F1,v2e2_689fd81bd1f3eec1e27d,qwen37_plus_direct,qwen37f1_6b01671985e6ddfc0f52,C2,canonical,a6b375ff68a39d94f8fa55f1d5b588b93dc575887eea0b4b66a6f96376289b8f,379.25,False,220.30273157894777,feasible_mode_library_upper_bound_distance_focus,feasible_mode_library_upper_bound,221.35536315789514,0.0,221.35536315789514,False,71,raw_sign_with_mpc_zero_anchor,157.89473684210512,371.4914282441019,0.0,0.0,0.4024390243902439,,0.014061875001061708,2.434437423672591,0.006596372604298143,feasible_mode_library_upper_bound,221.35536315789514,0.0,221.35536315789514,False,71,raw_sign_with_mpc_zero_anchor,157.89473684210512,371.4914282441019,0.0,0.0,0.4024390243902439,,0.013283166976179928,2.434437423672591,0.006596372604298143,0.0,0.0
F1,v2e2_689fd81bd1f3eec1e27d,qwen37_plus_direct,qwen37f1_6b01671985e6ddfc0f52,S1,stale,ae1391888115ff0f25bf487dc5f4244c372d3eba550484078b6ca69353afa5bd,187.49914999999996,False,28.55188157894742,feasible_mode_library_upper_bound_distance_focus,feasible_mode_library_upper_bound,29.604513157894786,0.0,29.604513157894786,False,10,raw_sign_with_mpc_zero_anchor,157.8947368421052,371.5823281171896,0.0,0.0,0.8292682926829268,,0.01434812499792315,2.5253372967603127,0.0068426756830872685,feasible_mode_library_upper_bound,29.604513157894786,0.0,29.604513157894786,False,10,raw_sign_with_mpc_zero_anchor,157.8947368421052,371.5823281171896,0.0,0.0,0.8292682926829268,,0.01462870801333338,2.5253372967603127,0.0068426756830872685,0.0,0.0
F1,v2e2_689fd81bd1f3eec1e27d,qwen37_plus_direct,qwen37f1_6b01671985e6ddfc0f52,S2,stale,ae1391888115ff0f25bf487dc5f4244c372d3eba550484078b6ca69353afa5bd,187.49914999999996,False,28.55188157894742,feasible_mode_library_upper_bound_distance_focus,feasible_mode_library_upper_bound,29.604513157894786,0.0,29.604513157894786,False,10,raw_sign_with_mpc_zero_anchor,157.8947368421052,371.5823281171896,0.0,0.0,0.8292682926829268,,0.01434812499792315,2.5253372967603127,0.0068426756830872685,feasible_mode_library_upper_bound,29.604513157894786,0.0,29.604513157894786,False,10,raw_sign_with_mpc_zero_anchor,157.8947368421052,371.5823281171896,0.0,0.0,0.8292682926829268,,0.01462870801333338,2.5253372967603127,0.0068426756830872685,0.0,0.0
F1,v2e2_68ad1227a66cd68252f6,qwen37_plus_direct,qwen37f1_1b7a51c9d887d40ffd14,C1,canonical,c9128bca342df3a631f2a5263908345dc43627ea8e60c21e448ec4d730e6cb4f,399.04999999999984,False,240.10273157894724,feasible_mode_library_upper_bound_distance_focus,feasible_mode_library_upper_bound,241.1553631578946,0.0,241.1553631578946,False,84,raw_sign_with_mpc_zero_anchor,157.89473684210517,490.6379411691154,0.0,0.0,0.3804347826086957,,0.01556404199800454,1.1504507092000154,0.002350316875552976,feasible_mode_library_upper_bound,241.1553631578946,0.0,241.1553631578946,False,84,raw_sign_with_mpc_zero_anchor,157.89473684210517,490.6379411691154,0.0,0.0,0.3804347826086957,,0.015722666023066267,1.1504507092000154,0.002350316875552976,0.0,0.0
F1,v2e2_68ad1227a66cd68252f6,qwen37_plus_direct,qwen37f1_1b7a51c9d887d40ffd14,C2,canonical,c9128bca342df3a631f2a5263908345dc43627ea8e60c21e448ec4d730e6cb4f,399.04999999999984,False,240.10273157894724,feasible_mode_library_upper_bound_distance_focus,feasible_mode_library_upper_bound,241.1553631578946,0.0,241.1553631578946,False,84,raw_sign_with_mpc_zero_anchor,157.89473684210517,490.6379411691154,0.0,0.0,0.3804347826086957,,0.01556404199800454,1.1504507092000154,0.002350316875552976,feasible_mode_library_upper_bound,241.1553631578946,0.0,241.1553631578946,False,84,raw_sign_with_mpc_zero_anchor,157.89473684210517,490.6379411691154,0.0,0.0,0.3804347826086957,,0.015722666023066267,1.1504507092000154,0.002350316875552976,0.0,0.0
F1,v2e2_68ad1227a66cd68252f6,qwen37_plus_direct,qwen37f1_1b7a51c9d887d40ffd14,S1,stale,23cd904e05dc77458353892d5f14d947eba44b207c53c72781ee8e10c1307fa8,37.48999999999998,False,119.35220526315817,global_distance_optimum_lp_integral_distance_focus,global_distance_optimum_lp_integral,120.40483684210548,120.40473684210546,0.00010000000001753051,True,0,lp_relaxation,157.8947368421051,489.8035108833003,0.0,0.0,0.9565217391304348,,0.01647775000310503,0.3160204233849413,0.0006456149126262922,global_distance_optimum_lp_integral,120.40483684210548,120.40473684210546,0.00010000000001753051,True,0,lp_relaxation,157.8947368421051,489.8035108833003,0.0,0.0,0.9565217391304348,,0.018221458012703806,0.3160204233849413,0.0006456149126262922,0.0,0.0
F1,v2e2_68ad1227a66cd68252f6,qwen37_plus_direct,qwen37f1_1b7a51c9d887d40ffd14,S2,stale,23cd904e05dc77458353892d5f14d947eba44b207c53c72781ee8e10c1307fa8,37.48999999999998,False,119.35220526315817,global_distance_optimum_lp_integral_distance_focus,global_distance_optimum_lp_integral,120.40483684210548,120.40473684210546,0.00010000000001753051,True,0,lp_relaxation,157.8947368421051,489.8035108833003,0.0,0.0,0.9565217391304348,,0.01647775000310503,0.3160204233849413,0.0006456149126262922,global_distance_optimum_lp_integral,120.40483684210548,120.40473684210546,0.00010000000001753051,True,0,lp_relaxation,157.8947368421051,489.8035108833003,0.0,0.0,0.9565217391304348,,0.018221458012703806,0.3160204233849413,0.0006456149126262922,0.0,0.0
F1,v2e2_729fd4e9cb1879f64d23,qwen37_plus_direct,qwen37f1_143d4851945fe71e55d7,C1,canonical,7b1ab961add83c2922925cdd06fa62e12ab5fd087f0a905bd5fc02322a48c3fd,314.9999249999999,False,182.36844605263136,feasible_mode_library_upper_bound_distance_focus,feasible_mode_library_upper_bound,183.42107763157873,0.0,183.42107763157873,False,58,raw_sign_with_mpc_zero_anchor,131.5789473684211,507.41771089786573,0.0,0.0,0.4024390243902439,,0.013776332983979955,2.035550826578117,0.004027745708892827,feasible_mode_library_upper_bound,183.42107763157873,0.0,183.42107763157873,False,58,raw_sign_with_mpc_zero_anchor,131.5789473684211,507.41771089786573,0.0,0.0,0.4024390243902439,,0.014029207988642156,2.035550826578117,0.004027745708892827,0.0,0.0
F1,v2e2_729fd4e9cb1879f64d23,qwen37_plus_direct,qwen37f1_143d4851945fe71e55d7,C2,canonical,1db90d16e1ba00e700c14ac69c64e7e06299aed821a06f0392b7bb3f69fcd72e,314.88,False,182.24852105263187,feasible_mode_library_upper_bound_distance_focus,feasible_mode_library_upper_bound,183.30115263157919,0.0,183.30115263157919,False,58,raw_sign_with_mpc_zero_anchor,131.57894736842064,507.4182904776068,0.0,0.0,0.4024390243902439,,0.014285458019003272,2.0361304063191596,0.004028892523693257,feasible_mode_library_upper_bound,183.30115263157919,0.0,183.30115263157919,False,58,raw_sign_with_mpc_zero_anchor,131.57894736842064,507.4182904776068,0.0,0.0,0.4024390243902439,,0.014056625019293278,2.0361304063191596,0.004028892523693257,0.0,0.0
F1,v2e2_729fd4e9cb1879f64d23,qwen37_plus_direct,qwen37f1_143d4851945fe71e55d7,S1,stale,1db90d16e1ba00e700c14ac69c64e7e06299aed821a06f0392b7bb3f69fcd72e,314.88,False,182.24852105263187,feasible_mode_library_upper_bound_distance_focus,feasible_mode_library_upper_bound,183.30115263157919,0.0,183.30115263157919,False,58,raw_sign_with_mpc_zero_anchor,131.57894736842064,507.4182904776068,0.0,0.0,0.4024390243902439,,0.014285458019003272,2.0361304063191596,0.004028892523693257,feasible_mode_library_upper_bound,183.30115263157919,0.0,183.30115263157919,False,58,raw_sign_with_mpc_zero_anchor,131.57894736842064,507.4182904776068,0.0,0.0,0.4024390243902439,,0.014056625019293278,2.0361304063191596,0.004028892523693257,0.0,0.0
F1,v2e2_729fd4e9cb1879f64d23,qwen37_plus_direct,qwen37f1_143d4851945fe71e55d7,S2,stale,5c0c708a61f604449ab5c8ec83d342248b0014784588b49b5737d9232afbc189,205.0,False,72.36852105263158,feasible_mode_library_upper_bound_distance_focus,feasible_mode_library_upper_bound,73.42115263157895,0.0,73.42115263157895,False,23,raw_sign_with_mpc_zero_anchor,131.57894736842104,507.57306574227835,0.0,0.0,0.6219512195121951,,0.01433449998148717,2.1909056709907304,0.004335146437859398,feasible_mode_library_upper_bound,73.42115263157895,0.0,73.42115263157895,False,23,raw_sign_with_mpc_zero_anchor,131.57894736842104,507.57306574227835,0.0,0.0,0.6219512195121951,,0.015186875010840595,2.1909056709907304,0.004335146437859398,0.0,0.0
F0,v2e2_7778cc641046e1b0a2cd,qwen37_plus_direct,qwen37f0_01edd5e0d8aea97f864a,C1,canonical,cd68c0f331e15792086ba1c94a088b39d7b497bf0c27dc619ad5570100148bc0,374.99994,False,216.05267157894764,feasible_mode_library_upper_bound_distance_focus,feasible_mode_library_upper_bound,217.105303157895,0.0,217.105303157895,False,70,raw_sign_with_mpc_zero_anchor,157.89473684210495,426.15197217535575,0.0,0.0,0.4024390243902439,,0.014373999991221353,1.5255134758142503,0.003592601083988687,feasible_mode_library_upper_bound,217.105303157895,0.0,217.105303157895,False,70,raw_sign_with_mpc_zero_anchor,157.89473684210495,426.15197217535575,0.0,0.0,0.4024390243902439,,0.014196916978107765,1.5255134758142503,0.003592601083988687,0.0,0.0
F0,v2e2_7778cc641046e1b0a2cd,qwen37_plus_direct,qwen37f0_01edd5e0d8aea97f864a,C2,canonical,cd68c0f331e15792086ba1c94a088b39d7b497bf0c27dc619ad5570100148bc0,374.99994,False,216.05267157894764,feasible_mode_library_upper_bound_distance_focus,feasible_mode_library_upper_bound,217.105303157895,0.0,217.105303157895,False,70,raw_sign_with_mpc_zero_anchor,157.89473684210495,426.15197217535575,0.0,0.0,0.4024390243902439,,0.014373999991221353,1.5255134758142503,0.003592601083988687,feasible_mode_library_upper_bound,217.105303157895,0.0,217.105303157895,False,70,raw_sign_with_mpc_zero_anchor,157.89473684210495,426.15197217535575,0.0,0.0,0.4024390243902439,,0.014196916978107765,1.5255134758142503,0.003592601083988687,0.0,0.0
F0,v2e2_7778cc641046e1b0a2cd,qwen37_plus_direct,qwen37f0_01edd5e0d8aea97f864a,S1,stale,5c0c708a61f604449ab5c8ec83d342248b0014784588b49b5737d9232afbc189,205.0,False,46.05273157894737,feasible_mode_library_upper_bound_distance_focus,feasible_mode_library_upper_bound,47.10536315789474,0.0,47.10536315789474,False,15,raw_sign_with_mpc_zero_anchor,157.89473684210526,426.351994881837,0.0,0.0,0.7560975609756098,,0.014275290974183008,1.7255361822955138,0.004063656766891377,feasible_mode_library_upper_bound,47.10536315789474,0.0,47.10536315789474,False,15,raw_sign_with_mpc_zero_anchor,157.89473684210526,426.351994881837,0.0,0.0,0.7560975609756098,,0.015632166003342718,1.7255361822955138,0.004063656766891377,0.0,0.0
F0,v2e2_7778cc641046e1b0a2cd,qwen37_plus_direct,qwen37f0_01edd5e0d8aea97f864a,S2,stale,5c0c708a61f604449ab5c8ec83d342248b0014784588b49b5737d9232afbc189,205.0,False,46.05273157894737,feasible_mode_library_upper_bound_distance_focus,feasible_mode_library_upper_bound,47.10536315789474,0.0,47.10536315789474,False,15,raw_sign_with_mpc_zero_anchor,157.89473684210526,426.351994881837,0.0,0.0,0.7560975609756098,,0.014275290974183008,1.7255361822955138,0.004063656766891377,feasible_mode_library_upper_bound,47.10536315789474,0.0,47.10536315789474,False,15,raw_sign_with_mpc_zero_anchor,157.89473684210526,426.351994881837,0.0,0.0,0.7560975609756098,,0.015632166003342718,1.7255361822955138,0.004063656766891377,0.0,0.0
F1,v2e2_7778cc641046e1b0a2cd,qwen37_plus_direct,qwen37f1_cee9bb3db4379a0a2310,C1,canonical,cd68c0f331e15792086ba1c94a088b39d7b497bf0c27dc619ad5570100148bc0,374.99994,False,216.05267157894764,feasible_mode_library_upper_bound_distance_focus,feasible_mode_library_upper_bound,217.105303157895,0.0,217.105303157895,False,70,raw_sign_with_mpc_zero_anchor,157.89473684210495,426.15197217535575,0.0,0.0,0.4024390243902439,,0.014373999991221353,1.5255134758142503,0.003592601083988687,feasible_mode_library_upper_bound,217.105303157895,0.0,217.105303157895,False,70,raw_sign_with_mpc_zero_anchor,157.89473684210495,426.15197217535575,0.0,0.0,0.4024390243902439,,0.014196916978107765,1.5255134758142503,0.003592601083988687,0.0,0.0
F1,v2e2_7778cc641046e1b0a2cd,qwen37_plus_direct,qwen37f1_cee9bb3db4379a0a2310,C2,canonical,442f321b5925a740d7cb5213f1010b57cf453da2f504bc9723e610eba606a08c,376.1749999999999,False,217.22773157894676,feasible_mode_library_upper_bound_distance_focus,feasible_mode_library_upper_bound,218.28036315789413,0.0,218.28036315789413,False,70,raw_sign_with_mpc_zero_anchor,157.8947368421057,426.1470122323358,0.0,0.0,0.4024390243902439,,0.01410512498114258,1.5205535327942812,0.0035809203633968534,feasible_mode_library_upper_bound,218.28036315789413,0.0,218.28036315789413,False,70,raw_sign_with_mpc_zero_anchor,157.8947368421057,426.1470122323358,0.0,0.0,0.4024390243902439,,0.0137369169970043,1.5205535327942812,0.0035809203633968534,0.0,0.0
F1,v2e2_7778cc641046e1b0a2cd,qwen37_plus_direct,qwen37f1_cee9bb3db4379a0a2310,S1,stale,861ba0071a6e0bec024c80b4582c1b902ee4b9ffb34de5887b7fb509fed6292e,20.5,False,136.34220526315696,global_distance_optimum_lp_integral_distance_focus,global_distance_optimum_lp_integral,137.39483684210433,137.39473684210432,0.00010000000000331966,True,0,lp_relaxation,157.89473684210432,425.05093434694874,0.0,0.0,0.9512195121951219,,0.015748333011288196,0.42447564740723465,0.0009996448377409908,global_distance_optimum_lp_integral,137.39483684210433,137.39473684210432,0.00010000000000331966,True,0,lp_relaxation,157.89473684210432,425.05093434694874,0.0,0.0,0.9512195121951219,,0.016325290984241292,0.42447564740723465,0.0009996448377409908,0.0,0.0
F1,v2e2_7778cc641046e1b0a2cd,qwen37_plus_direct,qwen37f1_cee9bb3db4379a0a2310,S2,stale,861ba0071a6e0bec024c80b4582c1b902ee4b9ffb34de5887b7fb509fed6292e,20.5,False,136.34220526315696,global_distance_optimum_lp_integral_distance_focus,global_distance_optimum_lp_integral,137.39483684210433,137.39473684210432,0.00010000000000331966,True,0,lp_relaxation,157.89473684210432,425.05093434694874,0.0,0.0,0.9512195121951219,,0.015748333011288196,0.42447564740723465,0.0009996448377409908,global_distance_optimum_lp_integral,137.39483684210433,137.39473684210432,0.00010000000000331966,True,0,lp_relaxation,157.89473684210432,425.05093434694874,0.0,0.0,0.9512195121951219,,0.016325290984241292,0.42447564740723465,0.0009996448377409908,0.0,0.0
F0,v2e2_7b2e0628b0d7b7a4badd,qwen37_plus_direct,qwen37f0_d3d6a8152a742a59fa9f,C1,canonical,cbf814a71888caec86c9e74ed73ec0ac85b14c262e5a4cb5a0e4a48881de586c,310.5,False,285.8000999999998,global_distance_optimum_lp_integral_distance_focus,global_distance_optimum_lp_integral,286.7500999999998,286.74999999999983,9.999999997489795e-05,True,0,lp_relaxation,23.750100000000053,291.8608599953977,0.0,0.0,0.06521739130434782,,0.01608987501822412,13.474723195709828,0.04840299646604003,global_distance_optimum_lp_integral,286.7500999999998,286.74999999999983,9.999999997489795e-05,True,0,lp_relaxation,23.750100000000053,291.8608599953977,0.0,0.0,0.06521739130434782,,0.0164180830179248,13.474723195709828,0.04840299646604003,0.0,0.0
F0,v2e2_7b2e0628b0d7b7a4badd,qwen37_plus_direct,qwen37f0_d3d6a8152a742a59fa9f,C2,canonical,cbf814a71888caec86c9e74ed73ec0ac85b14c262e5a4cb5a0e4a48881de586c,310.5,False,285.8000999999998,global_distance_optimum_lp_integral_distance_focus,global_distance_optimum_lp_integral,286.7500999999998,286.74999999999983,9.999999997489795e-05,True,0,lp_relaxation,23.750100000000053,291.8608599953977,0.0,0.0,0.06521739130434782,,0.01608987501822412,13.474723195709828,0.04840299646604003,global_distance_optimum_lp_integral,286.7500999999998,286.74999999999983,9.999999997489795e-05,True,0,lp_relaxation,23.750100000000053,291.8608599953977,0.0,0.0,0.06521739130434782,,0.0164180830179248,13.474723195709828,0.04840299646604003,0.0,0.0
F0,v2e2_7b2e0628b0d7b7a4badd,qwen37_plus_direct,qwen37f0_d3d6a8152a742a59fa9f,S1,stale,c1ce617d1dfc52dced716a8a9100b47b3bb14ce2cabefcea2d52ab374086c447,374.90000000000003,False,383.95827174515233,feasible_mode_library_upper_bound_distance_focus,feasible_mode_library_upper_bound,385.01090332409973,164.12470433639734,220.8861989877024,False,89,lp_net_sign_with_mpc_zero_anchor,289.8872453938421,288.01574605901016,0.0,0.0,0.3695652173913043,,0.015505542018217966,9.629609259322308,0.034590836203353306,feasible_mode_library_upper_bound,385.01090332409973,164.12470433639734,220.8861989877024,False,89,lp_net_sign_with_mpc_zero_anchor,289.8872453938421,288.01574605901016,0.0,0.0,0.3695652173913043,,0.015395916998386383,9.629609259322308,0.034590836203353306,0.0,0.0
F0,v2e2_7b2e0628b0d7b7a4badd,qwen37_plus_direct,qwen37f0_d3d6a8152a742a59fa9f,S2,stale,c1ce617d1dfc52dced716a8a9100b47b3bb14ce2cabefcea2d52ab374086c447,374.90000000000003,False,383.95827174515233,feasible_mode_library_upper_bound_distance_focus,feasible_mode_library_upper_bound,385.01090332409973,164.12470433639734,220.8861989877024,False,89,lp_net_sign_with_mpc_zero_anchor,289.8872453938421,288.01574605901016,0.0,0.0,0.3695652173913043,,0.015505542018217966,9.629609259322308,0.034590836203353306,feasible_mode_library_upper_bound,385.01090332409973,164.12470433639734,220.8861989877024,False,89,lp_net_sign_with_mpc_zero_anchor,289.8872453938421,288.01574605901016,0.0,0.0,0.3695652173913043,,0.015395916998386383,9.629609259322308,0.034590836203353306,0.0,0.0
F1,v2e2_7b2e0628b0d7b7a4badd,qwen37_plus_direct,qwen37f1_89848d513923ab2382f4,C1,canonical,cbf814a71888caec86c9e74ed73ec0ac85b14c262e5a4cb5a0e4a48881de586c,310.5,False,285.8000999999998,global_distance_optimum_lp_integral_distance_focus,global_distance_optimum_lp_integral,286.7500999999998,286.74999999999983,9.999999997489795e-05,True,0,lp_relaxation,23.750100000000053,291.8608599953977,0.0,0.0,0.06521739130434782,,0.01608987501822412,13.474723195709828,0.04840299646604003,global_distance_optimum_lp_integral,286.7500999999998,286.74999999999983,9.999999997489795e-05,True,0,lp_relaxation,23.750100000000053,291.8608599953977,0.0,0.0,0.06521739130434782,,0.0164180830179248,13.474723195709828,0.04840299646604003,0.0,0.0
F1,v2e2_7b2e0628b0d7b7a4badd,qwen37_plus_direct,qwen37f1_89848d513923ab2382f4,C2,canonical,cbf814a71888caec86c9e74ed73ec0ac85b14c262e5a4cb5a0e4a48881de586c,310.5,False,285.8000999999998,global_distance_optimum_lp_integral_distance_focus,global_distance_optimum_lp_integral,286.7500999999998,286.74999999999983,9.999999997489795e-05,True,0,lp_relaxation,23.750100000000053,291.8608599953977,0.0,0.0,0.06521739130434782,,0.01608987501822412,13.474723195709828,0.04840299646604003,global_distance_optimum_lp_integral,286.7500999999998,286.74999999999983,9.999999997489795e-05,True,0,lp_relaxation,23.750100000000053,291.8608599953977,0.0,0.0,0.06521739130434782,,0.0164180830179248,13.474723195709828,0.04840299646604003,0.0,0.0
F1,v2e2_7b2e0628b0d7b7a4badd,qwen37_plus_direct,qwen37f1_89848d513923ab2382f4,S1,stale,e13cf2947d2ef6eb5a1cfc4816545b6479f271da5c130d518748c0c12124bd31,374.9989000000001,False,384.0571717451522,feasible_mode_library_upper_bound_distance_focus,feasible_mode_library_upper_bound,385.1098033240996,164.2236043364,220.88619898769957,False,89,lp_net_sign_with_mpc_zero_anchor,289.8872453938523,288.0141439226552,0.0,0.0,0.3695652173913043,,0.015499875007662922,9.628007122967347,0.034585081116647556,feasible_mode_library_upper_bound,385.1098033240996,164.2236043364,220.88619898769957,False,89,lp_net_sign_with_mpc_zero_anchor,289.8872453938512,288.0141439226552,0.0,0.0,0.3695652173913043,,0.015096082992386073,9.628007122967347,0.034585081116647556,0.0,0.0
F1,v2e2_7b2e0628b0d7b7a4badd,qwen37_plus_direct,qwen37f1_89848d513923ab2382f4,S2,stale,e13cf2947d2ef6eb5a1cfc4816545b6479f271da5c130d518748c0c12124bd31,374.9989000000001,False,384.0571717451522,feasible_mode_library_upper_bound_distance_focus,feasible_mode_library_upper_bound,385.1098033240996,164.2236043364,220.88619898769957,False,89,lp_net_sign_with_mpc_zero_anchor,289.8872453938523,288.0141439226552,0.0,0.0,0.3695652173913043,,0.015499875007662922,9.628007122967347,0.034585081116647556,feasible_mode_library_upper_bound,385.1098033240996,164.2236043364,220.88619898769957,False,89,lp_net_sign_with_mpc_zero_anchor,289.8872453938512,288.0141439226552,0.0,0.0,0.3695652173913043,,0.015096082992386073,9.628007122967347,0.034585081116647556,0.0,0.0
F1,v2e2_7e727667efa4e288ccd0,qwen37_plus_direct,qwen37f1_282080863cda4e420908,C1,canonical,3f5cc92084a1725589c960c4764b6669c38a4fe44f353a76f03fc803fdf0389c,310.5,False,177.86852105263205,feasible_mode_library_upper_bound_distance_focus,feasible_mode_library_upper_bound,178.92115263157942,0.0,178.92115263157942,False,57,raw_sign_with_mpc_zero_anchor,131.5790473684206,469.8102249193381,0.0,0.0,0.40217391304347827,,0.016442959022242576,17.8044049671023,0.03938976929320007,feasible_mode_library_upper_bound,178.92115263157942,0.0,178.92115263157942,False,57,raw_sign_with_mpc_zero_anchor,131.5790473684206,469.8102249193381,0.0,0.0,0.40217391304347827,,0.015754249994643033,17.8044049671023,0.03938976929320007,0.0,0.0
F1,v2e2_7e727667efa4e288ccd0,qwen37_plus_direct,qwen37f1_282080863cda4e420908,C2,canonical,3f5cc92084a1725589c960c4764b6669c38a4fe44f353a76f03fc803fdf0389c,310.5,False,177.86852105263205,feasible_mode_library_upper_bound_distance_focus,feasible_mode_library_upper_bound,178.92115263157942,0.0,178.92115263157942,False,57,raw_sign_with_mpc_zero_anchor,131.5790473684206,469.8102249193381,0.0,0.0,0.40217391304347827,,0.016442959022242576,17.8044049671023,0.03938976929320007,feasible_mode_library_upper_bound,178.92115263157942,0.0,178.92115263157942,False,57,raw_sign_with_mpc_zero_anchor,131.5790473684206,469.8102249193381,0.0,0.0,0.40217391304347827,,0.015754249994643033,17.8044049671023,0.03938976929320007,0.0,0.0
F1,v2e2_7e727667efa4e288ccd0,qwen37_plus_direct,qwen37f1_282080863cda4e420908,S1,stale,c1ce617d1dfc52dced716a8a9100b47b3bb14ce2cabefcea2d52ab374086c447,374.90000000000003,False,242.26852105263134,feasible_mode_library_upper_bound_distance_focus,feasible_mode_library_upper_bound,243.3211526315787,0.0,243.3211526315787,False,78,raw_sign_with_mpc_zero_anchor,131.5790473684214,469.4261884559039,0.0,0.0,0.33695652173913043,,0.016052375023718923,17.4203685036681,0.03854014203956254,feasible_mode_library_upper_bound,243.3211526315787,0.0,243.3211526315787,False,78,raw_sign_with_mpc_zero_anchor,131.5790473684214,469.4261884559039,0.0,0.0,0.33695652173913043,,0.01624745799927041,17.4203685036681,0.03854014203956254,0.0,0.0
F1,v2e2_7e727667efa4e288ccd0,qwen37_plus_direct,qwen37f1_282080863cda4e420908,S2,stale,c1ce617d1dfc52dced716a8a9100b47b3bb14ce2cabefcea2d52ab374086c447,374.90000000000003,False,242.26852105263134,feasible_mode_library_upper_bound_distance_focus,feasible_mode_library_upper_bound,243.3211526315787,0.0,243.3211526315787,False,78,raw_sign_with_mpc_zero_anchor,131.5790473684214,469.4261884559039,0.0,0.0,0.33695652173913043,,0.016052375023718923,17.4203685036681,0.03854014203956254,feasible_mode_library_upper_bound,243.3211526315787,0.0,243.3211526315787,False,78,raw_sign_with_mpc_zero_anchor,131.5790473684214,469.4261884559039,0.0,0.0,0.33695652173913043,,0.01624745799927041,17.4203685036681,0.03854014203956254,0.0,0.0
F0,v2e2_7f938d120000eec26457,qwen37_plus_direct,qwen37f0_6937c71adb8cfb278b77,C1,canonical,25addb9a3b409b662a756f476b9715de2c573b8f829545d4df99595de5147f5a,379.28000000000003,False,220.33273157894712,feasible_mode_library_upper_bound_distance_focus,feasible_mode_library_upper_bound,221.38536315789455,0.0,221.38536315789455,False,71,raw_sign_with_mpc_zero_anchor,157.89483684210524,277.71088032189704,0.0,0.0,0.3977272727272727,,0.01557449999381788,5.901213797834714,0.021710831234592245,feasible_mode_library_upper_bound,221.38536315789455,0.0,221.38536315789455,False,71,raw_sign_with_mpc_zero_anchor,157.89483684210524,277.71088032189704,0.0,0.0,0.3977272727272727,,0.01560908299870789,5.901213797834714,0.021710831234592245,0.0,0.0
F0,v2e2_7f938d120000eec26457,qwen37_plus_direct,qwen37f0_6937c71adb8cfb278b77,C2,canonical,87af7c9594fbbf378c7b632cc9c2211b59b3a31d837085d1c6ada581aca4d767,374.9900000000001,False,216.0427315789475,feasible_mode_library_upper_bound_distance_focus,feasible_mode_library_upper_bound,217.09536315789484,0.0,217.09536315789484,False,70,raw_sign_with_mpc_zero_anchor,157.89473684210535,278.0103598614442,0.0,0.0,0.4090909090909091,,0.015546250011539087,6.200693337381892,0.022812629943140626,feasible_mode_library_upper_bound,217.09536315789484,0.0,217.09536315789484,False,70,raw_sign_with_mpc_zero_anchor,157.89473684210535,278.0103598614442,0.0,0.0,0.4090909090909091,,0.015531041979556903,6.200693337381892,0.022812629943140626,0.0,0.0
F0,v2e2_7f938d120000eec26457,qwen37_plus_direct,qwen37f0_6937c71adb8cfb278b77,S1,stale,87af7c9594fbbf378c7b632cc9c2211b59b3a31d837085d1c6ada581aca4d767,374.9900000000001,False,216.0427315789475,feasible_mode_library_upper_bound_distance_focus,feasible_mode_library_upper_bound,217.09536315789484,0.0,217.09536315789484,False,70,raw_sign_with_mpc_zero_anchor,157.89473684210535,278.0103598614442,0.0,0.0,0.4090909090909091,,0.015546250011539087,6.200693337381892,0.022812629943140626,feasible_mode_library_upper_bound,217.09536315789484,0.0,217.09536315789484,False,70,raw_sign_with_mpc_zero_anchor,157.89473684210535,278.0103598614442,0.0,0.0,0.4090909090909091,,0.015531041979556903,6.200693337381892,0.022812629943140626,0.0,0.0
F0,v2e2_7f938d120000eec26457,qwen37_plus_direct,qwen37f0_6937c71adb8cfb278b77,S2,stale,0cee576cabf4af7203bfbc493c1169cefa69e7bf8600ffdbc6ab9b8ad6fcd25b,22.0,False,134.8422052631569,global_distance_optimum_lp_integral_distance_focus,global_distance_optimum_lp_integral,135.89483684210424,135.89473684210424,0.00010000000000331966,True,0,lp_relaxation,157.8947368421043,276.57995385141686,0.0,0.0,0.9545454545454546,,0.01666412499616854,4.770287327354538,0.017550101835440948,global_distance_optimum_lp_integral,135.89483684210424,135.89473684210424,0.00010000000000331966,True,0,lp_relaxation,157.8947368421043,276.57995385141686,0.0,0.0,0.9545454545454546,,0.017373832990415394,4.770287327354538,0.017550101835440948,0.0,0.0
F1,v2e2_7f938d120000eec26457,qwen37_plus_direct,qwen37f1_5b84d1573b4ea848679e,C1,canonical,87af7c9594fbbf378c7b632cc9c2211b59b3a31d837085d1c6ada581aca4d767,374.9900000000001,False,216.0427315789475,feasible_mode_library_upper_bound_distance_focus,feasible_mode_library_upper_bound,217.09536315789484,0.0,217.09536315789484,False,70,raw_sign_with_mpc_zero_anchor,157.89473684210535,278.0103598614442,0.0,0.0,0.4090909090909091,,0.015546250011539087,6.200693337381892,0.022812629943140626,feasible_mode_library_upper_bound,217.09536315789484,0.0,217.09536315789484,False,70,raw_sign_with_mpc_zero_anchor,157.89473684210535,278.0103598614442,0.0,0.0,0.4090909090909091,,0.015531041979556903,6.200693337381892,0.022812629943140626,0.0,0.0
F1,v2e2_7f938d120000eec26457,qwen37_plus_direct,qwen37f1_5b84d1573b4ea848679e,C2,canonical,25addb9a3b409b662a756f476b9715de2c573b8f829545d4df99595de5147f5a,379.28000000000003,False,220.33273157894712,feasible_mode_library_upper_bound_distance_focus,feasible_mode_library_upper_bound,221.38536315789455,0.0,221.38536315789455,False,71,raw_sign_with_mpc_zero_anchor,157.89483684210524,277.71088032189704,0.0,0.0,0.3977272727272727,,0.01557449999381788,5.901213797834714,0.021710831234592245,feasible_mode_library_upper_bound,221.38536315789455,0.0,221.38536315789455,False,71,raw_sign_with_mpc_zero_anchor,157.89483684210524,277.71088032189704,0.0,0.0,0.3977272727272727,,0.01560908299870789,5.901213797834714,0.021710831234592245,0.0,0.0
F1,v2e2_7f938d120000eec26457,qwen37_plus_direct,qwen37f1_5b84d1573b4ea848679e,S1,stale,0cee576cabf4af7203bfbc493c1169cefa69e7bf8600ffdbc6ab9b8ad6fcd25b,22.0,False,134.8422052631569,global_distance_optimum_lp_integral_distance_focus,global_distance_optimum_lp_integral,135.89483684210424,135.89473684210424,0.00010000000000331966,True,0,lp_relaxation,157.8947368421043,276.57995385141686,0.0,0.0,0.9545454545454546,,0.01666412499616854,4.770287327354538,0.017550101835440948,global_distance_optimum_lp_integral,135.89483684210424,135.89473684210424,0.00010000000000331966,True,0,lp_relaxation,157.8947368421043,276.57995385141686,0.0,0.0,0.9545454545454546,,0.017373832990415394,4.770287327354538,0.017550101835440948,0.0,0.0
F1,v2e2_7f938d120000eec26457,qwen37_plus_direct,qwen37f1_5b84d1573b4ea848679e,S2,stale,beca68540a34d9c2b25d29621d86675084de9e3fd9dd6a130b4f15d16b0a313c,385.0,False,226.05273157894737,feasible_mode_library_upper_bound_distance_focus,feasible_mode_library_upper_bound,227.10536315789474,0.0,227.10536315789474,False,73,raw_sign_with_mpc_zero_anchor,157.89483684210526,277.655713894347,0.0,0.0,0.3977272727272727,,0.015598291996866465,5.84604737028468,0.021507871464045782,feasible_mode_library_upper_bound,227.10536315789474,0.0,227.10536315789474,False,73,raw_sign_with_mpc_zero_anchor,157.89483684210526,277.655713894347,0.0,0.0,0.3977272727272727,,0.015862458007177338,5.84604737028468,0.021507871464045782,0.0,0.0
F1,v2e2_8e9a9550f230c7b3cff3,qwen37_plus_direct,qwen37f1_0f366cce0fb761f14bc8,C1,canonical,cf47db740caa6104de8115e1632cc94e0303545bc75a5521b37d7aad8eb5a938,379.5,False,220.55273157894692,feasible_mode_library_upper_bound_distance_focus,feasible_mode_library_upper_bound,221.6053631578943,0.0,221.6053631578943,False,71,raw_sign_with_mpc_zero_anchor,157.89483684210572,300.7941502060322,0.0,0.0,0.40217391304347827,,0.01576399998157285,8.900992644591327,0.030494009242809154,feasible_mode_library_upper_bound,221.6053631578943,0.0,221.6053631578943,False,71,raw_sign_with_mpc_zero_anchor,157.89483684210572,300.7941502060322,0.0,0.0,0.40217391304347827,,0.015152124979067594,8.900992644591383,0.03049400924280935,0.0,0.0
F1,v2e2_8e9a9550f230c7b3cff3,qwen37_plus_direct,qwen37f1_0f366cce0fb761f14bc8,C2,canonical,cf47db740caa6104de8115e1632cc94e0303545bc75a5521b37d7aad8eb5a938,379.5,False,220.55273157894692,feasible_mode_library_upper_bound_distance_focus,feasible_mode_library_upper_bound,221.6053631578943,0.0,221.6053631578943,False,71,raw_sign_with_mpc_zero_anchor,157.89483684210572,300.7941502060322,0.0,0.0,0.40217391304347827,,0.01576399998157285,8.900992644591327,0.030494009242809154,feasible_mode_library_upper_bound,221.6053631578943,0.0,221.6053631578943,False,71,raw_sign_with_mpc_zero_anchor,157.89483684210572,300.7941502060322,0.0,0.0,0.40217391304347827,,0.015152124979067594,8.900992644591383,0.03049400924280935,0.0,0.0
F1,v2e2_8e9a9550f230c7b3cff3,qwen37_plus_direct,qwen37f1_0f366cce0fb761f14bc8,S1,stale,cf47db740caa6104de8115e1632cc94e0303545bc75a5521b37d7aad8eb5a938,379.5,False,220.55273157894692,feasible_mode_library_upper_bound_distance_focus,feasible_mode_library_upper_bound,221.6053631578943,0.0,221.6053631578943,False,71,raw_sign_with_mpc_zero_anchor,157.89483684210572,300.7941502060322,0.0,0.0,0.40217391304347827,,0.01576399998157285,8.900992644591327,0.030494009242809154,feasible_mode_library_upper_bound,221.6053631578943,0.0,221.6053631578943,False,71,raw_sign_with_mpc_zero_anchor,157.89483684210572,300.7941502060322,0.0,0.0,0.40217391304347827,,0.015152124979067594,8.900992644591383,0.03049400924280935,0.0,0.0
F1,v2e2_8e9a9550f230c7b3cff3,qwen37_plus_direct,qwen37f1_0f366cce0fb761f14bc8,S2,stale,cf47db740caa6104de8115e1632cc94e0303545bc75a5521b37d7aad8eb5a938,379.5,False,220.55273157894692,feasible_mode_library_upper_bound_distance_focus,feasible_mode_library_upper_bound,221.6053631578943,0.0,221.6053631578943,False,71,raw_sign_with_mpc_zero_anchor,157.89483684210572,300.7941502060322,0.0,0.0,0.40217391304347827,,0.01576399998157285,8.900992644591327,0.030494009242809154,feasible_mode_library_upper_bound,221.6053631578943,0.0,221.6053631578943,False,71,raw_sign_with_mpc_zero_anchor,157.89483684210572,300.7941502060322,0.0,0.0,0.40217391304347827,,0.015152124979067594,8.900992644591383,0.03049400924280935,0.0,0.0
F1,v2e2_90357feca5a42c2b5eee,qwen37_plus_direct,qwen37f1_9cc27ff15b109646cfaf,C1,canonical,6a5ea58d7eafbbb3c09ab4e5f8f0837ea0ab76ed6ad664dd79bd21b5df6f1cc1,379.1249999999999,False,220.17773157894712,feasible_mode_library_upper_bound_distance_focus,feasible_mode_library_upper_bound,221.23036315789452,0.0,221.23036315789452,False,71,raw_sign_with_mpc_zero_anchor,157.8947368421053,190.87583946745656,0.0,0.0,0.4,,0.015327750006690621,4.229386559780892,0.02265988179198321,feasible_mode_library_upper_bound,221.23036315789452,0.0,221.23036315789452,False,71,raw_sign_with_mpc_zero_anchor,157.8947368421053,190.8758394674566,0.0,0.0,0.4,,0.014812208013609052,4.22938655978092,0.022659881791983364,0.0,0.0
F1,v2e2_90357feca5a42c2b5eee,qwen37_plus_direct,qwen37f1_9cc27ff15b109646cfaf,C2,canonical,6a5ea58d7eafbbb3c09ab4e5f8f0837ea0ab76ed6ad664dd79bd21b5df6f1cc1,379.1249999999999,False,220.17773157894712,feasible_mode_library_upper_bound_distance_focus,feasible_mode_library_upper_bound,221.23036315789452,0.0,221.23036315789452,False,71,raw_sign_with_mpc_zero_anchor,157.8947368421053,190.87583946745656,0.0,0.0,0.4,,0.015327750006690621,4.229386559780892,0.02265988179198321,feasible_mode_library_upper_bound,221.23036315789452,0.0,221.23036315789452,False,71,raw_sign_with_mpc_zero_anchor,157.8947368421053,190.8758394674566,0.0,0.0,0.4,,0.014812208013609052,4.22938655978092,0.022659881791983364,0.0,0.0
F1,v2e2_90357feca5a42c2b5eee,qwen37_plus_direct,qwen37f1_9cc27ff15b109646cfaf,S1,stale,36d1e1492376af5ea0e28dbc06947381eea6c17e34752995f55eec70839ded9d,562.5,False,393.2895736842105,feasible_mode_library_upper_bound_distance_focus,feasible_mode_library_upper_bound,394.3422052631579,124.42509855453328,269.9171067086246,False,89,lp_net_sign_with_mpc_zero_anchor,358.155943454791,190.4958449028682,0.0,0.0,0.4666666666666667,,0.015606375003699213,3.8493919951925477,0.020623976160407627,feasible_mode_library_upper_bound,394.3422052631579,124.42509855453328,269.9171067086246,False,89,lp_net_sign_with_mpc_zero_anchor,358.155943454791,190.4958449028682,0.0,0.0,0.4666666666666667,,0.01484179199906066,3.8493919951925477,0.020623976160407627,0.0,0.0
F1,v2e2_90357feca5a42c2b5eee,qwen37_plus_direct,qwen37f1_9cc27ff15b109646cfaf,S2,stale,baf687b1e42f6434855af40105ed27417629050e4720f18a8c0cddca32f7d2ec,74.99249999999999,False,81.84970526315871,global_distance_optimum_lp_integral_distance_focus,global_distance_optimum_lp_integral,82.90233684210605,82.90223684210605,0.00010000000000331966,True,0,lp_relaxation,157.89473684210603,190.62020754541788,0.0,0.0,0.9666666666666667,,0.017587958980584517,3.9737546377422177,0.021290276754993186,global_distance_optimum_lp_integral,82.90233684210605,82.90223684210605,0.00010000000000331966,True,0,lp_relaxation,157.89473684210603,190.62020754541788,0.0,0.0,0.9666666666666667,,0.0177456249948591,3.9737546377422177,0.021290276754993186,0.0,0.0
F1,v2e2_a015340abe1151fa1614,qwen37_plus_direct,qwen37f1_27567cea2021f9a1a948,C1,canonical,c8a505c48d754aa62812404468acf454019df3ba7a1fdb21e303881710126099,399.75,False,240.8027315789476,feasible_mode_library_upper_bound_distance_focus,feasible_mode_library_upper_bound,241.85536315789497,0.0,241.85536315789497,False,78,raw_sign_with_mpc_zero_anchor,157.89483684210504,215.07691449096282,0.0,0.0,0.3780487804878049,,0.014089583011809736,4.713371231938197,0.022405836861829873,feasible_mode_library_upper_bound,241.85536315789497,0.0,241.85536315789497,False,78,raw_sign_with_mpc_zero_anchor,157.89483684210504,215.07691449096282,0.0,0.0,0.3780487804878049,,0.0144773340143729,4.713371231938197,0.022405836861829873,0.0,0.0
F1,v2e2_a015340abe1151fa1614,qwen37_plus_direct,qwen37f1_27567cea2021f9a1a948,C2,canonical,c8a505c48d754aa62812404468acf454019df3ba7a1fdb21e303881710126099,399.75,False,240.8027315789476,feasible_mode_library_upper_bound_distance_focus,feasible_mode_library_upper_bound,241.85536315789497,0.0,241.85536315789497,False,78,raw_sign_with_mpc_zero_anchor,157.89483684210504,215.07691449096282,0.0,0.0,0.3780487804878049,,0.014089583011809736,4.713371231938197,0.022405836861829873,feasible_mode_library_upper_bound,241.85536315789497,0.0,241.85536315789497,False,78,raw_sign_with_mpc_zero_anchor,157.89483684210504,215.07691449096282,0.0,0.0,0.3780487804878049,,0.0144773340143729,4.713371231938197,0.022405836861829873,0.0,0.0
F1,v2e2_a015340abe1151fa1614,qwen37_plus_direct,qwen37f1_27567cea2021f9a1a948,S1,stale,70972df00b97cff2bb83d62cdb7e5939d96d7171804f2616ccdb5830f5cb7dad,190.64999999999995,False,31.702731578948033,feasible_mode_library_upper_bound_distance_focus,feasible_mode_library_upper_bound,32.755363157895395,0.0,32.755363157895395,False,11,raw_sign_with_mpc_zero_anchor,157.8947368421046,215.73670921843868,0.0,0.0,0.8048780487804879,,0.014595250017009676,5.373165959414052,0.02554228682485145,feasible_mode_library_upper_bound,32.755363157895395,0.0,32.755363157895395,False,11,raw_sign_with_mpc_zero_anchor,157.8947368421046,215.73670921843868,0.0,0.0,0.8048780487804879,,0.013787832984235138,5.373165959414052,0.02554228682485145,0.0,0.0
F1,v2e2_a015340abe1151fa1614,qwen37_plus_direct,qwen37f1_27567cea2021f9a1a948,S2,stale,ae1391888115ff0f25bf487dc5f4244c372d3eba550484078b6ca69353afa5bd,187.49914999999996,False,28.55188157894742,feasible_mode_library_upper_bound_distance_focus,feasible_mode_library_upper_bound,29.604513157894786,0.0,29.604513157894786,False,10,raw_sign_with_mpc_zero_anchor,157.8947368421052,215.66280110084801,0.0,0.0,0.8292682926829268,,0.014128291979432106,5.29925784182339,0.025190951624627818,feasible_mode_library_upper_bound,29.604513157894786,0.0,29.604513157894786,False,10,raw_sign_with_mpc_zero_anchor,157.8947368421052,215.66280110084801,0.0,0.0,0.8292682926829268,,0.013704332988709211,5.29925784182339,0.025190951624627818,0.0,0.0
F1,v2e2_a26fd019af93d45104b8,qwen37_plus_direct,qwen37f1_6ed136996be36b88de0c,C1,canonical,63e83f7998715ac5812485df3583f54725795ca1797686649e728aaca5bfce5c,25.9375,True,9.999999999998899e-05,global_distance_optimum_lp_integral_distance_focus,global_distance_optimum_lp_integral,0.3783894736842105,0.3782894736842105,9.999999999998899e-05,True,0,lp_relaxation,26.315789473684212,160.95096385538247,0.0,0.0,0.9759036144578314,,0.017130916996393353,6.3287941767011375,0.04093070346802749,global_distance_optimum_lp_integral,0.3783894736842105,0.3782894736842105,9.999999999998899e-05,True,0,lp_relaxation,26.315789473684212,160.95096385538247,0.0,0.0,0.9759036144578314,,0.015726667013950646,6.3287941767011375,0.04093070346802749,0.0,0.0
F1,v2e2_a26fd019af93d45104b8,qwen37_plus_direct,qwen37f1_6ed136996be36b88de0c,C2,canonical,62eb2190324b17cdcd34d30015898812cf80f9795e84c9de2e72299b06e32324,20.75,False,4.513257894735862,global_distance_optimum_lp_integral_distance_focus,global_distance_optimum_lp_integral,5.565889473683229,5.565789473683229,9.999999999976694e-05,True,0,lp_relaxation,26.31578947368324,160.83941422538248,0.0,0.0,0.9759036144578314,,0.017867207992821932,6.217244546701153,0.040209269858398324,global_distance_optimum_lp_integral,5.565889473683229,5.565789473683229,9.999999999976694e-05,True,0,lp_relaxation,26.31578947368324,160.83941422538248,0.0,0.0,0.9759036144578314,,0.01638424998964183,6.217244546701153,0.040209269858398324,0.0,0.0
F1,v2e2_a26fd019af93d45104b8,qwen37_plus_direct,qwen37f1_6ed136996be36b88de0c,S1,stale,76c307dcff14fc83b93d8b7ea3871e4b806f3b9db7459b758addbdb8f7940f25,518.75,False,468.2895736842105,feasible_mode_library_upper_bound_distance_focus,feasible_mode_library_upper_bound,469.3422052631579,227.9319973718789,241.410207891279,False,80,lp_net_sign_with_mpc_zero_anchor,476.9059434547912,159.33252659437977,0.0,0.0,0.5060240963855421,,0.014318791014375165,4.710356915698441,0.030463658125396784,feasible_mode_library_upper_bound,469.3422052631579,227.9319973718789,241.410207891279,False,80,lp_net_sign_with_mpc_zero_anchor,476.9059434547912,159.33252659437977,0.0,0.0,0.5060240963855421,,0.014504624996334314,4.710356915698441,0.030463658125396784,0.0,0.0
F1,v2e2_a26fd019af93d45104b8,qwen37_plus_direct,qwen37f1_6ed136996be36b88de0c,S2,stale,62eb2190324b17cdcd34d30015898812cf80f9795e84c9de2e72299b06e32324,20.75,False,4.513257894735862,global_distance_optimum_lp_integral_distance_focus,global_distance_optimum_lp_integral,5.565889473683229,5.565789473683229,9.999999999976694e-05,True,0,lp_relaxation,26.31578947368324,160.83941422538248,0.0,0.0,0.9759036144578314,,0.017867207992821932,6.217244546701153,0.040209269858398324,global_distance_optimum_lp_integral,5.565889473683229,5.565789473683229,9.999999999976694e-05,True,0,lp_relaxation,26.31578947368324,160.83941422538248,0.0,0.0,0.9759036144578314,,0.01638424998964183,6.217244546701153,0.040209269858398324,0.0,0.0
F1,v2e2_a49aba98f0f44c8c6622,qwen37_plus_direct,qwen37f1_1f77745ae5b9317d718c,C1,canonical,a4789215d008ab9b4fe6b2d72e31ec3c88f81bb253ef62c8312d1880ae2bb08a,25.3125,True,9.999999999998899e-05,global_distance_optimum_lp_integral_distance_focus,global_distance_optimum_lp_integral,1.0033894736842106,1.0032894736842106,9.999999999998899e-05,True,0,lp_relaxation,26.315789473684212,273.28421311696974,0.0,0.0,0.9753086419753086,,0.015716124995378777,6.839278028144292,0.02566863590731895,global_distance_optimum_lp_integral,1.0033894736842106,1.0032894736842106,9.999999999998899e-05,True,0,lp_relaxation,26.315789473684212,273.28421311696974,0.0,0.0,0.9753086419753086,,0.01637941598892212,6.839278028144292,0.02566863590731895,0.0,0.0
F1,v2e2_a49aba98f0f44c8c6622,qwen37_plus_direct,qwen37f1_1f77745ae5b9317d718c,C2,canonical,a4789215d008ab9b4fe6b2d72e31ec3c88f81bb253ef62c8312d1880ae2bb08a,25.3125,True,9.999999999998899e-05,global_distance_optimum_lp_integral_distance_focus,global_distance_optimum_lp_integral,1.0033894736842106,1.0032894736842106,9.999999999998899e-05,True,0,lp_relaxation,26.315789473684212,273.28421311696974,0.0,0.0,0.9753086419753086,,0.015716124995378777,6.839278028144292,0.02566863590731895,global_distance_optimum_lp_integral,1.0033894736842106,1.0032894736842106,9.999999999998899e-05,True,0,lp_relaxation,26.315789473684212,273.28421311696974,0.0,0.0,0.9753086419753086,,0.01637941598892212,6.839278028144292,0.02566863590731895,0.0,0.0
F1,v2e2_a49aba98f0f44c8c6622,qwen37_plus_direct,qwen37f1_1f77745ae5b9317d718c,S1,stale,6124f3babfc5c450625f91ad7f776fa9f582eff66a56383e278bf96f2d2a53dc,512.49915,False,478.61372368420996,feasible_mode_library_upper_bound_distance_focus,feasible_mode_library_upper_bound,479.66635526315736,228.08719204993386,251.5791632132235,False,81,lp_net_sign_with_mpc_zero_anchor,153.4810434548009,270.8138089166065,0.0,0.0,0.16049382716049382,,0.013299624988576397,4.368873827781044,0.01639691077754802,feasible_mode_library_upper_bound,479.66635526315736,228.08719204993383,251.57916321322352,False,81,lp_net_sign_with_mpc_zero_anchor,153.4810434548009,270.8138089166065,0.0,0.0,0.16049382716049382,,0.013412166998023167,4.368873827781044,0.01639691077754802,0.0,0.0
F1,v2e2_a49aba98f0f44c8c6622,qwen37_plus_direct,qwen37f1_1f77745ae5b9317d718c,S2,stale,d043bec984f9ee37866860c689ddff89614d8bb4bb568ce34f6d1f66a7fbe99f,75.006,False,47.637678947368855,feasible_mode_library_upper_bound_distance_focus,feasible_mode_library_upper_bound,48.690310526316196,0.0,48.690310526316196,False,15,raw_sign_with_mpc_zero_anchor,26.315889473683814,273.12979521138783,0.0,0.0,0.3333333333333333,,0.01417845900868997,6.684860122562384,0.02508908687017764,feasible_mode_library_upper_bound,48.690310526316196,0.0,48.690310526316196,False,15,raw_sign_with_mpc_zero_anchor,26.315889473683814,273.12979521138783,0.0,0.0,0.3333333333333333,,0.014864958997350186,6.684860122562384,0.02508908687017764,0.0,0.0
F1,v2e2_a614c009acc530c12890,qwen37_plus_direct,qwen37f1_3f5c48b910488a8d5a3c,C1,canonical,21726db897db5fdd77dfbbc1568fe739f43f7b05d91fd6f3156ca11714c84cdb,62.49425000000001,False,35.12592894736946,feasible_mode_library_upper_bound_distance_focus,feasible_mode_library_upper_bound,36.1785605263168,0.0,36.1785605263168,False,11,raw_sign_with_mpc_zero_anchor,26.315889473683193,353.3329555211699,0.0,0.0,0.4065934065934066,,0.015771708014653996,22.422844944120243,0.06776113581122893,feasible_mode_library_upper_bound,36.1785605263168,0.0,36.1785605263168,False,11,raw_sign_with_mpc_zero_anchor,26.315889473683193,353.3329555211699,0.0,0.0,0.4065934065934066,,0.01681508298497647,22.422844944120243,0.06776113581122893,0.0,0.0
F1,v2e2_a614c009acc530c12890,qwen37_plus_direct,qwen37f1_3f5c48b910488a8d5a3c,C2,canonical,f72bb749a2ec5fe51da0e86ac561e25e004d96d08380645768afc4adbe8be69c,568.75,False,521.7790473684211,feasible_mode_library_upper_bound_distance_focus,feasible_mode_library_upper_bound,522.8316789473685,252.30781865965815,270.5238602877103,False,89,lp_net_sign_with_mpc_zero_anchor,408.8165697705798,338.78160508427163,0.0,0.0,0.38461538461538464,,0.015146749996347353,7.871494507221996,0.02378741010208325,feasible_mode_library_upper_bound,522.8316789473685,252.30781865965818,270.52386028771025,False,89,lp_net_sign_with_mpc_zero_anchor,408.8165697705798,338.78160508427163,0.0,0.0,0.38461538461538464,,0.014761291997274384,7.871494507221996,0.02378741010208325,0.0,0.0
F1,v2e2_a614c009acc530c12890,qwen37_plus_direct,qwen37f1_3f5c48b910488a8d5a3c,S1,stale,f72bb749a2ec5fe51da0e86ac561e25e004d96d08380645768afc4adbe8be69c,568.75,False,521.7790473684211,feasible_mode_library_upper_bound_distance_focus,feasible_mode_library_upper_bound,522.8316789473685,252.30781865965815,270.5238602877103,False,89,lp_net_sign_with_mpc_zero_anchor,408.8165697705798,338.78160508427163,0.0,0.0,0.38461538461538464,,0.015146749996347353,7.871494507221996,0.02378741010208325,feasible_mode_library_upper_bound,522.8316789473685,252.30781865965818,270.52386028771025,False,89,lp_net_sign_with_mpc_zero_anchor,408.8165697705798,338.78160508427163,0.0,0.0,0.38461538461538464,,0.014761291997274384,7.871494507221996,0.02378741010208325,0.0,0.0
F1,v2e2_a614c009acc530c12890,qwen37_plus_direct,qwen37f1_3f5c48b910488a8d5a3c,S2,stale,f72bb749a2ec5fe51da0e86ac561e25e004d96d08380645768afc4adbe8be69c,568.75,False,521.7790473684211,feasible_mode_library_upper_bound_distance_focus,feasible_mode_library_upper_bound,522.8316789473685,252.30781865965815,270.5238602877103,False,89,lp_net_sign_with_mpc_zero_anchor,408.8165697705798,338.78160508427163,0.0,0.0,0.38461538461538464,,0.015146749996347353,7.871494507221996,0.02378741010208325,feasible_mode_library_upper_bound,522.8316789473685,252.30781865965818,270.52386028771025,False,89,lp_net_sign_with_mpc_zero_anchor,408.8165697705798,338.78160508427163,0.0,0.0,0.38461538461538464,,0.014761291997274384,7.871494507221996,0.02378741010208325,0.0,0.0
F1,v2e2_a66e250328b3cef2064f,qwen37_plus_direct,qwen37f1_f9e9536ccb06550366dd,C1,canonical,39ec0dae9b8e0310a76a73cb84af639d6842418391d39cafd19cae626353a3a3,568.75,False,544.05,global_distance_optimum_lp_integral_distance_focus,global_distance_optimum_lp_integral,545.0001,545.0,9.999999997489795e-05,True,0,lp_relaxation,23.75010000000003,189.06612372392263,0.0,0.0,0.02197802197802198,,0.01629750002757646,3.36053303667876,0.018096025134420442,global_distance_optimum_lp_integral,545.0001,545.0,9.999999997489795e-05,True,0,lp_relaxation,23.75010000000003,189.06612372392263,0.0,0.0,0.02197802197802198,,0.015729499980807304,3.36053303667876,0.018096025134420442,0.0,0.0
F1,v2e2_a66e250328b3cef2064f,qwen37_plus_direct,qwen37f1_f9e9536ccb06550366dd,C2,canonical,39ec0dae9b8e0310a76a73cb84af639d6842418391d39cafd19cae626353a3a3,568.75,False,544.05,global_distance_optimum_lp_integral_distance_focus,global_distance_optimum_lp_integral,545.0001,545.0,9.999999997489795e-05,True,0,lp_relaxation,23.75010000000003,189.06612372392263,0.0,0.0,0.02197802197802198,,0.01629750002757646,3.36053303667876,0.018096025134420442,global_distance_optimum_lp_integral,545.0001,545.0,9.999999997489795e-05,True,0,lp_relaxation,23.75010000000003,189.06612372392263,0.0,0.0,0.02197802197802198,,0.015729499980807304,3.36053303667876,0.018096025134420442,0.0,0.0
F1,v2e2_a66e250328b3cef2064f,qwen37_plus_direct,qwen37f1_f9e9536ccb06550366dd,S1,stale,51a7d900bc708785e8bab99c312e63e8c1694470251bed9226b7a31e49a41aac,746.2000000000003,False,731.7070252077568,feasible_mode_library_upper_bound_distance_focus,feasible_mode_library_upper_bound,728.6748119113573,479.6921156373194,248.98269627403795,False,89,lp_net_sign_with_mpc_zero_anchor,829.145336806592,192.1405329534318,0.0,0.0,0.5604395604395604,,0.01525545900221914,6.434942266187932,0.034651311478421466,feasible_mode_library_upper_bound,752.2596567867038,479.69211563731926,272.5675411493845,False,89,lp_net_sign_with_mpc_zero_anchor,368.9384919312436,188.048986193404,0.0,0.0,0.24175824175824176,,0.014139541977783665,2.3433955061601353,0.012618874302533872,23.584844875346448,-23.584844875346448
F1,v2e2_a66e250328b3cef2064f,qwen37_plus_direct,qwen37f1_f9e9536ccb06550366dd,S2,stale,918246868d17cbd03a144a3c7c589fa5c8f1d110ca61b465767dfb46d5f5a368,74.61999999999999,False,97.18025000000029,feasible_mode_library_upper_bound_distance_focus,feasible_mode_library_upper_bound,98.1302500000003,0.0,98.1302500000003,False,31,direct_mpc_sign,28.428298717943065,189.0185461862442,0.0,0.0,0.01098901098901099,,0.014478957979008555,3.3129554990003385,0.017839826398010027,feasible_mode_library_upper_bound,98.13025000000029,0.0,98.13025000000029,False,31,direct_mpc_sign,28.428298717943065,189.01854618624418,0.0,0.0,0.01098901098901099,,0.014091707998886704,3.31295549900031,0.017839826398009875,-1.4210854715202004e-14,1.4210854715202004e-14
F1,v2e2_a7c71f5aa3db3e32fdd1,qwen37_plus_direct,qwen37f1_9fa481f802e4a10b7994,C1,canonical,472104ca527305691d2de1580fd6c2aed00f12dc0eeb755556a43ff731a2acdd,3565.0,False,3540.3,global_distance_optimum_lp_integral_distance_focus,global_distance_optimum_lp_integral,3541.2500051248358,3541.25,5.124835752212675e-06,True,0,lp_relaxation,23.7501,372.0494829294436,0.0,0.0,0.0,,0.02181466601905413,2.0662094986568604,0.00558460245917952,global_distance_optimum_lp_integral,3541.2500051248358,3541.25,5.124835752212675e-06,True,0,lp_relaxation,23.7501,372.0494829294436,0.0,0.0,0.0,,0.023256624990608543,2.0662094986568604,0.00558460245917952,0.0,0.0
F1,v2e2_a7c71f5aa3db3e32fdd1,qwen37_plus_direct,qwen37f1_9fa481f802e4a10b7994,C2,canonical,472104ca527305691d2de1580fd6c2aed00f12dc0eeb755556a43ff731a2acdd,3565.0,False,3540.3,global_distance_optimum_lp_integral_distance_focus,global_distance_optimum_lp_integral,3541.2500051248358,3541.25,5.124835752212675e-06,True,0,lp_relaxation,23.7501,372.0494829294436,0.0,0.0,0.0,,0.02181466601905413,2.0662094986568604,0.00558460245917952,global_distance_optimum_lp_integral,3541.2500051248358,3541.25,5.124835752212675e-06,True,0,lp_relaxation,23.7501,372.0494829294436,0.0,0.0,0.0,,0.023256624990608543,2.0662094986568604,0.00558460245917952,0.0,0.0
F1,v2e2_a7c71f5aa3db3e32fdd1,qwen37_plus_direct,qwen37f1_9fa481f802e4a10b7994,S1,stale,23cd904e05dc77458353892d5f14d947eba44b207c53c72781ee8e10c1307fa8,37.48999999999998,False,60.01198125000022,feasible_mode_library_upper_bound_distance_focus,feasible_mode_library_upper_bound,60.961981250000235,0.0,60.961981250000235,False,31,direct_mpc_sign,29.175029967946948,372.02659883583385,0.0,0.0,0.05434782608695652,,0.013325000007171184,2.043325405047085,0.005522750761405252,feasible_mode_library_upper_bound,60.961981250000235,0.0,60.961981250000235,False,31,direct_mpc_sign,29.175029967946948,372.02659883583385,0.0,0.0,0.05434782608695652,,0.013735000015003607,2.043325405047085,0.005522750761405252,0.0,0.0
F1,v2e2_a7c71f5aa3db3e32fdd1,qwen37_plus_direct,qwen37f1_9fa481f802e4a10b7994,S2,stale,7059773acbe60fd02ac1225d4b51dd3fd0a86b52252614bb8ab37b5b3e19f129,364.78,False,369.11181745152373,feasible_mode_library_upper_bound_distance_focus,feasible_mode_library_upper_bound,370.16444903047096,207.0467542706957,163.11769475977528,False,88,lp_net_sign_with_mpc_zero_anchor,382.1136996874781,373.00946613211704,0.0,0.0,0.5108695652173914,,0.015522959001827985,3.026192701330274,0.008179268952536546,feasible_mode_library_upper_bound,370.16444903047096,207.0467542706957,163.11769475977528,False,88,lp_net_sign_with_mpc_zero_anchor,382.1136996874781,373.00946613211704,0.0,0.0,0.5108695652173914,,0.01518216700060293,3.026192701330274,0.008179268952536546,0.0,0.0
F1,v2e2_aa86ae40329fa58392a5,qwen37_plus_direct,qwen37f1_1763a30013826fd5f5e2,C1,canonical,60c1df00999f8abcebf046b162947f09ad3a928401cd492ec36cb93039be04ce,259.375,False,234.67509999999996,global_distance_optimum_lp_integral_distance_focus,global_distance_optimum_lp_integral,235.62509999999995,235.62499999999994,0.00010000000000331966,True,0,lp_relaxation,23.750100000000018,247.99989476286822,0.0,0.0,0.07228915662650602,,0.014833124994765967,7.918611752692414,0.032983044964637186,global_distance_optimum_lp_integral,235.62509999999995,235.62499999999994,0.00010000000000331966,True,0,lp_relaxation,23.750100000000018,247.99989476286822,0.0,0.0,0.07228915662650602,,0.014626832999056205,7.918611752692414,0.032983044964637186,0.0,0.0
F1,v2e2_aa86ae40329fa58392a5,qwen37_plus_direct,qwen37f1_1763a30013826fd5f5e2,C2,canonical,ff6c45c51d89fc555c432443d67acbd3fc1ffaa48ff4630abb77f03d4ecdaf91,32.370000000000005,False,7.670099999999678,global_distance_optimum_lp_integral_distance_focus,global_distance_optimum_lp_integral,8.620099999999697,8.619999999999694,0.00010000000000331966,True,0,lp_relaxation,23.750000000000306,248.39655985500934,0.0,0.0,0.7108433734939759,,0.015023833984741941,8.315276844833534,0.034635256612157855,global_distance_optimum_lp_integral,8.620099999999697,8.619999999999694,0.00010000000000331966,True,0,lp_relaxation,23.750000000000306,248.39655985500934,0.0,0.0,0.7108433734939759,,0.01608387500164099,8.315276844833534,0.034635256612157855,0.0,0.0
F1,v2e2_aa86ae40329fa58392a5,qwen37_plus_direct,qwen37f1_1763a30013826fd5f5e2,S1,stale,62eb2190324b17cdcd34d30015898812cf80f9795e84c9de2e72299b06e32324,20.75,False,43.428225000000054,feasible_mode_library_upper_bound_distance_focus,feasible_mode_library_upper_bound,44.37822500000006,0.0,44.37822500000006,False,14,direct_mpc_sign,26.126273717948507,247.904396928762,0.0,0.0,0.03614457831325301,,0.013325124979019165,7.823113918586188,0.03258527203994743,feasible_mode_library_upper_bound,44.37822500000006,0.0,44.37822500000006,False,14,direct_mpc_sign,26.126273717948507,247.904396928762,0.0,0.0,0.03614457831325301,,0.012209916982101277,7.823113918586188,0.03258527203994743,0.0,0.0
F1,v2e2_aa86ae40329fa58392a5,qwen37_plus_direct,qwen37f1_1763a30013826fd5f5e2,S2,stale,63e83f7998715ac5812485df3583f54725795ca1797686649e728aaca5bfce5c,25.9375,False,48.58525625,feasible_mode_library_upper_bound_distance_focus,feasible_mode_library_upper_bound,49.53525625,0.0,49.53525625,False,16,direct_mpc_sign,26.72080496794868,247.89486905316824,0.0,0.0,0.03614457831325301,,0.01296849999926053,7.813586042992426,0.032545585999143666,feasible_mode_library_upper_bound,49.53525625,0.0,49.53525625,False,16,direct_mpc_sign,26.72080496794868,247.89486905316824,0.0,0.0,0.03614457831325301,,0.013230667012976483,7.813586042992426,0.032545585999143666,0.0,0.0
F1,v2e2_ac2a6bbea5f71d8219ff,qwen37_plus_direct,qwen37f1_1fc5085e99faac2363ac,C1,canonical,96769223ed0062c1308d45a96931dc55e72b616c828dbc5673c7ad947baed1a2,374.9124999999999,False,215.96523157894714,feasible_mode_library_upper_bound_distance_focus,feasible_mode_library_upper_bound,217.01786315789448,0.0,217.01786315789448,False,69,raw_sign_with_mpc_zero_anchor,157.89473684210535,189.89537866494138,0.0,0.0,0.4044943820224719,,0.015639166987966746,5.875920341737839,0.03193097292688274,feasible_mode_library_upper_bound,217.01786315789448,0.0,217.01786315789448,False,69,raw_sign_with_mpc_zero_anchor,157.89473684210535,189.89537866494138,0.0,0.0,0.4044943820224719,,0.01588762499159202,5.875920341737839,0.03193097292688274,0.0,0.0
F1,v2e2_ac2a6bbea5f71d8219ff,qwen37_plus_direct,qwen37f1_1fc5085e99faac2363ac,C2,canonical,de276c4bbad9cfa3ebed5062125e0ecbf1b680489ab3633b079f6708790c574e,389.375,False,230.42773157894737,feasible_mode_library_upper_bound_distance_focus,feasible_mode_library_upper_bound,231.48036315789474,0.0,231.48036315789474,False,74,raw_sign_with_mpc_zero_anchor,157.89473684210526,189.76164702079237,0.0,0.0,0.39325842696629215,,0.015540334017714486,5.74218869758883,0.031204247365534066,feasible_mode_library_upper_bound,231.48036315789474,0.0,231.48036315789474,False,74,raw_sign_with_mpc_zero_anchor,157.89473684210526,189.76164702079237,0.0,0.0,0.39325842696629215,,0.01429824999650009,5.74218869758883,0.031204247365534066,0.0,0.0
F1,v2e2_ac2a6bbea5f71d8219ff,qwen37_plus_direct,qwen37f1_1fc5085e99faac2363ac,S1,stale,e775a4ac54ab3a72c9cdb0dd548eec9af716b52be786d407836b3c8ea2692fca,556.25,False,387.0395736842105,feasible_mode_library_upper_bound_distance_focus,feasible_mode_library_upper_bound,388.0922052631579,121.37812089356088,266.714084369597,False,88,lp_net_sign_with_mpc_zero_anchor,358.155943454791,190.0296050158191,0.0,0.0,0.47191011235955055,,0.0159939999866765,6.010146692615564,0.03266038682746045,feasible_mode_library_upper_bound,388.0922052631579,121.37812089356088,266.714084369597,False,88,lp_net_sign_with_mpc_zero_anchor,358.155943454791,190.0296050158191,0.0,0.0,0.47191011235955055,,0.015126791986403987,6.010146692615564,0.03266038682746045,0.0,0.0
F1,v2e2_ac2a6bbea5f71d8219ff,qwen37_plus_direct,qwen37f1_1fc5085e99faac2363ac,S2,stale,e775a4ac54ab3a72c9cdb0dd548eec9af716b52be786d407836b3c8ea2692fca,556.25,False,387.0395736842105,feasible_mode_library_upper_bound_distance_focus,feasible_mode_library_upper_bound,388.0922052631579,121.37812089356088,266.714084369597,False,88,lp_net_sign_with_mpc_zero_anchor,358.155943454791,190.0296050158191,0.0,0.0,0.47191011235955055,,0.0159939999866765,6.010146692615564,0.03266038682746045,feasible_mode_library_upper_bound,388.0922052631579,121.37812089356088,266.714084369597,False,88,lp_net_sign_with_mpc_zero_anchor,358.155943454791,190.0296050158191,0.0,0.0,0.47191011235955055,,0.015126791986403987,6.010146692615564,0.03266038682746045,0.0,0.0
F1,v2e2_ade91af586194aa1b583,qwen37_plus_direct,qwen37f1_8f159fe10d063d56228e,C1,canonical,f72bb749a2ec5fe51da0e86ac561e25e004d96d08380645768afc4adbe8be69c,568.75,False,518.2895736842105,feasible_mode_library_upper_bound_distance_focus,feasible_mode_library_upper_bound,519.3422052631579,252.30781865965815,267.03438660349974,False,88,lp_net_sign_with_mpc_zero_anchor,476.9059434547912,455.1689917933428,0.0,0.0,0.46153846153846156,,0.015214207989629358,1.8189361740560912,0.004012211207455091,feasible_mode_library_upper_bound,519.3422052631579,252.30781865965815,267.03438660349974,False,88,lp_net_sign_with_mpc_zero_anchor,476.9059434547912,455.1689917933428,0.0,0.0,0.46153846153846156,,0.014959792024455965,1.8189361740560912,0.004012211207455091,0.0,0.0
F1,v2e2_ade91af586194aa1b583,qwen37_plus_direct,qwen37f1_8f159fe10d063d56228e,C2,canonical,f72bb749a2ec5fe51da0e86ac561e25e004d96d08380645768afc4adbe8be69c,568.75,False,518.2895736842105,feasible_mode_library_upper_bound_distance_focus,feasible_mode_library_upper_bound,519.3422052631579,252.30781865965815,267.03438660349974,False,88,lp_net_sign_with_mpc_zero_anchor,476.9059434547912,455.1689917933428,0.0,0.0,0.46153846153846156,,0.015214207989629358,1.8189361740560912,0.004012211207455091,feasible_mode_library_upper_bound,519.3422052631579,252.30781865965815,267.03438660349974,False,88,lp_net_sign_with_mpc_zero_anchor,476.9059434547912,455.1689917933428,0.0,0.0,0.46153846153846156,,0.014959792024455965,1.8189361740560912,0.004012211207455091,0.0,0.0
F1,v2e2_ade91af586194aa1b583,qwen37_plus_direct,qwen37f1_8f159fe10d063d56228e,S1,stale,918246868d17cbd03a144a3c7c589fa5c8f1d110ca61b465767dfb46d5f5a368,74.61999999999999,False,47.25167894736828,feasible_mode_library_upper_bound_distance_focus,feasible_mode_library_upper_bound,48.30431052631566,0.0,48.30431052631566,False,15,raw_sign_with_mpc_zero_anchor,26.315889473684322,464.83778104894054,0.0,0.0,0.34065934065934067,,0.014648500015027821,11.487725429653835,0.025339636087529174,feasible_mode_library_upper_bound,48.30431052631566,0.0,48.30431052631566,False,15,raw_sign_with_mpc_zero_anchor,26.315889473684322,464.83778104894054,0.0,0.0,0.34065934065934067,,0.015225207986077294,11.487725429653835,0.025339636087529174,0.0,0.0
F1,v2e2_ade91af586194aa1b583,qwen37_plus_direct,qwen37f1_8f159fe10d063d56228e,S2,stale,918246868d17cbd03a144a3c7c589fa5c8f1d110ca61b465767dfb46d5f5a368,74.61999999999999,False,47.25167894736828,feasible_mode_library_upper_bound_distance_focus,feasible_mode_library_upper_bound,48.30431052631566,0.0,48.30431052631566,False,15,raw_sign_with_mpc_zero_anchor,26.315889473684322,464.83778104894054,0.0,0.0,0.34065934065934067,,0.014648500015027821,11.487725429653835,0.025339636087529174,feasible_mode_library_upper_bound,48.30431052631566,0.0,48.30431052631566,False,15,raw_sign_with_mpc_zero_anchor,26.315889473684322,464.83778104894054,0.0,0.0,0.34065934065934067,,0.015225207986077294,11.487725429653835,0.025339636087529174,0.0,0.0
F0,v2e2_b7e962716394d888d563,qwen37_plus_direct,qwen37f0_67ef0b505bfbf7ac9d4b,C1,canonical,ce6bb94c5159371faff434c46887e9b0d2810c9227d8d287c0cc3f3cbbf9ea42,5687.5,False,5489.83135,feasible_mode_library_upper_bound_distance_focus,feasible_mode_library_upper_bound,5490.78135,5221.254927726675,269.5264222733249,False,86,direct_mpc_sign,428.2792987179448,501.92996782084447,0.0,0.0,0.04395604395604396,,0.01434424999752082,0.03536307618276169,7.045916781821676e-05,feasible_mode_library_upper_bound,5490.78135,5221.254927726675,269.5264222733249,False,86,direct_mpc_sign,428.2792987179448,501.92996782084447,0.0,0.0,0.04395604395604396,,0.014764666004339233,0.03536307618276169,7.045916781821676e-05,0.0,0.0
F0,v2e2_b7e962716394d888d563,qwen37_plus_direct,qwen37f0_67ef0b505bfbf7ac9d4b,C2,canonical,f72bb749a2ec5fe51da0e86ac561e25e004d96d08380645768afc4adbe8be69c,568.75,False,375.7895736842105,feasible_mode_library_upper_bound_distance_focus,feasible_mode_library_upper_bound,376.8422052631579,102.5049277266752,274.3372775364827,False,90,lp_net_sign_with_mpc_zero_anchor,334.40604345479096,503.66001786045575,0.0,0.0,0.45054945054945056,,0.015004999993834645,1.765413115794047,0.003517497695939965,feasible_mode_library_upper_bound,376.8422052631579,102.5049277266752,274.3372775364827,False,90,lp_net_sign_with_mpc_zero_anchor,334.40604345479096,503.6600178604558,0.0,0.0,0.45054945054945056,,0.015233375015668571,1.7654131157941038,0.003517497695940078,0.0,0.0
F0,v2e2_b7e962716394d888d563,qwen37_plus_direct,qwen37f0_67ef0b505bfbf7ac9d4b,S1,stale,918246868d17cbd03a144a3c7c589fa5c8f1d110ca61b465767dfb46d5f5a368,74.61999999999999,False,108.53799473684245,global_distance_optimum_lp_integral_distance_focus,global_distance_optimum_lp_integral,109.59062631578982,109.59052631578982,0.00010000000000331966,True,0,lp_relaxation,184.2105263157898,506.89402103014754,0.0,0.0,0.967032967032967,,0.0180244589864742,4.999416285485836,0.009961087922093291,global_distance_optimum_lp_integral,109.59062631578982,109.59052631578982,0.00010000000000331966,True,0,lp_relaxation,184.2105263157898,506.89402103014754,0.0,0.0,0.967032967032967,,0.017607999994652346,4.999416285485836,0.009961087922093291,0.0,0.0
F0,v2e2_b7e962716394d888d563,qwen37_plus_direct,qwen37f0_67ef0b505bfbf7ac9d4b,S2,stale,51a7d900bc708785e8bab99c312e63e8c1694470251bed9226b7a31e49a41aac,746.2000000000003,False,553.2395736842113,feasible_mode_library_upper_bound_distance_focus,feasible_mode_library_upper_bound,540.7880501385044,279.9549277266753,260.83312241182915,False,90,lp_net_sign_with_mpc_zero_anchor,597.9100985794382,505.84615011971005,0.0,0.0,0.5274725274725275,,0.01577795800403692,3.9515453750483402,0.00787325732871483,feasible_mode_library_upper_bound,540.7880501385044,279.95492772667524,260.8331224118292,False,90,lp_net_sign_with_mpc_zero_anchor,597.9100985794395,505.49217787781515,0.0,0.0,0.5274725274725275,,0.014443833992118016,3.597573133153446,0.007167985268508131,0.0,0.0
F1,v2e2_b7e962716394d888d563,qwen37_plus_direct,qwen37f1_3c5aa7c5edca9c9b3591,C1,canonical,ce6bb94c5159371faff434c46887e9b0d2810c9227d8d287c0cc3f3cbbf9ea42,5687.5,False,5489.83135,feasible_mode_library_upper_bound_distance_focus,feasible_mode_library_upper_bound,5490.78135,5221.254927726675,269.5264222733249,False,86,direct_mpc_sign,428.2792987179448,501.92996782084447,0.0,0.0,0.04395604395604396,,0.01434424999752082,0.03536307618276169,7.045916781821676e-05,feasible_mode_library_upper_bound,5490.78135,5221.254927726675,269.5264222733249,False,86,direct_mpc_sign,428.2792987179448,501.92996782084447,0.0,0.0,0.04395604395604396,,0.014764666004339233,0.03536307618276169,7.045916781821676e-05,0.0,0.0
F1,v2e2_b7e962716394d888d563,qwen37_plus_direct,qwen37f1_3c5aa7c5edca9c9b3591,C2,canonical,ce6bb94c5159371faff434c46887e9b0d2810c9227d8d287c0cc3f3cbbf9ea42,5687.5,False,5489.83135,feasible_mode_library_upper_bound_distance_focus,feasible_mode_library_upper_bound,5490.78135,5221.254927726675,269.5264222733249,False,86,direct_mpc_sign,428.2792987179448,501.92996782084447,0.0,0.0,0.04395604395604396,,0.01434424999752082,0.03536307618276169,7.045916781821676e-05,feasible_mode_library_upper_bound,5490.78135,5221.254927726675,269.5264222733249,False,86,direct_mpc_sign,428.2792987179448,501.92996782084447,0.0,0.0,0.04395604395604396,,0.014764666004339233,0.03536307618276169,7.045916781821676e-05,0.0,0.0
F1,v2e2_b7e962716394d888d563,qwen37_plus_direct,qwen37f1_3c5aa7c5edca9c9b3591,S1,stale,918246868d17cbd03a144a3c7c589fa5c8f1d110ca61b465767dfb46d5f5a368,74.61999999999999,False,108.53799473684245,global_distance_optimum_lp_integral_distance_focus,global_distance_optimum_lp_integral,109.59062631578982,109.59052631578982,0.00010000000000331966,True,0,lp_relaxation,184.2105263157898,506.89402103014754,0.0,0.0,0.967032967032967,,0.0180244589864742,4.999416285485836,0.009961087922093291,global_distance_optimum_lp_integral,109.59062631578982,109.59052631578982,0.00010000000000331966,True,0,lp_relaxation,184.2105263157898,506.89402103014754,0.0,0.0,0.967032967032967,,0.017607999994652346,4.999416285485836,0.009961087922093291,0.0,0.0
F1,v2e2_b7e962716394d888d563,qwen37_plus_direct,qwen37f1_3c5aa7c5edca9c9b3591,S2,stale,f72bb749a2ec5fe51da0e86ac561e25e004d96d08380645768afc4adbe8be69c,568.75,False,375.7895736842105,feasible_mode_library_upper_bound_distance_focus,feasible_mode_library_upper_bound,376.8422052631579,102.5049277266752,274.3372775364827,False,90,lp_net_sign_with_mpc_zero_anchor,334.40604345479096,503.66001786045575,0.0,0.0,0.45054945054945056,,0.015004999993834645,1.765413115794047,0.003517497695939965,feasible_mode_library_upper_bound,376.8422052631579,102.5049277266752,274.3372775364827,False,90,lp_net_sign_with_mpc_zero_anchor,334.40604345479096,503.6600178604558,0.0,0.0,0.45054945054945056,,0.015233375015668571,1.7654131157941038,0.003517497695940078,0.0,0.0
F1,v2e2_babe8da2420b974ae448,qwen37_plus_direct,qwen37f1_b7348f05df4f34cefd1d,C1,canonical,83e193620a39a319f7119979da92ed2ff9235452d4dcf33f0c72258fd6f68d92,312.3,False,179.66852105263138,feasible_mode_library_upper_bound_distance_focus,feasible_mode_library_upper_bound,180.72115263157875,0.0,180.72115263157875,False,57,raw_sign_with_mpc_zero_anchor,131.5789473684213,230.55901351820455,0.0,0.0,0.4,,0.016077375010354444,2.746736191683368,0.01205701564427319,feasible_mode_library_upper_bound,180.72115263157875,0.0,180.72115263157875,False,57,raw_sign_with_mpc_zero_anchor,131.5789473684213,230.55901351820455,0.0,0.0,0.4,,0.015627209009835497,2.746736191683368,0.01205701564427319,0.0,0.0
F1,v2e2_babe8da2420b974ae448,qwen37_plus_direct,qwen37f1_b7348f05df4f34cefd1d,C2,canonical,f138c57b1120db9e915b49c2e454ccbb5841eeda2d1bb2661321d311abade655,125.00999999999996,False,5.516415789474392,global_distance_optimum_lp_integral_distance_focus,global_distance_optimum_lp_integral,6.569047368421761,6.56894736842176,0.00010000000000065512,True,0,lp_relaxation,131.57894736842175,230.62048178922632,0.0,0.0,0.9777777777777777,,0.017643625003984198,2.8082044627051346,0.012326835479021008,global_distance_optimum_lp_integral,6.569047368421761,6.56894736842176,0.00010000000000065512,True,0,lp_relaxation,131.57894736842175,230.62048178922632,0.0,0.0,0.9777777777777777,,0.01776170899393037,2.8082044627051346,0.012326835479021008,0.0,0.0
F1,v2e2_babe8da2420b974ae448,qwen37_plus_direct,qwen37f1_b7348f05df4f34cefd1d,S1,stale,c3139e3601aaf78235612774bdfe96ba892a617e887cb7e2048aea0085cc05cb,78.75,False,51.77641578947262,global_distance_optimum_lp_integral_distance_focus,global_distance_optimum_lp_integral,52.82904736841999,52.82894736841999,0.00010000000000331966,True,0,lp_relaxation,131.57894736842002,230.09794277918627,0.0,0.0,0.9777777777777777,,0.017570166994119063,2.2856654526650857,0.01003310918747835,global_distance_optimum_lp_integral,52.82904736841999,52.82894736841999,0.00010000000000331966,True,0,lp_relaxation,131.57894736842002,230.09794277918627,0.0,0.0,0.9777777777777777,,0.017850332980742678,2.2856654526650857,0.01003310918747835,0.0,0.0
F1,v2e2_babe8da2420b974ae448,qwen37_plus_direct,qwen37f1_b7348f05df4f34cefd1d,S2,stale,d770cbb314f645051a8712f10c5a8e267ba01bedbe5263a1f0a67dbc51c2de69,74.92499999999997,False,55.60141578947314,global_distance_optimum_lp_integral_distance_focus,global_distance_optimum_lp_integral,56.65404736842051,56.6539473684205,0.00010000000000331966,True,0,lp_relaxation,131.57894736841848,230.0547367326361,0.0,0.0,0.9777777777777777,,0.018609249993460253,2.2424594061149037,0.009843452830686591,global_distance_optimum_lp_integral,56.65404736842051,56.6539473684205,0.00010000000000331966,True,0,lp_relaxation,131.57894736841848,230.0547367326361,0.0,0.0,0.9777777777777777,,0.017734666005708277,2.2424594061149037,0.009843452830686591,0.0,0.0
F1,v2e2_be357ad7fa505f6b8f35,qwen37_plus_direct,qwen37f1_bfdc857df31666bf3d04,C1,canonical,4a992c0da78ac492a6c4fef8558911c4aa4eb3e943d16285e5242974e246dc94,550.0,False,404.5395736842105,feasible_mode_library_upper_bound_distance_focus,feasible_mode_library_upper_bound,405.5922052631579,143.29829172141896,262.2939135417389,False,87,lp_net_sign_with_mpc_zero_anchor,381.905943454791,340.0556339472053,0.0,0.0,0.4772727272727273,,0.015162457973929122,2.1985834808248796,0.006507437029329234,feasible_mode_library_upper_bound,405.5922052631579,143.29829172141896,262.2939135417389,False,87,lp_net_sign_with_mpc_zero_anchor,381.905943454791,340.0556339472053,0.0,0.0,0.4772727272727273,,0.015699124982347712,2.1985834808248796,0.006507437029329234,0.0,0.0
F1,v2e2_be357ad7fa505f6b8f35,qwen37_plus_direct,qwen37f1_bfdc857df31666bf3d04,C2,canonical,4a992c0da78ac492a6c4fef8558911c4aa4eb3e943d16285e5242974e246dc94,550.0,False,404.5395736842105,feasible_mode_library_upper_bound_distance_focus,feasible_mode_library_upper_bound,405.5922052631579,143.29829172141896,262.2939135417389,False,87,lp_net_sign_with_mpc_zero_anchor,381.905943454791,340.0556339472053,0.0,0.0,0.4772727272727273,,0.015162457973929122,2.1985834808248796,0.006507437029329234,feasible_mode_library_upper_bound,405.5922052631579,143.29829172141896,262.2939135417389,False,87,lp_net_sign_with_mpc_zero_anchor,381.905943454791,340.0556339472053,0.0,0.0,0.4772727272727273,,0.015699124982347712,2.1985834808248796,0.006507437029329234,0.0,0.0
F1,v2e2_be357ad7fa505f6b8f35,qwen37_plus_direct,qwen37f1_bfdc857df31666bf3d04,S1,stale,0cee576cabf4af7203bfbc493c1169cefa69e7bf8600ffdbc6ab9b8ad6fcd25b,22.0,False,108.52641578947265,global_distance_optimum_lp_integral_distance_focus,global_distance_optimum_lp_integral,109.57904736842002,109.57894736842002,0.00010000000000331966,True,0,lp_relaxation,131.57894736842005,339.564205939952,0.0,0.0,0.9659090909090909,,0.015743916999781504,1.7071554735715608,0.005052892846885955,global_distance_optimum_lp_integral,109.57904736842002,109.57894736842002,0.00010000000000331966,True,0,lp_relaxation,131.57894736842005,339.564205939952,0.0,0.0,0.9659090909090909,,0.017435207992093638,1.7071554735715608,0.005052892846885955,0.0,0.0
F1,v2e2_be357ad7fa505f6b8f35,qwen37_plus_direct,qwen37f1_bfdc857df31666bf3d04,S2,stale,4a992c0da78ac492a6c4fef8558911c4aa4eb3e943d16285e5242974e246dc94,550.0,False,404.5395736842105,feasible_mode_library_upper_bound_distance_focus,feasible_mode_library_upper_bound,405.5922052631579,143.29829172141896,262.2939135417389,False,87,lp_net_sign_with_mpc_zero_anchor,381.905943454791,340.0556339472053,0.0,0.0,0.4772727272727273,,0.015162457973929122,2.1985834808248796,0.006507437029329234,feasible_mode_library_upper_bound,405.5922052631579,143.29829172141896,262.2939135417389,False,87,lp_net_sign_with_mpc_zero_anchor,381.905943454791,340.0556339472053,0.0,0.0,0.4772727272727273,,0.015699124982347712,2.1985834808248796,0.006507437029329234,0.0,0.0
F1,v2e2_c049d4bc657bdc82a484,qwen37_plus_direct,qwen37f1_31aac6d8f61d7eb15e22,C1,canonical,f72bb749a2ec5fe51da0e86ac561e25e004d96d08380645768afc4adbe8be69c,568.75,False,534.8645736842104,feasible_mode_library_upper_bound_distance_focus,feasible_mode_library_upper_bound,535.9172052631578,252.3078186596583,283.6093866034995,False,91,lp_net_sign_with_mpc_zero_anchor,153.48104345479226,461.86761097036464,0.0,0.0,0.14285714285714285,,0.014448667003307492,0.6679740706305779,0.0014483404087670545,feasible_mode_library_upper_bound,535.9172052631578,252.3078186596583,283.6093866034995,False,91,lp_net_sign_with_mpc_zero_anchor,153.48104345479223,461.86761097036464,0.0,0.0,0.14285714285714285,,0.014038791006896645,0.6679740706305779,0.0014483404087670545,0.0,0.0
F1,v2e2_c049d4bc657bdc82a484,qwen37_plus_direct,qwen37f1_31aac6d8f61d7eb15e22,C2,canonical,f72bb749a2ec5fe51da0e86ac561e25e004d96d08380645768afc4adbe8be69c,568.75,False,534.8645736842104,feasible_mode_library_upper_bound_distance_focus,feasible_mode_library_upper_bound,535.9172052631578,252.3078186596583,283.6093866034995,False,91,lp_net_sign_with_mpc_zero_anchor,153.48104345479226,461.86761097036464,0.0,0.0,0.14285714285714285,,0.014448667003307492,0.6679740706305779,0.0014483404087670545,feasible_mode_library_upper_bound,535.9172052631578,252.3078186596583,283.6093866034995,False,91,lp_net_sign_with_mpc_zero_anchor,153.48104345479223,461.86761097036464,0.0,0.0,0.14285714285714285,,0.014038791006896645,0.6679740706305779,0.0014483404087670545,0.0,0.0
F1,v2e2_c049d4bc657bdc82a484,qwen37_plus_direct,qwen37f1_31aac6d8f61d7eb15e22,S1,stale,ce6bb94c5159371faff434c46887e9b0d2810c9227d8d287c0cc3f3cbbf9ea42,5687.5,False,5650.6126,feasible_mode_library_upper_bound_distance_focus,feasible_mode_library_upper_bound,5651.5626,5371.057818659659,280.50478134034165,False,90,direct_mpc_sign,214.0605487179448,461.21695610911723,0.0,0.0,0.01098901098901099,,0.01405433300533332,0.01731920938317444,3.7552521722690944e-05,feasible_mode_library_upper_bound,5651.5626,5371.057818659659,280.50478134034165,False,90,direct_mpc_sign,214.0605487179448,461.21695610911723,0.0,0.0,0.01098901098901099,,0.01453279101406224,0.01731920938317444,3.7552521722690944e-05,0.0,0.0
F1,v2e2_c049d4bc657bdc82a484,qwen37_plus_direct,qwen37f1_31aac6d8f61d7eb15e22,S2,stale,ce6bb94c5159371faff434c46887e9b0d2810c9227d8d287c0cc3f3cbbf9ea42,5687.5,False,5650.6126,feasible_mode_library_upper_bound_distance_focus,feasible_mode_library_upper_bound,5651.5626,5371.057818659659,280.50478134034165,False,90,direct_mpc_sign,214.0605487179448,461.21695610911723,0.0,0.0,0.01098901098901099,,0.01405433300533332,0.01731920938317444,3.7552521722690944e-05,feasible_mode_library_upper_bound,5651.5626,5371.057818659659,280.50478134034165,False,90,direct_mpc_sign,214.0605487179448,461.21695610911723,0.0,0.0,0.01098901098901099,,0.01453279101406224,0.01731920938317444,3.7552521722690944e-05,0.0,0.0
F1,v2e2_c4d42554da4b1f44862b,qwen37_plus_direct,qwen37f1_df44c3059311d69be180,C1,canonical,0b00276f0b11f10de4c3841a4581717e55d1eb32555ce25a2761acf39b57a447,625.625,False,600.9251,global_distance_optimum_lp_integral_distance_focus,global_distance_optimum_lp_integral,601.8750051248358,601.875,5.124835752212675e-06,True,0,lp_relaxation,23.75009999999994,666.4082828710966,0.0,0.0,0.03296703296703297,,0.016256374976364896,2.055265028064582,0.00309363391580195,global_distance_optimum_lp_integral,601.8750051248358,601.875,5.124835752212675e-06,True,0,lp_relaxation,23.75009999999994,666.4082828710966,0.0,0.0,0.03296703296703297,,0.015587083005812019,2.055265028064582,0.00309363391580195,0.0,0.0
F1,v2e2_c4d42554da4b1f44862b,qwen37_plus_direct,qwen37f1_df44c3059311d69be180,C2,canonical,0b00276f0b11f10de4c3841a4581717e55d1eb32555ce25a2761acf39b57a447,625.625,False,600.9251,global_distance_optimum_lp_integral_distance_focus,global_distance_optimum_lp_integral,601.8750051248358,601.875,5.124835752212675e-06,True,0,lp_relaxation,23.75009999999994,666.4082828710966,0.0,0.0,0.03296703296703297,,0.016256374976364896,2.055265028064582,0.00309363391580195,global_distance_optimum_lp_integral,601.8750051248358,601.875,5.124835752212675e-06,True,0,lp_relaxation,23.75009999999994,666.4082828710966,0.0,0.0,0.03296703296703297,,0.015587083005812019,2.055265028064582,0.00309363391580195,0.0,0.0
F1,v2e2_c4d42554da4b1f44862b,qwen37_plus_direct,qwen37f1_df44c3059311d69be180,S1,stale,3e515c8f4169f75cc4b168579d7407202349b2e2c0fcead40bcc2c4ad6719c9a,64.83750000000002,False,86.94291249999989,feasible_mode_library_upper_bound_distance_focus,feasible_mode_library_upper_bound,87.89291249999988,0.0,87.89291249999988,False,45,direct_mpc_sign,37.30346121795093,666.361090148154,0.0,0.0,0.08791208791208792,,0.014517958974465728,2.008072305121914,0.003022598304199116,feasible_mode_library_upper_bound,87.89291249999988,0.0,87.89291249999988,False,45,direct_mpc_sign,37.30346121795093,666.361090148154,0.0,0.0,0.08791208791208792,,0.013119874987751245,2.008072305121914,0.003022598304199116,0.0,0.0
F1,v2e2_c4d42554da4b1f44862b,qwen37_plus_direct,qwen37f1_df44c3059311d69be180,S2,stale,fbdfb7112ba70228383dfb72f326c8c5a96144fa2032d7df91340e66bee0a40e,46.182500000000005,False,68.48778749999997,feasible_mode_library_upper_bound_distance_focus,feasible_mode_library_upper_bound,69.43778749999998,0.0,69.43778749999998,False,36,direct_mpc_sign,33.40333621794804,666.374668772104,0.0,0.0,0.08791208791208792,,0.014277792011853307,2.0216509290719387,0.0030430371726701453,feasible_mode_library_upper_bound,69.43778749999998,0.0,69.43778749999998,False,36,direct_mpc_sign,33.40333621794804,666.374668772104,0.0,0.0,0.08791208791208792,,0.014091917022597045,2.0216509290719387,0.0030430371726701453,0.0,0.0
F1,v2e2_c577765fa5c45c1fea7a,qwen37_plus_direct,qwen37f1_15b9580deeef7a90c854,C1,canonical,207ab68e14ba9ba7c4b093c0a2f8b275e697279a4be71572d99f4ebe646bdab1,3135.0,False,2989.5395736842106,feasible_mode_library_upper_bound_distance_focus,feasible_mode_library_upper_bound,2977.0880501385045,2728.298291721419,248.78975841708552,False,87,lp_net_sign_with_mpc_zero_anchor,645.4100985794379,307.2260749324739,0.0,0.0,0.11363636363636363,,0.014169333997415379,1.782160966023639,0.005834658621547752,feasible_mode_library_upper_bound,2990.592205263158,2728.298291721419,262.29391354173913,False,87,lp_net_sign_with_mpc_zero_anchor,381.90594345478655,306.753781521869,0.0,0.0,0.07954545454545454,,0.013584791973698884,1.3098675554186343,0.004288406137836843,13.504155124653607,-13.504155124653607
F1,v2e2_c577765fa5c45c1fea7a,qwen37_plus_direct,qwen37f1_15b9580deeef7a90c854,C2,canonical,44529295e6966e119bbec6e4beb3de14ec925e1329362c8b9dc1ba85b8f462cf,312.49899999999997,False,179.86752105263153,feasible_mode_library_upper_bound_distance_focus,feasible_mode_library_upper_bound,180.92015263157893,0.0,180.92015263157893,False,57,raw_sign_with_mpc_zero_anchor,131.57894736842096,308.4738924127197,0.0,0.0,0.4090909090909091,,0.015444708027644083,3.0299784462694106,0.009919917561697501,feasible_mode_library_upper_bound,180.92015263157893,0.0,180.92015263157893,False,57,raw_sign_with_mpc_zero_anchor,131.57894736842096,308.4738924127197,0.0,0.0,0.4090909090909091,,0.014887166995322332,3.0299784462693538,0.009919917561697312,0.0,0.0
F1,v2e2_c577765fa5c45c1fea7a,qwen37_plus_direct,qwen37f1_15b9580deeef7a90c854,S1,stale,d96bb03ba0ffb532dd9b459aaf48a6de2cf9fb99474bcc23d8c852b9fd802a7c,75.9,False,54.62641578947353,global_distance_optimum_lp_integral_distance_focus,global_distance_optimum_lp_integral,55.67904736842091,55.6789473684209,0.00010000000001042508,True,0,lp_relaxation,131.5789473684227,307.84486842414515,0.0,0.0,0.9772727272727273,,0.017836582992458716,2.4009544576948656,0.007860541159640145,global_distance_optimum_lp_integral,55.67904736842091,55.6789473684209,0.00010000000001042508,True,0,lp_relaxation,131.5789473684227,307.84486842414515,0.0,0.0,0.9772727272727273,,0.017641790997004136,2.4009544576948088,0.007860541159639956,0.0,0.0
F1,v2e2_c577765fa5c45c1fea7a,qwen37_plus_direct,qwen37f1_15b9580deeef7a90c854,S2,stale,2ed8c5e9ca4a842129d63d47e1777509c154c996151720e7549abe19f625f877,75.02000000000001,False,55.50641578947373,global_distance_optimum_lp_integral_distance_focus,global_distance_optimum_lp_integral,56.5590473684211,56.55894736842109,0.00010000000001042508,True,0,lp_relaxation,131.57894736842297,307.83052175614523,0.0,0.0,0.9772727272727273,,0.01711866701953113,2.386607789694949,0.00781357126649802,global_distance_optimum_lp_integral,56.5590473684211,56.55894736842109,0.00010000000001042508,True,0,lp_relaxation,131.57894736842297,307.83052175614523,0.0,0.0,0.9772727272727273,,0.017794416984543204,2.3866077896948923,0.007813571266497833,0.0,0.0
F0,v2e2_c9b994f593c92dd9efa9,qwen37_plus_direct,qwen37f0_f13a18fccb1fbe2cf34b,C1,canonical,176c1bf216d4f048c59b1cfee68232f6884f362959d14d69b5b843b89d2863bc,124.99987500000005,False,5.526540789473048,global_distance_optimum_lp_integral_distance_focus,global_distance_optimum_lp_integral,6.579172368420417,6.579072368420416,0.00010000000000065512,True,0,lp_relaxation,131.57894736842047,355.2064529374101,0.0,0.0,0.978021978021978,,0.018067458004225045,18.306631184328353,0.054338500653008714,global_distance_optimum_lp_integral,6.579172368420417,6.579072368420416,0.00010000000000065512,True,0,lp_relaxation,131.57894736842047,355.2064529374101,0.0,0.0,0.978021978021978,,0.017308957991190255,18.306631184328353,0.054338500653008714,0.0,0.0
F0,v2e2_c9b994f593c92dd9efa9,qwen37_plus_direct,qwen37f0_f13a18fccb1fbe2cf34b,C2,canonical,176c1bf216d4f048c59b1cfee68232f6884f362959d14d69b5b843b89d2863bc,124.99987500000005,False,5.526540789473048,global_distance_optimum_lp_integral_distance_focus,global_distance_optimum_lp_integral,6.579172368420417,6.579072368420416,0.00010000000000065512,True,0,lp_relaxation,131.57894736842047,355.2064529374101,0.0,0.0,0.978021978021978,,0.018067458004225045,18.306631184328353,0.054338500653008714,global_distance_optimum_lp_integral,6.579172368420417,6.579072368420416,0.00010000000000065512,True,0,lp_relaxation,131.57894736842047,355.2064529374101,0.0,0.0,0.978021978021978,,0.017308957991190255,18.306631184328353,0.054338500653008714,0.0,0.0
F0,v2e2_c9b994f593c92dd9efa9,qwen37_plus_direct,qwen37f0_f13a18fccb1fbe2cf34b,S1,stale,3e515c8f4169f75cc4b168579d7407202349b2e2c0fcead40bcc2c4ad6719c9a,64.83750000000002,False,65.68891578947412,global_distance_optimum_lp_integral_distance_focus,global_distance_optimum_lp_integral,66.7415473684215,66.74144736842149,0.00010000000000331966,True,0,lp_relaxation,131.5789473684215,354.2050355682278,0.0,0.0,0.967032967032967,,0.01743666600668803,17.305213815146033,0.05136605215490214,global_distance_optimum_lp_integral,66.7415473684215,66.74144736842149,0.00010000000000331966,True,0,lp_relaxation,131.5789473684215,354.2050355682278,0.0,0.0,0.967032967032967,,0.017053874995326623,17.305213815146033,0.05136605215490214,0.0,0.0
F0,v2e2_c9b994f593c92dd9efa9,qwen37_plus_direct,qwen37f0_f13a18fccb1fbe2cf34b,S2,stale,e0372355b11acfb403b88438ef99cc629a9536a2f9ed051864d33db43cb23b79,46.31900000000001,False,84.20741578947293,global_distance_optimum_lp_integral_distance_focus,global_distance_optimum_lp_integral,85.26004736842036,85.25994736842036,0.00010000000000331966,True,0,lp_relaxation,131.57894736842113,353.8967906302377,0.0,0.0,0.9560439560439561,,0.018115042010322213,16.99696887715595,0.05045110676732043,global_distance_optimum_lp_integral,85.26004736842033,85.25994736842033,0.00010000000000331966,True,0,lp_relaxation,131.57894736842113,353.8967906302377,0.0,0.0,0.9560439560439561,,0.017433583008823916,16.99696887715595,0.05045110676732043,-2.842170943040401e-14,2.842170943040401e-14
F1,v2e2_c9b994f593c92dd9efa9,qwen37_plus_direct,qwen37f1_ec592705915514026f43,C1,canonical,176c1bf216d4f048c59b1cfee68232f6884f362959d14d69b5b843b89d2863bc,124.99987500000005,False,5.526540789473048,global_distance_optimum_lp_integral_distance_focus,global_distance_optimum_lp_integral,6.579172368420417,6.579072368420416,0.00010000000000065512,True,0,lp_relaxation,131.57894736842047,355.2064529374101,0.0,0.0,0.978021978021978,,0.018067458004225045,18.306631184328353,0.054338500653008714,global_distance_optimum_lp_integral,6.579172368420417,6.579072368420416,0.00010000000000065512,True,0,lp_relaxation,131.57894736842047,355.2064529374101,0.0,0.0,0.978021978021978,,0.017308957991190255,18.306631184328353,0.054338500653008714,0.0,0.0
F1,v2e2_c9b994f593c92dd9efa9,qwen37_plus_direct,qwen37f1_ec592705915514026f43,C2,canonical,176c1bf216d4f048c59b1cfee68232f6884f362959d14d69b5b843b89d2863bc,124.99987500000005,False,5.526540789473048,global_distance_optimum_lp_integral_distance_focus,global_distance_optimum_lp_integral,6.579172368420417,6.579072368420416,0.00010000000000065512,True,0,lp_relaxation,131.57894736842047,355.2064529374101,0.0,0.0,0.978021978021978,,0.018067458004225045,18.306631184328353,0.054338500653008714,global_distance_optimum_lp_integral,6.579172368420417,6.579072368420416,0.00010000000000065512,True,0,lp_relaxation,131.57894736842047,355.2064529374101,0.0,0.0,0.978021978021978,,0.017308957991190255,18.306631184328353,0.054338500653008714,0.0,0.0
F1,v2e2_c9b994f593c92dd9efa9,qwen37_plus_direct,qwen37f1_ec592705915514026f43,S1,stale,f70d05c435ed58d80a9125da555752a483265419be30b4731d3e2e90a1a95594,341.25,False,204.43223296398892,feasible_mode_library_upper_bound_distance_focus,feasible_mode_library_upper_bound,205.4848645429363,35.69973718790958,169.7851273550267,False,91,lp_net_sign_with_mpc_zero_anchor,213.26338417501236,350.7433884626791,0.0,0.0,0.4945054945054945,,0.015815582999493927,13.843566709597326,0.041091047889433005,feasible_mode_library_upper_bound,205.4848645429363,35.69973718790958,169.7851273550267,False,91,lp_net_sign_with_mpc_zero_anchor,213.2633841750124,350.7433884626791,0.0,0.0,0.4945054945054945,,0.036121000011917204,13.843566709597326,0.041091047889433005,0.0,0.0
F1,v2e2_c9b994f593c92dd9efa9,qwen37_plus_direct,qwen37f1_ec592705915514026f43,S2,stale,4840ca57aadcf6e001372827c7984431da30c1a9438c2d6bb15cdab75bb5e325,45.5,False,85.02641578947423,global_distance_optimum_lp_integral_distance_focus,global_distance_optimum_lp_integral,86.07904736842158,86.07894736842158,0.00010000000000331966,True,0,lp_relaxation,131.57894736842073,353.8831581759776,0.0,0.0,0.9560439560439561,,0.01823237500502728,16.98333642289583,0.050410642352144486,global_distance_optimum_lp_integral,86.07904736842156,86.07894736842155,0.00010000000000331966,True,0,lp_relaxation,131.57894736842073,353.8831581759776,0.0,0.0,0.9560439560439561,,0.017762499977834523,16.98333642289583,0.050410642352144486,-2.842170943040401e-14,2.842170943040401e-14
F1,v2e2_cd47662d04581b339960,qwen37_plus_direct,qwen37f1_dedabb5c8f24a1a133ae,C1,canonical,78915023ce7cd837c729fc210e41ccd5bbb5522058067c1e6c39b88a416fc6a3,315.0,False,182.36852105263114,feasible_mode_library_upper_bound_distance_focus,feasible_mode_library_upper_bound,183.4211526315785,0.0,183.4211526315785,False,74,raw_sign_with_mpc_zero_anchor,131.5789473684215,288.91042153495886,0.0,0.0,0.4,,0.015505917021073401,7.933309181215122,0.028234716752399636,feasible_mode_library_upper_bound,183.4211526315785,0.0,183.4211526315785,False,74,raw_sign_with_mpc_zero_anchor,131.5789473684215,287.14213324019136,369.16248325000004,-1.7682882947675,0.4,,0.01438962499378249,7.933309181215179,0.028413533160898445,0.0,0.0
F1,v2e2_cd47662d04581b339960,qwen37_plus_direct,qwen37f1_dedabb5c8f24a1a133ae,C2,canonical,9de97df717a1f745f6f10f70e1e3f9b5e0f7465e00209ecf1914d77e2dea71d1,625.0049999999999,False,476.83621868421045,feasible_mode_library_upper_bound_distance_focus,feasible_mode_library_upper_bound,465.70125276315787,269.55164914586106,196.1496036172968,False,88,lp_net_sign_with_mpc_zero_anchor,672.5679909547956,288.76527168221673,0.0,0.0,0.6555555555555556,,0.014182665996486321,7.788159328473,0.027718127157161064,feasible_mode_library_upper_bound,473.8413657132964,269.551649145861,204.2897165674354,False,88,lp_net_sign_with_mpc_zero_anchor,513.7314280046589,286.6608467112825,369.16248325000004,-1.7682882947675,0.5222222222222223,,0.014844916004221886,7.452022652306312,0.02668978202040008,8.14011295013853,-8.14011295013853
F1,v2e2_cd47662d04581b339960,qwen37_plus_direct,qwen37f1_dedabb5c8f24a1a133ae,S1,stale,848a40df4838eb63cfd30d2b6c7a4cec8f5026d118d28652728e479512192650,37.800000000000004,False,92.7264157894736,global_distance_optimum_lp_integral_distance_focus,global_distance_optimum_lp_integral,93.77904736842098,93.77894736842097,0.00010000000000331966,True,0,lp_relaxation,131.57894736842096,286.1726272768458,0.0,0.0,0.9666666666666667,,0.01778079100768082,5.195514923102053,0.01849088304587962,global_distance_optimum_lp_integral,93.77904736842098,93.77894736842097,0.00010000000000331966,True,0,lp_relaxation,131.57894736842096,284.4043389820783,369.16248325000004,-1.7682882947675,0.9666666666666667,,0.01785066700540483,5.19551492310211,0.018607989703092912,0.0,0.0
F1,v2e2_cd47662d04581b339960,qwen37_plus_direct,qwen37f1_dedabb5c8f24a1a133ae,S2,stale,809389eeb8fde52ad87b09487cc20511bd51e0a688edbec3c0b5b860756f2a49,225.0,False,92.36852105263158,feasible_mode_library_upper_bound_distance_focus,feasible_mode_library_upper_bound,93.42115263157895,0.0,93.42115263157895,False,37,raw_sign_with_mpc_zero_anchor,131.57894736842104,289.22386780995885,0.0,0.0,0.5666666666666667,,0.014937750005628914,8.246755456215112,0.029350274786199084,feasible_mode_library_upper_bound,93.42115263157895,0.0,93.42115263157895,False,37,raw_sign_with_mpc_zero_anchor,131.57894736842104,287.45557951519135,369.16248325000004,-1.7682882947675,0.5666666666666667,,0.01568087501800619,8.246755456215169,0.029536156258704916,0.0,0.0
F1,v2e2_d00d3a4d54f973fa24ac,qwen37_plus_direct,qwen37f1_27479db8834038d8e285,C1,canonical,e13cf2947d2ef6eb5a1cfc4816545b6479f271da5c130d518748c0c12124bd31,374.9989000000001,False,216.0516315789472,feasible_mode_library_upper_bound_distance_focus,feasible_mode_library_upper_bound,217.1042631578946,0.0,217.1042631578946,False,69,raw_sign_with_mpc_zero_anchor,157.89473684210554,581.1861801254721,0.0,0.0,0.40217391304347827,,0.015532332996372133,1.189800377685856,0.002051392765939755,feasible_mode_library_upper_bound,217.1042631578946,0.0,217.1042631578946,False,69,raw_sign_with_mpc_zero_anchor,157.89473684210554,581.1861801254721,0.0,0.0,0.40217391304347827,,0.015099624986760318,1.189800377685856,0.002051392765939755,0.0,0.0
F1,v2e2_d00d3a4d54f973fa24ac,qwen37_plus_direct,qwen37f1_27479db8834038d8e285,C2,canonical,c1ce617d1dfc52dced716a8a9100b47b3bb14ce2cabefcea2d52ab374086c447,374.90000000000003,False,215.9527315789471,feasible_mode_library_upper_bound_distance_focus,feasible_mode_library_upper_bound,217.0053631578945,0.0,217.0053631578945,False,69,raw_sign_with_mpc_zero_anchor,157.89473684210563,581.1866955871659,0.0,0.0,0.40217391304347827,,0.015202334005152807,1.1903158393796502,0.0020522814985453252,feasible_mode_library_upper_bound,217.0053631578945,0.0,217.0053631578945,False,69,raw_sign_with_mpc_zero_anchor,157.89473684210563,581.1866955871659,0.0,0.0,0.40217391304347827,,0.01542720801080577,1.1903158393796502,0.0020522814985453252,0.0,0.0
F1,v2e2_d00d3a4d54f973fa24ac,qwen37_plus_direct,qwen37f1_27479db8834038d8e285,S1,stale,1ffcb362bafd46fd36f852c496fbd549e588dfb8f46d331076d62b666bf0f7bd,78.19999999999996,False,78.64220526315746,global_distance_optimum_lp_integral_distance_focus,global_distance_optimum_lp_integral,79.69483684210483,79.69473684210483,0.00010000000000331966,True,0,lp_relaxation,157.8947368421048,580.8054986703993,0.0,0.0,0.967391304347826,,0.017658708995440975,0.8091189226130382,0.0013950413327836406,global_distance_optimum_lp_integral,79.69483684210483,79.69473684210483,0.00010000000000331966,True,0,lp_relaxation,157.8947368421048,580.8054986703993,0.0,0.0,0.967391304347826,,0.01758595899445936,0.8091189226130382,0.0013950413327836406,0.0,0.0
F1,v2e2_d00d3a4d54f973fa24ac,qwen37_plus_direct,qwen37f1_27479db8834038d8e285,S2,stale,e13cf2947d2ef6eb5a1cfc4816545b6479f271da5c130d518748c0c12124bd31,374.9989000000001,False,216.0516315789472,feasible_mode_library_upper_bound_distance_focus,feasible_mode_library_upper_bound,217.1042631578946,0.0,217.1042631578946,False,69,raw_sign_with_mpc_zero_anchor,157.89473684210554,581.1861801254721,0.0,0.0,0.40217391304347827,,0.015532332996372133,1.189800377685856,0.002051392765939755,feasible_mode_library_upper_bound,217.1042631578946,0.0,217.1042631578946,False,69,raw_sign_with_mpc_zero_anchor,157.89473684210554,581.1861801254721,0.0,0.0,0.40217391304347827,,0.015099624986760318,1.189800377685856,0.002051392765939755,0.0,0.0
F1,v2e2_d2a42e359dd264f920da,qwen37_plus_direct,qwen37f1_56d4cec0083088dc9871,C1,canonical,eb6bb5bcbaefb3806e29ce3efe79f877e6d092fc58af6cbe538810faaedc7a66,4550.0,False,4377.3001,feasible_mode_library_upper_bound_distance_focus,feasible_mode_library_upper_bound,4378.2501,4167.017082785809,211.23301721419102,False,85,direct_mpc_sign,428.24804871794504,466.21445630078205,0.0,0.0,0.054945054945054944,,0.014077500003622845,0.026404243995330035,5.6638611562086355e-05,feasible_mode_library_upper_bound,4378.2501,4167.017082785809,211.23301721419102,False,85,direct_mpc_sign,428.24804871794504,466.21445630078205,0.0,0.0,0.054945054945054944,,0.013437207991955802,0.026404243995330035,5.6638611562086355e-05,0.0,0.0
F1,v2e2_d2a42e359dd264f920da,qwen37_plus_direct,qwen37f1_56d4cec0083088dc9871,C2,canonical,eb6bb5bcbaefb3806e29ce3efe79f877e6d092fc58af6cbe538810faaedc7a66,4550.0,False,4377.3001,feasible_mode_library_upper_bound_distance_focus,feasible_mode_library_upper_bound,4378.2501,4167.017082785809,211.23301721419102,False,85,direct_mpc_sign,428.24804871794504,466.21445630078205,0.0,0.0,0.054945054945054944,,0.014077500003622845,0.026404243995330035,5.6638611562086355e-05,feasible_mode_library_upper_bound,4378.2501,4167.017082785809,211.23301721419102,False,85,direct_mpc_sign,428.24804871794504,466.21445630078205,0.0,0.0,0.054945054945054944,,0.013437207991955802,0.026404243995330035,5.6638611562086355e-05,0.0,0.0
F1,v2e2_d2a42e359dd264f920da,qwen37_plus_direct,qwen37f1_56d4cec0083088dc9871,S1,stale,eb6bb5bcbaefb3806e29ce3efe79f877e6d092fc58af6cbe538810faaedc7a66,4550.0,False,4377.3001,feasible_mode_library_upper_bound_distance_focus,feasible_mode_library_upper_bound,4378.2501,4167.017082785809,211.23301721419102,False,85,direct_mpc_sign,428.24804871794504,466.21445630078205,0.0,0.0,0.054945054945054944,,0.014077500003622845,0.026404243995330035,5.6638611562086355e-05,feasible_mode_library_upper_bound,4378.2501,4167.017082785809,211.23301721419102,False,85,direct_mpc_sign,428.24804871794504,466.21445630078205,0.0,0.0,0.054945054945054944,,0.013437207991955802,0.026404243995330035,5.6638611562086355e-05,0.0,0.0
F1,v2e2_d2a42e359dd264f920da,qwen37_plus_direct,qwen37f1_56d4cec0083088dc9871,S2,stale,d238f911ad8f0e81cde7fce283b201eb81138b760717deaae9f16676f0549735,455.0,False,285.7895736842105,feasible_mode_library_upper_bound_distance_focus,feasible_mode_library_upper_bound,286.8422052631579,72.01708278580884,214.82512247734905,False,90,lp_net_sign_with_mpc_zero_anchor,358.1560434547911,468.1058142188646,0.0,0.0,0.5604395604395604,,0.015306375018553808,1.9177621620779064,0.004113709378901677,feasible_mode_library_upper_bound,286.8422052631579,72.01708278580884,214.82512247734905,False,90,lp_net_sign_with_mpc_zero_anchor,358.1560434547911,468.1058142188646,0.0,0.0,0.5604395604395604,,0.015388375002657995,1.9177621620779064,0.004113709378901677,0.0,0.0
F1,v2e2_d6701d548a93409fed9a,qwen37_plus_direct,qwen37f1_432cbcaad18dba17ba76,C1,canonical,3f5cc92084a1725589c960c4764b6669c38a4fe44f353a76f03fc803fdf0389c,310.5,False,177.86852105263205,feasible_mode_library_upper_bound_distance_focus,feasible_mode_library_upper_bound,178.92115263157942,0.0,178.92115263157942,False,57,raw_sign_with_mpc_zero_anchor,131.5790473684206,406.39101957378944,0.0,0.0,0.40217391304347827,,0.015722457988886163,15.648718696658932,0.040048693631406174,feasible_mode_library_upper_bound,178.92115263157942,0.0,178.92115263157942,False,57,raw_sign_with_mpc_zero_anchor,131.5790473684206,406.39101957378944,0.0,0.0,0.40217391304347827,,0.015653290989575908,15.648718696658932,0.040048693631406174,0.0,0.0
F1,v2e2_d6701d548a93409fed9a,qwen37_plus_direct,qwen37f1_432cbcaad18dba17ba76,C2,canonical,ba0a5428f07d905ec102ad637d106017c0fb0fdede322fda6073a4ff0b44e9cc,3105.0,False,2949.1032250000007,feasible_mode_library_upper_bound_distance_focus,feasible_mode_library_upper_bound,2950.053225,2685.4862023653086,264.5670226346915,False,91,direct_mpc_sign,587.551273717938,393.6261913837278,0.0,0.0,0.09782608695652174,,0.013784332986688241,2.883890506597311,0.007380543391702437,feasible_mode_library_upper_bound,2950.053225,2685.4862023653086,264.5670226346915,False,91,direct_mpc_sign,587.551273717938,393.6261913837278,0.0,0.0,0.09782608695652174,,0.01309525000397116,2.883890506597311,0.007380543391702437,0.0,0.0
F1,v2e2_d6701d548a93409fed9a,qwen37_plus_direct,qwen37f1_432cbcaad18dba17ba76,S1,stale,23cd904e05dc77458353892d5f14d947eba44b207c53c72781ee8e10c1307fa8,37.48999999999998,False,93.03641578947393,global_distance_optimum_lp_integral_distance_focus,global_distance_optimum_lp_integral,94.08904736842123,94.08894736842123,0.00010000000000331966,True,0,lp_relaxation,131.57894736842027,405.59391260465077,0.0,0.0,0.967391304347826,,0.017002707987558097,14.851611727520265,0.03800871237688283,global_distance_optimum_lp_integral,94.08904736842123,94.08894736842123,0.00010000000000331966,True,0,lp_relaxation,131.57894736842027,405.59391260465077,0.0,0.0,0.967391304347826,,0.017965750012081116,14.851611727520265,0.03800871237688283,0.0,0.0
F1,v2e2_d6701d548a93409fed9a,qwen37_plus_direct,qwen37f1_432cbcaad18dba17ba76,S2,stale,c1ce617d1dfc52dced716a8a9100b47b3bb14ce2cabefcea2d52ab374086c447,374.90000000000003,False,242.26852105263134,feasible_mode_library_upper_bound_distance_focus,feasible_mode_library_upper_bound,243.3211526315787,0.0,243.3211526315787,False,78,raw_sign_with_mpc_zero_anchor,131.57904736842139,405.9382873449869,0.0,0.0,0.33695652173913043,,0.016299374983645976,15.195986467856414,0.038890047055936273,feasible_mode_library_upper_bound,243.3211526315787,0.0,243.3211526315787,False,78,raw_sign_with_mpc_zero_anchor,131.57904736842139,405.9382873449869,0.0,0.0,0.33695652173913043,,0.014498375006951392,15.195986467856414,0.038890047055936273,0.0,0.0
F1,v2e2_d6ba00286f170447ebbf,qwen37_plus_direct,qwen37f1_ee7f0861126b4b76602e,C1,canonical,c1ce617d1dfc52dced716a8a9100b47b3bb14ce2cabefcea2d52ab374086c447,374.90000000000003,False,215.9527315789471,feasible_mode_library_upper_bound_distance_focus,feasible_mode_library_upper_bound,217.0053631578945,0.0,217.0053631578945,False,69,raw_sign_with_mpc_zero_anchor,157.89483684210566,406.4050271583175,0.0,0.0,0.40217391304347827,,0.014893124985974282,14.151825742343306,0.03607829251936599,feasible_mode_library_upper_bound,217.0053631578945,0.0,217.0053631578945,False,69,raw_sign_with_mpc_zero_anchor,157.89483684210566,406.4050271583175,0.0,0.0,0.40217391304347827,,0.015195916988886893,14.151825742343306,0.03607829251936599,0.0,0.0
F1,v2e2_d6ba00286f170447ebbf,qwen37_plus_direct,qwen37f1_ee7f0861126b4b76602e,C2,canonical,c1ce617d1dfc52dced716a8a9100b47b3bb14ce2cabefcea2d52ab374086c447,374.90000000000003,False,215.9527315789471,feasible_mode_library_upper_bound_distance_focus,feasible_mode_library_upper_bound,217.0053631578945,0.0,217.0053631578945,False,69,raw_sign_with_mpc_zero_anchor,157.89483684210566,406.4050271583175,0.0,0.0,0.40217391304347827,,0.014893124985974282,14.151825742343306,0.03607829251936599,feasible_mode_library_upper_bound,217.0053631578945,0.0,217.0053631578945,False,69,raw_sign_with_mpc_zero_anchor,157.89483684210566,406.4050271583175,0.0,0.0,0.40217391304347827,,0.015195916988886893,14.151825742343306,0.03607829251936599,0.0,0.0
F1,v2e2_d6ba00286f170447ebbf,qwen37_plus_direct,qwen37f1_ee7f0861126b4b76602e,S1,stale,cf47db740caa6104de8115e1632cc94e0303545bc75a5521b37d7aad8eb5a938,379.5,False,220.55273157894692,feasible_mode_library_upper_bound_distance_focus,feasible_mode_library_upper_bound,221.6053631578943,0.0,221.6053631578943,False,71,raw_sign_with_mpc_zero_anchor,157.89483684210572,406.3448355563175,0.0,0.0,0.40217391304347827,,0.015061415993841365,14.091634140343274,0.035924841631565084,feasible_mode_library_upper_bound,221.6053631578943,0.0,221.6053631578943,False,71,raw_sign_with_mpc_zero_anchor,157.89483684210572,406.3448355563175,0.0,0.0,0.40217391304347827,,0.01620841701515019,14.091634140343274,0.035924841631565084,0.0,0.0
F1,v2e2_d6ba00286f170447ebbf,qwen37_plus_direct,qwen37f1_ee7f0861126b4b76602e,S2,stale,c1ce617d1dfc52dced716a8a9100b47b3bb14ce2cabefcea2d52ab374086c447,374.90000000000003,False,215.9527315789471,feasible_mode_library_upper_bound_distance_focus,feasible_mode_library_upper_bound,217.0053631578945,0.0,217.0053631578945,False,69,raw_sign_with_mpc_zero_anchor,157.89483684210566,406.4050271583175,0.0,0.0,0.40217391304347827,,0.014893124985974282,14.151825742343306,0.03607829251936599,feasible_mode_library_upper_bound,217.0053631578945,0.0,217.0053631578945,False,69,raw_sign_with_mpc_zero_anchor,157.89483684210566,406.4050271583175,0.0,0.0,0.40217391304347827,,0.015195916988886893,14.151825742343306,0.03607829251936599,0.0,0.0
F1,v2e2_e6c8a896df3972a400a6,qwen37_plus_direct,qwen37f1_86c207b5817e368dedb6,C1,canonical,cf47db740caa6104de8115e1632cc94e0303545bc75a5521b37d7aad8eb5a938,379.5,False,220.55273157894692,feasible_mode_library_upper_bound_distance_focus,feasible_mode_library_upper_bound,221.6053631578943,0.0,221.6053631578943,False,71,raw_sign_with_mpc_zero_anchor,157.89483684210572,406.44038045313255,0.0,0.0,0.40217391304347827,,0.015924790990538895,8.12493342385767,0.020398238342136187,feasible_mode_library_upper_bound,221.6053631578943,0.0,221.6053631578943,False,71,raw_sign_with_mpc_zero_anchor,157.89483684210572,406.44038045313255,0.0,0.0,0.40217391304347827,,0.015933999995468184,8.12493342385767,0.020398238342136187,0.0,0.0
F1,v2e2_e6c8a896df3972a400a6,qwen37_plus_direct,qwen37f1_86c207b5817e368dedb6,C2,canonical,e13cf2947d2ef6eb5a1cfc4816545b6479f271da5c130d518748c0c12124bd31,374.9989000000001,False,216.0516315789472,feasible_mode_library_upper_bound_distance_focus,feasible_mode_library_upper_bound,217.1042631578946,0.0,217.1042631578946,False,69,raw_sign_with_mpc_zero_anchor,157.8948368421053,406.54339334644084,0.0,0.0,0.40217391304347827,,0.015629375004209578,8.227946317165959,0.02065685972897062,feasible_mode_library_upper_bound,217.1042631578946,0.0,217.1042631578946,False,69,raw_sign_with_mpc_zero_anchor,157.8948368421053,406.54339334644084,0.0,0.0,0.40217391304347827,,0.01538741699187085,8.227946317165959,0.02065685972897062,0.0,0.0
F1,v2e2_e6c8a896df3972a400a6,qwen37_plus_direct,qwen37f1_86c207b5817e368dedb6,S1,stale,c1ce617d1dfc52dced716a8a9100b47b3bb14ce2cabefcea2d52ab374086c447,374.90000000000003,False,215.9527315789471,feasible_mode_library_upper_bound_distance_focus,feasible_mode_library_upper_bound,217.00536315789452,0.0,217.00536315789452,False,69,raw_sign_with_mpc_zero_anchor,157.89483684210566,406.54565678763254,0.0,0.0,0.40217391304347827,,0.016325875010807067,8.23020975835766,0.02066254226327498,feasible_mode_library_upper_bound,217.00536315789452,0.0,217.00536315789452,False,69,raw_sign_with_mpc_zero_anchor,157.89483684210566,406.54565678763254,0.0,0.0,0.40217391304347827,,0.015997375012375414,8.23020975835766,0.02066254226327498,0.0,0.0
F1,v2e2_e6c8a896df3972a400a6,qwen37_plus_direct,qwen37f1_86c207b5817e368dedb6,S2,stale,7431e6eee2e267cb1ba01974c1488da6b5b4db11daacf0eb17ac0deff21e8291,387.31999999999994,False,228.37273157894782,feasible_mode_library_upper_bound_distance_focus,feasible_mode_library_upper_bound,229.42536315789516,0.0,229.42536315789516,False,73,raw_sign_with_mpc_zero_anchor,157.89483684210484,406.4963690583825,0.0,0.0,0.391304347826087,,0.016072041005827487,8.180922029107649,0.020538801821829364,feasible_mode_library_upper_bound,229.42536315789516,0.0,229.42536315789516,False,73,raw_sign_with_mpc_zero_anchor,157.89483684210484,406.4963690583825,0.0,0.0,0.391304347826087,,0.016323582996847108,8.180922029107649,0.020538801821829364,0.0,0.0
F1,v2e2_e87de31d325befcf7b51,qwen37_plus_direct,qwen37f1_57f5366dedb07226c3a5,C1,canonical,9086d0da451f2ac43ec9df6ff3c998118513b231374b65fe31221bbdbd70ed9e,5562.5,False,5507.33135,feasible_mode_library_upper_bound_distance_focus,feasible_mode_library_upper_bound,5508.28135,5252.4638633377135,255.81748666228668,False,82,direct_mpc_sign,570.779298717945,372.8738340555042,0.0,0.0,0.0449438202247191,,0.012968583003384992,0.451458247226185,0.0012122210601507855,feasible_mode_library_upper_bound,5508.28135,5252.4638633377135,255.81748666228668,False,82,direct_mpc_sign,570.779298717945,372.8738340555042,0.0,0.0,0.0449438202247191,,0.013675374997546896,0.451458247226185,0.0012122210601507855,0.0,0.0
F1,v2e2_e87de31d325befcf7b51,qwen37_plus_direct,qwen37f1_57f5366dedb07226c3a5,C2,canonical,e775a4ac54ab3a72c9cdb0dd548eec9af716b52be786d407836b3c8ea2692fca,556.25,False,505.7895736842105,feasible_mode_library_upper_bound_distance_focus,feasible_mode_library_upper_bound,506.8422052631579,246.21386333771332,260.6283419254446,False,86,lp_net_sign_with_mpc_zero_anchor,476.9059434547912,374.2023830621637,0.0,0.0,0.47191011235955055,,0.015084832994034514,1.7800072538856853,0.004779538957675379,feasible_mode_library_upper_bound,506.8422052631579,246.21386333771332,260.6283419254446,False,86,lp_net_sign_with_mpc_zero_anchor,476.9059434547912,374.2023830621637,0.0,0.0,0.47191011235955055,,0.014988542010542005,1.7800072538856853,0.004779538957675379,0.0,0.0
F1,v2e2_e87de31d325befcf7b51,qwen37_plus_direct,qwen37f1_57f5366dedb07226c3a5,S1,stale,96769223ed0062c1308d45a96931dc55e72b616c828dbc5673c7ad947baed1a2,374.9124999999999,False,340.79210138504163,feasible_mode_library_upper_bound_distance_focus,feasible_mode_library_upper_bound,341.8447329639889,64.87636333771309,276.96836962627583,False,89,lp_net_sign_with_mpc_zero_anchor,158.06601575395626,376.1527303105278,0.0,0.0,0.23595505617977527,,0.014456874981988221,3.7303545022497815,0.010016461804030157,feasible_mode_library_upper_bound,341.8447329639889,64.87636333771309,276.96836962627583,False,89,lp_net_sign_with_mpc_zero_anchor,158.06601575395626,376.1527303105278,0.0,0.0,0.23595505617977527,,0.013906042004236951,3.7303545022497815,0.010016461804030157,0.0,0.0
F1,v2e2_e87de31d325befcf7b51,qwen37_plus_direct,qwen37f1_57f5366dedb07226c3a5,S2,stale,ee95cd7d3c7f177ce6e28b4708d31ac435be0741d8c1da96de667f5900f1fb73,37.38,False,10.011678947368484,feasible_mode_library_upper_bound_distance_focus,feasible_mode_library_upper_bound,11.06431052631585,0.0,11.06431052631585,False,4,raw_sign_with_mpc_zero_anchor,26.315789473684152,377.2963115733677,0.0,0.0,0.6853932584269663,,0.016379374981625006,4.873935765089698,0.013087118502242697,feasible_mode_library_upper_bound,11.06431052631585,0.0,11.06431052631585,False,4,raw_sign_with_mpc_zero_anchor,26.315789473684152,377.2963115733677,0.0,0.0,0.6853932584269663,,0.016317625006195158,4.873935765089698,0.013087118502242697,0.0,0.0
F1,v2e2_e9230cb9c5afdd6582ec,qwen37_plus_direct,qwen37f1_ce6f722eecf69d0a2e4a,C1,canonical,6e74b54cfb5c8a84c53c6323b1e9231e47b0c14dd2799d8845e73ad252048195,3448.75,False,3255.1032250000003,feasible_mode_library_upper_bound_distance_focus,feasible_mode_library_upper_bound,3256.0532250000006,3097.2371879106445,158.8160370893561,False,82,direct_mpc_sign,349.80117371794677,488.7160478071814,0.0,0.0,0.06741573033707865,,0.013662207988090813,0.08699030480124748,0.00017802933220119384,feasible_mode_library_upper_bound,3256.0532250000006,3097.2371879106445,158.8160370893561,False,82,direct_mpc_sign,349.80117371794677,488.7160478071814,0.0,0.0,0.06741573033707865,,0.013887374982004985,0.08699030480124748,0.00017802933220119384,0.0,0.0
F1,v2e2_e9230cb9c5afdd6582ec,qwen37_plus_direct,qwen37f1_ce6f722eecf69d0a2e4a,C2,canonical,1c50a99394be8ce1044b12fd6bdcb07d4663d207448e9cb0621d5b54fcb542ee,46.72500000000001,False,136.43299473684203,global_distance_optimum_lp_integral_distance_focus,global_distance_optimum_lp_integral,137.4856263157894,137.4855263157894,0.00010000000000331966,True,0,lp_relaxation,184.21052631578962,489.25947362807204,0.0,0.0,0.9438202247191011,,0.015949958004057407,0.6304161256919087,0.001290173222432311,global_distance_optimum_lp_integral,137.4856263157894,137.4855263157894,0.00010000000000331966,True,0,lp_relaxation,184.21052631578962,489.25947362807204,0.0,0.0,0.9438202247191011,,0.01696758298203349,0.6304161256919087,0.001290173222432311,0.0,0.0
F1,v2e2_e9230cb9c5afdd6582ec,qwen37_plus_direct,qwen37f1_ce6f722eecf69d0a2e4a,S1,stale,6e74b54cfb5c8a84c53c6323b1e9231e47b0c14dd2799d8845e73ad252048195,3448.75,False,3255.1032250000003,feasible_mode_library_upper_bound_distance_focus,feasible_mode_library_upper_bound,3256.0532250000006,3097.2371879106445,158.8160370893561,False,82,direct_mpc_sign,349.80117371794677,488.7160478071814,0.0,0.0,0.06741573033707865,,0.013662207988090813,0.08699030480124748,0.00017802933220119384,feasible_mode_library_upper_bound,3256.0532250000006,3097.2371879106445,158.8160370893561,False,82,direct_mpc_sign,349.80117371794677,488.7160478071814,0.0,0.0,0.06741573033707865,,0.013887374982004985,0.08699030480124748,0.00017802933220119384,0.0,0.0
F1,v2e2_e9230cb9c5afdd6582ec,qwen37_plus_direct,qwen37f1_ce6f722eecf69d0a2e4a,S2,stale,6e74b54cfb5c8a84c53c6323b1e9231e47b0c14dd2799d8845e73ad252048195,3448.75,False,3255.1032250000003,feasible_mode_library_upper_bound_distance_focus,feasible_mode_library_upper_bound,3256.0532250000006,3097.2371879106445,158.8160370893561,False,82,direct_mpc_sign,349.80117371794677,488.7160478071814,0.0,0.0,0.06741573033707865,,0.013662207988090813,0.08699030480124748,0.00017802933220119384,feasible_mode_library_upper_bound,3256.0532250000006,3097.2371879106445,158.8160370893561,False,82,direct_mpc_sign,349.80117371794677,488.7160478071814,0.0,0.0,0.06741573033707865,,0.013887374982004985,0.08699030480124748,0.00017802933220119384,0.0,0.0
F1,v2e2_ea69a5744fe4489919e6,qwen37_plus_direct,qwen37f1_3e3b5704ff481994ec3a,C1,canonical,d865789a12c8e9a77c234e7fe35f6cab7706f3b55d2dc36668d01ad88d94203d,518.75,False,494.05009999999993,global_distance_optimum_lp_integral_distance_focus,global_distance_optimum_lp_integral,495.0001,495.0,9.999999997489795e-05,True,0,lp_relaxation,23.750100000000035,333.055998456805,0.0,0.0,0.024096385542168676,,0.014079042011871934,6.65800599666602,0.020398428147437586,global_distance_optimum_lp_integral,495.0001,495.0,9.999999997489795e-05,True,0,lp_relaxation,23.750100000000035,333.055998456805,0.0,0.0,0.024096385542168676,,0.014637915999628603,6.65800599666602,0.020398428147437586,0.0,0.0
F1,v2e2_ea69a5744fe4489919e6,qwen37_plus_direct,qwen37f1_3e3b5704ff481994ec3a,C2,canonical,d865789a12c8e9a77c234e7fe35f6cab7706f3b55d2dc36668d01ad88d94203d,518.75,False,494.05009999999993,global_distance_optimum_lp_integral_distance_focus,global_distance_optimum_lp_integral,495.0001,495.0,9.999999997489795e-05,True,0,lp_relaxation,23.750100000000035,333.055998456805,0.0,0.0,0.024096385542168676,,0.014079042011871934,6.65800599666602,0.020398428147437586,global_distance_optimum_lp_integral,495.0001,495.0,9.999999997489795e-05,True,0,lp_relaxation,23.750100000000035,333.055998456805,0.0,0.0,0.024096385542168676,,0.014637915999628603,6.65800599666602,0.020398428147437586,0.0,0.0
F1,v2e2_ea69a5744fe4489919e6,qwen37_plus_direct,qwen37f1_3e3b5704ff481994ec3a,S1,stale,c11bb7e5d87801615f2ed0936f66a44988d4907316552713e19f178016b13e8e,861.125,False,831.1562634349028,feasible_mode_library_upper_bound_distance_focus,feasible_mode_library_upper_bound,852.4651277008309,620.24129434954,232.22383335129086,False,79,lp_net_sign_with_mpc_zero_anchor,656.1580210171162,328.23747901583926,0.0,0.0,0.3855421686746988,,0.01398983399849385,1.8394865557002618,0.005635716512333963,feasible_mode_library_upper_bound,852.465127700831,620.24129434954,232.22383335129098,False,79,lp_net_sign_with_mpc_zero_anchor,656.1580210171184,328.14647662815304,0.0,0.0,0.3855421686746988,,0.013920041994424537,1.7484841680140448,0.005356908462687854,1.1368683772161603e-13,-1.1368683772161603e-13
F1,v2e2_ea69a5744fe4489919e6,qwen37_plus_direct,qwen37f1_3e3b5704ff481994ec3a,S2,stale,62eb2190324b17cdcd34d30015898812cf80f9795e84c9de2e72299b06e32324,20.75,False,43.35510000000009,feasible_mode_library_upper_bound_distance_focus,feasible_mode_library_upper_bound,44.305100000000095,0.0,44.305100000000095,False,14,direct_mpc_sign,27.55314871794843,332.91117359653276,0.0,0.0,0.07228915662650602,,0.012457207980332896,6.513181136393769,0.019954721802368878,feasible_mode_library_upper_bound,44.305100000000095,0.0,44.305100000000095,False,14,direct_mpc_sign,27.55314871794843,332.91117359653276,0.0,0.0,0.07228915662650602,,0.013851750001776963,6.513181136393769,0.019954721802368878,0.0,0.0
F1,v2e2_eabe3c90461f173e872b,qwen37_plus_direct,qwen37f1_818f412579461024d2b0,C1,canonical,f59ee9feafd3b24dfda6da1aa0fcac428b3338b8db17407f828b76443f72c273,5625.0,False,5402.95635,feasible_mode_library_upper_bound_distance_focus,feasible_mode_library_upper_bound,5403.90635,5161.957950065703,241.9483999342974,False,85,direct_mpc_sign,903.9042987179425,298.9341467547396,0.0,0.0,0.08888888888888889,,0.014182666986016557,0.6292433687598873,0.0021093966663555076,feasible_mode_library_upper_bound,5403.90635,5161.957950065703,241.9483999342974,False,85,direct_mpc_sign,903.9042987179425,298.9341467547396,0.0,0.0,0.08888888888888889,,0.014260458992794156,0.6292433687598873,0.0021093966663555076,0.0,0.0
F1,v2e2_eabe3c90461f173e872b,qwen37_plus_direct,qwen37f1_818f412579461024d2b0,C2,canonical,f59ee9feafd3b24dfda6da1aa0fcac428b3338b8db17407f828b76443f72c273,5625.0,False,5402.95635,feasible_mode_library_upper_bound_distance_focus,feasible_mode_library_upper_bound,5403.90635,5161.957950065703,241.9483999342974,False,85,direct_mpc_sign,903.9042987179425,298.9341467547396,0.0,0.0,0.08888888888888889,,0.014182666986016557,0.6292433687598873,0.0021093966663555076,feasible_mode_library_upper_bound,5403.90635,5161.957950065703,241.9483999342974,False,85,direct_mpc_sign,903.9042987179425,298.9341467547396,0.0,0.0,0.08888888888888889,,0.014260458992794156,0.6292433687598873,0.0021093966663555076,0.0,0.0
F1,v2e2_eabe3c90461f173e872b,qwen37_plus_direct,qwen37f1_818f412579461024d2b0,S1,stale,9d3a7b4c179ce2903ec4a98862e500eacfd2ab51cc103c46b45a8b5b92cc281c,787.5,False,574.28334099723,feasible_mode_library_upper_bound_distance_focus,feasible_mode_library_upper_bound,588.8401277008311,324.45795006570336,264.38217763512773,False,89,lp_net_sign_with_mpc_zero_anchor,466.1580210171164,302.2435391951375,0.0,0.0,0.4111111111111111,,0.015397292008856311,3.9386358091578018,0.013203389432930514,feasible_mode_library_upper_bound,570.8515802631579,324.4579500657033,246.39363019745457,False,89,lp_net_sign_with_mpc_zero_anchor,817.1653184547919,305.5521316567551,0.0,0.0,0.6555555555555556,,0.014984584006015211,7.247228270775395,0.024294700450827433,-17.98854743767322,17.98854743767322
F1,v2e2_eabe3c90461f173e872b,qwen37_plus_direct,qwen37f1_818f412579461024d2b0,S2,stale,36d1e1492376af5ea0e28dbc06947381eea6c17e34752995f55eec70839ded9d,562.5,False,369.5395736842105,feasible_mode_library_upper_bound_distance_focus,feasible_mode_library_upper_bound,370.5922052631579,99.4579500657028,271.1342551974551,False,89,lp_net_sign_with_mpc_zero_anchor,334.405943454791,302.37774223435514,0.0,0.0,0.4666666666666667,,0.01603716699173674,4.072838848375454,0.01365327489473268,feasible_mode_library_upper_bound,370.5922052631579,99.4579500657028,271.1342551974551,False,89,lp_net_sign_with_mpc_zero_anchor,334.405943454791,302.3777422343551,0.0,0.0,0.4666666666666667,,0.014972000004490837,4.0728388483753974,0.01365327489473249,0.0,0.0
F1,v2e2_eeaa2f40bad66efc8c57,qwen37_plus_direct,qwen37f1_c4ab0367a5476cc4717d,C1,canonical,5d1600f5e8d6f6ee68acaf545ae80d93d7e245ffc100284a66cd4cfb9a0eaa4c,104.65000000000003,False,78.50799473684205,global_distance_optimum_lp_integral_distance_focus,global_distance_optimum_lp_integral,79.56062631578938,79.56052631578937,0.00010000000000331966,True,0,lp_relaxation,184.21052631578982,317.8787471473023,0.0,0.0,0.967032967032967,,0.017805499985115603,1.0906606705369768,0.0034428714875834538,global_distance_optimum_lp_integral,79.5606263157894,79.5605263157894,0.00010000000000331966,True,0,lp_relaxation,184.21052631578982,317.8787471473023,0.0,0.0,0.967032967032967,,0.018216540978755802,1.0906606705369768,0.0034428714875834538,2.842170943040401e-14,-2.842170943040401e-14
F1,v2e2_eeaa2f40bad66efc8c57,qwen37_plus_direct,qwen37f1_c4ab0367a5476cc4717d,C2,canonical,5fe009c3b4b4691111ae959b020e5ed65695fb5f4945c1e4331b712c2231db64,534.625,False,341.66457368421084,feasible_mode_library_upper_bound_distance_focus,feasible_mode_library_upper_bound,342.1443927631583,91.6979303547977,250.4464624083606,False,90,lp_net_sign_with_mpc_zero_anchor,345.5831309547847,320.01612664320896,0.0,0.0,0.4945054945054945,,0.015940791985485703,3.228040166443634,0.010189903927085948,feasible_mode_library_upper_bound,342.71720526315823,91.6979303547977,251.01927490836053,False,90,lp_net_sign_with_mpc_zero_anchor,334.40594345478826,319.8481461971308,0.0,0.0,0.4835164835164835,,0.015533249999862164,3.060059720365473,0.009659642679112908,0.5728124999999409,-0.5728124999999409
F1,v2e2_eeaa2f40bad66efc8c57,qwen37_plus_direct,qwen37f1_c4ab0367a5476cc4717d,S1,stale,5fe009c3b4b4691111ae959b020e5ed65695fb5f4945c1e4331b712c2231db64,534.625,False,341.66457368421084,feasible_mode_library_upper_bound_distance_focus,feasible_mode_library_upper_bound,342.1443927631583,91.6979303547977,250.4464624083606,False,90,lp_net_sign_with_mpc_zero_anchor,345.5831309547847,320.01612664320896,0.0,0.0,0.4945054945054945,,0.015940791985485703,3.228040166443634,0.010189903927085948,feasible_mode_library_upper_bound,342.71720526315823,91.6979303547977,251.01927490836053,False,90,lp_net_sign_with_mpc_zero_anchor,334.40594345478826,319.8481461971308,0.0,0.0,0.4835164835164835,,0.015533249999862164,3.060059720365473,0.009659642679112908,0.5728124999999409,-0.5728124999999409
F1,v2e2_eeaa2f40bad66efc8c57,qwen37_plus_direct,qwen37f1_c4ab0367a5476cc4717d,S2,stale,5fe009c3b4b4691111ae959b020e5ed65695fb5f4945c1e4331b712c2231db64,534.625,False,341.66457368421084,feasible_mode_library_upper_bound_distance_focus,feasible_mode_library_upper_bound,342.1443927631583,91.6979303547977,250.4464624083606,False,90,lp_net_sign_with_mpc_zero_anchor,345.5831309547847,320.01612664320896,0.0,0.0,0.4945054945054945,,0.015940791985485703,3.228040166443634,0.010189903927085948,feasible_mode_library_upper_bound,342.71720526315823,91.6979303547977,251.01927490836053,False,90,lp_net_sign_with_mpc_zero_anchor,334.40594345478826,319.8481461971308,0.0,0.0,0.4835164835164835,,0.015533249999862164,3.060059720365473,0.009659642679112908,0.5728124999999409,-0.5728124999999409
F1,v2e2_eefa2a6aa00281c6d0de,qwen37_plus_direct,qwen37f1_bb3b8eb274674eb04b38,C1,canonical,2337f4a44eeb0811225f19657385473b7094aa10e9dbc6d8e65c8ac417101571,562.5,False,587.7631630195726,global_distance_optimum_lp_integral_distance_focus,global_distance_optimum_lp_integral,588.8157945985199,588.8157894736842,5.124835752212675e-06,True,0,lp_relaxation,26.315889473684212,647.9590759134833,0.0,0.0,0.0,,0.015845749992877245,80.20924288890319,0.14127567851777884,global_distance_optimum_lp_integral,588.8157945985199,588.8157894736842,5.124835752212675e-06,True,0,lp_relaxation,26.315889473684212,647.9590759134833,0.0,0.0,0.0,,0.035941541980719194,80.20924288890319,0.14127567851777884,0.0,0.0
F1,v2e2_eefa2a6aa00281c6d0de,qwen37_plus_direct,qwen37f1_bb3b8eb274674eb04b38,C2,canonical,2337f4a44eeb0811225f19657385473b7094aa10e9dbc6d8e65c8ac417101571,562.5,False,587.7631630195726,global_distance_optimum_lp_integral_distance_focus,global_distance_optimum_lp_integral,588.8157945985199,588.8157894736842,5.124835752212675e-06,True,0,lp_relaxation,26.315889473684212,647.9590759134833,0.0,0.0,0.0,,0.015845749992877245,80.20924288890319,0.14127567851777884,global_distance_optimum_lp_integral,588.8157945985199,588.8157894736842,5.124835752212675e-06,True,0,lp_relaxation,26.315889473684212,647.9590759134833,0.0,0.0,0.0,,0.035941541980719194,80.20924288890319,0.14127567851777884,0.0,0.0
F1,v2e2_eefa2a6aa00281c6d0de,qwen37_plus_direct,qwen37f1_bb3b8eb274674eb04b38,S1,stale,ab5f77ed5b55ed1df8539feae09b38cecd265fd10490058fe823e5e30d343732,769.4999999999998,False,705.6184961218835,feasible_mode_library_upper_bound_distance_focus,feasible_mode_library_upper_bound,700.0852052631578,456.26084099868615,243.82436426447168,False,87,lp_net_sign_with_mpc_zero_anchor,867.2989434547944,599.8020946496171,0.0,0.0,0.6,,0.015144665987463668,32.05226162503698,0.0564549027769583,feasible_mode_library_upper_bound,700.0852052631578,456.26084099868615,243.82436426447168,False,87,lp_net_sign_with_mpc_zero_anchor,867.2989434547944,599.8020946496171,0.0,0.0,0.6,,0.014532417000737041,32.05226162503698,0.0564549027769583,0.0,0.0
F1,v2e2_eefa2a6aa00281c6d0de,qwen37_plus_direct,qwen37f1_bb3b8eb274674eb04b38,S2,stale,36d1e1492376af5ea0e28dbc06947381eea6c17e34752995f55eec70839ded9d,562.5,False,512.0395736842105,feasible_mode_library_upper_bound_distance_focus,feasible_mode_library_upper_bound,513.0922052631579,249.26084099868575,263.83136426447214,False,87,lp_net_sign_with_mpc_zero_anchor,476.9059434547912,585.7729262669836,0.0,0.0,0.4666666666666667,,0.015830792021006346,18.023093242403547,0.03174477946807826,feasible_mode_library_upper_bound,513.0922052631579,249.26084099868575,263.83136426447214,False,87,lp_net_sign_with_mpc_zero_anchor,476.9059434547912,585.7729262669836,0.0,0.0,0.4666666666666667,,0.014815291011473164,18.023093242403547,0.03174477946807826,0.0,0.0
F1,v2e2_f5ed58c9117bb14967a8,qwen37_plus_direct,qwen37f1_e9279d3fb6c00b84b443,C1,canonical,eb6bb5bcbaefb3806e29ce3efe79f877e6d092fc58af6cbe538810faaedc7a66,4550.0,False,4353.5501,feasible_mode_library_upper_bound_distance_focus,feasible_mode_library_upper_bound,4354.5001,4142.049934296978,212.45016570302232,False,85,direct_mpc_sign,404.49804871794504,365.93510727649436,0.0,0.0,0.054945054945054944,,0.014153041993267834,0.49373880437616435,0.0013510752940764416,feasible_mode_library_upper_bound,4354.5001,4142.049934296978,212.45016570302232,False,85,direct_mpc_sign,404.49804871794504,365.93510727649436,0.0,0.0,0.054945054945054944,,0.013687500002561137,0.49373880437616435,0.0013510752940764416,0.0,0.0
F1,v2e2_f5ed58c9117bb14967a8,qwen37_plus_direct,qwen37f1_e9279d3fb6c00b84b443,C2,canonical,eb6bb5bcbaefb3806e29ce3efe79f877e6d092fc58af6cbe538810faaedc7a66,4550.0,False,4353.5501,feasible_mode_library_upper_bound_distance_focus,feasible_mode_library_upper_bound,4354.5001,4142.049934296978,212.45016570302232,False,85,direct_mpc_sign,404.49804871794504,365.93510727649436,0.0,0.0,0.054945054945054944,,0.014153041993267834,0.49373880437616435,0.0013510752940764416,feasible_mode_library_upper_bound,4354.5001,4142.049934296978,212.45016570302232,False,85,direct_mpc_sign,404.49804871794504,365.93510727649436,0.0,0.0,0.054945054945054944,,0.013687500002561137,0.49373880437616435,0.0013510752940764416,0.0,0.0
F1,v2e2_f5ed58c9117bb14967a8,qwen37_plus_direct,qwen37f1_e9279d3fb6c00b84b443,S1,stale,e6ff459ebc86a128b3e37b46d41efd52eedbe5c955acf3d20dfbf99a33fb2557,0.0,False,183.1579947368421,global_distance_optimum_lp_integral_distance_focus,global_distance_optimum_lp_integral,184.21062631578948,184.21052631578948,0.00010000000000331966,True,0,lp_relaxation,184.21062631578948,366.6098611590923,0.0,0.0,0.945054945054945,,0.018326374993193895,1.1684926869741048,0.00319748333873497,global_distance_optimum_lp_integral,184.21062631578948,184.21052631578948,0.00010000000000331966,True,0,lp_relaxation,184.21062631578948,366.6098611590923,0.0,0.0,0.945054945054945,,0.01901104100397788,1.1684926869741048,0.00319748333873497,0.0,0.0
F1,v2e2_f5ed58c9117bb14967a8,qwen37_plus_direct,qwen37f1_e9279d3fb6c00b84b443,S2,stale,1d5b7620f11dea314c32eb535e7b5efd11b1cd6db07b93f06af04aa839377ef4,64.99675,False,118.1612447368417,global_distance_optimum_lp_integral_distance_focus,global_distance_optimum_lp_integral,119.21387631578907,119.21377631578906,0.00010000000000331966,True,0,lp_relaxation,184.21052631578905,367.8750923818376,0.0,0.0,0.9560439560439561,,0.01837529201293364,2.43372390971939,0.006659683658406271,global_distance_optimum_lp_integral,119.21387631578907,119.21377631578906,0.00010000000000331966,True,0,lp_relaxation,184.21052631578905,367.8750923818376,0.0,0.0,0.9560439560439561,,0.017254292004508898,2.43372390971939,0.006659683658406271,0.0,0.0
F1,v2e2_f60d5d4b26a4ec302fa4,qwen37_plus_direct,qwen37f1_bab7890ef7738048b0a9,C1,canonical,e775a4ac54ab3a72c9cdb0dd548eec9af716b52be786d407836b3c8ea2692fca,556.25,False,387.0395736842105,feasible_mode_library_upper_bound_distance_focus,feasible_mode_library_upper_bound,388.0922052631579,121.37812089356088,266.714084369597,False,88,lp_net_sign_with_mpc_zero_anchor,358.155943454791,231.4093557653606,0.0,0.0,0.47191011235955055,,0.015752916981000453,3.758131904649275,0.016508287725914852,feasible_mode_library_upper_bound,388.0922052631579,121.37812089356088,266.714084369597,False,88,lp_net_sign_with_mpc_zero_anchor,358.155943454791,231.4093557653606,0.0,0.0,0.47191011235955055,,0.01508537499466911,3.758131904649275,0.016508287725914852,0.0,0.0
F1,v2e2_f60d5d4b26a4ec302fa4,qwen37_plus_direct,qwen37f1_bab7890ef7738048b0a9,C2,canonical,e775a4ac54ab3a72c9cdb0dd548eec9af716b52be786d407836b3c8ea2692fca,556.25,False,387.0395736842105,feasible_mode_library_upper_bound_distance_focus,feasible_mode_library_upper_bound,388.0922052631579,121.37812089356088,266.714084369597,False,88,lp_net_sign_with_mpc_zero_anchor,358.155943454791,231.4093557653606,0.0,0.0,0.47191011235955055,,0.015752916981000453,3.758131904649275,0.016508287725914852,feasible_mode_library_upper_bound,388.0922052631579,121.37812089356088,266.714084369597,False,88,lp_net_sign_with_mpc_zero_anchor,358.155943454791,231.4093557653606,0.0,0.0,0.47191011235955055,,0.01508537499466911,3.758131904649275,0.016508287725914852,0.0,0.0
F1,v2e2_f60d5d4b26a4ec302fa4,qwen37_plus_direct,qwen37f1_bab7890ef7738048b0a9,S1,stale,e775a4ac54ab3a72c9cdb0dd548eec9af716b52be786d407836b3c8ea2692fca,556.25,False,387.0395736842105,feasible_mode_library_upper_bound_distance_focus,feasible_mode_library_upper_bound,388.0922052631579,121.37812089356088,266.714084369597,False,88,lp_net_sign_with_mpc_zero_anchor,358.155943454791,231.4093557653606,0.0,0.0,0.47191011235955055,,0.015752916981000453,3.758131904649275,0.016508287725914852,feasible_mode_library_upper_bound,388.0922052631579,121.37812089356088,266.714084369597,False,88,lp_net_sign_with_mpc_zero_anchor,358.155943454791,231.4093557653606,0.0,0.0,0.47191011235955055,,0.01508537499466911,3.758131904649275,0.016508287725914852,0.0,0.0
F1,v2e2_f60d5d4b26a4ec302fa4,qwen37_plus_direct,qwen37f1_bab7890ef7738048b0a9,S2,stale,c764521f7321d58d4a42eb6d90c45ea3201edd14989a4ebaa40bcd27cb45e955,222.5,False,63.55273157894737,feasible_mode_library_upper_bound_distance_focus,feasible_mode_library_upper_bound,64.60536315789474,0.0,64.60536315789474,False,20,raw_sign_with_mpc_zero_anchor,157.89473684210526,231.56781558815808,0.0,0.0,0.6966292134831461,,0.015273458004230633,3.9165917274467574,0.017204351731678495,feasible_mode_library_upper_bound,64.60536315789474,0.0,64.60536315789474,False,20,raw_sign_with_mpc_zero_anchor,157.89473684210526,231.56781558815808,0.0,0.0,0.6966292134831461,,0.014815792004810646,3.9165917274467574,0.017204351731678495,0.0,0.0
F1,v2e2_ff7d4d179a2e6d483137,qwen37_plus_direct,qwen37f1_fcd31e299a3d8c530bc7,C1,canonical,39ec0dae9b8e0310a76a73cb84af639d6842418391d39cafd19cae626353a3a3,568.75,False,544.0500999999999,global_distance_optimum_lp_integral_distance_focus,global_distance_optimum_lp_integral,545.0001,545.0,9.999999997489795e-05,True,0,lp_relaxation,23.75010000000003,634.0075492734704,0.0,0.0,0.02197802197802198,,0.015861291001783684,0.21724586938057655,0.0003427724725571664,global_distance_optimum_lp_integral,545.0001,545.0,9.999999997489795e-05,True,0,lp_relaxation,23.75010000000003,634.0075492734704,0.0,0.0,0.02197802197802198,,0.016098541993414983,0.21724586938057655,0.0003427724725571664,0.0,0.0
F1,v2e2_ff7d4d179a2e6d483137,qwen37_plus_direct,qwen37f1_fcd31e299a3d8c530bc7,C2,canonical,f8dee190d455dc4db29ca0dfba8f3996b1db62687be4d1ef5b069afb78f65e1e,587.4960000000002,False,562.7960999999998,global_distance_optimum_lp_integral_distance_focus,global_distance_optimum_lp_integral,563.7460999999997,563.7460000000002,9.99999995201506e-05,True,0,lp_relaxation,23.750099999999925,634.0075492734704,0.0,0.0,0.02197802197802198,,0.015864209010032937,0.21724586938057655,0.0003427724725571664,global_distance_optimum_lp_integral,563.7460999999997,563.7460000000002,9.99999995201506e-05,True,0,lp_relaxation,23.750099999999925,634.0075492734704,0.0,0.0,0.02197802197802198,,0.015315874974476174,0.21724586938057655,0.0003427724725571664,0.0,0.0
F1,v2e2_ff7d4d179a2e6d483137,qwen37_plus_direct,qwen37f1_fcd31e299a3d8c530bc7,S1,stale,f72bb749a2ec5fe51da0e86ac561e25e004d96d08380645768afc4adbe8be69c,568.75,False,565.7895736842105,feasible_mode_library_upper_bound_distance_focus,feasible_mode_library_upper_bound,566.8422052631579,302.2421156373191,264.6000896258388,False,87,lp_net_sign_with_mpc_zero_anchor,524.4059434547913,636.0144263559062,0.0,0.0,0.46153846153846156,,0.014375124999787658,2.224122951816298,0.0035092410531851405,feasible_mode_library_upper_bound,566.8422052631579,302.2421156373191,264.6000896258388,False,87,lp_net_sign_with_mpc_zero_anchor,524.4059434547913,636.0144263559062,0.0,0.0,0.46153846153846156,,0.01500987500185147,2.224122951816298,0.0035092410531851405,0.0,0.0
F1,v2e2_ff7d4d179a2e6d483137,qwen37_plus_direct,qwen37f1_fcd31e299a3d8c530bc7,S2,stale,f72bb749a2ec5fe51da0e86ac561e25e004d96d08380645768afc4adbe8be69c,568.75,False,565.7895736842105,feasible_mode_library_upper_bound_distance_focus,feasible_mode_library_upper_bound,566.8422052631579,302.2421156373191,264.6000896258388,False,87,lp_net_sign_with_mpc_zero_anchor,524.4059434547913,636.0144263559062,0.0,0.0,0.46153846153846156,,0.014375124999787658,2.224122951816298,0.0035092410531851405,feasible_mode_library_upper_bound,566.8422052631579,302.2421156373191,264.6000896258388,False,87,lp_net_sign_with_mpc_zero_anchor,524.4059434547913,636.0144263559062,0.0,0.0,0.46153846153846156,,0.01500987500185147,2.224122951816298,0.0035092410531851405,0.0,0.0
