pipeline,scenario_id,source_scenario_id,admitted,selected,rejection_codes,location_id,season,event_family,difficulty,activation_step,canonical_event_soc_kwh,event_soc_kwh,divergence_kwh,binding_slack_fraction,deterministic_action_l1_kwh,canonical_action_energy_kwh,canonical_cost_usd,stale_cost_usd
legacy,scn_2026-07-14-v1-3-agent-episode_fresno_autumn_20241003_power-limit-derating_medium_r0_349ead5bd6,,True,True,[],,,,,,,,,,,,,
legacy,scn_2026-07-14-v1-3-agent-episode_fresno_autumn_20241004_battery-capacity-derating_easy_r1_1b6ced6fa5,,True,True,[],,,,,,,,,,,,,
legacy,scn_2026-07-14-v1-3-agent-episode_fresno_autumn_20241004_export-limit-update_medium_r0_7e24ccc477,,True,True,[],,,,,,,,,,,,,
legacy,scn_2026-07-14-v1-3-agent-episode_fresno_autumn_20241005_reserve-commitment-update_medium_r0_f4f339d524,,True,True,[],,,,,,,,,,,,,
legacy,scn_2026-07-14-v1-3-agent-episode_fresno_autumn_20241009_power-limit-derating_hard_r0_5155e37525,,True,True,[],,,,,,,,,,,,,
legacy,scn_2026-07-14-v1-3-agent-episode_fresno_autumn_20241011_export-limit-update_easy_r1_98d8138f93,,True,True,[],,,,,,,,,,,,,
legacy,scn_2026-07-14-v1-3-agent-episode_fresno_autumn_20241012_forecast-revision_easy_r0_2d1ec0a1df,,True,True,[],,,,,,,,,,,,,
legacy,scn_2026-07-14-v1-3-agent-episode_fresno_autumn_20241013_forecast-revision_easy_r1_4933ed8987,,True,True,[],,,,,,,,,,,,,
legacy,scn_2026-07-14-v1-3-agent-episode_fresno_autumn_20241013_forecast-revision_hard_r1_d00591cb94,,True,True,[],,,,,,,,,,,,,
legacy,scn_2026-07-14-v1-3-agent-episode_fresno_autumn_20241017_power-limit-derating_hard_r1_fed12294b4,,True,True,[],,,,,,,,,,,,,
legacy,scn_2026-07-14-v1-3-agent-episode_fresno_autumn_20241019_reserve-commitment-update_hard_r1_535d02c545,,True,True,[],,,,,,,,,,,,,
legacy,scn_2026-07-14-v1-3-agent-episode_fresno_autumn_20241020_export-limit-update_medium_r1_4b5bfd9b54,,True,True,[],,,,,,,,,,,,,
legacy,scn_2026-07-14-v1-3-agent-episode_fresno_autumn_20241020_reserve-commitment-update_easy_r1_99ea90158c,,True,True,[],,,,,,,,,,,,,
legacy,scn_2026-07-14-v1-3-agent-episode_fresno_autumn_20241103_export-limit-update_easy_r0_8e3bc93c22,,False,False,[],,,,,,,,,,,,,
legacy,scn_2026-07-14-v1-3-agent-episode_fresno_autumn_20241103_power-limit-derating_medium_r1_c0d453b116,,True,True,[],,,,,,,,,,,,,
legacy,scn_2026-07-14-v1-3-agent-episode_fresno_autumn_20241103_reserve-commitment-update_hard_r0_c09f511941,,True,True,[],,,,,,,,,,,,,
legacy,scn_2026-07-14-v1-3-agent-episode_fresno_autumn_20241103_reserve-commitment-update_medium_r1_aa086b0894,,True,True,[],,,,,,,,,,,,,
legacy,scn_2026-07-14-v1-3-agent-episode_fresno_autumn_20241104_battery-capacity-derating_easy_r0_24a9f5c3a0,,False,False,[],,,,,,,,,,,,,
legacy,scn_2026-07-14-v1-3-agent-episode_fresno_autumn_20241105_battery-capacity-derating_medium_r0_166cab30b7,,False,False,[],,,,,,,,,,,,,
legacy,scn_2026-07-14-v1-3-agent-episode_fresno_autumn_20241105_export-limit-update_hard_r0_3fb4230bf9,,True,True,[],,,,,,,,,,,,,
legacy,scn_2026-07-14-v1-3-agent-episode_fresno_autumn_20241106_battery-capacity-derating_hard_r0_b055f583ab,,True,True,[],,,,,,,,,,,,,
legacy,scn_2026-07-14-v1-3-agent-episode_fresno_autumn_20241106_export-limit-update_hard_r1_71bd3fda06,,True,True,[],,,,,,,,,,,,,
legacy,scn_2026-07-14-v1-3-agent-episode_fresno_autumn_20241106_power-limit-derating_easy_r0_572df7700d,,True,True,[],,,,,,,,,,,,,
legacy,scn_2026-07-14-v1-3-agent-episode_fresno_autumn_20241109_power-limit-derating_easy_r1_68b7a79421,,True,True,[],,,,,,,,,,,,,
legacy,scn_2026-07-14-v1-3-agent-episode_fresno_autumn_20241113_reserve-commitment-update_easy_r0_e0d275dc68,,False,False,[],,,,,,,,,,,,,
legacy,scn_2026-07-14-v1-3-agent-episode_fresno_autumn_20241115_battery-capacity-derating_hard_r1_e21ea1eb77,,False,False,[],,,,,,,,,,,,,
legacy,scn_2026-07-14-v1-3-agent-episode_fresno_autumn_20241117_forecast-revision_medium_r1_b5fb1f62d2,,True,True,[],,,,,,,,,,,,,
legacy,scn_2026-07-14-v1-3-agent-episode_fresno_autumn_20241118_battery-capacity-derating_medium_r1_e0a5faf0e8,,False,False,[],,,,,,,,,,,,,
legacy,scn_2026-07-14-v1-3-agent-episode_fresno_autumn_20241120_forecast-revision_medium_r0_ba2bc84c3e,,True,True,[],,,,,,,,,,,,,
legacy,scn_2026-07-14-v1-3-agent-episode_fresno_autumn_20241121_forecast-revision_hard_r0_e856a34beb,,True,True,[],,,,,,,,,,,,,
legacy,scn_2026-07-14-v1-3-agent-episode_fresno_spring_20240303_forecast-revision_easy_r0_6d77306052,,True,True,[],,,,,,,,,,,,,
legacy,scn_2026-07-14-v1-3-agent-episode_fresno_spring_20240304_battery-capacity-derating_hard_r0_b5f42b1dba,,True,True,[],,,,,,,,,,,,,
legacy,scn_2026-07-14-v1-3-agent-episode_fresno_spring_20240304_export-limit-update_medium_r0_c1aae7b1e4,,True,True,[],,,,,,,,,,,,,
legacy,scn_2026-07-14-v1-3-agent-episode_fresno_spring_20240305_forecast-revision_hard_r1_462cc0634f,,True,True,[],,,,,,,,,,,,,
legacy,scn_2026-07-14-v1-3-agent-episode_fresno_spring_20240305_power-limit-derating_hard_r0_4e98058b7b,,True,True,[],,,,,,,,,,,,,
legacy,scn_2026-07-14-v1-3-agent-episode_fresno_spring_20240305_reserve-commitment-update_hard_r0_192ea7ed23,,True,True,[],,,,,,,,,,,,,
legacy,scn_2026-07-14-v1-3-agent-episode_fresno_spring_20240306_battery-capacity-derating_easy_r0_f044492333,,False,False,[],,,,,,,,,,,,,
legacy,scn_2026-07-14-v1-3-agent-episode_fresno_spring_20240307_power-limit-derating_medium_r1_46447b8b6f,,True,True,[],,,,,,,,,,,,,
legacy,scn_2026-07-14-v1-3-agent-episode_fresno_spring_20240310_battery-capacity-derating_medium_r0_13fdcad412,,False,False,[],,,,,,,,,,,,,
legacy,scn_2026-07-14-v1-3-agent-episode_fresno_spring_20240310_reserve-commitment-update_medium_r0_6b12d8869c,,True,True,[],,,,,,,,,,,,,
legacy,scn_2026-07-14-v1-3-agent-episode_fresno_spring_20240313_battery-capacity-derating_hard_r1_d5dd3ee9cc,,False,False,[],,,,,,,,,,,,,
legacy,scn_2026-07-14-v1-3-agent-episode_fresno_spring_20240313_export-limit-update_hard_r0_6b81f6d3b7,,True,True,[],,,,,,,,,,,,,
legacy,scn_2026-07-14-v1-3-agent-episode_fresno_spring_20240314_battery-capacity-derating_easy_r1_ded3ea7f6a,,True,True,[],,,,,,,,,,,,,
legacy,scn_2026-07-14-v1-3-agent-episode_fresno_spring_20240315_forecast-revision_medium_r0_59b59d2f8d,,True,True,[],,,,,,,,,,,,,
legacy,scn_2026-07-14-v1-3-agent-episode_fresno_spring_20240316_power-limit-derating_easy_r1_36bccad41a,,True,True,[],,,,,,,,,,,,,
legacy,scn_2026-07-14-v1-3-agent-episode_fresno_spring_20240317_power-limit-derating_hard_r1_9518219027,,True,True,[],,,,,,,,,,,,,
legacy,scn_2026-07-14-v1-3-agent-episode_fresno_spring_20240320_export-limit-update_hard_r1_2cabbbfd53,,True,True,[],,,,,,,,,,,,,
legacy,scn_2026-07-14-v1-3-agent-episode_fresno_spring_20240321_reserve-commitment-update_easy_r1_d09cc32571,,True,True,[],,,,,,,,,,,,,
legacy,scn_2026-07-14-v1-3-agent-episode_fresno_spring_20240404_reserve-commitment-update_hard_r1_6cd0f51d92,,True,True,[],,,,,,,,,,,,,
legacy,scn_2026-07-14-v1-3-agent-episode_fresno_spring_20240404_reserve-commitment-update_medium_r1_7e48cdba02,,True,True,[],,,,,,,,,,,,,
legacy,scn_2026-07-14-v1-3-agent-episode_fresno_spring_20240409_export-limit-update_easy_r0_c0fd270d4f,,True,True,[],,,,,,,,,,,,,
legacy,scn_2026-07-14-v1-3-agent-episode_fresno_spring_20240409_power-limit-derating_medium_r0_026a740a58,,True,True,[],,,,,,,,,,,,,
legacy,scn_2026-07-14-v1-3-agent-episode_fresno_spring_20240410_forecast-revision_easy_r1_88bfd9e16a,,True,True,[],,,,,,,,,,,,,
legacy,scn_2026-07-14-v1-3-agent-episode_fresno_spring_20240412_forecast-revision_hard_r0_da740dd6d5,,True,True,[],,,,,,,,,,,,,
legacy,scn_2026-07-14-v1-3-agent-episode_fresno_spring_20240414_export-limit-update_medium_r1_c4446d3c85,,True,True,[],,,,,,,,,,,,,
legacy,scn_2026-07-14-v1-3-agent-episode_fresno_spring_20240415_export-limit-update_easy_r1_44b61a2c59,,True,True,[],,,,,,,,,,,,,
legacy,scn_2026-07-14-v1-3-agent-episode_fresno_spring_20240415_forecast-revision_medium_r1_1d27786821,,True,True,[],,,,,,,,,,,,,
legacy,scn_2026-07-14-v1-3-agent-episode_fresno_spring_20240418_power-limit-derating_easy_r0_a9bc33a9d2,,True,True,[],,,,,,,,,,,,,
legacy,scn_2026-07-14-v1-3-agent-episode_fresno_spring_20240418_reserve-commitment-update_easy_r0_23b77d625b,,True,True,[],,,,,,,,,,,,,
legacy,scn_2026-07-14-v1-3-agent-episode_fresno_spring_20240420_battery-capacity-derating_medium_r1_6b2832618f,,False,False,[],,,,,,,,,,,,,
legacy,scn_2026-07-14-v1-3-agent-episode_fresno_summer_20240704_forecast-revision_easy_r1_18f7cb823a,,True,True,[],,,,,,,,,,,,,
legacy,scn_2026-07-14-v1-3-agent-episode_fresno_summer_20240704_reserve-commitment-update_medium_r1_97504ec6f2,,True,True,[],,,,,,,,,,,,,
legacy,scn_2026-07-14-v1-3-agent-episode_fresno_summer_20240705_power-limit-derating_medium_r0_f4f00ac5fd,,True,True,[],,,,,,,,,,,,,
legacy,scn_2026-07-14-v1-3-agent-episode_fresno_summer_20240706_export-limit-update_medium_r1_83a7526d6d,,False,False,[],,,,,,,,,,,,,
legacy,scn_2026-07-14-v1-3-agent-episode_fresno_summer_20240707_reserve-commitment-update_easy_r0_9159a569aa,,True,True,[],,,,,,,,,,,,,
legacy,scn_2026-07-14-v1-3-agent-episode_fresno_summer_20240708_battery-capacity-derating_hard_r1_8e1c043f16,,True,True,[],,,,,,,,,,,,,
legacy,scn_2026-07-14-v1-3-agent-episode_fresno_summer_20240708_battery-capacity-derating_medium_r1_7f3fe44d04,,True,True,[],,,,,,,,,,,,,
legacy,scn_2026-07-14-v1-3-agent-episode_fresno_summer_20240708_power-limit-derating_easy_r1_0c8393eeb4,,True,True,[],,,,,,,,,,,,,
legacy,scn_2026-07-14-v1-3-agent-episode_fresno_summer_20240710_forecast-revision_easy_r0_6c06524257,,True,True,[],,,,,,,,,,,,,
legacy,scn_2026-07-14-v1-3-agent-episode_fresno_summer_20240711_battery-capacity-derating_easy_r0_a95e3b6c87,,True,True,[],,,,,,,,,,,,,
legacy,scn_2026-07-14-v1-3-agent-episode_fresno_summer_20240711_reserve-commitment-update_easy_r1_3a5a35bb64,,True,True,[],,,,,,,,,,,,,
legacy,scn_2026-07-14-v1-3-agent-episode_fresno_summer_20240712_export-limit-update_hard_r1_b9b1c78965,,True,True,[],,,,,,,,,,,,,
legacy,scn_2026-07-14-v1-3-agent-episode_fresno_summer_20240716_export-limit-update_hard_r0_782806243d,,True,True,[],,,,,,,,,,,,,
legacy,scn_2026-07-14-v1-3-agent-episode_fresno_summer_20240720_power-limit-derating_easy_r0_4643a8544b,,True,True,[],,,,,,,,,,,,,
legacy,scn_2026-07-14-v1-3-agent-episode_fresno_summer_20240803_forecast-revision_hard_r1_0dec060b6c,,True,True,[],,,,,,,,,,,,,
legacy,scn_2026-07-14-v1-3-agent-episode_fresno_summer_20240803_reserve-commitment-update_medium_r0_9ebf7607eb,,True,True,[],,,,,,,,,,,,,
legacy,scn_2026-07-14-v1-3-agent-episode_fresno_summer_20240804_power-limit-derating_hard_r1_db3ee44a8b,,True,True,[],,,,,,,,,,,,,
legacy,scn_2026-07-14-v1-3-agent-episode_fresno_summer_20240805_forecast-revision_medium_r1_a978d20927,,True,True,[],,,,,,,,,,,,,
legacy,scn_2026-07-14-v1-3-agent-episode_fresno_summer_20240806_forecast-revision_hard_r0_e3dff3b518,,True,True,[],,,,,,,,,,,,,
legacy,scn_2026-07-14-v1-3-agent-episode_fresno_summer_20240811_export-limit-update_medium_r0_6ace07f319,,True,True,[],,,,,,,,,,,,,
legacy,scn_2026-07-14-v1-3-agent-episode_fresno_summer_20240812_reserve-commitment-update_hard_r1_961d21a75e,,True,True,[],,,,,,,,,,,,,
legacy,scn_2026-07-14-v1-3-agent-episode_fresno_summer_20240813_battery-capacity-derating_hard_r0_2c4b537cf2,,True,True,[],,,,,,,,,,,,,
legacy,scn_2026-07-14-v1-3-agent-episode_fresno_summer_20240813_export-limit-update_easy_r0_eb74576284,,True,True,[],,,,,,,,,,,,,
legacy,scn_2026-07-14-v1-3-agent-episode_fresno_summer_20240816_power-limit-derating_hard_r0_44dee96181,,True,True,[],,,,,,,,,,,,,
legacy,scn_2026-07-14-v1-3-agent-episode_fresno_summer_20240816_reserve-commitment-update_hard_r0_9e84280ad4,,True,True,[],,,,,,,,,,,,,
legacy,scn_2026-07-14-v1-3-agent-episode_fresno_summer_20240817_battery-capacity-derating_easy_r1_c350d4b03a,,False,False,[],,,,,,,,,,,,,
legacy,scn_2026-07-14-v1-3-agent-episode_fresno_summer_20240819_battery-capacity-derating_medium_r0_62723a1f51,,False,False,[],,,,,,,,,,,,,
legacy,scn_2026-07-14-v1-3-agent-episode_fresno_summer_20240820_export-limit-update_easy_r1_a82f7b5913,,True,True,[],,,,,,,,,,,,,
legacy,scn_2026-07-14-v1-3-agent-episode_fresno_summer_20240820_forecast-revision_medium_r0_95040e4d52,,True,True,[],,,,,,,,,,,,,
legacy,scn_2026-07-14-v1-3-agent-episode_fresno_summer_20240820_power-limit-derating_medium_r1_f36d1d45f3,,True,True,[],,,,,,,,,,,,,
legacy,scn_2026-07-14-v1-3-agent-episode_fresno_winter_20240105_forecast-revision_hard_r0_0442d40fd6,,True,True,[],,,,,,,,,,,,,
legacy,scn_2026-07-14-v1-3-agent-episode_fresno_winter_20240106_power-limit-derating_easy_r1_f3fe900fd9,,False,False,[],,,,,,,,,,,,,
legacy,scn_2026-07-14-v1-3-agent-episode_fresno_winter_20240108_power-limit-derating_hard_r1_b9e76be139,,True,True,[],,,,,,,,,,,,,
legacy,scn_2026-07-14-v1-3-agent-episode_fresno_winter_20240109_export-limit-update_easy_r0_0bd7ce2f07,,True,True,[],,,,,,,,,,,,,
legacy,scn_2026-07-14-v1-3-agent-episode_fresno_winter_20240110_export-limit-update_easy_r1_dc7d6becda,,True,True,[],,,,,,,,,,,,,
legacy,scn_2026-07-14-v1-3-agent-episode_fresno_winter_20240112_battery-capacity-derating_easy_r1_b834795590,,True,True,[],,,,,,,,,,,,,
legacy,scn_2026-07-14-v1-3-agent-episode_fresno_winter_20240115_export-limit-update_medium_r0_8a0f7b16fa,,False,False,[],,,,,,,,,,,,,
legacy,scn_2026-07-14-v1-3-agent-episode_fresno_winter_20240115_forecast-revision_hard_r1_0816f8ff37,,True,True,[],,,,,,,,,,,,,
legacy,scn_2026-07-14-v1-3-agent-episode_fresno_winter_20240116_forecast-revision_easy_r0_46cec68d14,,True,True,[],,,,,,,,,,,,,
legacy,scn_2026-07-14-v1-3-agent-episode_fresno_winter_20240117_battery-capacity-derating_hard_r1_f4eb21798f,,True,True,[],,,,,,,,,,,,,
legacy,scn_2026-07-14-v1-3-agent-episode_fresno_winter_20240117_power-limit-derating_medium_r1_a768b09657,,True,True,[],,,,,,,,,,,,,
legacy,scn_2026-07-14-v1-3-agent-episode_fresno_winter_20240117_reserve-commitment-update_medium_r1_ccddc6fa0e,,True,True,[],,,,,,,,,,,,,
legacy,scn_2026-07-14-v1-3-agent-episode_fresno_winter_20240119_power-limit-derating_medium_r0_b93d393036,,False,False,[],,,,,,,,,,,,,
legacy,scn_2026-07-14-v1-3-agent-episode_fresno_winter_20240120_battery-capacity-derating_easy_r0_0694ee437b,,False,False,[],,,,,,,,,,,,,
legacy,scn_2026-07-14-v1-3-agent-episode_fresno_winter_20240120_export-limit-update_hard_r0_f328d2597c,,True,True,[],,,,,,,,,,,,,
legacy,scn_2026-07-14-v1-3-agent-episode_fresno_winter_20240203_reserve-commitment-update_easy_r1_359f3cbf9f,,False,False,[],,,,,,,,,,,,,
legacy,scn_2026-07-14-v1-3-agent-episode_fresno_winter_20240206_battery-capacity-derating_hard_r0_7ac39bd14e,,False,False,[],,,,,,,,,,,,,
legacy,scn_2026-07-14-v1-3-agent-episode_fresno_winter_20240206_power-limit-derating_easy_r0_8473634c6c,,False,False,[],,,,,,,,,,,,,
legacy,scn_2026-07-14-v1-3-agent-episode_fresno_winter_20240207_battery-capacity-derating_medium_r1_bb1ce2ca52,,False,False,[],,,,,,,,,,,,,
legacy,scn_2026-07-14-v1-3-agent-episode_fresno_winter_20240209_export-limit-update_hard_r1_15f3a02d14,,True,True,[],,,,,,,,,,,,,
legacy,scn_2026-07-14-v1-3-agent-episode_fresno_winter_20240209_reserve-commitment-update_medium_r0_4e0cb251e5,,True,True,[],,,,,,,,,,,,,
legacy,scn_2026-07-14-v1-3-agent-episode_fresno_winter_20240212_battery-capacity-derating_medium_r0_9ab072f74a,,True,True,[],,,,,,,,,,,,,
legacy,scn_2026-07-14-v1-3-agent-episode_fresno_winter_20240216_export-limit-update_medium_r1_d9c1e17267,,False,False,[],,,,,,,,,,,,,
legacy,scn_2026-07-14-v1-3-agent-episode_fresno_winter_20240217_reserve-commitment-update_easy_r0_9296168e3e,,False,False,[],,,,,,,,,,,,,
legacy,scn_2026-07-14-v1-3-agent-episode_fresno_winter_20240218_forecast-revision_easy_r1_4ac7086143,,True,True,[],,,,,,,,,,,,,
legacy,scn_2026-07-14-v1-3-agent-episode_fresno_winter_20240218_forecast-revision_medium_r0_629845e089,,True,True,[],,,,,,,,,,,,,
legacy,scn_2026-07-14-v1-3-agent-episode_fresno_winter_20240218_power-limit-derating_hard_r0_124507fc54,,False,False,[],,,,,,,,,,,,,
legacy,scn_2026-07-14-v1-3-agent-episode_fresno_winter_20240219_reserve-commitment-update_hard_r0_2d59faa693,,True,True,[],,,,,,,,,,,,,
legacy,scn_2026-07-14-v1-3-agent-episode_fresno_winter_20240219_reserve-commitment-update_hard_r1_002a4e494b,,True,True,[],,,,,,,,,,,,,
legacy,scn_2026-07-14-v1-3-agent-episode_fresno_winter_20240221_forecast-revision_medium_r1_a7310ecd91,,True,True,[],,,,,,,,,,,,,
legacy,scn_2026-07-14-v1-3-agent-episode_los-angeles_autumn_20241003_battery-capacity-derating_hard_r1_3da9a758c2,,False,False,[],,,,,,,,,,,,,
legacy,scn_2026-07-14-v1-3-agent-episode_los-angeles_autumn_20241003_power-limit-derating_easy_r1_827ee2a7c8,,True,True,[],,,,,,,,,,,,,
legacy,scn_2026-07-14-v1-3-agent-episode_los-angeles_autumn_20241004_battery-capacity-derating_easy_r1_3ae6c1cddd,,True,True,[],,,,,,,,,,,,,
legacy,scn_2026-07-14-v1-3-agent-episode_los-angeles_autumn_20241007_export-limit-update_hard_r1_47192b4a76,,True,True,[],,,,,,,,,,,,,
legacy,scn_2026-07-14-v1-3-agent-episode_los-angeles_autumn_20241007_reserve-commitment-update_easy_r1_d3eac86c60,,True,True,[],,,,,,,,,,,,,
legacy,scn_2026-07-14-v1-3-agent-episode_los-angeles_autumn_20241007_reserve-commitment-update_hard_r1_e1032c3dbc,,True,True,[],,,,,,,,,,,,,
legacy,scn_2026-07-14-v1-3-agent-episode_los-angeles_autumn_20241012_reserve-commitment-update_medium_r0_4a7137e65f,,True,True,[],,,,,,,,,,,,,
legacy,scn_2026-07-14-v1-3-agent-episode_los-angeles_autumn_20241013_battery-capacity-derating_medium_r1_81962c7ec6,,False,False,[],,,,,,,,,,,,,
legacy,scn_2026-07-14-v1-3-agent-episode_los-angeles_autumn_20241014_power-limit-derating_hard_r1_a238c58438,,True,True,[],,,,,,,,,,,,,
legacy,scn_2026-07-14-v1-3-agent-episode_los-angeles_autumn_20241016_battery-capacity-derating_easy_r0_268dbd56d8,,False,False,[],,,,,,,,,,,,,
legacy,scn_2026-07-14-v1-3-agent-episode_los-angeles_autumn_20241017_power-limit-derating_medium_r0_dfd40489d4,,True,True,[],,,,,,,,,,,,,
legacy,scn_2026-07-14-v1-3-agent-episode_los-angeles_autumn_20241019_reserve-commitment-update_easy_r0_e0298a25d8,,True,True,[],,,,,,,,,,,,,
legacy,scn_2026-07-14-v1-3-agent-episode_los-angeles_autumn_20241021_power-limit-derating_easy_r0_d9c45c3cd1,,True,True,[],,,,,,,,,,,,,
legacy,scn_2026-07-14-v1-3-agent-episode_los-angeles_autumn_20241103_battery-capacity-derating_hard_r0_55bc2d0065,,True,True,[],,,,,,,,,,,,,
legacy,scn_2026-07-14-v1-3-agent-episode_los-angeles_autumn_20241103_export-limit-update_easy_r1_c0d9890ffc,,False,False,[],,,,,,,,,,,,,
legacy,scn_2026-07-14-v1-3-agent-episode_los-angeles_autumn_20241103_forecast-revision_hard_r1_bf403ece4c,,True,True,[],,,,,,,,,,,,,
legacy,scn_2026-07-14-v1-3-agent-episode_los-angeles_autumn_20241103_power-limit-derating_hard_r0_4ab69301a1,,True,True,[],,,,,,,,,,,,,
legacy,scn_2026-07-14-v1-3-agent-episode_los-angeles_autumn_20241104_reserve-commitment-update_hard_r0_11b4f6b3cf,,True,True,[],,,,,,,,,,,,,
legacy,scn_2026-07-14-v1-3-agent-episode_los-angeles_autumn_20241108_power-limit-derating_medium_r1_45adf81747,,True,True,[],,,,,,,,,,,,,
legacy,scn_2026-07-14-v1-3-agent-episode_los-angeles_autumn_20241110_forecast-revision_hard_r0_743ea81990,,True,True,[],,,,,,,,,,,,,
legacy,scn_2026-07-14-v1-3-agent-episode_los-angeles_autumn_20241111_export-limit-update_medium_r1_f24e6c61d8,,False,False,[],,,,,,,,,,,,,
legacy,scn_2026-07-14-v1-3-agent-episode_los-angeles_autumn_20241113_export-limit-update_medium_r0_d762170655,,False,False,[],,,,,,,,,,,,,
legacy,scn_2026-07-14-v1-3-agent-episode_los-angeles_autumn_20241113_forecast-revision_easy_r1_4211bcba8b,,True,True,[],,,,,,,,,,,,,
legacy,scn_2026-07-14-v1-3-agent-episode_los-angeles_autumn_20241115_reserve-commitment-update_medium_r1_12f612c10a,,False,False,[],,,,,,,,,,,,,
legacy,scn_2026-07-14-v1-3-agent-episode_los-angeles_autumn_20241116_forecast-revision_easy_r0_bda22a6b50,,True,True,[],,,,,,,,,,,,,
legacy,scn_2026-07-14-v1-3-agent-episode_los-angeles_autumn_20241117_export-limit-update_hard_r0_dcd17c471e,,True,True,[],,,,,,,,,,,,,
legacy,scn_2026-07-14-v1-3-agent-episode_los-angeles_autumn_20241118_forecast-revision_medium_r0_19fd18a928,,True,True,[],,,,,,,,,,,,,
legacy,scn_2026-07-14-v1-3-agent-episode_los-angeles_autumn_20241119_battery-capacity-derating_medium_r0_8d8332adab,,True,True,[],,,,,,,,,,,,,
legacy,scn_2026-07-14-v1-3-agent-episode_los-angeles_autumn_20241119_forecast-revision_medium_r1_d7082b396a,,True,True,[],,,,,,,,,,,,,
legacy,scn_2026-07-14-v1-3-agent-episode_los-angeles_autumn_20241120_export-limit-update_easy_r0_d77bf66179,,False,False,[],,,,,,,,,,,,,
legacy,scn_2026-07-14-v1-3-agent-episode_los-angeles_spring_20240306_forecast-revision_hard_r0_afa5d48f48,,True,True,[],,,,,,,,,,,,,
legacy,scn_2026-07-14-v1-3-agent-episode_los-angeles_spring_20240307_battery-capacity-derating_hard_r1_62d02d500d,,True,True,[],,,,,,,,,,,,,
legacy,scn_2026-07-14-v1-3-agent-episode_los-angeles_spring_20240307_forecast-revision_easy_r0_e48b36e9aa,,True,True,[],,,,,,,,,,,,,
legacy,scn_2026-07-14-v1-3-agent-episode_los-angeles_spring_20240307_reserve-commitment-update_hard_r0_7963db4fd9,,True,True,[],,,,,,,,,,,,,
legacy,scn_2026-07-14-v1-3-agent-episode_los-angeles_spring_20240311_forecast-revision_medium_r0_63c0597a2e,,True,True,[],,,,,,,,,,,,,
legacy,scn_2026-07-14-v1-3-agent-episode_los-angeles_spring_20240311_power-limit-derating_easy_r0_9b4c94dda8,,True,True,[],,,,,,,,,,,,,
legacy,scn_2026-07-14-v1-3-agent-episode_los-angeles_spring_20240313_reserve-commitment-update_medium_r1_c79e7bf338,,True,True,[],,,,,,,,,,,,,
legacy,scn_2026-07-14-v1-3-agent-episode_los-angeles_spring_20240314_power-limit-derating_medium_r1_3bef0f27a3,,True,True,[],,,,,,,,,,,,,
legacy,scn_2026-07-14-v1-3-agent-episode_los-angeles_spring_20240315_export-limit-update_hard_r0_0ae98494f4,,True,True,[],,,,,,,,,,,,,
legacy,scn_2026-07-14-v1-3-agent-episode_los-angeles_spring_20240319_battery-capacity-derating_easy_r0_56aec6c73f,,False,False,[],,,,,,,,,,,,,
legacy,scn_2026-07-14-v1-3-agent-episode_los-angeles_spring_20240319_battery-capacity-derating_medium_r1_79b4ce3c9f,,False,False,[],,,,,,,,,,,,,
legacy,scn_2026-07-14-v1-3-agent-episode_los-angeles_spring_20240321_export-limit-update_medium_r0_2fcdc0acf3,,True,True,[],,,,,,,,,,,,,
legacy,scn_2026-07-14-v1-3-agent-episode_los-angeles_spring_20240321_power-limit-derating_easy_r1_cb79e2dc47,,True,True,[],,,,,,,,,,,,,
legacy,scn_2026-07-14-v1-3-agent-episode_los-angeles_spring_20240403_reserve-commitment-update_easy_r0_3e33c77305,,True,True,[],,,,,,,,,,,,,
legacy,scn_2026-07-14-v1-3-agent-episode_los-angeles_spring_20240406_export-limit-update_medium_r1_390eea7ece,,True,True,[],,,,,,,,,,,,,
legacy,scn_2026-07-14-v1-3-agent-episode_los-angeles_spring_20240410_export-limit-update_hard_r1_a794838d78,,True,True,[],,,,,,,,,,,,,
legacy,scn_2026-07-14-v1-3-agent-episode_los-angeles_spring_20240411_power-limit-derating_hard_r0_e98d8bbb17,,True,True,[],,,,,,,,,,,,,
legacy,scn_2026-07-14-v1-3-agent-episode_los-angeles_spring_20240412_forecast-revision_easy_r1_d07157a93a,,True,True,[],,,,,,,,,,,,,
legacy,scn_2026-07-14-v1-3-agent-episode_los-angeles_spring_20240412_forecast-revision_hard_r1_9218d012b4,,True,True,[],,,,,,,,,,,,,
legacy,scn_2026-07-14-v1-3-agent-episode_los-angeles_spring_20240414_export-limit-update_easy_r0_14843ab5c2,,False,False,[],,,,,,,,,,,,,
legacy,scn_2026-07-14-v1-3-agent-episode_los-angeles_spring_20240415_reserve-commitment-update_hard_r1_57264928b7,,True,True,[],,,,,,,,,,,,,
legacy,scn_2026-07-14-v1-3-agent-episode_los-angeles_spring_20240416_battery-capacity-derating_easy_r1_8d853fa764,,False,False,[],,,,,,,,,,,,,
legacy,scn_2026-07-14-v1-3-agent-episode_los-angeles_spring_20240417_battery-capacity-derating_hard_r0_65280cefbb,,True,True,[],,,,,,,,,,,,,
legacy,scn_2026-07-14-v1-3-agent-episode_los-angeles_spring_20240417_export-limit-update_easy_r1_b3cf6eb1cb,,True,True,[],,,,,,,,,,,,,
legacy,scn_2026-07-14-v1-3-agent-episode_los-angeles_spring_20240419_battery-capacity-derating_medium_r0_086cc3fb34,,False,False,[],,,,,,,,,,,,,
legacy,scn_2026-07-14-v1-3-agent-episode_los-angeles_spring_20240419_forecast-revision_medium_r1_f74b9dd67a,,True,True,[],,,,,,,,,,,,,
legacy,scn_2026-07-14-v1-3-agent-episode_los-angeles_spring_20240419_power-limit-derating_medium_r0_ff6246e04c,,True,True,[],,,,,,,,,,,,,
legacy,scn_2026-07-14-v1-3-agent-episode_los-angeles_spring_20240419_reserve-commitment-update_easy_r1_8563e0f4f3,,True,True,[],,,,,,,,,,,,,
legacy,scn_2026-07-14-v1-3-agent-episode_los-angeles_spring_20240420_power-limit-derating_hard_r1_1cba42fe57,,True,True,[],,,,,,,,,,,,,
legacy,scn_2026-07-14-v1-3-agent-episode_los-angeles_spring_20240421_reserve-commitment-update_medium_r0_0b34ceae7c,,True,True,[],,,,,,,,,,,,,
legacy,scn_2026-07-14-v1-3-agent-episode_los-angeles_summer_20240703_export-limit-update_hard_r0_9c1bc45900,,True,True,[],,,,,,,,,,,,,
legacy,scn_2026-07-14-v1-3-agent-episode_los-angeles_summer_20240704_forecast-revision_hard_r0_6b9c6aa405,,True,True,[],,,,,,,,,,,,,
legacy,scn_2026-07-14-v1-3-agent-episode_los-angeles_summer_20240705_export-limit-update_easy_r1_93b6fe7173,,True,True,[],,,,,,,,,,,,,
legacy,scn_2026-07-14-v1-3-agent-episode_los-angeles_summer_20240705_forecast-revision_medium_r1_9b9277ec7c,,True,True,[],,,,,,,,,,,,,
legacy,scn_2026-07-14-v1-3-agent-episode_los-angeles_summer_20240707_battery-capacity-derating_easy_r0_5390e8bdfd,,True,True,[],,,,,,,,,,,,,
legacy,scn_2026-07-14-v1-3-agent-episode_los-angeles_summer_20240708_battery-capacity-derating_hard_r1_2cd5b0ac10,,True,True,[],,,,,,,,,,,,,
legacy,scn_2026-07-14-v1-3-agent-episode_los-angeles_summer_20240710_export-limit-update_easy_r0_6ba87eba06,,True,True,[],,,,,,,,,,,,,
legacy,scn_2026-07-14-v1-3-agent-episode_los-angeles_summer_20240713_reserve-commitment-update_easy_r0_baf8f8409c,,True,True,[],,,,,,,,,,,,,
legacy,scn_2026-07-14-v1-3-agent-episode_los-angeles_summer_20240714_export-limit-update_medium_r0_43ccdf7e6d,,True,True,[],,,,,,,,,,,,,
legacy,scn_2026-07-14-v1-3-agent-episode_los-angeles_summer_20240715_battery-capacity-derating_hard_r0_f567168286,,True,True,[],,,,,,,,,,,,,
legacy,scn_2026-07-14-v1-3-agent-episode_los-angeles_summer_20240717_forecast-revision_easy_r1_50cb1b88f9,,True,True,[],,,,,,,,,,,,,
legacy,scn_2026-07-14-v1-3-agent-episode_los-angeles_summer_20240721_battery-capacity-derating_easy_r1_d471d754e9,,False,False,[],,,,,,,,,,,,,
legacy,scn_2026-07-14-v1-3-agent-episode_los-angeles_summer_20240803_power-limit-derating_easy_r0_88a4e7e841,,True,True,[],,,,,,,,,,,,,
legacy,scn_2026-07-14-v1-3-agent-episode_los-angeles_summer_20240803_power-limit-derating_hard_r0_bf2e242e11,,True,True,[],,,,,,,,,,,,,
legacy,scn_2026-07-14-v1-3-agent-episode_los-angeles_summer_20240804_power-limit-derating_medium_r1_e9cd49dedf,,True,True,[],,,,,,,,,,,,,
legacy,scn_2026-07-14-v1-3-agent-episode_los-angeles_summer_20240805_forecast-revision_medium_r0_26c71dad5f,,True,True,[],,,,,,,,,,,,,
legacy,scn_2026-07-14-v1-3-agent-episode_los-angeles_summer_20240806_forecast-revision_hard_r1_21b90f489c,,True,True,[],,,,,,,,,,,,,
legacy,scn_2026-07-14-v1-3-agent-episode_los-angeles_summer_20240806_reserve-commitment-update_hard_r0_77eb77cec4,,True,True,[],,,,,,,,,,,,,
legacy,scn_2026-07-14-v1-3-agent-episode_los-angeles_summer_20240807_power-limit-derating_hard_r1_0ffba81482,,True,True,[],,,,,,,,,,,,,
legacy,scn_2026-07-14-v1-3-agent-episode_los-angeles_summer_20240807_reserve-commitment-update_hard_r1_c2f83fecae,,False,False,[],,,,,,,,,,,,,
legacy,scn_2026-07-14-v1-3-agent-episode_los-angeles_summer_20240807_reserve-commitment-update_medium_r0_b4d0799374,,True,True,[],,,,,,,,,,,,,
legacy,scn_2026-07-14-v1-3-agent-episode_los-angeles_summer_20240810_battery-capacity-derating_medium_r0_30ba3d39d5,,False,False,[],,,,,,,,,,,,,
legacy,scn_2026-07-14-v1-3-agent-episode_los-angeles_summer_20240811_export-limit-update_hard_r1_d7a0b08d56,,True,True,[],,,,,,,,,,,,,
legacy,scn_2026-07-14-v1-3-agent-episode_los-angeles_summer_20240811_reserve-commitment-update_easy_r1_21cca04a71,,True,True,[],,,,,,,,,,,,,
legacy,scn_2026-07-14-v1-3-agent-episode_los-angeles_summer_20240813_battery-capacity-derating_medium_r1_b27541a0ca,,False,False,[],,,,,,,,,,,,,
legacy,scn_2026-07-14-v1-3-agent-episode_los-angeles_summer_20240815_power-limit-derating_easy_r1_153c86a4da,,True,True,[],,,,,,,,,,,,,
legacy,scn_2026-07-14-v1-3-agent-episode_los-angeles_summer_20240816_forecast-revision_easy_r0_f7b2ad704b,,True,True,[],,,,,,,,,,,,,
legacy,scn_2026-07-14-v1-3-agent-episode_los-angeles_summer_20240816_reserve-commitment-update_medium_r1_f86d49f2f6,,True,True,[],,,,,,,,,,,,,
legacy,scn_2026-07-14-v1-3-agent-episode_los-angeles_summer_20240818_export-limit-update_medium_r1_de23bb07e3,,True,True,[],,,,,,,,,,,,,
legacy,scn_2026-07-14-v1-3-agent-episode_los-angeles_summer_20240821_power-limit-derating_medium_r0_53b627fbb8,,True,True,[],,,,,,,,,,,,,
legacy,scn_2026-07-14-v1-3-agent-episode_los-angeles_winter_20240104_reserve-commitment-update_easy_r0_dc686a9965,,False,False,[],,,,,,,,,,,,,
legacy,scn_2026-07-14-v1-3-agent-episode_los-angeles_winter_20240105_forecast-revision_medium_r1_d1280e2b89,,True,True,[],,,,,,,,,,,,,
legacy,scn_2026-07-14-v1-3-agent-episode_los-angeles_winter_20240106_battery-capacity-derating_medium_r1_d128c4e812,,False,False,[],,,,,,,,,,,,,
legacy,scn_2026-07-14-v1-3-agent-episode_los-angeles_winter_20240106_export-limit-update_medium_r1_740ad7f8b6,,False,False,[],,,,,,,,,,,,,
legacy,scn_2026-07-14-v1-3-agent-episode_los-angeles_winter_20240107_power-limit-derating_easy_r0_e8e0f385d8,,False,False,[],,,,,,,,,,,,,
legacy,scn_2026-07-14-v1-3-agent-episode_los-angeles_winter_20240112_battery-capacity-derating_hard_r0_b5a3d0b291,,True,True,[],,,,,,,,,,,,,
legacy,scn_2026-07-14-v1-3-agent-episode_los-angeles_winter_20240112_forecast-revision_hard_r0_18b3e58985,,True,True,[],,,,,,,,,,,,,
legacy,scn_2026-07-14-v1-3-agent-episode_los-angeles_winter_20240112_power-limit-derating_easy_r1_ca1a38bcec,,True,True,[],,,,,,,,,,,,,
legacy,scn_2026-07-14-v1-3-agent-episode_los-angeles_winter_20240114_power-limit-derating_medium_r0_85ccfceb0a,,True,True,[],,,,,,,,,,,,,
legacy,scn_2026-07-14-v1-3-agent-episode_los-angeles_winter_20240115_export-limit-update_hard_r1_00f21f3f57,,True,True,[],,,,,,,,,,,,,
legacy,scn_2026-07-14-v1-3-agent-episode_los-angeles_winter_20240115_power-limit-derating_hard_r1_b7f2b19f18,,True,True,[],,,,,,,,,,,,,
legacy,scn_2026-07-14-v1-3-agent-episode_los-angeles_winter_20240117_export-limit-update_easy_r0_68eb20e51f,,False,False,[],,,,,,,,,,,,,
legacy,scn_2026-07-14-v1-3-agent-episode_los-angeles_winter_20240118_battery-capacity-derating_medium_r0_f2fc674a42,,True,True,[],,,,,,,,,,,,,
legacy,scn_2026-07-14-v1-3-agent-episode_los-angeles_winter_20240204_export-limit-update_hard_r0_24ea14f80b,,False,False,[],,,,,,,,,,,,,
legacy,scn_2026-07-14-v1-3-agent-episode_los-angeles_winter_20240205_reserve-commitment-update_medium_r0_55a4ebaab4,,False,False,[],,,,,,,,,,,,,
legacy,scn_2026-07-14-v1-3-agent-episode_los-angeles_winter_20240206_reserve-commitment-update_hard_r1_e018124c6f,,False,False,[],,,,,,,,,,,,,
legacy,scn_2026-07-14-v1-3-agent-episode_los-angeles_winter_20240207_power-limit-derating_medium_r1_b985cf2156,,False,False,[],,,,,,,,,,,,,
legacy,scn_2026-07-14-v1-3-agent-episode_los-angeles_winter_20240209_forecast-revision_hard_r1_f63eb99574,,True,True,[],,,,,,,,,,,,,
legacy,scn_2026-07-14-v1-3-agent-episode_los-angeles_winter_20240210_reserve-commitment-update_easy_r1_2e56210840,,True,True,[],,,,,,,,,,,,,
legacy,scn_2026-07-14-v1-3-agent-episode_los-angeles_winter_20240211_export-limit-update_medium_r0_b5045e58fc,,True,True,[],,,,,,,,,,,,,
legacy,scn_2026-07-14-v1-3-agent-episode_los-angeles_winter_20240211_forecast-revision_easy_r1_4dc904b34c,,True,True,[],,,,,,,,,,,,,
legacy,scn_2026-07-14-v1-3-agent-episode_los-angeles_winter_20240213_battery-capacity-derating_easy_r1_c9ecdd5c34,,False,False,[],,,,,,,,,,,,,
legacy,scn_2026-07-14-v1-3-agent-episode_los-angeles_winter_20240214_reserve-commitment-update_medium_r1_178802adcf,,False,False,[],,,,,,,,,,,,,
legacy,scn_2026-07-14-v1-3-agent-episode_los-angeles_winter_20240215_battery-capacity-derating_easy_r0_9eff9f1b3a,,False,False,[],,,,,,,,,,,,,
legacy,scn_2026-07-14-v1-3-agent-episode_los-angeles_winter_20240216_battery-capacity-derating_hard_r1_4cc0ede4e6,,False,False,[],,,,,,,,,,,,,
legacy,scn_2026-07-14-v1-3-agent-episode_los-angeles_winter_20240216_export-limit-update_easy_r1_0fc0c01683,,False,False,[],,,,,,,,,,,,,
legacy,scn_2026-07-14-v1-3-agent-episode_los-angeles_winter_20240216_forecast-revision_medium_r0_2d8bd28c7c,,True,True,[],,,,,,,,,,,,,
legacy,scn_2026-07-14-v1-3-agent-episode_los-angeles_winter_20240217_reserve-commitment-update_hard_r0_3924e9e60b,,False,False,[],,,,,,,,,,,,,
legacy,scn_2026-07-14-v1-3-agent-episode_los-angeles_winter_20240219_power-limit-derating_hard_r0_0bdaf5f465,,True,True,[],,,,,,,,,,,,,
legacy,scn_2026-07-14-v1-3-agent-episode_los-angeles_winter_20240221_forecast-revision_easy_r0_85d902babc,,True,True,[],,,,,,,,,,,,,
legacy,scn_2026-07-14-v1-3-agent-episode_sacramento_autumn_20241006_reserve-commitment-update_medium_r0_66d048d5fd,,False,False,[],,,,,,,,,,,,,
legacy,scn_2026-07-14-v1-3-agent-episode_sacramento_autumn_20241010_forecast-revision_easy_r1_33755d965c,,True,True,[],,,,,,,,,,,,,
legacy,scn_2026-07-14-v1-3-agent-episode_sacramento_autumn_20241011_battery-capacity-derating_easy_r0_fadd946087,,False,False,[],,,,,,,,,,,,,
legacy,scn_2026-07-14-v1-3-agent-episode_sacramento_autumn_20241011_power-limit-derating_hard_r0_2efe476d61,,True,True,[],,,,,,,,,,,,,
legacy,scn_2026-07-14-v1-3-agent-episode_sacramento_autumn_20241013_export-limit-update_easy_r0_f10da2862a,,True,True,[],,,,,,,,,,,,,
legacy,scn_2026-07-14-v1-3-agent-episode_sacramento_autumn_20241014_battery-capacity-derating_medium_r1_17424b65e1,,False,False,[],,,,,,,,,,,,,
legacy,scn_2026-07-14-v1-3-agent-episode_sacramento_autumn_20241014_power-limit-derating_medium_r1_51dc91195c,,True,True,[],,,,,,,,,,,,,
legacy,scn_2026-07-14-v1-3-agent-episode_sacramento_autumn_20241016_export-limit-update_medium_r1_e9c79fdd57,,True,True,[],,,,,,,,,,,,,
legacy,scn_2026-07-14-v1-3-agent-episode_sacramento_autumn_20241017_export-limit-update_easy_r1_c24d042a7b,,True,True,[],,,,,,,,,,,,,
legacy,scn_2026-07-14-v1-3-agent-episode_sacramento_autumn_20241017_export-limit-update_hard_r1_55850a2673,,True,True,[],,,,,,,,,,,,,
legacy,scn_2026-07-14-v1-3-agent-episode_sacramento_autumn_20241018_battery-capacity-derating_medium_r0_a4a7d756eb,,False,False,[],,,,,,,,,,,,,
legacy,scn_2026-07-14-v1-3-agent-episode_sacramento_autumn_20241019_forecast-revision_hard_r0_dd834ebf44,,True,True,[],,,,,,,,,,,,,
legacy,scn_2026-07-14-v1-3-agent-episode_sacramento_autumn_20241019_reserve-commitment-update_hard_r0_1f3c24d6f9,,True,True,[],,,,,,,,,,,,,
legacy,scn_2026-07-14-v1-3-agent-episode_sacramento_autumn_20241020_export-limit-update_hard_r0_f34299c7f5,,True,True,[],,,,,,,,,,,,,
legacy,scn_2026-07-14-v1-3-agent-episode_sacramento_autumn_20241021_forecast-revision_easy_r0_c7bbc00f47,,True,True,[],,,,,,,,,,,,,
legacy,scn_2026-07-14-v1-3-agent-episode_sacramento_autumn_20241103_power-limit-derating_hard_r1_a30d3ccf9f,,True,True,[],,,,,,,,,,,,,
legacy,scn_2026-07-14-v1-3-agent-episode_sacramento_autumn_20241105_export-limit-update_medium_r0_a663dadc33,,False,False,[],,,,,,,,,,,,,
legacy,scn_2026-07-14-v1-3-agent-episode_sacramento_autumn_20241106_battery-capacity-derating_hard_r0_f968382e87,,True,True,[],,,,,,,,,,,,,
legacy,scn_2026-07-14-v1-3-agent-episode_sacramento_autumn_20241106_forecast-revision_hard_r1_02486ad353,,True,True,[],,,,,,,,,,,,,
legacy,scn_2026-07-14-v1-3-agent-episode_sacramento_autumn_20241108_battery-capacity-derating_hard_r1_802ecb5c1a,,True,True,[],,,,,,,,,,,,,
legacy,scn_2026-07-14-v1-3-agent-episode_sacramento_autumn_20241111_power-limit-derating_medium_r0_841e5258bf,,False,False,[],,,,,,,,,,,,,
legacy,scn_2026-07-14-v1-3-agent-episode_sacramento_autumn_20241112_power-limit-derating_easy_r1_dd114f9c01,,True,True,[],,,,,,,,,,,,,
legacy,scn_2026-07-14-v1-3-agent-episode_sacramento_autumn_20241112_reserve-commitment-update_easy_r1_aa1a2c5f6c,,True,True,[],,,,,,,,,,,,,
legacy,scn_2026-07-14-v1-3-agent-episode_sacramento_autumn_20241115_reserve-commitment-update_medium_r1_dc66b5940f,,False,False,[],,,,,,,,,,,,,
legacy,scn_2026-07-14-v1-3-agent-episode_sacramento_autumn_20241116_forecast-revision_medium_r1_e574ed4724,,True,True,[],,,,,,,,,,,,,
legacy,scn_2026-07-14-v1-3-agent-episode_sacramento_autumn_20241117_power-limit-derating_easy_r0_1d9c27a974,,True,True,[],,,,,,,,,,,,,
legacy,scn_2026-07-14-v1-3-agent-episode_sacramento_autumn_20241118_forecast-revision_medium_r0_d926936005,,True,True,[],,,,,,,,,,,,,
legacy,scn_2026-07-14-v1-3-agent-episode_sacramento_autumn_20241118_reserve-commitment-update_hard_r1_1de793296d,,True,True,[],,,,,,,,,,,,,
legacy,scn_2026-07-14-v1-3-agent-episode_sacramento_autumn_20241119_battery-capacity-derating_easy_r1_68f8185c6f,,True,True,[],,,,,,,,,,,,,
legacy,scn_2026-07-14-v1-3-agent-episode_sacramento_autumn_20241119_reserve-commitment-update_easy_r0_0ef54b9315,,False,False,[],,,,,,,,,,,,,
legacy,scn_2026-07-14-v1-3-agent-episode_sacramento_spring_20240305_forecast-revision_hard_r0_e64ecdba7e,,True,True,[],,,,,,,,,,,,,
legacy,scn_2026-07-14-v1-3-agent-episode_sacramento_spring_20240307_forecast-revision_hard_r1_dc11d44479,,True,True,[],,,,,,,,,,,,,
legacy,scn_2026-07-14-v1-3-agent-episode_sacramento_spring_20240309_power-limit-derating_hard_r0_2e720a7496,,True,True,[],,,,,,,,,,,,,
legacy,scn_2026-07-14-v1-3-agent-episode_sacramento_spring_20240310_forecast-revision_medium_r0_1cbd166615,,True,True,[],,,,,,,,,,,,,
legacy,scn_2026-07-14-v1-3-agent-episode_sacramento_spring_20240315_export-limit-update_medium_r1_3f59096c3a,,True,True,[],,,,,,,,,,,,,
legacy,scn_2026-07-14-v1-3-agent-episode_sacramento_spring_20240315_forecast-revision_medium_r1_5f1e76a0dd,,True,True,[],,,,,,,,,,,,,
legacy,scn_2026-07-14-v1-3-agent-episode_sacramento_spring_20240316_reserve-commitment-update_medium_r1_a48f6ad977,,True,True,[],,,,,,,,,,,,,
legacy,scn_2026-07-14-v1-3-agent-episode_sacramento_spring_20240317_battery-capacity-derating_hard_r1_ed42c53a92,,True,True,[],,,,,,,,,,,,,
legacy,scn_2026-07-14-v1-3-agent-episode_sacramento_spring_20240317_power-limit-derating_easy_r1_12720daf18,,True,True,[],,,,,,,,,,,,,
legacy,scn_2026-07-14-v1-3-agent-episode_sacramento_spring_20240319_battery-capacity-derating_medium_r0_60053cac2e,,False,False,[],,,,,,,,,,,,,
legacy,scn_2026-07-14-v1-3-agent-episode_sacramento_spring_20240319_reserve-commitment-update_hard_r0_8fff89645f,,True,True,[],,,,,,,,,,,,,
legacy,scn_2026-07-14-v1-3-agent-episode_sacramento_spring_20240321_reserve-commitment-update_easy_r0_e79a9e27a7,,True,True,[],,,,,,,,,,,,,
legacy,scn_2026-07-14-v1-3-agent-episode_sacramento_spring_20240404_power-limit-derating_easy_r0_a90953a35a,,True,True,[],,,,,,,,,,,,,
legacy,scn_2026-07-14-v1-3-agent-episode_sacramento_spring_20240405_forecast-revision_easy_r0_90f089dad4,,True,True,[],,,,,,,,,,,,,
legacy,scn_2026-07-14-v1-3-agent-episode_sacramento_spring_20240407_battery-capacity-derating_easy_r0_69bdc8cc2b,,True,True,[],,,,,,,,,,,,,
legacy,scn_2026-07-14-v1-3-agent-episode_sacramento_spring_20240407_power-limit-derating_medium_r1_74a862a231,,True,True,[],,,,,,,,,,,,,
legacy,scn_2026-07-14-v1-3-agent-episode_sacramento_spring_20240409_export-limit-update_medium_r0_1d914f9bd2,,True,True,[],,,,,,,,,,,,,
legacy,scn_2026-07-14-v1-3-agent-episode_sacramento_spring_20240409_forecast-revision_easy_r1_0cae1c185a,,True,True,[],,,,,,,,,,,,,
legacy,scn_2026-07-14-v1-3-agent-episode_sacramento_spring_20240409_reserve-commitment-update_hard_r1_e0b514c978,,True,True,[],,,,,,,,,,,,,
legacy,scn_2026-07-14-v1-3-agent-episode_sacramento_spring_20240413_battery-capacity-derating_easy_r1_33b49d992a,,True,True,[],,,,,,,,,,,,,
legacy,scn_2026-07-14-v1-3-agent-episode_sacramento_spring_20240413_export-limit-update_easy_r1_6dcba94bff,,False,False,[],,,,,,,,,,,,,
legacy,scn_2026-07-14-v1-3-agent-episode_sacramento_spring_20240414_battery-capacity-derating_hard_r0_03319b0d0e,,True,True,[],,,,,,,,,,,,,
legacy,scn_2026-07-14-v1-3-agent-episode_sacramento_spring_20240416_battery-capacity-derating_medium_r1_badad23c1d,,False,False,[],,,,,,,,,,,,,
legacy,scn_2026-07-14-v1-3-agent-episode_sacramento_spring_20240416_reserve-commitment-update_easy_r1_5efea714b6,,True,True,[],,,,,,,,,,,,,
legacy,scn_2026-07-14-v1-3-agent-episode_sacramento_spring_20240418_export-limit-update_easy_r0_3a78283872,,True,True,[],,,,,,,,,,,,,
legacy,scn_2026-07-14-v1-3-agent-episode_sacramento_spring_20240418_reserve-commitment-update_medium_r0_edafb25903,,True,True,[],,,,,,,,,,,,,
legacy,scn_2026-07-14-v1-3-agent-episode_sacramento_spring_20240419_export-limit-update_hard_r0_4c11a01d28,,True,True,[],,,,,,,,,,,,,
legacy,scn_2026-07-14-v1-3-agent-episode_sacramento_spring_20240420_export-limit-update_hard_r1_38c2580c90,,True,True,[],,,,,,,,,,,,,
legacy,scn_2026-07-14-v1-3-agent-episode_sacramento_spring_20240420_power-limit-derating_medium_r0_bcd17acc71,,True,True,[],,,,,,,,,,,,,
legacy,scn_2026-07-14-v1-3-agent-episode_sacramento_spring_20240421_power-limit-derating_hard_r1_479e7d931a,,True,True,[],,,,,,,,,,,,,
legacy,scn_2026-07-14-v1-3-agent-episode_sacramento_summer_20240704_forecast-revision_hard_r0_82672a894b,,True,True,[],,,,,,,,,,,,,
legacy,scn_2026-07-14-v1-3-agent-episode_sacramento_summer_20240704_power-limit-derating_medium_r1_91315f8408,,True,True,[],,,,,,,,,,,,,
legacy,scn_2026-07-14-v1-3-agent-episode_sacramento_summer_20240707_export-limit-update_medium_r1_eb78bad434,,True,True,[],,,,,,,,,,,,,
legacy,scn_2026-07-14-v1-3-agent-episode_sacramento_summer_20240708_battery-capacity-derating_hard_r0_336362bd1d,,True,True,[],,,,,,,,,,,,,
legacy,scn_2026-07-14-v1-3-agent-episode_sacramento_summer_20240710_battery-capacity-derating_hard_r1_c52c7f668a,,False,False,[],,,,,,,,,,,,,
legacy,scn_2026-07-14-v1-3-agent-episode_sacramento_summer_20240711_reserve-commitment-update_medium_r1_881410f824,,True,True,[],,,,,,,,,,,,,
legacy,scn_2026-07-14-v1-3-agent-episode_sacramento_summer_20240715_battery-capacity-derating_medium_r1_b71295b0c7,,True,True,[],,,,,,,,,,,,,
legacy,scn_2026-07-14-v1-3-agent-episode_sacramento_summer_20240716_export-limit-update_medium_r0_10502b6483,,False,False,[],,,,,,,,,,,,,
legacy,scn_2026-07-14-v1-3-agent-episode_sacramento_summer_20240717_forecast-revision_hard_r1_1931b1e032,,True,True,[],,,,,,,,,,,,,
legacy,scn_2026-07-14-v1-3-agent-episode_sacramento_summer_20240718_export-limit-update_easy_r0_b4710896e2,,True,True,[],,,,,,,,,,,,,
legacy,scn_2026-07-14-v1-3-agent-episode_sacramento_summer_20240719_reserve-commitment-update_easy_r1_29d0b9b814,,True,True,[],,,,,,,,,,,,,
legacy,scn_2026-07-14-v1-3-agent-episode_sacramento_summer_20240720_forecast-revision_easy_r1_5f01e3de43,,True,True,[],,,,,,,,,,,,,
legacy,scn_2026-07-14-v1-3-agent-episode_sacramento_summer_20240721_power-limit-derating_easy_r1_da84ab247b,,True,True,[],,,,,,,,,,,,,
legacy,scn_2026-07-14-v1-3-agent-episode_sacramento_summer_20240803_forecast-revision_medium_r0_850ccff259,,True,True,[],,,,,,,,,,,,,
legacy,scn_2026-07-14-v1-3-agent-episode_sacramento_summer_20240803_reserve-commitment-update_medium_r0_e9187c81f7,,True,True,[],,,,,,,,,,,,,
legacy,scn_2026-07-14-v1-3-agent-episode_sacramento_summer_20240804_power-limit-derating_hard_r0_912eef0b75,,True,True,[],,,,,,,,,,,,,
legacy,scn_2026-07-14-v1-3-agent-episode_sacramento_summer_20240805_power-limit-derating_easy_r0_5295d440aa,,True,True,[],,,,,,,,,,,,,
legacy,scn_2026-07-14-v1-3-agent-episode_sacramento_summer_20240805_reserve-commitment-update_hard_r0_c6da7cf8b3,,True,True,[],,,,,,,,,,,,,
legacy,scn_2026-07-14-v1-3-agent-episode_sacramento_summer_20240806_forecast-revision_easy_r0_765d9525cc,,True,True,[],,,,,,,,,,,,,
legacy,scn_2026-07-14-v1-3-agent-episode_sacramento_summer_20240806_power-limit-derating_medium_r0_8d8881b01d,,True,True,[],,,,,,,,,,,,,
legacy,scn_2026-07-14-v1-3-agent-episode_sacramento_summer_20240806_reserve-commitment-update_hard_r1_1897014a09,,True,True,[],,,,,,,,,,,,,
legacy,scn_2026-07-14-v1-3-agent-episode_sacramento_summer_20240809_battery-capacity-derating_easy_r1_f7d0b1a76e,,False,False,[],,,,,,,,,,,,,
legacy,scn_2026-07-14-v1-3-agent-episode_sacramento_summer_20240811_export-limit-update_easy_r1_6c94af4548,,True,True,[],,,,,,,,,,,,,
legacy,scn_2026-07-14-v1-3-agent-episode_sacramento_summer_20240811_export-limit-update_hard_r0_c9b855634f,,True,True,[],,,,,,,,,,,,,
legacy,scn_2026-07-14-v1-3-agent-episode_sacramento_summer_20240816_battery-capacity-derating_easy_r0_f5015d173d,,False,False,[],,,,,,,,,,,,,
legacy,scn_2026-07-14-v1-3-agent-episode_sacramento_summer_20240817_battery-capacity-derating_medium_r0_ea4216490a,,False,False,[],,,,,,,,,,,,,
legacy,scn_2026-07-14-v1-3-agent-episode_sacramento_summer_20240817_reserve-commitment-update_easy_r0_a0b25d9845,,True,True,[],,,,,,,,,,,,,
legacy,scn_2026-07-14-v1-3-agent-episode_sacramento_summer_20240819_forecast-revision_medium_r1_98a481a56b,,True,True,[],,,,,,,,,,,,,
legacy,scn_2026-07-14-v1-3-agent-episode_sacramento_summer_20240819_power-limit-derating_hard_r1_c644edf02f,,True,True,[],,,,,,,,,,,,,
legacy,scn_2026-07-14-v1-3-agent-episode_sacramento_summer_20240820_export-limit-update_hard_r1_b29d1de703,,True,True,[],,,,,,,,,,,,,
legacy,scn_2026-07-14-v1-3-agent-episode_sacramento_winter_20240105_forecast-revision_medium_r1_7a13870bde,,True,True,[],,,,,,,,,,,,,
legacy,scn_2026-07-14-v1-3-agent-episode_sacramento_winter_20240106_forecast-revision_easy_r0_0c8e56e143,,True,True,[],,,,,,,,,,,,,
legacy,scn_2026-07-14-v1-3-agent-episode_sacramento_winter_20240107_export-limit-update_easy_r0_035811732a,,False,False,[],,,,,,,,,,,,,
legacy,scn_2026-07-14-v1-3-agent-episode_sacramento_winter_20240108_forecast-revision_medium_r0_4d8d9c1f76,,True,True,[],,,,,,,,,,,,,
legacy,scn_2026-07-14-v1-3-agent-episode_sacramento_winter_20240108_reserve-commitment-update_easy_r1_d5d1211bf9,,True,True,[],,,,,,,,,,,,,
legacy,scn_2026-07-14-v1-3-agent-episode_sacramento_winter_20240109_power-limit-derating_hard_r1_bb8a921d94,,True,True,[],,,,,,,,,,,,,
legacy,scn_2026-07-14-v1-3-agent-episode_sacramento_winter_20240111_reserve-commitment-update_hard_r1_ae5555cb31,,True,True,[],,,,,,,,,,,,,
legacy,scn_2026-07-14-v1-3-agent-episode_sacramento_winter_20240111_reserve-commitment-update_medium_r1_baf8444f3a,,True,True,[],,,,,,,,,,,,,
legacy,scn_2026-07-14-v1-3-agent-episode_sacramento_winter_20240112_battery-capacity-derating_medium_r1_62d14d8759,,True,True,[],,,,,,,,,,,,,
legacy,scn_2026-07-14-v1-3-agent-episode_sacramento_winter_20240114_power-limit-derating_easy_r0_027e58ed5e,,True,True,[],,,,,,,,,,,,,
legacy,scn_2026-07-14-v1-3-agent-episode_sacramento_winter_20240117_export-limit-update_medium_r0_48122eb5a4,,True,True,[],,,,,,,,,,,,,
legacy,scn_2026-07-14-v1-3-agent-episode_sacramento_winter_20240118_reserve-commitment-update_easy_r0_35937c08a4,,True,True,[],,,,,,,,,,,,,
legacy,scn_2026-07-14-v1-3-agent-episode_sacramento_winter_20240119_battery-capacity-derating_medium_r0_889a4a9924,,False,False,[],,,,,,,,,,,,,
legacy,scn_2026-07-14-v1-3-agent-episode_sacramento_winter_20240121_forecast-revision_hard_r0_49f4dd0547,,True,True,[],,,,,,,,,,,,,
legacy,scn_2026-07-14-v1-3-agent-episode_sacramento_winter_20240203_battery-capacity-derating_hard_r0_a0b25cf498,,False,False,[],,,,,,,,,,,,,
legacy,scn_2026-07-14-v1-3-agent-episode_sacramento_winter_20240204_forecast-revision_hard_r1_c258db918c,,True,True,[],,,,,,,,,,,,,
legacy,scn_2026-07-14-v1-3-agent-episode_sacramento_winter_20240207_power-limit-derating_medium_r1_02b76da864,,False,False,[],,,,,,,,,,,,,
legacy,scn_2026-07-14-v1-3-agent-episode_sacramento_winter_20240207_reserve-commitment-update_medium_r0_e1f11006f0,,False,False,[],,,,,,,,,,,,,
legacy,scn_2026-07-14-v1-3-agent-episode_sacramento_winter_20240210_battery-capacity-derating_hard_r1_f395b5c163,,True,True,[],,,,,,,,,,,,,
legacy,scn_2026-07-14-v1-3-agent-episode_sacramento_winter_20240212_battery-capacity-derating_easy_r1_e6ecbc7061,,False,False,[],,,,,,,,,,,,,
legacy,scn_2026-07-14-v1-3-agent-episode_sacramento_winter_20240212_export-limit-update_hard_r0_3f728eb1e6,,True,True,[],,,,,,,,,,,,,
legacy,scn_2026-07-14-v1-3-agent-episode_sacramento_winter_20240212_reserve-commitment-update_hard_r0_d6fdb108ff,,True,True,[],,,,,,,,,,,,,
legacy,scn_2026-07-14-v1-3-agent-episode_sacramento_winter_20240213_export-limit-update_medium_r1_852d4a5e22,,True,True,[],,,,,,,,,,,,,
legacy,scn_2026-07-14-v1-3-agent-episode_sacramento_winter_20240215_power-limit-derating_medium_r0_3fd40a0f38,,True,True,[],,,,,,,,,,,,,
legacy,scn_2026-07-14-v1-3-agent-episode_sacramento_winter_20240217_export-limit-update_hard_r1_b07b739b42,,False,False,[],,,,,,,,,,,,,
legacy,scn_2026-07-14-v1-3-agent-episode_sacramento_winter_20240217_forecast-revision_easy_r1_0f31ac95a3,,True,True,[],,,,,,,,,,,,,
legacy,scn_2026-07-14-v1-3-agent-episode_sacramento_winter_20240218_export-limit-update_easy_r1_9bfb5abf4a,,False,False,[],,,,,,,,,,,,,
legacy,scn_2026-07-14-v1-3-agent-episode_sacramento_winter_20240218_power-limit-derating_hard_r0_480ade1c77,,False,False,[],,,,,,,,,,,,,
legacy,scn_2026-07-14-v1-3-agent-episode_sacramento_winter_20240221_battery-capacity-derating_easy_r0_6c53bc37a9,,False,False,[],,,,,,,,,,,,,
legacy,scn_2026-07-14-v1-3-agent-episode_sacramento_winter_20240221_power-limit-derating_easy_r1_f7829c3fc8,,True,True,[],,,,,,,,,,,,,
legacy,scn_2026-07-14-v1-3-agent-episode_san-diego_autumn_20241003_reserve-commitment-update_hard_r1_8a0469b818,,True,True,[],,,,,,,,,,,,,
legacy,scn_2026-07-14-v1-3-agent-episode_san-diego_autumn_20241004_battery-capacity-derating_hard_r0_354dce6a79,,False,False,[],,,,,,,,,,,,,
legacy,scn_2026-07-14-v1-3-agent-episode_san-diego_autumn_20241004_power-limit-derating_medium_r0_8e38d4dacd,,True,True,[],,,,,,,,,,,,,
legacy,scn_2026-07-14-v1-3-agent-episode_san-diego_autumn_20241005_reserve-commitment-update_medium_r1_438d8888d5,,True,True,[],,,,,,,,,,,,,
legacy,scn_2026-07-14-v1-3-agent-episode_san-diego_autumn_20241007_power-limit-derating_hard_r0_1972073480,,True,True,[],,,,,,,,,,,,,
legacy,scn_2026-07-14-v1-3-agent-episode_san-diego_autumn_20241010_battery-capacity-derating_medium_r1_d96d6271a3,,False,False,[],,,,,,,,,,,,,
legacy,scn_2026-07-14-v1-3-agent-episode_san-diego_autumn_20241010_power-limit-derating_medium_r1_e3f8542226,,True,True,[],,,,,,,,,,,,,
legacy,scn_2026-07-14-v1-3-agent-episode_san-diego_autumn_20241010_reserve-commitment-update_hard_r0_fba09314d8,,True,True,[],,,,,,,,,,,,,
legacy,scn_2026-07-14-v1-3-agent-episode_san-diego_autumn_20241011_export-limit-update_medium_r0_ff3e1eba15,,True,True,[],,,,,,,,,,,,,
legacy,scn_2026-07-14-v1-3-agent-episode_san-diego_autumn_20241012_forecast-revision_hard_r0_7d09351b1d,,True,True,[],,,,,,,,,,,,,
legacy,scn_2026-07-14-v1-3-agent-episode_san-diego_autumn_20241014_export-limit-update_medium_r1_9b7e4ed77e,,True,True,[],,,,,,,,,,,,,
legacy,scn_2026-07-14-v1-3-agent-episode_san-diego_autumn_20241016_power-limit-derating_hard_r1_42276e3d54,,True,True,[],,,,,,,,,,,,,
legacy,scn_2026-07-14-v1-3-agent-episode_san-diego_autumn_20241017_reserve-commitment-update_easy_r1_ab96a0840a,,True,True,[],,,,,,,,,,,,,
legacy,scn_2026-07-14-v1-3-agent-episode_san-diego_autumn_20241018_battery-capacity-derating_easy_r1_0885189e81,,False,False,[],,,,,,,,,,,,,
legacy,scn_2026-07-14-v1-3-agent-episode_san-diego_autumn_20241018_export-limit-update_hard_r0_8be9da26fd,,True,True,[],,,,,,,,,,,,,
legacy,scn_2026-07-14-v1-3-agent-episode_san-diego_autumn_20241019_battery-capacity-derating_medium_r0_dc39115ec8,,False,False,[],,,,,,,,,,,,,
legacy,scn_2026-07-14-v1-3-agent-episode_san-diego_autumn_20241019_forecast-revision_easy_r0_c576f61b80,,True,True,[],,,,,,,,,,,,,
legacy,scn_2026-07-14-v1-3-agent-episode_san-diego_autumn_20241019_forecast-revision_hard_r1_f25c1afa40,,True,True,[],,,,,,,,,,,,,
legacy,scn_2026-07-14-v1-3-agent-episode_san-diego_autumn_20241020_forecast-revision_medium_r1_a5b550ba87,,True,True,[],,,,,,,,,,,,,
legacy,scn_2026-07-14-v1-3-agent-episode_san-diego_autumn_20241109_battery-capacity-derating_hard_r1_9ec81aaf8d,,True,True,[],,,,,,,,,,,,,
legacy,scn_2026-07-14-v1-3-agent-episode_san-diego_autumn_20241109_power-limit-derating_easy_r0_45ed6a2619,,True,True,[],,,,,,,,,,,,,
legacy,scn_2026-07-14-v1-3-agent-episode_san-diego_autumn_20241110_export-limit-update_easy_r1_38b030542f,,False,False,[],,,,,,,,,,,,,
legacy,scn_2026-07-14-v1-3-agent-episode_san-diego_autumn_20241110_power-limit-derating_easy_r1_752cb6e332,,True,True,[],,,,,,,,,,,,,
legacy,scn_2026-07-14-v1-3-agent-episode_san-diego_autumn_20241113_forecast-revision_easy_r1_317198853c,,True,True,[],,,,,,,,,,,,,
legacy,scn_2026-07-14-v1-3-agent-episode_san-diego_autumn_20241114_reserve-commitment-update_medium_r0_c6b994559f,,True,True,[],,,,,,,,,,,,,
legacy,scn_2026-07-14-v1-3-agent-episode_san-diego_autumn_20241115_export-limit-update_easy_r0_ddd24dce44,,False,False,[],,,,,,,,,,,,,
legacy,scn_2026-07-14-v1-3-agent-episode_san-diego_autumn_20241117_forecast-revision_medium_r0_5725d94ca6,,True,True,[],,,,,,,,,,,,,
legacy,scn_2026-07-14-v1-3-agent-episode_san-diego_autumn_20241119_export-limit-update_hard_r1_de7b93832c,,True,True,[],,,,,,,,,,,,,
legacy,scn_2026-07-14-v1-3-agent-episode_san-diego_autumn_20241121_battery-capacity-derating_easy_r0_28661aab2a,,False,False,[],,,,,,,,,,,,,
legacy,scn_2026-07-14-v1-3-agent-episode_san-diego_autumn_20241121_reserve-commitment-update_easy_r0_5dd462b43e,,False,False,[],,,,,,,,,,,,,
legacy,scn_2026-07-14-v1-3-agent-episode_san-diego_spring_20240305_reserve-commitment-update_medium_r0_415340cfc9,,True,True,[],,,,,,,,,,,,,
legacy,scn_2026-07-14-v1-3-agent-episode_san-diego_spring_20240308_power-limit-derating_easy_r0_09d979482c,,True,True,[],,,,,,,,,,,,,
legacy,scn_2026-07-14-v1-3-agent-episode_san-diego_spring_20240309_power-limit-derating_medium_r0_39ae53b636,,True,True,[],,,,,,,,,,,,,
legacy,scn_2026-07-14-v1-3-agent-episode_san-diego_spring_20240311_forecast-revision_easy_r0_8ad3775256,,True,True,[],,,,,,,,,,,,,
legacy,scn_2026-07-14-v1-3-agent-episode_san-diego_spring_20240312_battery-capacity-derating_medium_r0_1400edf484,,False,False,[],,,,,,,,,,,,,
legacy,scn_2026-07-14-v1-3-agent-episode_san-diego_spring_20240312_export-limit-update_hard_r1_ecb3d697df,,True,True,[],,,,,,,,,,,,,
legacy,scn_2026-07-14-v1-3-agent-episode_san-diego_spring_20240313_forecast-revision_hard_r1_e82928cbf0,,True,True,[],,,,,,,,,,,,,
legacy,scn_2026-07-14-v1-3-agent-episode_san-diego_spring_20240313_reserve-commitment-update_medium_r1_9f7eee315c,,True,True,[],,,,,,,,,,,,,
legacy,scn_2026-07-14-v1-3-agent-episode_san-diego_spring_20240319_battery-capacity-derating_medium_r1_26b09881a0,,False,False,[],,,,,,,,,,,,,
legacy,scn_2026-07-14-v1-3-agent-episode_san-diego_spring_20240321_battery-capacity-derating_hard_r0_bffc55e6b5,,False,False,[],,,,,,,,,,,,,
legacy,scn_2026-07-14-v1-3-agent-episode_san-diego_spring_20240403_export-limit-update_medium_r0_653b3a500d,,True,True,[],,,,,,,,,,,,,
legacy,scn_2026-07-14-v1-3-agent-episode_san-diego_spring_20240406_battery-capacity-derating_easy_r1_e71246a51b,,False,False,[],,,,,,,,,,,,,
legacy,scn_2026-07-14-v1-3-agent-episode_san-diego_spring_20240409_forecast-revision_medium_r1_51aaed37a4,,True,True,[],,,,,,,,,,,,,
legacy,scn_2026-07-14-v1-3-agent-episode_san-diego_spring_20240409_reserve-commitment-update_hard_r1_d8e77a504d,,True,True,[],,,,,,,,,,,,,
legacy,scn_2026-07-14-v1-3-agent-episode_san-diego_spring_20240410_export-limit-update_medium_r1_875ddc571d,,True,True,[],,,,,,,,,,,,,
legacy,scn_2026-07-14-v1-3-agent-episode_san-diego_spring_20240410_power-limit-derating_hard_r0_37400ebc69,,True,True,[],,,,,,,,,,,,,
legacy,scn_2026-07-14-v1-3-agent-episode_san-diego_spring_20240411_reserve-commitment-update_hard_r0_b85abc89b1,,True,True,[],,,,,,,,,,,,,
legacy,scn_2026-07-14-v1-3-agent-episode_san-diego_spring_20240412_export-limit-update_hard_r0_6eafeabebf,,True,True,[],,,,,,,,,,,,,
legacy,scn_2026-07-14-v1-3-agent-episode_san-diego_spring_20240412_power-limit-derating_hard_r1_5c4c96ea7e,,True,True,[],,,,,,,,,,,,,
legacy,scn_2026-07-14-v1-3-agent-episode_san-diego_spring_20240413_battery-capacity-derating_hard_r1_b3522fe94f,,False,False,[],,,,,,,,,,,,,
legacy,scn_2026-07-14-v1-3-agent-episode_san-diego_spring_20240413_forecast-revision_medium_r0_233f51b14e,,True,True,[],,,,,,,,,,,,,
legacy,scn_2026-07-14-v1-3-agent-episode_san-diego_spring_20240414_reserve-commitment-update_easy_r1_6d655cda27,,True,True,[],,,,,,,,,,,,,
legacy,scn_2026-07-14-v1-3-agent-episode_san-diego_spring_20240415_power-limit-derating_easy_r1_9c3449e84e,,True,True,[],,,,,,,,,,,,,
legacy,scn_2026-07-14-v1-3-agent-episode_san-diego_spring_20240415_power-limit-derating_medium_r1_aa2594ea23,,True,True,[],,,,,,,,,,,,,
legacy,scn_2026-07-14-v1-3-agent-episode_san-diego_spring_20240415_reserve-commitment-update_easy_r0_8fb62d9a89,,True,True,[],,,,,,,,,,,,,
legacy,scn_2026-07-14-v1-3-agent-episode_san-diego_spring_20240416_export-limit-update_easy_r1_bab8dea0d8,,False,False,[],,,,,,,,,,,,,
legacy,scn_2026-07-14-v1-3-agent-episode_san-diego_spring_20240416_forecast-revision_easy_r1_c1a8fa7702,,True,True,[],,,,,,,,,,,,,
legacy,scn_2026-07-14-v1-3-agent-episode_san-diego_spring_20240417_forecast-revision_hard_r0_914948f6e4,,True,True,[],,,,,,,,,,,,,
legacy,scn_2026-07-14-v1-3-agent-episode_san-diego_spring_20240418_export-limit-update_easy_r0_74194c14ff,,True,True,[],,,,,,,,,,,,,
legacy,scn_2026-07-14-v1-3-agent-episode_san-diego_spring_20240421_battery-capacity-derating_easy_r0_26fa6dd610,,True,True,[],,,,,,,,,,,,,
legacy,scn_2026-07-14-v1-3-agent-episode_san-diego_summer_20240703_export-limit-update_medium_r1_4cd99d5718,,True,True,[],,,,,,,,,,,,,
legacy,scn_2026-07-14-v1-3-agent-episode_san-diego_summer_20240703_forecast-revision_medium_r1_981f614613,,True,True,[],,,,,,,,,,,,,
legacy,scn_2026-07-14-v1-3-agent-episode_san-diego_summer_20240705_reserve-commitment-update_easy_r1_d7fcda3ee9,,True,True,[],,,,,,,,,,,,,
legacy,scn_2026-07-14-v1-3-agent-episode_san-diego_summer_20240709_reserve-commitment-update_easy_r0_5d3582e1ce,,True,True,[],,,,,,,,,,,,,
legacy,scn_2026-07-14-v1-3-agent-episode_san-diego_summer_20240710_forecast-revision_hard_r0_cc788997d1,,True,True,[],,,,,,,,,,,,,
legacy,scn_2026-07-14-v1-3-agent-episode_san-diego_summer_20240711_forecast-revision_medium_r0_1048594c02,,True,True,[],,,,,,,,,,,,,
legacy,scn_2026-07-14-v1-3-agent-episode_san-diego_summer_20240712_battery-capacity-derating_hard_r0_40c76cea9a,,True,True,[],,,,,,,,,,,,,
legacy,scn_2026-07-14-v1-3-agent-episode_san-diego_summer_20240712_power-limit-derating_medium_r0_679c767ddd,,True,True,[],,,,,,,,,,,,,
legacy,scn_2026-07-14-v1-3-agent-episode_san-diego_summer_20240713_reserve-commitment-update_hard_r0_00a037b5f4,,True,True,[],,,,,,,,,,,,,
legacy,scn_2026-07-14-v1-3-agent-episode_san-diego_summer_20240716_forecast-revision_easy_r1_ac241fe2f7,,True,True,[],,,,,,,,,,,,,
legacy,scn_2026-07-14-v1-3-agent-episode_san-diego_summer_20240716_power-limit-derating_easy_r1_827aa62867,,True,True,[],,,,,,,,,,,,,
legacy,scn_2026-07-14-v1-3-agent-episode_san-diego_summer_20240718_power-limit-derating_medium_r1_b521e76b3e,,True,True,[],,,,,,,,,,,,,
legacy,scn_2026-07-14-v1-3-agent-episode_san-diego_summer_20240719_reserve-commitment-update_hard_r1_0bc4248f99,,True,True,[],,,,,,,,,,,,,
legacy,scn_2026-07-14-v1-3-agent-episode_san-diego_summer_20240720_battery-capacity-derating_easy_r1_b644896938,,False,False,[],,,,,,,,,,,,,
legacy,scn_2026-07-14-v1-3-agent-episode_san-diego_summer_20240721_power-limit-derating_easy_r0_b50a0b4ec4,,True,True,[],,,,,,,,,,,,,
legacy,scn_2026-07-14-v1-3-agent-episode_san-diego_summer_20240803_export-limit-update_medium_r0_1685c51a78,,True,True,[],,,,,,,,,,,,,
legacy,scn_2026-07-14-v1-3-agent-episode_san-diego_summer_20240804_forecast-revision_easy_r0_03ee146c56,,True,True,[],,,,,,,,,,,,,
legacy,scn_2026-07-14-v1-3-agent-episode_san-diego_summer_20240807_export-limit-update_hard_r0_2371521074,,True,True,[],,,,,,,,,,,,,
legacy,scn_2026-07-14-v1-3-agent-episode_san-diego_summer_20240807_power-limit-derating_hard_r0_06a845e966,,True,True,[],,,,,,,,,,,,,
legacy,scn_2026-07-14-v1-3-agent-episode_san-diego_summer_20240810_battery-capacity-derating_hard_r1_db637a14d8,,True,True,[],,,,,,,,,,,,,
legacy,scn_2026-07-14-v1-3-agent-episode_san-diego_summer_20240810_battery-capacity-derating_medium_r1_0b0f848f2e,,False,False,[],,,,,,,,,,,,,
legacy,scn_2026-07-14-v1-3-agent-episode_san-diego_summer_20240810_export-limit-update_easy_r0_b7cee0e18d,,True,True,[],,,,,,,,,,,,,
legacy,scn_2026-07-14-v1-3-agent-episode_san-diego_summer_20240810_reserve-commitment-update_medium_r0_4624014168,,True,True,[],,,,,,,,,,,,,
legacy,scn_2026-07-14-v1-3-agent-episode_san-diego_summer_20240810_reserve-commitment-update_medium_r1_2f2bb054e3,,True,True,[],,,,,,,,,,,,,
legacy,scn_2026-07-14-v1-3-agent-episode_san-diego_summer_20240813_export-limit-update_hard_r1_8f79b852c6,,True,True,[],,,,,,,,,,,,,
legacy,scn_2026-07-14-v1-3-agent-episode_san-diego_summer_20240814_forecast-revision_hard_r1_d819679ca8,,True,True,[],,,,,,,,,,,,,
legacy,scn_2026-07-14-v1-3-agent-episode_san-diego_summer_20240815_battery-capacity-derating_easy_r0_d08f4706af,,False,False,[],,,,,,,,,,,,,
legacy,scn_2026-07-14-v1-3-agent-episode_san-diego_summer_20240817_power-limit-derating_hard_r1_1a7f9cb464,,True,True,[],,,,,,,,,,,,,
legacy,scn_2026-07-14-v1-3-agent-episode_san-diego_summer_20240819_export-limit-update_easy_r1_2cdfcd1277,,True,True,[],,,,,,,,,,,,,
legacy,scn_2026-07-14-v1-3-agent-episode_san-diego_summer_20240820_battery-capacity-derating_medium_r0_92bd47de7c,,False,False,[],,,,,,,,,,,,,
legacy,scn_2026-07-14-v1-3-agent-episode_san-diego_winter_20240107_power-limit-derating_easy_r1_634b59b4a4,,False,False,[],,,,,,,,,,,,,
legacy,scn_2026-07-14-v1-3-agent-episode_san-diego_winter_20240110_export-limit-update_easy_r0_9fe8faa5c3,,False,False,[],,,,,,,,,,,,,
legacy,scn_2026-07-14-v1-3-agent-episode_san-diego_winter_20240111_battery-capacity-derating_medium_r1_14c0d8f678,,True,True,[],,,,,,,,,,,,,
legacy,scn_2026-07-14-v1-3-agent-episode_san-diego_winter_20240111_export-limit-update_medium_r0_e7e4a85359,,True,True,[],,,,,,,,,,,,,
legacy,scn_2026-07-14-v1-3-agent-episode_san-diego_winter_20240111_forecast-revision_hard_r1_c2301c0b9b,,True,True,[],,,,,,,,,,,,,
legacy,scn_2026-07-14-v1-3-agent-episode_san-diego_winter_20240111_reserve-commitment-update_easy_r0_499aed64ab,,True,True,[],,,,,,,,,,,,,
legacy,scn_2026-07-14-v1-3-agent-episode_san-diego_winter_20240112_export-limit-update_hard_r1_5140ed3ff0,,True,True,[],,,,,,,,,,,,,
legacy,scn_2026-07-14-v1-3-agent-episode_san-diego_winter_20240114_export-limit-update_easy_r1_43fe3d6f48,,True,True,[],,,,,,,,,,,,,
legacy,scn_2026-07-14-v1-3-agent-episode_san-diego_winter_20240114_reserve-commitment-update_easy_r1_7bffceddb1,,True,True,[],,,,,,,,,,,,,
legacy,scn_2026-07-14-v1-3-agent-episode_san-diego_winter_20240115_power-limit-derating_hard_r1_a558665628,,True,True,[],,,,,,,,,,,,,
legacy,scn_2026-07-14-v1-3-agent-episode_san-diego_winter_20240115_power-limit-derating_medium_r0_43f951b9d5,,True,True,[],,,,,,,,,,,,,
legacy,scn_2026-07-14-v1-3-agent-episode_san-diego_winter_20240118_reserve-commitment-update_hard_r0_fe43bdb2b5,,True,True,[],,,,,,,,,,,,,
legacy,scn_2026-07-14-v1-3-agent-episode_san-diego_winter_20240120_battery-capacity-derating_easy_r0_f1504f1388,,False,False,[],,,,,,,,,,,,,
legacy,scn_2026-07-14-v1-3-agent-episode_san-diego_winter_20240120_power-limit-derating_easy_r0_bba3e88b40,,True,True,[],,,,,,,,,,,,,
legacy,scn_2026-07-14-v1-3-agent-episode_san-diego_winter_20240120_power-limit-derating_medium_r1_59a50196f8,,True,True,[],,,,,,,,,,,,,
legacy,scn_2026-07-14-v1-3-agent-episode_san-diego_winter_20240204_export-limit-update_medium_r1_5cc4cb6d61,,False,False,[],,,,,,,,,,,,,
legacy,scn_2026-07-14-v1-3-agent-episode_san-diego_winter_20240205_battery-capacity-derating_easy_r1_0a68008579,,False,False,[],,,,,,,,,,,,,
legacy,scn_2026-07-14-v1-3-agent-episode_san-diego_winter_20240206_battery-capacity-derating_hard_r1_14c43b1c4b,,False,False,[],,,,,,,,,,,,,
legacy,scn_2026-07-14-v1-3-agent-episode_san-diego_winter_20240208_reserve-commitment-update_medium_r1_d33cd3ca29,,True,True,[],,,,,,,,,,,,,
legacy,scn_2026-07-14-v1-3-agent-episode_san-diego_winter_20240209_forecast-revision_medium_r1_886be7fe90,,True,True,[],,,,,,,,,,,,,
legacy,scn_2026-07-14-v1-3-agent-episode_san-diego_winter_20240210_battery-capacity-derating_hard_r0_e3c8a73db6,,True,True,[],,,,,,,,,,,,,
legacy,scn_2026-07-14-v1-3-agent-episode_san-diego_winter_20240210_forecast-revision_hard_r0_5d0ba163d2,,True,True,[],,,,,,,,,,,,,
legacy,scn_2026-07-14-v1-3-agent-episode_san-diego_winter_20240211_forecast-revision_easy_r1_1fa2fba05c,,True,True,[],,,,,,,,,,,,,
legacy,scn_2026-07-14-v1-3-agent-episode_san-diego_winter_20240212_forecast-revision_easy_r0_2dbd6927dc,,True,True,[],,,,,,,,,,,,,
legacy,scn_2026-07-14-v1-3-agent-episode_san-diego_winter_20240214_export-limit-update_hard_r0_382cfd100d,,False,False,[],,,,,,,,,,,,,
legacy,scn_2026-07-14-v1-3-agent-episode_san-diego_winter_20240215_forecast-revision_medium_r0_9bb8e35928,,True,True,[],,,,,,,,,,,,,
legacy,scn_2026-07-14-v1-3-agent-episode_san-diego_winter_20240218_battery-capacity-derating_medium_r0_3214f9f9dd,,False,False,[],,,,,,,,,,,,,
legacy,scn_2026-07-14-v1-3-agent-episode_san-diego_winter_20240219_power-limit-derating_hard_r0_079e120cdc,,True,True,[],,,,,,,,,,,,,
legacy,scn_2026-07-14-v1-3-agent-episode_san-diego_winter_20240219_reserve-commitment-update_medium_r0_c3d9b1908e,,True,True,[],,,,,,,,,,,,,
legacy,scn_2026-07-14-v1-3-agent-episode_san-diego_winter_20240221_reserve-commitment-update_hard_r1_2de063d3b0,,True,True,[],,,,,,,,,,,,,
E1,v2e1_0b28e9d39b5872caebc0,scn_2026-07-14-v1-3-agent-episode_fresno_autumn_20241004_battery-capacity-derating_easy_r1_1b6ced6fa5,True,True,[],fresno,autumn,battery_capacity_derating,easy,4.0,,338.1578947368421,,,,876.3109418282548,362.9093305976013,
E1,v2e1_7a9986b74ea953587ce1,scn_2026-07-14-v1-3-agent-episode_fresno_autumn_20241106_battery-capacity-derating_hard_r0_b055f583ab,False,False,['solver:RuntimeError'],fresno,autumn,battery_capacity_derating,hard,,,,,,,,,
E1,v2e1_7cd0a51f2ba8c9903084,scn_2026-07-14-v1-3-agent-episode_fresno_spring_20240314_battery-capacity-derating_easy_r1_ded3ea7f6a,False,False,['canonical_feasible'],fresno,spring,battery_capacity_derating,easy,6.0,,487.5,,,,905.0328947368421,284.1696145018469,
E1,v2e1_fae3f3cf8e8d3fb9aa28,scn_2026-07-14-v1-3-agent-episode_fresno_spring_20240304_battery-capacity-derating_hard_r0_b5f42b1dba,False,False,['solver:RuntimeError'],fresno,spring,battery_capacity_derating,hard,,,,,,,,,
E1,v2e1_216ce7fe7c837805a0e2,scn_2026-07-14-v1-3-agent-episode_fresno_summer_20240711_battery-capacity-derating_easy_r0_a95e3b6c87,False,False,['canonical_feasible'],fresno,summer,battery_capacity_derating,easy,6.0,,487.5,,,,1175.3881578947369,605.3295074000645,
E1,v2e1_6770fa0ec40c3d5a6828,scn_2026-07-14-v1-3-agent-episode_fresno_summer_20240708_battery-capacity-derating_hard_r1_8e1c043f16,False,False,['solver:RuntimeError'],fresno,summer,battery_capacity_derating,hard,,,,,,,,,
E1,v2e1_9b6252075a0ba6fc6945,scn_2026-07-14-v1-3-agent-episode_fresno_summer_20240813_battery-capacity-derating_hard_r0_2c4b537cf2,False,False,['solver:RuntimeError'],fresno,summer,battery_capacity_derating,hard,,,,,,,,,
E1,v2e1_5bc22cc4a984722437d9,scn_2026-07-14-v1-3-agent-episode_fresno_summer_20240708_battery-capacity-derating_medium_r1_7f3fe44d04,True,True,[],fresno,summer,battery_capacity_derating,medium,15.0,,74.99999999999994,,,,756.1530470914131,262.3499073130517,
E1,v2e1_271ac9ebb58e651e0631,scn_2026-07-14-v1-3-agent-episode_fresno_winter_20240117_battery-capacity-derating_hard_r1_f4eb21798f,False,False,['solver:RuntimeError'],fresno,winter,battery_capacity_derating,hard,,,,,,,,,
E1,v2e1_6d0c8498b1b042be94f3,scn_2026-07-14-v1-3-agent-episode_fresno_winter_20240212_battery-capacity-derating_medium_r0_9ab072f74a,False,False,['event_stale_l1_ge_25'],fresno,winter,battery_capacity_derating,medium,11.0,,250.0,,,,429.4078947368422,404.8984059899243,
E1,v2e1_1709a3e3a3ba695fd04e,scn_2026-07-14-v1-3-agent-episode_los-angeles_autumn_20241004_battery-capacity-derating_easy_r1_3ae6c1cddd,True,True,[],los_angeles,autumn,battery_capacity_derating,easy,4.0,,338.1578947368421,,,,876.3109418282548,371.30174084694323,
E1,v2e1_f9fb156ae5fa1f532193,scn_2026-07-14-v1-3-agent-episode_los-angeles_autumn_20241103_battery-capacity-derating_hard_r0_55bc2d0065,False,False,['solver:RuntimeError'],los_angeles,autumn,battery_capacity_derating,hard,,,,,,,,,
E1,v2e1_9f46a519fdbacbab349f,scn_2026-07-14-v1-3-agent-episode_los-angeles_spring_20240307_battery-capacity-derating_hard_r1_62d02d500d,False,False,['solver:RuntimeError'],los_angeles,spring,battery_capacity_derating,hard,,,,,,,,,
E1,v2e1_7e968b72cb29d4723116,scn_2026-07-14-v1-3-agent-episode_los-angeles_spring_20240417_battery-capacity-derating_hard_r0_65280cefbb,False,False,['solver:RuntimeError'],los_angeles,spring,battery_capacity_derating,hard,,,,,,,,,
E1,v2e1_9b0735c32ed0ea0fe387,scn_2026-07-14-v1-3-agent-episode_los-angeles_summer_20240715_battery-capacity-derating_hard_r0_f567168286,False,False,['solver:RuntimeError'],los_angeles,summer,battery_capacity_derating,hard,,,,,,,,,
E1,v2e1_f4f94c7b7969b4986ee0,scn_2026-07-14-v1-3-agent-episode_los-angeles_summer_20240708_battery-capacity-derating_hard_r1_2cd5b0ac10,False,False,['solver:RuntimeError'],los_angeles,summer,battery_capacity_derating,hard,,,,,,,,,
E1,v2e1_2c5b2bd14d444a811c9a,scn_2026-07-14-v1-3-agent-episode_los-angeles_winter_20240112_battery-capacity-derating_hard_r0_b5a3d0b291,False,False,['solver:RuntimeError'],los_angeles,winter,battery_capacity_derating,hard,,,,,,,,,
E1,v2e1_19a2d44694b4a0a6ade4,scn_2026-07-14-v1-3-agent-episode_sacramento_autumn_20241108_battery-capacity-derating_hard_r1_802ecb5c1a,False,False,['solver:RuntimeError'],sacramento,autumn,battery_capacity_derating,hard,,,,,,,,,
E1,v2e1_6fcd2b47a63a20cf47ca,scn_2026-07-14-v1-3-agent-episode_sacramento_spring_20240407_battery-capacity-derating_easy_r0_69bdc8cc2b,False,False,['canonical_feasible'],sacramento,spring,battery_capacity_derating,easy,14.0,,487.5,,,,905.0328947368421,209.00622862081764,
E1,v2e1_77dc6ea11ea2c493fb94,scn_2026-07-14-v1-3-agent-episode_sacramento_spring_20240414_battery-capacity-derating_hard_r0_03319b0d0e,False,False,['solver:RuntimeError'],sacramento,spring,battery_capacity_derating,hard,,,,,,,,,
E1,v2e1_080f0b73ace2b2c45ffd,scn_2026-07-14-v1-3-agent-episode_fresno_autumn_20241011_export-limit-update_easy_r1_98d8138f93,True,False,[],fresno,autumn,export_limit_update,easy,6.0,,118.42105263157893,,,,850.0475875616344,336.6156128813656,
E1,v2e1_ba19d4eb3df2069e6676,scn_2026-07-14-v1-3-agent-episode_fresno_autumn_20241106_export-limit-update_hard_r1_71bd3fda06,True,True,[],fresno,autumn,export_limit_update,hard,9.0,,75.0,,,,429.40789473684214,365.6190806492491,
E1,v2e1_4f522b7dae5c34b8a701,scn_2026-07-14-v1-3-agent-episode_fresno_autumn_20241105_export-limit-update_hard_r0_3fb4230bf9,True,False,[],fresno,autumn,export_limit_update,hard,9.0,,75.0,,,,429.40789473684214,360.95104535176404,
E1,v2e1_23b526adca9b84b0460e,scn_2026-07-14-v1-3-agent-episode_fresno_autumn_20241004_export-limit-update_medium_r0_7e24ccc477,True,False,[],fresno,autumn,export_limit_update,medium,4.0,,338.1578947368421,,,,956.4162049861495,361.70378575549597,
E1,v2e1_f7012c8fdd402185b22b,scn_2026-07-14-v1-3-agent-episode_fresno_spring_20240415_export-limit-update_easy_r1_44b61a2c59,False,False,['event_stale_l1_ge_25'],fresno,spring,export_limit_update,easy,11.0,,338.1578947368421,,,,905.0328947368421,142.16412528731848,
E1,v2e1_be293f4078a4cd82a0f4,scn_2026-07-14-v1-3-agent-episode_fresno_spring_20240409_export-limit-update_easy_r0_c0fd270d4f,False,False,['event_stale_l1_ge_25'],fresno,spring,export_limit_update,easy,15.0,,338.1578947368421,,,,905.0328947368421,269.2876822698444,
E1,v2e1_2d6a3dec1d7ae5e8c223,scn_2026-07-14-v1-3-agent-episode_fresno_spring_20240313_export-limit-update_hard_r0_6b81f6d3b7,False,False,['event_stale_l1_ge_25'],fresno,spring,export_limit_update,hard,6.0,,487.5,,,,1380.657894736842,263.8185946503953,
E1,v2e1_8056fd5dfd84806f7e87,scn_2026-07-14-v1-3-agent-episode_fresno_spring_20240320_export-limit-update_hard_r1_2cabbbfd53,False,False,['event_stale_l1_ge_25'],fresno,spring,export_limit_update,hard,8.0,,338.1578947368421,,,,605.9556786703602,246.51512327170119,
E1,v2e1_402facb8d73905328882,scn_2026-07-14-v1-3-agent-episode_fresno_spring_20240304_export-limit-update_medium_r0_c1aae7b1e4,True,False,[],fresno,spring,export_limit_update,medium,4.0,,250.0,,,,429.40789473684214,202.04099995259884,
E1,v2e1_90ae751a3a046f4b1518,scn_2026-07-14-v1-3-agent-episode_fresno_spring_20240414_export-limit-update_medium_r1_c4446d3c85,False,False,['event_stale_l1_ge_25'],fresno,spring,export_limit_update,medium,15.0,,250.0,,,,429.40789473684214,218.47061961890216,
E1,v2e1_817d4c2d28b45dc1f22d,scn_2026-07-14-v1-3-agent-episode_fresno_summer_20240813_export-limit-update_easy_r0_eb74576284,False,False,['event_stale_l1_ge_25'],fresno,summer,export_limit_update,easy,11.0,,75.0,,,,429.4078947368421,295.9482929403806,
E1,v2e1_62bd2b0af828972f50de,scn_2026-07-14-v1-3-agent-episode_fresno_summer_20240820_export-limit-update_easy_r1_a82f7b5913,False,False,['event_stale_l1_ge_25'],fresno,summer,export_limit_update,easy,13.0,,74.99999999999989,,,,605.9556786703602,310.9692005642175,
E1,v2e1_58b8206a6542d02d7000,scn_2026-07-14-v1-3-agent-episode_fresno_summer_20240712_export-limit-update_hard_r1_b9b1c78965,True,False,[],fresno,summer,export_limit_update,hard,6.0,,355.92105263157896,,,,1255.4934210526317,514.9795023220804,
E1,v2e1_cd0b8fe0928795850a63,scn_2026-07-14-v1-3-agent-episode_fresno_summer_20240716_export-limit-update_hard_r0_782806243d,False,False,['event_stale_l1_ge_25'],fresno,summer,export_limit_update,hard,7.0,,338.1578947368421,,,,605.95567867036,375.7852701921883,
E1,v2e1_edccac255009821df0f8,scn_2026-07-14-v1-3-agent-episode_fresno_summer_20240811_export-limit-update_medium_r0_6ace07f319,True,False,[],fresno,summer,export_limit_update,medium,13.0,,75.0,,,,429.40789473684214,220.44927856576578,
E1,v2e1_e89408a2366531868008,scn_2026-07-14-v1-3-agent-episode_fresno_winter_20240109_export-limit-update_easy_r0_0bd7ce2f07,True,False,[],fresno,winter,export_limit_update,easy,5.0,,184.21052631578948,,,,429.4078947368421,708.7862575000012,
E1,v2e1_a0eb39b62c4541cf8166,scn_2026-07-14-v1-3-agent-episode_fresno_winter_20240110_export-limit-update_easy_r1_dc7d6becda,False,False,['event_stale_l1_ge_25'],fresno,winter,export_limit_update,easy,5.0,,250.0,,,,429.40789473684214,668.6658994459335,
E1,v2e1_cda2ddcc5448dfc6da85,scn_2026-07-14-v1-3-agent-episode_fresno_winter_20240120_export-limit-update_hard_r0_f328d2597c,False,False,['event_stale_l1_ge_25'],fresno,winter,export_limit_update,hard,8.0,,75.0,,,,429.4078947368421,385.10710725964805,
E1,v2e1_3faf2d92f2b24ca261d8,scn_2026-07-14-v1-3-agent-episode_fresno_winter_20240209_export-limit-update_hard_r1_15f3a02d14,False,False,['event_stale_l1_ge_25'],fresno,winter,export_limit_update,hard,10.0,,250.0,,,,429.4078947368421,459.66959814202494,
E1,v2e1_f31dbba09b9d340e010d,scn_2026-07-14-v1-3-agent-episode_los-angeles_autumn_20241117_export-limit-update_hard_r0_dcd17c471e,False,False,['event_stale_l1_ge_25'],los_angeles,autumn,export_limit_update,hard,12.0,,75.0,,,,429.4078947368423,249.83309257116926,
E1,v2e1_2de65a85dbe09347f091,scn_2026-07-14-v1-3-agent-episode_los-angeles_autumn_20241007_export-limit-update_hard_r1_47192b4a76,True,False,[],los_angeles,autumn,export_limit_update,hard,5.0,,272.36842105263156,,,,1483.424515235457,370.1650172857421,
E1,v2e1_40c4f2585f70e6a769d4,scn_2026-07-14-v1-3-agent-episode_los-angeles_spring_20240417_export-limit-update_easy_r1_b3cf6eb1cb,True,False,[],los_angeles,spring,export_limit_update,easy,12.0,,224.34210526315786,,,,905.0328947368421,238.8748396244348,
E1,v2e1_0392ab1d67ed27ded0eb,scn_2026-07-14-v1-3-agent-episode_los-angeles_spring_20240410_export-limit-update_hard_r1_a794838d78,True,False,[],los_angeles,spring,export_limit_update,hard,10.0,,355.92105263157896,,,,905.0328947368421,308.70568611644165,
E1,v2e1_eb5cd164a584f65825aa,scn_2026-07-14-v1-3-agent-episode_los-angeles_spring_20240315_export-limit-update_hard_r0_0ae98494f4,False,False,['event_stale_l1_ge_25'],los_angeles,spring,export_limit_update,hard,7.0,,487.5,,,,905.0328947368421,197.11442069463172,
E1,v2e1_18a180f3de8239661108,scn_2026-07-14-v1-3-agent-episode_los-angeles_spring_20240406_export-limit-update_medium_r1_390eea7ece,True,False,[],los_angeles,spring,export_limit_update,medium,9.0,,250.0,,,,429.40789473684214,264.9748436104451,
E1,v2e1_588fb7b53f8ff974eca3,scn_2026-07-14-v1-3-agent-episode_los-angeles_summer_20240705_export-limit-update_easy_r1_93b6fe7173,True,False,[],los_angeles,summer,export_limit_update,easy,4.0,,250.0,,,,779.8684210526316,300.53464974824163,
E1,v2e1_0438a4fe7374656f6c03,scn_2026-07-14-v1-3-agent-episode_los-angeles_summer_20240811_export-limit-update_hard_r1_d7a0b08d56,True,False,[],los_angeles,summer,export_limit_update,hard,10.0,,118.42105263157893,,,,429.4078947368421,217.64382741242963,
E1,v2e1_49cce97c755bbc02a1da,scn_2026-07-14-v1-3-agent-episode_los-angeles_summer_20240703_export-limit-update_hard_r0_9c1bc45900,True,False,[],los_angeles,summer,export_limit_update,hard,13.0,,74.99999999999994,,,,956.4162049861495,396.4308012974919,
E1,v2e1_685234745801c0dc94f0,scn_2026-07-14-v1-3-agent-episode_los-angeles_summer_20240818_export-limit-update_medium_r1_de23bb07e3,False,False,['event_stale_l1_ge_25'],los_angeles,summer,export_limit_update,medium,14.0,,75.0,,,,429.40789473684214,212.06001345082143,
E1,v2e1_47a0fa406b4bf65bcbfc,scn_2026-07-14-v1-3-agent-episode_los-angeles_summer_20240714_export-limit-update_medium_r0_43ccdf7e6d,False,False,['event_stale_l1_ge_25'],los_angeles,summer,export_limit_update,medium,13.0,,74.99999999999994,,,,605.9556786703602,271.82491396782024,
E1,v2e1_e0ed43cd830309308c23,scn_2026-07-14-v1-3-agent-episode_sacramento_autumn_20241017_export-limit-update_easy_r1_c24d042a7b,True,False,[],sacramento,autumn,export_limit_update,easy,7.0,,75.0,,,,429.40789473684214,395.6925090285115,
E1,v2e1_24c1cb754a2c2fc8119a,scn_2026-07-14-v1-3-agent-episode_sacramento_autumn_20241013_export-limit-update_easy_r0_f10da2862a,True,False,[],sacramento,autumn,export_limit_update,easy,6.0,,118.42105263157893,,,,429.4078947368421,250.85271841351727,
E1,v2e1_34daec4ab4afb9d3b6f0,scn_2026-07-14-v1-3-agent-episode_sacramento_autumn_20241020_export-limit-update_hard_r0_f34299c7f5,False,False,['event_stale_l1_ge_25'],sacramento,autumn,export_limit_update,hard,8.0,,75.0,,,,429.4078947368421,229.16853102580913,
E1,v2e1_d01ae8ecb54fa71ed8d8,scn_2026-07-14-v1-3-agent-episode_sacramento_autumn_20241017_export-limit-update_hard_r1_55850a2673,True,False,[],sacramento,autumn,export_limit_update,hard,7.0,,75.0,,,,429.40789473684214,395.6925090285115,
E1,v2e1_a5fb3a264f44be63bbd7,scn_2026-07-14-v1-3-agent-episode_sacramento_spring_20240418_export-limit-update_easy_r0_3a78283872,True,False,[],sacramento,spring,export_limit_update,easy,12.0,,338.1578947368421,,,,905.0328947368421,255.34071387973654,
E1,v2e1_a450d5d6c9934ec9081f,scn_2026-07-14-v1-3-agent-episode_sacramento_spring_20240419_export-limit-update_hard_r0_4c11a01d28,True,False,[],sacramento,spring,export_limit_update,hard,12.0,,75.0,,,,429.40789473684214,167.18555039014333,
E1,v2e1_fe49777aa0b82c99cf4a,scn_2026-07-14-v1-3-agent-episode_sacramento_spring_20240420_export-limit-update_hard_r1_38c2580c90,False,False,['event_stale_l1_ge_25'],sacramento,spring,export_limit_update,hard,13.0,,272.36842105263156,,,,905.0328947368421,192.7544916963953,
E1,v2e1_ae190c4f515753610041,scn_2026-07-14-v1-3-agent-episode_sacramento_spring_20240315_export-limit-update_medium_r1_3f59096c3a,True,False,[],sacramento,spring,export_limit_update,medium,13.0,,487.5,,,,905.0328947368421,184.76063168028747,
E1,v2e1_beb89a1eeba0910d4911,scn_2026-07-14-v1-3-agent-episode_sacramento_spring_20240409_export-limit-update_medium_r0_1d914f9bd2,False,False,['event_stale_l1_ge_25'],sacramento,spring,export_limit_update,medium,10.0,,355.92105263157896,,,,905.0328947368421,269.2873015749344,
E1,v2e1_a574bfb4a1199d5a7067,scn_2026-07-14-v1-3-agent-episode_sacramento_summer_20240811_export-limit-update_easy_r1_6c94af4548,True,False,[],sacramento,summer,export_limit_update,easy,10.0,,118.42105263157893,,,,429.4078947368421,226.698147979802,
E1,v2e1_b25afd27b78a4337922d,scn_2026-07-14-v1-3-agent-episode_sacramento_summer_20240718_export-limit-update_easy_r0_b4710896e2,False,False,['event_stale_l1_ge_25'],sacramento,summer,export_limit_update,easy,15.0,,74.99999999999994,,,,605.9556786703602,380.5687301458975,
E1,v2e1_f5a092caefba5e4648f6,scn_2026-07-14-v1-3-agent-episode_sacramento_summer_20240811_export-limit-update_hard_r0_c9b855634f,False,False,['event_stale_l1_ge_25'],sacramento,summer,export_limit_update,hard,15.0,,75.0,,,,429.40789473684214,226.698147979802,
E1,v2e1_a425d777bf40dbb702e4,scn_2026-07-14-v1-3-agent-episode_sacramento_summer_20240820_export-limit-update_hard_r1_b29d1de703,True,False,[],sacramento,summer,export_limit_update,hard,13.0,,74.99999999999989,,,,605.95567867036,311.18401947293984,
E1,v2e1_ffdef53d9d0af77a6700,scn_2026-07-14-v1-3-agent-episode_sacramento_summer_20240707_export-limit-update_medium_r1_eb78bad434,True,False,[],sacramento,summer,export_limit_update,medium,15.0,,74.99999999999994,,,,1255.4934210526317,275.4261830730437,
E1,v2e1_1e967aa33d9144ce016e,scn_2026-07-14-v1-3-agent-episode_sacramento_winter_20240117_export-limit-update_medium_r0_48122eb5a4,True,True,[],sacramento,winter,export_limit_update,medium,7.0,,75.0,,,,429.40789473684214,1087.8450692649185,
E1,v2e1_c9f6244f48d2d634f9d8,scn_2026-07-14-v1-3-agent-episode_san-diego_autumn_20241018_export-limit-update_hard_r0_8be9da26fd,True,True,[],san_diego,autumn,export_limit_update,hard,7.0,,75.0,,,,429.40789473684214,250.70426599009033,
E1,v2e1_d6c27e50807f76513724,scn_2026-07-14-v1-3-agent-episode_san-diego_autumn_20241011_export-limit-update_medium_r0_ff3e1eba15,True,False,[],san_diego,autumn,export_limit_update,medium,15.0,,75.0,,,,749.1969900962604,311.5186241304804,
E1,v2e1_ef06d0d1140c701f9ae4,scn_2026-07-14-v1-3-agent-episode_san-diego_autumn_20241014_export-limit-update_medium_r1_9b7e4ed77e,True,False,[],san_diego,autumn,export_limit_update,medium,6.0,,118.42105263157893,,,,429.4078947368421,256.04877449783044,
E1,v2e1_425fbe51d4e599ae2d6b,scn_2026-07-14-v1-3-agent-episode_san-diego_spring_20240418_export-limit-update_easy_r0_74194c14ff,False,False,['event_stale_l1_ge_25'],san_diego,spring,export_limit_update,easy,14.0,,338.1578947368421,,,,905.0328947368421,258.81032083720123,
E1,v2e1_c53ef37d525534d89897,scn_2026-07-14-v1-3-agent-episode_san-diego_spring_20240312_export-limit-update_hard_r1_ecb3d697df,True,True,[],san_diego,spring,export_limit_update,hard,6.0,,250.0,,,,429.4078947368421,273.09044290124837,
E1,v2e1_ab40df8216a01dd0254f,scn_2026-07-14-v1-3-agent-episode_san-diego_summer_20240703_export-limit-update_medium_r1_4cd99d5718,False,False,['event_stale_l1_ge_25'],san_diego,summer,export_limit_update,medium,4.0,,338.1578947368421,,,,956.4162049861495,400.9408827230966,
E1,v2e1_92bcc98bc81516f09f2a,scn_2026-07-14-v1-3-agent-episode_san-diego_winter_20240114_export-limit-update_easy_r1_43fe3d6f48,False,False,['event_stale_l1_ge_25'],san_diego,winter,export_limit_update,easy,6.0,,75.0,,,,429.40789473684214,1068.6010991181547,
E1,v2e1_d0c95272cc182a1e4984,scn_2026-07-14-v1-3-agent-episode_fresno_autumn_20241013_forecast-revision_hard_r1_d00591cb94,False,False,"['event_stale_l1_ge_25', 'forecast_plan_changes_if_applicable']",fresno,autumn,forecast_revision,hard,6.0,,206.57894736842104,,,,429.4078947368421,262.85151519968906,
E1,v2e1_f32bce8bdd2ad9ca3ece,scn_2026-07-14-v1-3-agent-episode_fresno_spring_20240410_forecast-revision_easy_r1_88bfd9e16a,False,False,"['event_stale_l1_ge_25', 'forecast_plan_changes_if_applicable']",fresno,spring,forecast_revision,easy,10.0,,355.92105263157896,,,,905.0328947368421,315.53248109360476,
E1,v2e1_37c76acb1523559ebf15,scn_2026-07-14-v1-3-agent-episode_fresno_spring_20240412_forecast-revision_hard_r0_da740dd6d5,True,False,[],fresno,spring,forecast_revision,hard,11.0,,290.13157894736844,,,,905.0328947368421,216.0839257547466,
E1,v2e1_c417ba668b35957a6b99,scn_2026-07-14-v1-3-agent-episode_fresno_summer_20240805_forecast-revision_medium_r1_a978d20927,True,True,[],fresno,summer,forecast_revision,medium,9.0,,272.36842105263156,,,,1255.4934210526317,357.2684418552363,
E1,v2e1_654b72417b5878ce4005,scn_2026-07-14-v1-3-agent-episode_fresno_winter_20240116_forecast-revision_easy_r0_46cec68d14,False,False,"['event_stale_l1_ge_25', 'forecast_plan_changes_if_applicable']",fresno,winter,forecast_revision,easy,7.0,,250.0,,,,429.4078947368421,2335.536826572824,
E1,v2e1_28012b3e5b1c74fc64ab,scn_2026-07-14-v1-3-agent-episode_fresno_winter_20240105_forecast-revision_hard_r0_0442d40fd6,False,False,"['event_stale_l1_ge_25', 'forecast_plan_changes_if_applicable']",fresno,winter,forecast_revision,hard,4.0,,250.0,,,,429.4078947368421,586.7654206477088,
E1,v2e1_9d5b2227e378a7ec6367,scn_2026-07-14-v1-3-agent-episode_fresno_winter_20240115_forecast-revision_hard_r1_0816f8ff37,False,False,"['event_stale_l1_ge_25', 'forecast_plan_changes_if_applicable']",fresno,winter,forecast_revision,hard,15.0,,250.0,,,,605.9556786703602,2065.0907382429173,
E1,v2e1_d37b34224c393a0e9e34,scn_2026-07-14-v1-3-agent-episode_fresno_winter_20240221_forecast-revision_medium_r1_a7310ecd91,True,True,[],fresno,winter,forecast_revision,medium,13.0,,75.0,,,,429.40789473684214,394.4040066745463,
E1,v2e1_76ebdc2032e4fb94fb71,scn_2026-07-14-v1-3-agent-episode_fresno_winter_20240218_forecast-revision_medium_r0_629845e089,False,False,"['event_stale_l1_ge_25', 'forecast_plan_changes_if_applicable']",fresno,winter,forecast_revision,medium,12.0,,250.0,,,,78.94736842105263,301.8930162688422,
E1,v2e1_ad29ff307a3716073232,scn_2026-07-14-v1-3-agent-episode_los-angeles_autumn_20241113_forecast-revision_easy_r1_4211bcba8b,False,False,"['event_stale_l1_ge_25', 'forecast_plan_changes_if_applicable']",los_angeles,autumn,forecast_revision,easy,11.0,,250.0,,,,78.94736842105263,423.20916873625185,
E1,v2e1_ddd2cbb71c09c379d483,scn_2026-07-14-v1-3-agent-episode_los-angeles_autumn_20241103_forecast-revision_hard_r1_bf403ece4c,True,True,[],los_angeles,autumn,forecast_revision,hard,8.0,,250.0,,,,429.40789473684214,174.6169346377623,
E1,v2e1_a415d9d3a7a97db59dd3,scn_2026-07-14-v1-3-agent-episode_los-angeles_autumn_20241110_forecast-revision_hard_r0_743ea81990,False,False,"['event_stale_l1_ge_25', 'forecast_plan_changes_if_applicable']",los_angeles,autumn,forecast_revision,hard,10.0,,75.0,,,,429.40789473684214,287.1719479786915,
E1,v2e1_827f6a06c0f61ad8ec52,scn_2026-07-14-v1-3-agent-episode_los-angeles_autumn_20241119_forecast-revision_medium_r1_d7082b396a,False,False,"['event_stale_l1_ge_25', 'forecast_plan_changes_if_applicable']",los_angeles,autumn,forecast_revision,medium,13.0,,250.0,,,,605.9556786703604,511.8942383757413,
E1,v2e1_62fcaf10726b878ce967,scn_2026-07-14-v1-3-agent-episode_los-angeles_spring_20240307_forecast-revision_easy_r0_e48b36e9aa,False,False,"['event_stale_l1_ge_25', 'forecast_plan_changes_if_applicable']",los_angeles,spring,forecast_revision,easy,13.0,,75.0,,,,429.4078947368421,388.1924959541812,
E1,v2e1_fbbaa028287aef839c3c,scn_2026-07-14-v1-3-agent-episode_los-angeles_spring_20240412_forecast-revision_easy_r1_d07157a93a,True,True,[],los_angeles,spring,forecast_revision,easy,11.0,,290.13157894736844,,,,905.0328947368421,190.77796604174,
E1,v2e1_71eba4a11dc648a5b747,scn_2026-07-14-v1-3-agent-episode_los-angeles_spring_20240306_forecast-revision_hard_r0_afa5d48f48,False,False,"['event_stale_l1_ge_25', 'forecast_plan_changes_if_applicable']",los_angeles,spring,forecast_revision,hard,4.0,,250.0,,,,429.4078947368421,400.868081549132,
E1,v2e1_57c64532c501eb8020c8,scn_2026-07-14-v1-3-agent-episode_los-angeles_spring_20240412_forecast-revision_hard_r1_9218d012b4,False,False,"['event_stale_l1_ge_25', 'forecast_plan_changes_if_applicable']",los_angeles,spring,forecast_revision,hard,11.0,,290.13157894736844,,,,905.0328947368421,216.46607881148248,
E1,v2e1_fade3d7f9c90264d7302,scn_2026-07-14-v1-3-agent-episode_los-angeles_spring_20240419_forecast-revision_medium_r1_f74b9dd67a,False,False,"['event_stale_l1_ge_25', 'forecast_plan_changes_if_applicable']",los_angeles,spring,forecast_revision,medium,12.0,,75.0,,,,429.4078947368421,165.3785849500234,
E1,v2e1_ab590fd594623e7bcfc9,scn_2026-07-14-v1-3-agent-episode_los-angeles_spring_20240311_forecast-revision_medium_r0_63c0597a2e,True,False,[],los_angeles,spring,forecast_revision,medium,6.0,,487.5,,,,930.0657894736842,190.40952884612616,
E1,v2e1_25c6382e924c70f8f286,scn_2026-07-14-v1-3-agent-episode_los-angeles_summer_20240816_forecast-revision_easy_r0_f7b2ad704b,False,False,"['event_stale_l1_ge_25', 'forecast_plan_changes_if_applicable']",los_angeles,summer,forecast_revision,easy,12.0,,75.0,,,,429.4078947368421,249.22454669806982,
E1,v2e1_7a832280f79eb6dadb8f,scn_2026-07-14-v1-3-agent-episode_los-angeles_summer_20240717_forecast-revision_easy_r1_50cb1b88f9,True,False,[],los_angeles,summer,forecast_revision,easy,7.0,,338.1578947368421,,,,605.9556786703602,384.50066043280157,
E1,v2e1_6fae3c73a4f36db28790,scn_2026-07-14-v1-3-agent-episode_los-angeles_summer_20240704_forecast-revision_hard_r0_6b9c6aa405,True,False,[],los_angeles,summer,forecast_revision,hard,4.0,,487.5,,,,1255.4934210526317,395.13265833829786,
E1,v2e1_c5a8adca6369335863ef,scn_2026-07-14-v1-3-agent-episode_los-angeles_summer_20240806_forecast-revision_hard_r1_21b90f489c,True,False,[],los_angeles,summer,forecast_revision,hard,9.0,,272.36842105263156,,,,1255.4934210526317,535.4852938444524,
E1,v2e1_4fdbfc811900cad9f232,scn_2026-07-14-v1-3-agent-episode_los-angeles_summer_20240805_forecast-revision_medium_r0_26c71dad5f,True,False,[],los_angeles,summer,forecast_revision,medium,9.0,,272.36842105263156,,,,1255.4934210526317,367.4945695241871,
E1,v2e1_de97e07b4b567bccdbe0,scn_2026-07-14-v1-3-agent-episode_los-angeles_summer_20240705_forecast-revision_medium_r1_9b9277ec7c,True,False,[],los_angeles,summer,forecast_revision,medium,4.0,,250.0,,,,779.8684210526316,301.6342670359308,
E1,v2e1_18d02d7aaa9beba24b43,scn_2026-07-14-v1-3-agent-episode_los-angeles_winter_20240211_forecast-revision_easy_r1_4dc904b34c,False,False,"['event_stale_l1_ge_25', 'forecast_plan_changes_if_applicable']",los_angeles,winter,forecast_revision,easy,10.0,,118.42105263157893,,,,429.4078947368421,270.6310748341117,
E1,v2e1_511c9de4a0470d3ef8ff,scn_2026-07-14-v1-3-agent-episode_los-angeles_winter_20240221_forecast-revision_easy_r0_85d902babc,False,False,"['event_stale_l1_ge_25', 'forecast_plan_changes_if_applicable']",los_angeles,winter,forecast_revision,easy,13.0,,75.0,,,,429.40789473684214,409.35267464119556,
E1,v2e1_61d79690729bca1a73cd,scn_2026-07-14-v1-3-agent-episode_los-angeles_winter_20240112_forecast-revision_hard_r0_18b3e58985,False,False,"['event_stale_l1_ge_25', 'forecast_plan_changes_if_applicable']",los_angeles,winter,forecast_revision,hard,6.0,,250.0,,,,956.4162049861495,1010.7021037418418,
E1,v2e1_e7f151fc143cadc4f43a,scn_2026-07-14-v1-3-agent-episode_los-angeles_winter_20240209_forecast-revision_hard_r1_f63eb99574,True,False,[],los_angeles,winter,forecast_revision,hard,14.0,,250.0,,,,429.4078947368421,555.9158397770859,
E1,v2e1_239514e53ee803b71110,scn_2026-07-14-v1-3-agent-episode_los-angeles_winter_20240216_forecast-revision_medium_r0_2d8bd28c7c,False,False,"['event_stale_l1_ge_25', 'forecast_plan_changes_if_applicable']",los_angeles,winter,forecast_revision,medium,12.0,,250.0,,,,78.94736842105263,438.08433083409477,
E1,v2e1_1c55e10e2275897602cb,scn_2026-07-14-v1-3-agent-episode_los-angeles_winter_20240105_forecast-revision_medium_r1_d1280e2b89,False,False,"['event_stale_l1_ge_25', 'forecast_plan_changes_if_applicable']",los_angeles,winter,forecast_revision,medium,14.0,,250.0,,,,429.4078947368421,631.9533452746518,
E1,v2e1_f406d4b25f6bfc6684c0,scn_2026-07-14-v1-3-agent-episode_sacramento_autumn_20241010_forecast-revision_easy_r1_33755d965c,False,False,"['event_stale_l1_ge_25', 'forecast_plan_changes_if_applicable']",sacramento,autumn,forecast_revision,easy,5.0,,272.36842105263156,,,,605.95567867036,522.6297431683705,
E1,v2e1_c741853f136ee71ce5f3,scn_2026-07-14-v1-3-agent-episode_sacramento_autumn_20241021_forecast-revision_easy_r0_c7bbc00f47,True,False,[],sacramento,autumn,forecast_revision,easy,15.0,,75.0,,,,429.40789473684214,241.95142836582767,
E1,v2e1_6c67079aab2ec64732cd,scn_2026-07-14-v1-3-agent-episode_sacramento_autumn_20241106_forecast-revision_hard_r1_02486ad353,True,False,[],sacramento,autumn,forecast_revision,hard,9.0,,75.0,,,,429.40789473684214,427.2791239958459,
E1,v2e1_a633e9a2a463c2890f8e,scn_2026-07-14-v1-3-agent-episode_sacramento_autumn_20241118_forecast-revision_medium_r0_d926936005,False,False,"['event_stale_l1_ge_25', 'forecast_plan_changes_if_applicable']",sacramento,autumn,forecast_revision,medium,12.0,,75.0,,,,429.4078947368421,272.35345823072623,
E1,v2e1_d8e541e42b2ec7498ed0,scn_2026-07-14-v1-3-agent-episode_sacramento_autumn_20241116_forecast-revision_medium_r1_e574ed4724,True,False,[],sacramento,autumn,forecast_revision,medium,12.0,,75.0,,,,429.4078947368421,421.8137577503245,
E1,v2e1_bc33b6ded58478278bb6,scn_2026-07-14-v1-3-agent-episode_sacramento_spring_20240409_forecast-revision_easy_r1_0cae1c185a,True,False,[],sacramento,spring,forecast_revision,easy,10.0,,355.92105263157896,,,,905.0328947368421,271.11282487607644,
E1,v2e1_1de20ebe4c579ae3aa2f,scn_2026-07-14-v1-3-agent-episode_sacramento_spring_20240405_forecast-revision_easy_r0_90f089dad4,True,False,[],sacramento,spring,forecast_revision,easy,9.0,,250.0,,,,429.4078947368421,288.10360629688154,
E1,v2e1_afeec25703b6308ddaa1,scn_2026-07-14-v1-3-agent-episode_sacramento_spring_20240305_forecast-revision_hard_r0_e64ecdba7e,False,False,"['event_stale_l1_ge_25', 'forecast_plan_changes_if_applicable']",sacramento,spring,forecast_revision,hard,4.0,,487.5,,,,905.0328947368421,400.2892546574689,
E1,v2e1_58ec62a7480245b29b23,scn_2026-07-14-v1-3-agent-episode_sacramento_spring_20240307_forecast-revision_hard_r1_dc11d44479,False,False,"['event_stale_l1_ge_25', 'forecast_plan_changes_if_applicable']",sacramento,spring,forecast_revision,hard,14.0,,75.0,,,,429.4078947368421,406.9196573011069,
E1,v2e1_b59b3d408e76acf93da9,scn_2026-07-14-v1-3-agent-episode_sacramento_spring_20240310_forecast-revision_medium_r0_1cbd166615,False,False,"['event_stale_l1_ge_25', 'forecast_plan_changes_if_applicable']",sacramento,spring,forecast_revision,medium,5.0,,487.5,,,,905.0328947368421,197.45010545292726,
E1,v2e1_8b1352f935ee0a1f1892,scn_2026-07-14-v1-3-agent-episode_sacramento_spring_20240315_forecast-revision_medium_r1_5f1e76a0dd,True,False,[],sacramento,spring,forecast_revision,medium,7.0,,487.5,,,,905.0328947368421,188.2104516681772,
E1,v2e1_000d8be72ee9f9a4f31d,scn_2026-07-14-v1-3-agent-episode_sacramento_summer_20240806_forecast-revision_easy_r0_765d9525cc,True,False,[],sacramento,summer,forecast_revision,easy,9.0,,272.36842105263156,,,,1255.4934210526317,484.2956827525588,
E1,v2e1_81f4d2eda7c12a12b620,scn_2026-07-14-v1-3-agent-episode_sacramento_summer_20240720_forecast-revision_easy_r1_5f01e3de43,False,False,"['event_stale_l1_ge_25', 'forecast_plan_changes_if_applicable']",sacramento,summer,forecast_revision,easy,8.0,,338.1578947368421,,,,605.95567867036,431.3829652732798,
E1,v2e1_47d460200c60efe92d83,scn_2026-07-14-v1-3-agent-episode_sacramento_summer_20240717_forecast-revision_hard_r1_1931b1e032,False,False,"['event_stale_l1_ge_25', 'forecast_plan_changes_if_applicable']",sacramento,summer,forecast_revision,hard,7.0,,338.1578947368421,,,,605.95567867036,391.1208384487441,
E1,v2e1_83cc8c4b05064c73cc08,scn_2026-07-14-v1-3-agent-episode_sacramento_summer_20240704_forecast-revision_hard_r0_82672a894b,True,False,[],sacramento,summer,forecast_revision,hard,4.0,,487.5,,,,1255.4934210526317,392.86372621419525,
E1,v2e1_a68dc7f4367c36ca3001,scn_2026-07-14-v1-3-agent-episode_sacramento_summer_20240819_forecast-revision_medium_r1_98a481a56b,False,False,"['event_stale_l1_ge_25', 'forecast_plan_changes_if_applicable']",sacramento,summer,forecast_revision,medium,12.0,,75.0,,,,429.40789473684214,247.85041850103076,
E1,v2e1_9d2f094a69ac77e19798,scn_2026-07-14-v1-3-agent-episode_sacramento_summer_20240803_forecast-revision_medium_r0_850ccff259,True,False,[],sacramento,summer,forecast_revision,medium,8.0,,338.1578947368421,,,,1255.4934210526317,571.8540384781887,
E1,v2e1_13ff14f0db1eb37a2416,scn_2026-07-14-v1-3-agent-episode_sacramento_winter_20240106_forecast-revision_easy_r0_0c8e56e143,True,False,[],sacramento,winter,forecast_revision,easy,4.0,,250.0,,,,78.94736842105263,452.90174724170254,
E1,v2e1_98a4f2c43e3145a745c9,scn_2026-07-14-v1-3-agent-episode_sacramento_winter_20240217_forecast-revision_easy_r1_0f31ac95a3,False,False,"['event_stale_l1_ge_25', 'forecast_plan_changes_if_applicable']",sacramento,winter,forecast_revision,easy,12.0,,250.0,,,,78.94736842105263,338.3509169017847,
E1,v2e1_6ae70a6ead000548b300,scn_2026-07-14-v1-3-agent-episode_sacramento_winter_20240121_forecast-revision_hard_r0_49f4dd0547,True,False,[],sacramento,winter,forecast_revision,hard,15.0,,75.0,,,,429.40789473684214,374.0231868309953,
E1,v2e1_5de44428cfc67acc7169,scn_2026-07-14-v1-3-agent-episode_sacramento_winter_20240204_forecast-revision_hard_r1_c258db918c,True,False,[],sacramento,winter,forecast_revision,hard,9.0,,250.0,,,,78.94736842105263,355.5210594993919,
E1,v2e1_44d0e8d6a7391abfb00b,scn_2026-07-14-v1-3-agent-episode_sacramento_winter_20240108_forecast-revision_medium_r0_4d8d9c1f76,True,False,[],sacramento,winter,forecast_revision,medium,5.0,,250.0,,,,930.0657894736842,824.7245360110647,
E1,v2e1_838bda24255b7dd72f76,scn_2026-07-14-v1-3-agent-episode_sacramento_winter_20240105_forecast-revision_medium_r1_7a13870bde,False,False,"['event_stale_l1_ge_25', 'forecast_plan_changes_if_applicable']",sacramento,winter,forecast_revision,medium,4.0,,250.0,,,,429.4078947368421,589.4872945976947,
E1,v2e1_3ee762eac83f0539a142,scn_2026-07-14-v1-3-agent-episode_san-diego_autumn_20241019_forecast-revision_easy_r0_c576f61b80,False,False,"['event_stale_l1_ge_25', 'forecast_plan_changes_if_applicable']",san_diego,autumn,forecast_revision,easy,8.0,,75.0,,,,429.40789473684214,345.9737711019802,
E1,v2e1_5bc023b862cf2d3b2bc6,scn_2026-07-14-v1-3-agent-episode_san-diego_autumn_20241113_forecast-revision_easy_r1_317198853c,False,False,"['event_stale_l1_ge_25', 'forecast_plan_changes_if_applicable']",san_diego,autumn,forecast_revision,easy,11.0,,250.0,,,,78.94736842105263,419.9198675085474,
E1,v2e1_11b9845efa98a8f3c400,scn_2026-07-14-v1-3-agent-episode_san-diego_autumn_20241019_forecast-revision_hard_r1_f25c1afa40,False,False,"['event_stale_l1_ge_25', 'forecast_plan_changes_if_applicable']",san_diego,autumn,forecast_revision,hard,15.0,,75.0,,,,429.40789473684214,392.44600545135523,
E1,v2e1_a89dd9b581b635daa91b,scn_2026-07-14-v1-3-agent-episode_san-diego_autumn_20241012_forecast-revision_hard_r0_7d09351b1d,False,False,"['event_stale_l1_ge_25', 'forecast_plan_changes_if_applicable']",san_diego,autumn,forecast_revision,hard,14.0,,75.0,,,,429.407894736842,474.4659096273983,
E1,v2e1_d11a1890d32b35d4ff95,scn_2026-07-14-v1-3-agent-episode_san-diego_autumn_20241117_forecast-revision_medium_r0_5725d94ca6,True,False,[],san_diego,autumn,forecast_revision,medium,12.0,,75.0,,,,429.4078947368421,301.9328712810788,
E1,v2e1_b9f47ff3c2616ba0ce74,scn_2026-07-14-v1-3-agent-episode_san-diego_spring_20240416_forecast-revision_easy_r1_c1a8fa7702,False,False,"['event_stale_l1_ge_25', 'forecast_plan_changes_if_applicable']",san_diego,spring,forecast_revision,easy,12.0,,487.5,,,,905.0328947368421,221.7844486294166,
E1,v2e1_891397899c16b76016e5,scn_2026-07-14-v1-3-agent-episode_san-diego_spring_20240311_forecast-revision_easy_r0_8ad3775256,True,False,[],san_diego,spring,forecast_revision,easy,6.0,,487.5,,,,930.0657894736842,181.4739251909046,
E1,v2e1_35cf9b6dcf80f0ae4034,scn_2026-07-14-v1-3-agent-episode_san-diego_spring_20240417_forecast-revision_hard_r0_914948f6e4,True,False,[],san_diego,spring,forecast_revision,hard,12.0,,224.34210526315786,,,,905.0328947368421,266.53124408873964,
E1,v2e1_2a655e82b8e3b68a9df9,scn_2026-07-14-v1-3-agent-episode_san-diego_spring_20240313_forecast-revision_hard_r1_e82928cbf0,False,False,"['event_stale_l1_ge_25', 'forecast_plan_changes_if_applicable']",san_diego,spring,forecast_revision,hard,15.0,,166.44736842105254,,,,1380.657894736842,282.7763327629229,
E1,v2e1_b0d49c7ad1352139e5de,scn_2026-07-14-v1-3-agent-episode_san-diego_spring_20240409_forecast-revision_medium_r1_51aaed37a4,False,False,"['event_stale_l1_ge_25', 'forecast_plan_changes_if_applicable']",san_diego,spring,forecast_revision,medium,10.0,,469.7368421052631,,,,905.0328947368421,277.8393247807932,
E1,v2e1_c66bc889aeaa2a9b53e5,scn_2026-07-14-v1-3-agent-episode_san-diego_spring_20240413_forecast-revision_medium_r0_233f51b14e,False,False,"['event_stale_l1_ge_25', 'forecast_plan_changes_if_applicable']",san_diego,spring,forecast_revision,medium,11.0,,350.6578947368421,,,,880.0,373.8475801086261,
E1,v2e1_4647b9b5d3d9a858eb6a,scn_2026-07-14-v1-3-agent-episode_san-diego_summer_20240804_forecast-revision_easy_r0_03ee146c56,True,False,[],san_diego,summer,forecast_revision,easy,9.0,,272.36842105263156,,,,1255.4934210526317,355.99759974420004,
E1,v2e1_5fa81b2eb9b06232ed22,scn_2026-07-14-v1-3-agent-episode_san-diego_summer_20240716_forecast-revision_easy_r1_ac241fe2f7,False,False,"['event_stale_l1_ge_25', 'forecast_plan_changes_if_applicable']",san_diego,summer,forecast_revision,easy,7.0,,338.1578947368421,,,,605.95567867036,394.0172470752645,
E1,v2e1_e798f61f4786fe46c70b,scn_2026-07-14-v1-3-agent-episode_san-diego_summer_20240710_forecast-revision_hard_r0_cc788997d1,False,False,"['event_stale_l1_ge_25', 'forecast_plan_changes_if_applicable']",san_diego,summer,forecast_revision,hard,5.0,,487.5,,,,1280.5263157894738,510.08106213614354,
E1,v2e1_dc56a759611fba64781d,scn_2026-07-14-v1-3-agent-episode_san-diego_summer_20240814_forecast-revision_hard_r1_d819679ca8,True,False,[],san_diego,summer,forecast_revision,hard,11.0,,75.0,,,,429.4078947368421,382.3718267938904,
E1,v2e1_da10e221992000a920eb,scn_2026-07-14-v1-3-agent-episode_san-diego_summer_20240703_forecast-revision_medium_r1_981f614613,False,False,"['event_stale_l1_ge_25', 'forecast_plan_changes_if_applicable']",san_diego,summer,forecast_revision,medium,4.0,,338.1578947368421,,,,956.4162049861495,405.91006562390845,
E1,v2e1_330ca95659997e2fca7f,scn_2026-07-14-v1-3-agent-episode_san-diego_summer_20240711_forecast-revision_medium_r0_1048594c02,True,False,[],san_diego,summer,forecast_revision,medium,6.0,,487.5,,,,1255.4934210526317,616.0838231127924,
E1,v2e1_5e89bf336f167ba67f76,scn_2026-07-14-v1-3-agent-episode_san-diego_winter_20240211_forecast-revision_easy_r1_1fa2fba05c,False,False,"['event_stale_l1_ge_25', 'forecast_plan_changes_if_applicable']",san_diego,winter,forecast_revision,easy,13.0,,75.0,,,,429.40789473684214,269.4921563520344,
E1,v2e1_ac81cc1f57813e34b349,scn_2026-07-14-v1-3-agent-episode_san-diego_winter_20240212_forecast-revision_easy_r0_2dbd6927dc,False,False,"['event_stale_l1_ge_25', 'forecast_plan_changes_if_applicable']",san_diego,winter,forecast_revision,easy,15.0,,250.0,,,,429.40789473684214,420.65210075693847,
E1,v2e1_141f39f9c7aa94bfabf5,scn_2026-07-14-v1-3-agent-episode_san-diego_winter_20240111_forecast-revision_hard_r1_c2301c0b9b,True,False,[],san_diego,winter,forecast_revision,hard,6.0,,250.0,,,,930.0657894736844,666.6688089610444,
E1,v2e1_0611aed2f50ac3881161,scn_2026-07-14-v1-3-agent-episode_san-diego_winter_20240210_forecast-revision_hard_r0_5d0ba163d2,False,False,"['event_stale_l1_ge_25', 'forecast_plan_changes_if_applicable']",san_diego,winter,forecast_revision,hard,14.0,,75.0,,,,429.40789473684214,348.01427569480654,
E1,v2e1_95fdc27b505f2facec2c,scn_2026-07-14-v1-3-agent-episode_san-diego_winter_20240215_forecast-revision_medium_r0_9bb8e35928,True,False,[],san_diego,winter,forecast_revision,medium,11.0,,75.0,,,,429.4078947368421,324.77523925295384,
E1,v2e1_7b28cdae80c9079ced91,scn_2026-07-14-v1-3-agent-episode_san-diego_winter_20240209_forecast-revision_medium_r1_886be7fe90,True,False,[],san_diego,winter,forecast_revision,medium,10.0,,250.0,,,,429.4078947368421,518.7911206023414,
E1,v2e1_00638898421d82422cc5,scn_2026-07-14-v1-3-agent-episode_fresno_autumn_20241106_power-limit-derating_easy_r0_572df7700d,True,False,[],fresno,autumn,power_limit_derating,easy,9.0,,75.0,,,,429.40789473684214,365.6220402492491,
E1,v2e1_f89071d87afe4b1eed70,scn_2026-07-14-v1-3-agent-episode_fresno_autumn_20241109_power-limit-derating_easy_r1_68b7a79421,True,False,[],fresno,autumn,power_limit_derating,easy,10.0,,75.0,,,,429.40789473684214,368.88666797565264,
E1,v2e1_f9b116b06d2b2349fada,scn_2026-07-14-v1-3-agent-episode_fresno_autumn_20241017_power-limit-derating_hard_r1_fed12294b4,True,False,[],fresno,autumn,power_limit_derating,hard,7.0,,75.0,,,,429.40789473684214,387.31238350305784,
E1,v2e1_9e4c0cc3264279cad764,scn_2026-07-14-v1-3-agent-episode_fresno_autumn_20241009_power-limit-derating_hard_r0_5155e37525,True,False,[],fresno,autumn,power_limit_derating,hard,5.0,,272.36842105263145,,,,605.9556786703599,532.8106865992022,
E1,v2e1_aeea7643412b636c930f,scn_2026-07-14-v1-3-agent-episode_fresno_autumn_20241003_power-limit-derating_medium_r0_349ead5bd6,True,False,[],fresno,autumn,power_limit_derating,medium,4.0,,338.1578947368421,,,,956.4162049861495,501.6481895161491,
E1,v2e1_95c001f10312d28acba3,scn_2026-07-14-v1-3-agent-episode_fresno_spring_20240418_power-limit-derating_easy_r0_a9bc33a9d2,True,True,[],fresno,spring,power_limit_derating,easy,12.0,,338.1578947368421,,,,905.0328947368421,256.5586113393278,
E1,v2e1_9581ae7d147e53fa187b,scn_2026-07-14-v1-3-agent-episode_fresno_spring_20240316_power-limit-derating_easy_r1_36bccad41a,True,False,[],fresno,spring,power_limit_derating,easy,7.0,,250.0,,,,429.4078947368421,308.5381307176302,
E1,v2e1_2a1d3f43662a0b7cd898,scn_2026-07-14-v1-3-agent-episode_fresno_spring_20240317_power-limit-derating_hard_r1_9518219027,True,False,[],fresno,spring,power_limit_derating,hard,7.0,,250.0,,,,429.40789473684214,165.62392296405844,
E1,v2e1_66a9943e0f6c6dba4e82,scn_2026-07-14-v1-3-agent-episode_fresno_spring_20240305_power-limit-derating_hard_r0_4e98058b7b,True,False,[],fresno,spring,power_limit_derating,hard,4.0,,487.5,,,,905.0328947368422,379.6782920894796,
E1,v2e1_aeb1084bb6537071eadb,scn_2026-07-14-v1-3-agent-episode_fresno_spring_20240307_power-limit-derating_medium_r1_46447b8b6f,True,False,[],fresno,spring,power_limit_derating,medium,5.0,,250.0,,,,429.4078947368421,377.7493204969396,
E1,v2e1_178a233aa6cfca2c769a,scn_2026-07-14-v1-3-agent-episode_fresno_spring_20240409_power-limit-derating_medium_r0_026a740a58,True,False,[],fresno,spring,power_limit_derating,medium,10.0,,469.7368421052631,,,,905.0328947368421,269.5050882698444,
E1,v2e1_a9bfb8c12f91801d0609,scn_2026-07-14-v1-3-agent-episode_fresno_summer_20240720_power-limit-derating_easy_r0_4643a8544b,True,False,[],fresno,summer,power_limit_derating,easy,8.0,,338.1578947368421,,,,605.95567867036,434.1841202167405,
E1,v2e1_993779d30a527d6ececa,scn_2026-07-14-v1-3-agent-episode_fresno_summer_20240708_power-limit-derating_easy_r1_0c8393eeb4,True,False,[],fresno,summer,power_limit_derating,easy,5.0,,338.1578947368421,,,,956.4162049861495,261.5159559341044,
E1,v2e1_84a2a38061cd343cea89,scn_2026-07-14-v1-3-agent-episode_fresno_summer_20240804_power-limit-derating_hard_r1_db3ee44a8b,True,False,[],fresno,summer,power_limit_derating,hard,9.0,,272.36842105263156,,,,1231.7780470914126,354.0205275988091,
E1,v2e1_04cf941c4040fc0fea4a,scn_2026-07-14-v1-3-agent-episode_fresno_summer_20240816_power-limit-derating_hard_r0_44dee96181,True,False,[],fresno,summer,power_limit_derating,hard,13.0,,75.0,,,,429.4078947368421,233.02874282551176,
E1,v2e1_c240a4c141b49ab112a9,scn_2026-07-14-v1-3-agent-episode_fresno_summer_20240820_power-limit-derating_medium_r1_f36d1d45f3,True,False,[],fresno,summer,power_limit_derating,medium,13.0,,74.99999999999989,,,,605.9556786703602,311.0397455642175,
E1,v2e1_dd43000d1a1ad6fcddda,scn_2026-07-14-v1-3-agent-episode_fresno_summer_20240705_power-limit-derating_medium_r0_f4f00ac5fd,True,False,[],fresno,summer,power_limit_derating,medium,4.0,,250.0,,,,779.8684210526317,302.53234901645845,
E1,v2e1_e4cb015d06c4c7e5a794,scn_2026-07-14-v1-3-agent-episode_fresno_winter_20240108_power-limit-derating_hard_r1_b9e76be139,True,False,[],fresno,winter,power_limit_derating,hard,5.0,,250.0,,,,724.2953947368421,693.990731868556,
E1,v2e1_cb1a0443c8041496927a,scn_2026-07-14-v1-3-agent-episode_los-angeles_autumn_20241021_power-limit-derating_easy_r0_d9c45c3cd1,True,False,[],los_angeles,autumn,power_limit_derating,easy,14.0,,75.0,,,,429.40789473684214,213.5354133113762,
E1,v2e1_12f7b9a16570d204e8e2,scn_2026-07-14-v1-3-agent-episode_los-angeles_autumn_20241014_power-limit-derating_hard_r1_a238c58438,True,False,[],los_angeles,autumn,power_limit_derating,hard,6.0,,118.42105263157893,,,,429.4078947368421,268.66927586824113,
E1,v2e1_f4d682654262f0ef4bd4,scn_2026-07-14-v1-3-agent-episode_los-angeles_spring_20240420_power-limit-derating_hard_r1_1cba42fe57,True,True,[],los_angeles,spring,power_limit_derating,hard,13.0,,272.36842105263156,,,,905.0328947368421,196.3476143665315,
E1,v2e1_64ada46ce8d55c32006f,scn_2026-07-14-v1-3-agent-episode_los-angeles_spring_20240314_power-limit-derating_medium_r1_3bef0f27a3,True,False,[],los_angeles,spring,power_limit_derating,medium,6.0,,487.5,,,,905.0328947368421,280.93209969622507,
E1,v2e1_fea606a0c7c4db0942a5,scn_2026-07-14-v1-3-agent-episode_los-angeles_spring_20240419_power-limit-derating_medium_r0_ff6246e04c,True,False,[],los_angeles,spring,power_limit_derating,medium,14.0,,75.0,,,,429.4078947368421,172.46045537420912,
E1,v2e1_8be34283ebc23a166f54,scn_2026-07-14-v1-3-agent-episode_los-angeles_summer_20240803_power-limit-derating_easy_r0_88a4e7e841,True,False,[],los_angeles,summer,power_limit_derating,easy,8.0,,338.15789473684214,,,,1255.4934210526317,527.95621364242,
E1,v2e1_dd2f82b465e2f81c1157,scn_2026-07-14-v1-3-agent-episode_los-angeles_summer_20240807_power-limit-derating_hard_r1_0ffba81482,True,False,[],los_angeles,summer,power_limit_derating,hard,9.0,,272.36842105263156,,,,905.0328947368422,522.6922754074386,
E1,v2e1_37aa3c9e116a611e5f8a,scn_2026-07-14-v1-3-agent-episode_los-angeles_summer_20240821_power-limit-derating_medium_r0_53b627fbb8,True,False,[],los_angeles,summer,power_limit_derating,medium,13.0,,74.99999999999994,,,,605.9556786703586,298.5179829637256,
E1,v2e1_bc569039a0d6004ee85e,scn_2026-07-14-v1-3-agent-episode_los-angeles_winter_20240219_power-limit-derating_hard_r0_0bdaf5f465,True,True,[],los_angeles,winter,power_limit_derating,hard,15.0,,75.0,,,,429.4078947368421,428.52670505771624,
E1,v2e1_e760275bb1eba7a67a10,scn_2026-07-14-v1-3-agent-episode_sacramento_autumn_20241112_power-limit-derating_easy_r1_dd114f9c01,True,False,[],sacramento,autumn,power_limit_derating,easy,11.0,,250.0,,,,366.32500000000005,320.95828093777425,
E1,v2e1_9d56b0adca2b3294b650,scn_2026-07-14-v1-3-agent-episode_sacramento_autumn_20241103_power-limit-derating_hard_r1_a30d3ccf9f,True,False,[],sacramento,autumn,power_limit_derating,hard,8.0,,250.0,,,,429.4078947368421,170.7103293490472,
E1,v2e1_87f3b9f51a083eeda18b,scn_2026-07-14-v1-3-agent-episode_sacramento_autumn_20241011_power-limit-derating_hard_r0_2efe476d61,True,False,[],sacramento,autumn,power_limit_derating,hard,6.0,,118.42105263157893,,,,756.1530470914126,320.94460423779174,
E1,v2e1_fe38181b1b7d9b7f5b5b,scn_2026-07-14-v1-3-agent-episode_sacramento_autumn_20241014_power-limit-derating_medium_r1_51dc91195c,True,False,[],sacramento,autumn,power_limit_derating,medium,15.0,,75.0,,,,429.4078947368421,244.52764136294445,
E1,v2e1_95d084cf69b176b70c9f,scn_2026-07-14-v1-3-agent-episode_sacramento_spring_20240404_power-limit-derating_easy_r0_a90953a35a,False,False,['event_stale_l1_ge_25'],sacramento,spring,power_limit_derating,easy,9.0,,487.5,,,,429.4078947368421,476.39742450578314,
E1,v2e1_5395c3964a1572748e29,scn_2026-07-14-v1-3-agent-episode_sacramento_spring_20240309_power-limit-derating_hard_r0_2e720a7496,True,True,[],sacramento,spring,power_limit_derating,hard,5.0,,487.5,,,,905.0328947368422,308.5203758836212,
E1,v2e1_9defd7d59f657ef85f6c,scn_2026-07-14-v1-3-agent-episode_sacramento_spring_20240421_power-limit-derating_hard_r1_479e7d931a,True,False,[],sacramento,spring,power_limit_derating,hard,13.0,,421.7105263157895,,,,1231.7780470914126,111.06742079333884,
E1,v2e1_1b30fe092c64fa2732de,scn_2026-07-14-v1-3-agent-episode_sacramento_spring_20240407_power-limit-derating_medium_r1_74a862a231,True,False,[],sacramento,spring,power_limit_derating,medium,9.0,,487.5,,,,905.0328947368421,207.94265887081764,
E1,v2e1_e816d3b9b50e107632c5,scn_2026-07-14-v1-3-agent-episode_sacramento_spring_20240420_power-limit-derating_medium_r0_bcd17acc71,True,False,[],sacramento,spring,power_limit_derating,medium,15.0,,140.78947368421052,,,,905.0328947368421,192.83241294639527,
E1,v2e1_e33083a149a8a0378d1b,scn_2026-07-14-v1-3-agent-episode_sacramento_summer_20240721_power-limit-derating_easy_r1_da84ab247b,True,False,[],sacramento,summer,power_limit_derating,easy,15.0,,74.99999999999994,,,,605.9556786703603,289.4731813300867,
E1,v2e1_0523ae1c91c1ac6ff71c,scn_2026-07-14-v1-3-agent-episode_sacramento_summer_20240805_power-limit-derating_easy_r0_5295d440aa,True,False,[],sacramento,summer,power_limit_derating,easy,9.0,,272.36842105263156,,,,1255.4934210526317,314.49261973070725,
E1,v2e1_38fe7dc326c6301f9b02,scn_2026-07-14-v1-3-agent-episode_sacramento_summer_20240804_power-limit-derating_hard_r0_912eef0b75,True,False,[],sacramento,summer,power_limit_derating,hard,9.0,,272.36842105263156,,,,1231.7780470914126,344.8583487546888,
E1,v2e1_a13bbeb15d9c202e5f80,scn_2026-07-14-v1-3-agent-episode_sacramento_summer_20240819_power-limit-derating_hard_r1_c644edf02f,True,False,[],sacramento,summer,power_limit_derating,hard,12.0,,75.0,,,,429.40789473684214,218.4463268951372,
E1,v2e1_3feaf13ccbe9b6ba9f77,scn_2026-07-14-v1-3-agent-episode_sacramento_summer_20240806_power-limit-derating_medium_r0_8d8881b01d,True,False,[],sacramento,summer,power_limit_derating,medium,9.0,,272.36842105263156,,,,1255.4934210526317,480.7530497881395,
E1,v2e1_1ab25df766ddda261228,scn_2026-07-14-v1-3-agent-episode_sacramento_summer_20240704_power-limit-derating_medium_r1_91315f8408,True,False,[],sacramento,summer,power_limit_derating,medium,4.0,,487.5,,,,1255.4934210526314,388.08677382180633,
E1,v2e1_4db04bc7ce360270df4e,scn_2026-07-14-v1-3-agent-episode_sacramento_winter_20240221_power-limit-derating_easy_r1_f7829c3fc8,True,False,[],sacramento,winter,power_limit_derating,easy,13.0,,75.0,,,,429.40789473684214,355.60242360842415,
E1,v2e1_a8627597477a7d339da1,scn_2026-07-14-v1-3-agent-episode_sacramento_winter_20240114_power-limit-derating_easy_r0_027e58ed5e,True,False,[],sacramento,winter,power_limit_derating,easy,15.0,,75.0,,,,429.40789473684214,1058.1083583852362,
E1,v2e1_ff298c3ef677fe184bc5,scn_2026-07-14-v1-3-agent-episode_sacramento_winter_20240109_power-limit-derating_hard_r1_bb8a921d94,True,False,[],sacramento,winter,power_limit_derating,hard,5.0,,184.21052631578948,,,,429.4078947368421,738.8788981022855,
E1,v2e1_55555c6c1988eed6af52,scn_2026-07-14-v1-3-agent-episode_sacramento_winter_20240215_power-limit-derating_medium_r0_3fd40a0f38,True,False,[],sacramento,winter,power_limit_derating,medium,14.0,,75.0,,,,429.40789473684214,312.6602747645584,
E1,v2e1_f20419dfe12c73473a10,scn_2026-07-14-v1-3-agent-episode_san-diego_autumn_20241110_power-limit-derating_easy_r1_752cb6e332,True,False,[],san_diego,autumn,power_limit_derating,easy,14.0,,75.0,,,,429.40789473684214,217.0969758073303,
E1,v2e1_4f6218693eabe41b6e64,scn_2026-07-14-v1-3-agent-episode_san-diego_autumn_20241016_power-limit-derating_hard_r1_42276e3d54,True,False,[],san_diego,autumn,power_limit_derating,hard,7.0,,75.0,,,,429.4078947368421,513.678941982395,
E1,v2e1_52484202ba34c0c5a164,scn_2026-07-14-v1-3-agent-episode_san-diego_autumn_20241007_power-limit-derating_hard_r0_1972073480,True,False,[],san_diego,autumn,power_limit_derating,hard,5.0,,272.36842105263156,,,,1283.16135734072,368.96838351584927,
E1,v2e1_9ea2fb2bc23f4f0c2ac8,scn_2026-07-14-v1-3-agent-episode_san-diego_autumn_20241010_power-limit-derating_medium_r1_e3f8542226,True,False,[],san_diego,autumn,power_limit_derating,medium,5.0,,272.36842105263156,,,,605.95567867036,490.1353177601508,
E1,v2e1_e0f888dd7fb8ca8180ee,scn_2026-07-14-v1-3-agent-episode_san-diego_autumn_20241004_power-limit-derating_medium_r0_8e38d4dacd,True,False,[],san_diego,autumn,power_limit_derating,medium,4.0,,338.1578947368421,,,,956.4162049861495,367.4215243736722,
E1,v2e1_c7a7254da78900c15642,scn_2026-07-14-v1-3-agent-episode_san-diego_spring_20240415_power-limit-derating_easy_r1_9c3449e84e,True,False,[],san_diego,spring,power_limit_derating,easy,11.0,,338.1578947368421,,,,905.0328947368421,142.58071321032045,
E1,v2e1_ff1c4cf0ba527b1d8cda,scn_2026-07-14-v1-3-agent-episode_san-diego_spring_20240410_power-limit-derating_hard_r0_37400ebc69,True,False,[],san_diego,spring,power_limit_derating,hard,10.0,,355.92105263157896,,,,905.0328947368421,309.00505649720577,
E1,v2e1_55b62650e44f363143a3,scn_2026-07-14-v1-3-agent-episode_san-diego_spring_20240412_power-limit-derating_hard_r1_5c4c96ea7e,True,False,[],san_diego,spring,power_limit_derating,hard,11.0,,290.13157894736844,,,,905.0328947368421,209.12957239097847,
E1,v2e1_e2370adf36101bc8b258,scn_2026-07-14-v1-3-agent-episode_san-diego_spring_20240309_power-limit-derating_medium_r0_39ae53b636,True,False,[],san_diego,spring,power_limit_derating,medium,15.0,,74.99999999999994,,,,905.0328947368422,301.4932120934961,
E1,v2e1_cb3e57b6baf46e8f8713,scn_2026-07-14-v1-3-agent-episode_san-diego_spring_20240415_power-limit-derating_medium_r1_aa2594ea23,True,False,[],san_diego,spring,power_limit_derating,medium,11.0,,338.1578947368421,,,,905.0328947368421,142.62854611032046,
E1,v2e1_4b60195727a8f5f937b9,scn_2026-07-14-v1-3-agent-episode_san-diego_summer_20240721_power-limit-derating_easy_r0_b50a0b4ec4,True,False,[],san_diego,summer,power_limit_derating,easy,8.0,,338.1578947368421,,,,605.95567867036,305.93576582842564,
E1,v2e1_49baf42eabe197c000c6,scn_2026-07-14-v1-3-agent-episode_san-diego_summer_20240716_power-limit-derating_easy_r1_827aa62867,True,False,[],san_diego,summer,power_limit_derating,easy,7.0,,338.1578947368421,,,,605.95567867036,389.7499077837919,
E1,v2e1_7cf2212530dafdedfe85,scn_2026-07-14-v1-3-agent-episode_san-diego_summer_20240807_power-limit-derating_hard_r0_06a845e966,True,False,[],san_diego,summer,power_limit_derating,hard,14.0,,75.0,,,,905.0328947368421,562.918317922899,
E1,v2e1_9c68e16b09ea87f55236,scn_2026-07-14-v1-3-agent-episode_san-diego_summer_20240817_power-limit-derating_hard_r1_1a7f9cb464,True,False,[],san_diego,summer,power_limit_derating,hard,15.0,,75.0,,,,429.40789473684214,340.52591061661406,
E1,v2e1_e3f86659646ebbc3620b,scn_2026-07-14-v1-3-agent-episode_san-diego_summer_20240718_power-limit-derating_medium_r1_b521e76b3e,True,False,[],san_diego,summer,power_limit_derating,medium,7.0,,338.1578947368421,,,,605.9556786703599,395.8812733497924,
E1,v2e1_8257a2baa35fbc72a24a,scn_2026-07-14-v1-3-agent-episode_san-diego_summer_20240712_power-limit-derating_medium_r0_679c767ddd,True,False,[],san_diego,summer,power_limit_derating,medium,6.0,,355.92105263157896,,,,1255.4934210526317,543.6937973998913,
E1,v2e1_0fcce553b2f29131c320,scn_2026-07-14-v1-3-agent-episode_san-diego_winter_20240120_power-limit-derating_easy_r0_bba3e88b40,True,False,[],san_diego,winter,power_limit_derating,easy,8.0,,75.0,,,,429.4078947368421,404.7826350590137,
E1,v2e1_0ae75b90bb0bffe52188,scn_2026-07-14-v1-3-agent-episode_san-diego_winter_20240115_power-limit-derating_hard_r1_a558665628,True,False,[],san_diego,winter,power_limit_derating,hard,14.0,,250.0,,,,429.4078947368421,1674.1643609461983,
E1,v2e1_fe8c57c6457c2f1a86d7,scn_2026-07-14-v1-3-agent-episode_san-diego_winter_20240219_power-limit-derating_hard_r0_079e120cdc,True,False,[],san_diego,winter,power_limit_derating,hard,12.0,,75.0,,,,429.4078947368421,382.2871520127851,
E1,v2e1_484af1dfeb2130de36bc,scn_2026-07-14-v1-3-agent-episode_san-diego_winter_20240120_power-limit-derating_medium_r1_59a50196f8,True,False,[],san_diego,winter,power_limit_derating,medium,8.0,,75.0,,,,429.4078947368421,404.8157631590137,
E1,v2e1_fb1c11f2d6dcf74570f2,scn_2026-07-14-v1-3-agent-episode_san-diego_winter_20240115_power-limit-derating_medium_r0_43f951b9d5,True,False,[],san_diego,winter,power_limit_derating,medium,14.0,,250.0,,,,500.55401662049854,1673.637371459633,
E1,v2e1_3a2b0f7d16c85782e5b5,scn_2026-07-14-v1-3-agent-episode_fresno_autumn_20241020_reserve-commitment-update_easy_r1_99ea90158c,True,False,[],fresno,autumn,reserve_commitment_update,easy,8.0,,75.0,,,,429.4078947368421,226.14225790746292,
E1,v2e1_1913d4fec3cb725db49a,scn_2026-07-14-v1-3-agent-episode_fresno_autumn_20241019_reserve-commitment-update_hard_r1_535d02c545,False,False,['solver:RuntimeError'],fresno,autumn,reserve_commitment_update,hard,,,,,,,,,
E1,v2e1_81ebfcdb8fc06de78c50,scn_2026-07-14-v1-3-agent-episode_fresno_spring_20240321_reserve-commitment-update_easy_r1_d09cc32571,True,False,[],fresno,spring,reserve_commitment_update,easy,13.0,,487.5,,,,836.9434210526316,237.67174202866877,
E1,v2e1_18ad4d9a250a66627815,scn_2026-07-14-v1-3-agent-episode_fresno_spring_20240404_reserve-commitment-update_hard_r1_6cd0f51d92,False,False,['event_stale_l1_ge_25'],fresno,spring,reserve_commitment_update,hard,9.0,,487.5,,,,429.4078947368421,495.3925198717427,
E1,v2e1_ea0ba6e65a45649d281d,scn_2026-07-14-v1-3-agent-episode_fresno_spring_20240310_reserve-commitment-update_medium_r0_6b12d8869c,True,False,[],fresno,spring,reserve_commitment_update,medium,5.0,,487.5,,,,734.8092105263158,194.6745638906404,
E1,v2e1_0052a869dbb0cb05f7bc,scn_2026-07-14-v1-3-agent-episode_fresno_spring_20240404_reserve-commitment-update_medium_r1_7e48cdba02,False,False,['event_stale_l1_ge_25'],fresno,spring,reserve_commitment_update,medium,14.0,,487.5,,,,429.4078947368421,495.3925198717427,
E1,v2e1_c71395c1d9c9718915dd,scn_2026-07-14-v1-3-agent-episode_fresno_summer_20240707_reserve-commitment-update_easy_r0_9159a569aa,True,False,[],fresno,summer,reserve_commitment_update,easy,14.0,,92.76315789473682,,,,1219.9203601108034,284.15891113353473,
E1,v2e1_988297889f833cf43e1a,scn_2026-07-14-v1-3-agent-episode_fresno_summer_20240711_reserve-commitment-update_easy_r1_3a5a35bb64,True,False,[],fresno,summer,reserve_commitment_update,easy,6.0,,487.5,,,,1187.403947368421,603.901969286117,
E1,v2e1_ca3cb422b780142dede2,scn_2026-07-14-v1-3-agent-episode_fresno_summer_20240812_reserve-commitment-update_hard_r1_961d21a75e,False,False,['solver:RuntimeError'],fresno,summer,reserve_commitment_update,hard,,,,,,,,,
E1,v2e1_7493a2c71e54e2642b5e,scn_2026-07-14-v1-3-agent-episode_fresno_summer_20240816_reserve-commitment-update_hard_r0_9e84280ad4,False,False,['solver:RuntimeError'],fresno,summer,reserve_commitment_update,hard,,,,,,,,,
E1,v2e1_ca81f8438370ff6ed55b,scn_2026-07-14-v1-3-agent-episode_fresno_summer_20240704_reserve-commitment-update_medium_r1_97504ec6f2,True,False,[],fresno,summer,reserve_commitment_update,medium,4.0,,487.5,,,,1085.2697368421054,398.6980357603544,
E1,v2e1_b9275f1f9b7b782c8146,scn_2026-07-14-v1-3-agent-episode_fresno_summer_20240803_reserve-commitment-update_medium_r0_9ebf7607eb,False,False,['solver:RuntimeError'],fresno,summer,reserve_commitment_update,medium,,,,,,,,,
E1,v2e1_aa503e8bfadf8b721e51,scn_2026-07-14-v1-3-agent-episode_fresno_winter_20240219_reserve-commitment-update_hard_r1_002a4e494b,False,False,['solver:RuntimeError'],fresno,winter,reserve_commitment_update,hard,,,,,,,,,
E1,v2e1_82a012abcc67b9edeace,scn_2026-07-14-v1-3-agent-episode_fresno_winter_20240219_reserve-commitment-update_hard_r0_2d59faa693,False,False,['solver:RuntimeError'],fresno,winter,reserve_commitment_update,hard,,,,,,,,,
E1,v2e1_2b7e4b5937d4847b68fa,scn_2026-07-14-v1-3-agent-episode_fresno_winter_20240117_reserve-commitment-update_medium_r1_ccddc6fa0e,False,False,['solver:RuntimeError'],fresno,winter,reserve_commitment_update,medium,,,,,,,,,
E1,v2e1_aeae9fd4160cdf2cff09,scn_2026-07-14-v1-3-agent-episode_fresno_winter_20240209_reserve-commitment-update_medium_r0_4e0cb251e5,True,False,[],fresno,winter,reserve_commitment_update,medium,10.0,,250.0,,,,259.1842105263158,460.32630362623536,
E1,v2e1_3e7810edf2a5c05e12fd,scn_2026-07-14-v1-3-agent-episode_los-angeles_autumn_20241007_reserve-commitment-update_easy_r1_d3eac86c60,True,False,[],los_angeles,autumn,reserve_commitment_update,easy,5.0,,272.36842105263156,,,,1415.3350415512464,372.9968000789,
E1,v2e1_d947fc9977854baf0c73,scn_2026-07-14-v1-3-agent-episode_los-angeles_autumn_20241019_reserve-commitment-update_easy_r0_e0298a25d8,True,False,[],los_angeles,autumn,reserve_commitment_update,easy,15.0,,75.0,,,,429.4078947368421,329.7331669255648,
E1,v2e1_45b1a183f6ac72f4f51a,scn_2026-07-14-v1-3-agent-episode_los-angeles_autumn_20241007_reserve-commitment-update_hard_r1_e1032c3dbc,False,False,['solver:RuntimeError'],los_angeles,autumn,reserve_commitment_update,hard,,,,,,,,,
E1,v2e1_adb671397e687c8a4a79,scn_2026-07-14-v1-3-agent-episode_los-angeles_autumn_20241104_reserve-commitment-update_hard_r0_11b4f6b3cf,True,False,[],los_angeles,autumn,reserve_commitment_update,hard,9.0,,250.0,,,,105.98289473684211,189.4155660752027,
E1,v2e1_c94bfd7da5d0c3ef78f5,scn_2026-07-14-v1-3-agent-episode_los-angeles_autumn_20241012_reserve-commitment-update_medium_r0_4a7137e65f,True,False,[],los_angeles,autumn,reserve_commitment_update,medium,6.0,,118.42105263157893,,,,342.4515235457064,386.84847346487203,
E1,v2e1_1ad16ffe8d137aea2b51,scn_2026-07-14-v1-3-agent-episode_los-angeles_spring_20240403_reserve-commitment-update_easy_r0_3e33c77305,True,False,[],los_angeles,spring,reserve_commitment_update,easy,8.0,,487.5,,,,836.9434210526316,283.30375425159883,
E1,v2e1_af3a78d2dbb64cdc8730,scn_2026-07-14-v1-3-agent-episode_los-angeles_spring_20240419_reserve-commitment-update_easy_r1_8563e0f4f3,True,False,[],los_angeles,spring,reserve_commitment_update,easy,12.0,,75.0,,,,429.4078947368421,174.2317018163144,
E1,v2e1_6c15d34804a1afe7c049,scn_2026-07-14-v1-3-agent-episode_los-angeles_spring_20240307_reserve-commitment-update_hard_r0_7963db4fd9,True,False,[],los_angeles,spring,reserve_commitment_update,hard,5.0,,250.0,,,,105.98289473684211,355.17032022716353,
E1,v2e1_278919aa5f91fd993591,scn_2026-07-14-v1-3-agent-episode_los-angeles_spring_20240415_reserve-commitment-update_hard_r1_57264928b7,True,False,[],los_angeles,spring,reserve_commitment_update,hard,15.0,,338.1578947368421,,,,581.6078947368421,144.09035833280996,
E1,v2e1_e86e1049047ee6a9826c,scn_2026-07-14-v1-3-agent-episode_los-angeles_spring_20240313_reserve-commitment-update_medium_r1_c79e7bf338,True,False,[],los_angeles,spring,reserve_commitment_update,medium,6.0,,487.5,,,,1210.4342105263158,264.58240726752877,
E1,v2e1_fe9893dbdb66879d21a1,scn_2026-07-14-v1-3-agent-episode_los-angeles_spring_20240421_reserve-commitment-update_medium_r0_0b34ceae7c,True,False,[],los_angeles,spring,reserve_commitment_update,medium,13.0,,421.7105263157895,,,,1085.2697368421054,114.3277787620204,
E1,v2e1_b332a91829a44e87bd57,scn_2026-07-14-v1-3-agent-episode_los-angeles_summer_20240811_reserve-commitment-update_easy_r1_21cca04a71,True,False,[],los_angeles,summer,reserve_commitment_update,easy,10.0,,118.42105263157893,,,,361.3184210526316,218.20887017085067,
E1,v2e1_2e694f701fbc57d873d8,scn_2026-07-14-v1-3-agent-episode_los-angeles_summer_20240713_reserve-commitment-update_easy_r0_baf8f8409c,True,False,[],los_angeles,summer,reserve_commitment_update,easy,15.0,,75.0,,,,905.0328947368421,454.3753681748669,
E1,v2e1_58234f3486f7915af484,scn_2026-07-14-v1-3-agent-episode_los-angeles_summer_20240806_reserve-commitment-update_hard_r0_77eb77cec4,True,False,[],los_angeles,summer,reserve_commitment_update,hard,9.0,,272.36842105263156,,,,932.0684210526316,512.0443882968248,
E1,v2e1_adf82a9e556edc863645,scn_2026-07-14-v1-3-agent-episode_los-angeles_summer_20240816_reserve-commitment-update_medium_r1_f86d49f2f6,False,False,['solver:RuntimeError'],los_angeles,summer,reserve_commitment_update,medium,,,,,,,,,
E1,v2e1_22976cd4441bdc409c70,scn_2026-07-14-v1-3-agent-episode_los-angeles_winter_20240210_reserve-commitment-update_easy_r1_2e56210840,True,False,[],los_angeles,winter,reserve_commitment_update,easy,10.0,,206.57894736842104,,,,361.3184210526316,262.6497735695907,
E1,v2e1_d0e32650e8b22c35dc4b,scn_2026-07-14-v1-3-agent-episode_sacramento_autumn_20241112_reserve-commitment-update_easy_r1_aa1a2c5f6c,True,False,[],sacramento,autumn,reserve_commitment_update,easy,11.0,,250.0,,,,361.3184210526316,320.9584223536295,
E1,v2e1_45f260bd94b83d5a88d6,scn_2026-07-14-v1-3-agent-episode_sacramento_autumn_20241118_reserve-commitment-update_hard_r1_1de793296d,False,False,['solver:RuntimeError'],sacramento,autumn,reserve_commitment_update,hard,,,,,,,,,
E1,v2e1_69b9644fd1ab8967651d,scn_2026-07-14-v1-3-agent-episode_sacramento_autumn_20241019_reserve-commitment-update_hard_r0_1f3c24d6f9,False,False,['solver:RuntimeError'],sacramento,autumn,reserve_commitment_update,hard,,,,,,,,,
E1,v2e1_34a0b9c451b508cda2b4,scn_2026-07-14-v1-3-agent-episode_sacramento_spring_20240319_reserve-commitment-update_hard_r0_8fff89645f,True,False,[],sacramento,spring,reserve_commitment_update,hard,8.0,,487.5,,,,581.6078947368421,281.1882683013855,
E1,v2e1_254dd9bf9c2ce0fb853d,scn_2026-07-14-v1-3-agent-episode_sacramento_spring_20240418_reserve-commitment-update_medium_r0_edafb25903,True,False,[],sacramento,spring,reserve_commitment_update,medium,12.0,,338.1578947368421,,,,734.8092105263158,257.33532139657865,
E1,v2e1_dc93be48617c7be7013f,scn_2026-07-14-v1-3-agent-episode_sacramento_summer_20240817_reserve-commitment-update_easy_r0_a0b25d9845,True,False,[],sacramento,summer,reserve_commitment_update,easy,12.0,,75.0,,,,429.4078947368421,326.7701075404382,
E1,v2e1_31b2739cb7fb6fcc36e0,scn_2026-07-14-v1-3-agent-episode_sacramento_summer_20240803_reserve-commitment-update_medium_r0_e9187c81f7,True,True,[],sacramento,summer,reserve_commitment_update,medium,8.0,,338.1578947368421,,,,1085.2697368421054,551.8426063118094,
E1,v2e1_e940ff864e1500d6284b,scn_2026-07-14-v1-3-agent-episode_sacramento_winter_20240118_reserve-commitment-update_easy_r0_35937c08a4,True,True,[],sacramento,winter,reserve_commitment_update,easy,15.0,,75.0,,,,779.8684210526316,466.8025395241723,
E1,v2e1_a7c6b3660beb998a962c,scn_2026-07-14-v1-3-agent-episode_sacramento_winter_20240108_reserve-commitment-update_easy_r1_d5d1211bf9,True,False,[],sacramento,winter,reserve_commitment_update,easy,5.0,,250.0,,,,861.9763157894736,733.7137291489024,
E1,v2e1_7462367d6e5265f368c1,scn_2026-07-14-v1-3-agent-episode_sacramento_winter_20240212_reserve-commitment-update_hard_r0_d6fdb108ff,True,False,[],sacramento,winter,reserve_commitment_update,hard,11.0,,250.0,,,,105.98289473684211,416.2934268016089,
E1,v2e1_55458bb05c2ccd7199e2,scn_2026-07-14-v1-3-agent-episode_sacramento_winter_20240111_reserve-commitment-update_medium_r1_baf8444f3a,True,False,[],sacramento,winter,reserve_commitment_update,medium,14.0,,250.0,,,,759.8421052631579,490.63724390992525,
E1,v2e1_7b11b85f9314ea939df1,scn_2026-07-14-v1-3-agent-episode_san-diego_autumn_20241017_reserve-commitment-update_easy_r1_ab96a0840a,True,False,[],san_diego,autumn,reserve_commitment_update,easy,14.0,,75.0,,,,429.40789473684214,426.07942776713185,
E1,v2e1_868eb0b7c93099da0158,scn_2026-07-14-v1-3-agent-episode_san-diego_autumn_20241010_reserve-commitment-update_hard_r0_fba09314d8,True,False,[],san_diego,autumn,reserve_commitment_update,hard,5.0,,272.36842105263156,,,,282.5306786703601,497.5854952280982,
E1,v2e1_18db1ac7e527db6661d6,scn_2026-07-14-v1-3-agent-episode_san-diego_autumn_20241114_reserve-commitment-update_medium_r0_c6b994559f,False,False,['solver:RuntimeError'],san_diego,autumn,reserve_commitment_update,medium,,,,,,,,,
E1,v2e1_311b0160dbeaf2f0f809,scn_2026-07-14-v1-3-agent-episode_san-diego_spring_20240415_reserve-commitment-update_easy_r0_8fb62d9a89,True,True,[],san_diego,spring,reserve_commitment_update,easy,11.0,,338.1578947368421,,,,836.9434210526316,143.31830063595203,
E1,v2e1_be3d3f2b182d3cca07d4,scn_2026-07-14-v1-3-agent-episode_san-diego_spring_20240411_reserve-commitment-update_hard_r0_b85abc89b1,True,False,[],san_diego,spring,reserve_commitment_update,hard,10.0,,355.92105263157896,,,,581.6078947368421,306.225174196431,
E1,v2e1_24ed732596102b7a80ec,scn_2026-07-14-v1-3-agent-episode_san-diego_spring_20240313_reserve-commitment-update_medium_r1_9f7eee315c,True,False,[],san_diego,spring,reserve_commitment_update,medium,6.0,,487.5,,,,1210.4342105263158,266.48884159352133,
E1,v2e1_4826c9247b1cdac153cb,scn_2026-07-14-v1-3-agent-episode_san-diego_spring_20240305_reserve-commitment-update_medium_r0_415340cfc9,True,False,[],san_diego,spring,reserve_commitment_update,medium,15.0,,338.1578947368421,,,,734.8092105263158,357.58353548642214,
E1,v2e1_a28b79ccbf797f1570ab,scn_2026-07-14-v1-3-agent-episode_san-diego_summer_20240705_reserve-commitment-update_easy_r1_d7fcda3ee9,True,True,[],san_diego,summer,reserve_commitment_update,easy,4.0,,250.0,,,,711.7789473684211,304.195474536973,
E1,v2e1_ac2694887833d2edbbc2,scn_2026-07-14-v1-3-agent-episode_san-diego_summer_20240709_reserve-commitment-update_easy_r0_5d3582e1ce,True,False,[],san_diego,summer,reserve_commitment_update,easy,5.0,,487.5,,,,1212.4368421052632,450.25671427070023,
E1,v2e1_cfff4dc188a7a21f9fe6,scn_2026-07-14-v1-3-agent-episode_san-diego_summer_20240713_reserve-commitment-update_hard_r0_00a037b5f4,False,False,['solver:RuntimeError'],san_diego,summer,reserve_commitment_update,hard,,,,,,,,,
E1,v2e1_820acf78757f44d844fc,scn_2026-07-14-v1-3-agent-episode_san-diego_summer_20240719_reserve-commitment-update_hard_r1_0bc4248f99,True,False,[],san_diego,summer,reserve_commitment_update,hard,8.0,,338.157894736842,,,,632.9912049861493,310.698399328093,
E1,v2e1_cb553a472fe1fd592f4a,scn_2026-07-14-v1-3-agent-episode_san-diego_summer_20240810_reserve-commitment-update_medium_r1_2f2bb054e3,True,False,[],san_diego,summer,reserve_commitment_update,medium,10.0,,206.57894736842098,,,,435.73199445983374,345.05072217619164,
E1,v2e1_90446b669565aadf14e7,scn_2026-07-14-v1-3-agent-episode_san-diego_summer_20240810_reserve-commitment-update_medium_r0_4624014168,True,False,[],san_diego,summer,reserve_commitment_update,medium,10.0,,206.57894736842098,,,,435.73199445983374,345.05072217619164,
E1,v2e1_5a1da7bdb5652af7a76d,scn_2026-07-14-v1-3-agent-episode_san-diego_winter_20240114_reserve-commitment-update_easy_r1_7bffceddb1,True,False,[],san_diego,winter,reserve_commitment_update,easy,6.0,,75.0,,,,472.46447368421053,1070.048801697102,
E1,v2e1_0dcac33842988b7dc76b,scn_2026-07-14-v1-3-agent-episode_san-diego_winter_20240111_reserve-commitment-update_easy_r0_499aed64ab,True,False,[],san_diego,winter,reserve_commitment_update,easy,6.0,,250.0,,,,861.9763157894737,494.75857852874924,
E1,v2e1_5625d3bdfba1afae26ce,scn_2026-07-14-v1-3-agent-episode_san-diego_winter_20240221_reserve-commitment-update_hard_r1_2de063d3b0,False,False,['solver:RuntimeError'],san_diego,winter,reserve_commitment_update,hard,,,,,,,,,
E1,v2e1_c83cbd31e899816f3cdb,scn_2026-07-14-v1-3-agent-episode_san-diego_winter_20240118_reserve-commitment-update_hard_r0_fe43bdb2b5,False,False,['solver:RuntimeError'],san_diego,winter,reserve_commitment_update,hard,,,,,,,,,
E1,v2e1_c9a4cc9ca87769b2a8b9,scn_2026-07-14-v1-3-agent-episode_san-diego_winter_20240208_reserve-commitment-update_medium_r1_d33cd3ca29,True,False,[],san_diego,winter,reserve_commitment_update,medium,10.0,,250.0,,,,259.1842105263158,293.9493438041003,
E1,v2e1_4171bc42e10706da25a4,scn_2026-07-14-v1-3-agent-episode_san-diego_winter_20240219_reserve-commitment-update_medium_r0_c3d9b1908e,False,False,['solver:RuntimeError'],san_diego,winter,reserve_commitment_update,medium,,,,,,,,,
E1,v2e1_f32347017dfe4fe6af41,scn_2026-07-14-v1-3-agent-episode_fresno_autumn_20241103_export-limit-update_easy_r0_8e3bc93c22,False,False,['event_stale_l1_ge_25'],fresno,autumn,export_limit_update,easy,8.0,,250.0,,,,429.40789473684214,169.942105010845,
E1,v2e1_9cb37d5b5bf087b053e0,scn_2026-07-14-v1-3-agent-episode_fresno_autumn_20241104_battery-capacity-derating_easy_r0_24a9f5c3a0,True,False,[],fresno,autumn,battery_capacity_derating,easy,15.0,,250.0,,,,429.40789473684214,193.62653353722305,
E1,v2e1_836173eb259c56d15864,scn_2026-07-14-v1-3-agent-episode_fresno_autumn_20241105_battery-capacity-derating_medium_r0_166cab30b7,True,False,[],fresno,autumn,battery_capacity_derating,medium,14.0,,75.0,,,,429.40789473684214,360.95104535176404,
E1,v2e1_a88b97b02e5bda59135e,scn_2026-07-14-v1-3-agent-episode_fresno_autumn_20241113_reserve-commitment-update_easy_r0_e0d275dc68,False,False,['event_stale_l1_ge_25'],fresno,autumn,reserve_commitment_update,easy,15.0,,250.0,,,,78.94736842105263,397.7215298397139,
E1,v2e1_0325679cf77c15b7f469,scn_2026-07-14-v1-3-agent-episode_fresno_autumn_20241115_battery-capacity-derating_hard_r1_e21ea1eb77,False,False,['solver:RuntimeError'],fresno,autumn,battery_capacity_derating,hard,,,,,,,,,
E1,v2e1_276836d4cce4e37197bc,scn_2026-07-14-v1-3-agent-episode_fresno_autumn_20241118_battery-capacity-derating_medium_r1_e0a5faf0e8,False,False,['event_stale_l1_ge_25'],fresno,autumn,battery_capacity_derating,medium,12.0,,75.0,,,,429.4078947368421,211.74239149198206,
E1,v2e1_1053b42f0ac52e395347,scn_2026-07-14-v1-3-agent-episode_fresno_spring_20240306_battery-capacity-derating_easy_r0_f044492333,False,False,['event_stale_l1_ge_25'],fresno,spring,battery_capacity_derating,easy,4.0,,250.0,,,,429.4078947368421,415.8961919825751,
E1,v2e1_d7e41fe7c3d10443731c,scn_2026-07-14-v1-3-agent-episode_fresno_spring_20240420_battery-capacity-derating_medium_r1_6b2832618f,False,False,['event_stale_l1_ge_25'],fresno,spring,battery_capacity_derating,medium,13.0,,272.36842105263156,,,,905.0328947368421,192.87349504423247,
E1,v2e1_fc5a14353258446a60ff,scn_2026-07-14-v1-3-agent-episode_fresno_summer_20240706_export-limit-update_medium_r1_83a7526d6d,False,False,['event_stale_l1_ge_25'],fresno,summer,export_limit_update,medium,4.0,,487.5,,,,1255.4934210526317,460.5230730446935,
E1,v2e1_6a04ab0b5c12c34321c0,scn_2026-07-14-v1-3-agent-episode_fresno_summer_20240817_battery-capacity-derating_easy_r1_c350d4b03a,False,False,['event_stale_l1_ge_25'],fresno,summer,battery_capacity_derating,easy,12.0,,75.0,,,,429.40789473684214,327.8652232741232,
E1,v2e1_23a5cf413ba07d68fbf3,scn_2026-07-14-v1-3-agent-episode_fresno_summer_20240819_battery-capacity-derating_medium_r0_62723a1f51,False,False,['event_stale_l1_ge_25'],fresno,summer,battery_capacity_derating,medium,14.0,,75.0,,,,429.40789473684214,222.02068262270495,
E1,v2e1_9449ee99a8af153d5ec7,scn_2026-07-14-v1-3-agent-episode_fresno_winter_20240106_power-limit-derating_easy_r1_f3fe900fd9,True,False,[],fresno,winter,power_limit_derating,easy,4.0,,250.0,,,,78.94736842105263,508.20346301278,
E1,v2e1_e0d1d28bbb7a60407c16,scn_2026-07-14-v1-3-agent-episode_fresno_winter_20240115_export-limit-update_medium_r0_8a0f7b16fa,False,False,['event_stale_l1_ge_25'],fresno,winter,export_limit_update,medium,7.0,,250.0,,,,605.9556786703602,1971.5027942614543,
E1,v2e1_514f61851a173f1cba9d,scn_2026-07-14-v1-3-agent-episode_fresno_winter_20240119_power-limit-derating_medium_r0_b93d393036,True,False,[],fresno,winter,power_limit_derating,medium,8.0,,250.0,,,,78.94736842105263,655.5555609856564,
E1,v2e1_0a345b37bca0d8ab3369,scn_2026-07-14-v1-3-agent-episode_fresno_winter_20240120_battery-capacity-derating_easy_r0_0694ee437b,False,False,['event_stale_l1_ge_25'],fresno,winter,battery_capacity_derating,easy,8.0,,75.0,,,,429.4078947368421,385.10710725964805,
E1,v2e1_9ae0e57217a59ad876b1,scn_2026-07-14-v1-3-agent-episode_fresno_winter_20240203_reserve-commitment-update_easy_r1_359f3cbf9f,False,False,['event_stale_l1_ge_25'],fresno,winter,reserve_commitment_update,easy,15.0,,250.0,,,,78.94736842105263,302.01200873798547,
E1,v2e1_25f6bb3e2ac85898fda3,scn_2026-07-14-v1-3-agent-episode_fresno_winter_20240206_battery-capacity-derating_hard_r0_7ac39bd14e,False,False,['solver:RuntimeError'],fresno,winter,battery_capacity_derating,hard,,,,,,,,,
E1,v2e1_f3598a8f949fe4318b0d,scn_2026-07-14-v1-3-agent-episode_fresno_winter_20240206_power-limit-derating_easy_r0_8473634c6c,True,False,[],fresno,winter,power_limit_derating,easy,15.0,,250.0,,,,78.94736842105263,535.656155249062,
E1,v2e1_472a02b5a2bca57625ef,scn_2026-07-14-v1-3-agent-episode_fresno_winter_20240207_battery-capacity-derating_medium_r1_bb1ce2ca52,False,False,['event_stale_l1_ge_25'],fresno,winter,battery_capacity_derating,medium,14.0,,250.0,,,,78.94736842105263,491.6366897121322,
E1,v2e1_6f1f5e545c371ec318a0,scn_2026-07-14-v1-3-agent-episode_fresno_winter_20240216_export-limit-update_medium_r1_d9c1e17267,False,False,['event_stale_l1_ge_25'],fresno,winter,export_limit_update,medium,12.0,,250.0,,,,78.94736842105263,426.75799915081075,
E1,v2e1_a020d8abc70095476df5,scn_2026-07-14-v1-3-agent-episode_fresno_winter_20240217_reserve-commitment-update_easy_r0_9296168e3e,False,False,['event_stale_l1_ge_25'],fresno,winter,reserve_commitment_update,easy,12.0,,250.0,,,,78.94736842105263,341.8124921106439,
E1,v2e1_f7bf376a9a6dfb4d8315,scn_2026-07-14-v1-3-agent-episode_fresno_winter_20240218_power-limit-derating_hard_r0_124507fc54,True,False,[],fresno,winter,power_limit_derating,hard,12.0,,250.0,,,,78.94736842105263,224.34829719475778,
E1,v2e1_bcd1be11479d3f67817a,scn_2026-07-14-v1-3-agent-episode_los-angeles_autumn_20241013_battery-capacity-derating_medium_r1_81962c7ec6,True,True,[],los_angeles,autumn,battery_capacity_derating,medium,6.0,,118.42105263157893,,,,429.4078947368421,257.0409599496497,
E1,v2e1_6e047f742609c3a7ab7a,scn_2026-07-14-v1-3-agent-episode_los-angeles_autumn_20241016_battery-capacity-derating_easy_r0_268dbd56d8,False,False,['event_stale_l1_ge_25'],los_angeles,autumn,battery_capacity_derating,easy,7.0,,75.0,,,,429.4078947368421,517.2322428798925,
E1,v2e1_a893b050df71e94cb5ca,scn_2026-07-14-v1-3-agent-episode_los-angeles_autumn_20241103_export-limit-update_easy_r1_c0d9890ffc,False,False,['event_stale_l1_ge_25'],los_angeles,autumn,export_limit_update,easy,8.0,,250.0,,,,429.40789473684214,170.32174028074644,
E1,v2e1_ab5d157b73f64bb640b5,scn_2026-07-14-v1-3-agent-episode_los-angeles_autumn_20241111_export-limit-update_medium_r1_f24e6c61d8,False,False,['event_stale_l1_ge_25'],los_angeles,autumn,export_limit_update,medium,10.0,,250.0,,,,78.94736842105263,212.62977535334673,
E1,v2e1_1a3d241b3509087f0403,scn_2026-07-14-v1-3-agent-episode_los-angeles_autumn_20241113_export-limit-update_medium_r0_d762170655,False,False,['event_stale_l1_ge_25'],los_angeles,autumn,export_limit_update,medium,13.0,,250.0,,,,78.94736842105263,382.9930520081971,
E1,v2e1_8e39a0f700da1b5e07e2,scn_2026-07-14-v1-3-agent-episode_los-angeles_autumn_20241115_reserve-commitment-update_medium_r1_12f612c10a,False,False,['event_stale_l1_ge_25'],los_angeles,autumn,reserve_commitment_update,medium,15.0,,250.0,,,,78.94736842105263,295.2330629520746,
E1,v2e1_cd8407af6794fed538ab,scn_2026-07-14-v1-3-agent-episode_los-angeles_autumn_20241120_export-limit-update_easy_r0_d77bf66179,True,False,[],los_angeles,autumn,export_limit_update,easy,13.0,,250.0,,,,78.94736842105263,484.6370740234231,
E1,v2e1_719affcf8139c9a5f433,scn_2026-07-14-v1-3-agent-episode_los-angeles_spring_20240414_export-limit-update_easy_r0_14843ab5c2,False,False,['event_stale_l1_ge_25'],los_angeles,spring,export_limit_update,easy,11.0,,250.0,,,,429.40789473684214,221.23305870940337,
E1,v2e1_0602645c57c5e9e6ed64,scn_2026-07-14-v1-3-agent-episode_los-angeles_spring_20240419_battery-capacity-derating_medium_r0_086cc3fb34,False,False,['event_stale_l1_ge_25'],los_angeles,spring,battery_capacity_derating,medium,12.0,,75.0,,,,429.4078947368421,172.41372037420913,
E1,v2e1_37e4280c9eeda3df3278,scn_2026-07-14-v1-3-agent-episode_los-angeles_summer_20240721_battery-capacity-derating_easy_r1_d471d754e9,False,False,['event_stale_l1_ge_25'],los_angeles,summer,battery_capacity_derating,easy,8.0,,338.1578947368421,,,,605.9556786703602,292.16807523402895,
E1,v2e1_967c1e7b3958f501bbe9,scn_2026-07-14-v1-3-agent-episode_los-angeles_summer_20240810_battery-capacity-derating_medium_r0_30ba3d39d5,False,False,['event_stale_l1_ge_25'],los_angeles,summer,battery_capacity_derating,medium,14.0,,74.99999999999994,,,,605.9556786703602,336.50777512287175,
E1,v2e1_ca83b0e9bf48ad156a23,scn_2026-07-14-v1-3-agent-episode_los-angeles_summer_20240813_battery-capacity-derating_medium_r1_b27541a0ca,False,False,['event_stale_l1_ge_25'],los_angeles,summer,battery_capacity_derating,medium,11.0,,75.0,,,,429.4078947368421,295.47346951175876,
E1,v2e1_8644fc870c637f0c3c08,scn_2026-07-14-v1-3-agent-episode_los-angeles_winter_20240104_reserve-commitment-update_easy_r0_dc686a9965,False,False,['event_stale_l1_ge_25'],los_angeles,winter,reserve_commitment_update,easy,4.0,,250.0,,,,78.94736842105263,340.6317506082594,
E1,v2e1_c565c42b3437a00d35b9,scn_2026-07-14-v1-3-agent-episode_los-angeles_winter_20240106_battery-capacity-derating_medium_r1_d128c4e812,False,False,['event_stale_l1_ge_25'],los_angeles,winter,battery_capacity_derating,medium,4.0,,250.0,,,,78.94736842105263,402.9697589716892,
E1,v2e1_e2ffb561629145e7aa0a,scn_2026-07-14-v1-3-agent-episode_los-angeles_winter_20240106_export-limit-update_medium_r1_740ad7f8b6,False,False,['event_stale_l1_ge_25'],los_angeles,winter,export_limit_update,medium,4.0,,250.0,,,,78.94736842105263,402.9697589716892,
E1,v2e1_e291ab7f1842bb8a65d4,scn_2026-07-14-v1-3-agent-episode_los-angeles_winter_20240107_power-limit-derating_easy_r0_e8e0f385d8,False,False,['event_stale_l1_ge_25'],los_angeles,winter,power_limit_derating,easy,5.0,,250.0,,,,78.94736842105263,335.2498497854162,
E1,v2e1_ffeb785598004218dae7,scn_2026-07-14-v1-3-agent-episode_los-angeles_winter_20240117_export-limit-update_easy_r0_68eb20e51f,False,False,['event_stale_l1_ge_25'],los_angeles,winter,export_limit_update,easy,7.0,,75.0,,,,429.40789473684214,1187.2484722715915,
E1,v2e1_2a6df6522a2046fc5a37,scn_2026-07-14-v1-3-agent-episode_los-angeles_winter_20240204_export-limit-update_hard_r0_24ea14f80b,False,False,['event_stale_l1_ge_25'],los_angeles,winter,export_limit_update,hard,9.0,,250.0,,,,78.94736842105263,346.0141100212304,
E1,v2e1_cc929fa79642efc44a55,scn_2026-07-14-v1-3-agent-episode_los-angeles_winter_20240205_reserve-commitment-update_medium_r0_55a4ebaab4,False,False,['event_stale_l1_ge_25'],los_angeles,winter,reserve_commitment_update,medium,14.0,,250.0,,,,78.94736842105263,542.7727779730292,
E1,v2e1_548115de4dc9b4daef13,scn_2026-07-14-v1-3-agent-episode_los-angeles_winter_20240206_reserve-commitment-update_hard_r1_e018124c6f,False,False,['event_stale_l1_ge_25'],los_angeles,winter,reserve_commitment_update,hard,9.0,,250.0,,,,78.94736842105263,543.9476670958495,
E2,v2e2_32ff74c6874cf8920df8,scn_2026-07-14-v1-3-agent-episode_fresno_autumn_20241003_power-limit-derating_medium_r0_349ead5bd6,True,False,[],fresno,autumn,power_limit_derating,medium,4.0,175.0,,75.0,0.0,71.25000000000001,,478.378059180304,7603.378059180305
E2,v2e2_432dd725940cf69e9a91,scn_2026-07-14-v1-3-agent-episode_fresno_autumn_20241004_export-limit-update_medium_r0_7e24ccc477,True,False,[],fresno,autumn,export_limit_update,medium,4.0,200.0,,50.0,0.0,54.20523449999998,,345.10801497149794,5095.108014971499
E2,v2e2_084ccf6ca548d45943fb,scn_2026-07-14-v1-3-agent-episode_fresno_autumn_20241009_power-limit-derating_hard_r0_5155e37525,True,False,[],fresno,autumn,power_limit_derating,hard,5.0,175.0,,75.0,0.0,71.25000000000001,,500.0670082873679,7625.0670082873685
E2,v2e2_f6980ca01b113a38c523,scn_2026-07-14-v1-3-agent-episode_fresno_autumn_20241011_export-limit-update_easy_r1_98d8138f93,True,False,[],fresno,autumn,export_limit_update,easy,6.0,350.0,,100.0,0.0,95.00000000000001,,292.53362799552315,298.799690245521
E2,v2e2_c9cc26cef50eabb0a83c,scn_2026-07-14-v1-3-agent-episode_fresno_autumn_20241013_forecast-revision_hard_r1_d00591cb94,False,False,['forecast_plan_changes_if_applicable'],fresno,autumn,forecast_revision,hard,6.0,300.0,,50.0,0.0,77.5,,240.35657673017877,242.59002673017878
E2,v2e2_b67059c3d0d0903742fd,scn_2026-07-14-v1-3-agent-episode_fresno_autumn_20241017_power-limit-derating_hard_r1_fed12294b4,True,False,[],fresno,autumn,power_limit_derating,hard,7.0,150.0,,100.0,0.0,95.00000000000003,,361.4155016657627,9861.415501665764
E2,v2e2_fa91cd1b78cd58a98920,scn_2026-07-14-v1-3-agent-episode_fresno_autumn_20241019_reserve-commitment-update_hard_r1_535d02c545,False,False,['solver:ValueError'],fresno,autumn,reserve_commitment_update,hard,,,,,,,,,
E2,v2e2_1e9412c4f39c91f41cce,scn_2026-07-14-v1-3-agent-episode_fresno_autumn_20241020_reserve-commitment-update_easy_r1_99ea90158c,True,False,[],fresno,autumn,reserve_commitment_update,easy,8.0,200.0,,50.0,0.0,47.50000000000001,,201.52938968402475,4951.529389684025
E2,v2e2_4b01cef8fbfb57b244df,scn_2026-07-14-v1-3-agent-episode_fresno_autumn_20241103_export-limit-update_easy_r0_8e3bc93c22,True,False,[],fresno,autumn,export_limit_update,easy,8.0,150.0,,100.0,0.0,95.0,,151.33780832270887,9651.33780832271
E2,v2e2_b0fdd45b9ce84a134469,scn_2026-07-14-v1-3-agent-episode_fresno_autumn_20241104_battery-capacity-derating_easy_r0_24a9f5c3a0,True,False,[],fresno,autumn,battery_capacity_derating,easy,15.0,300.0,,50.0,0.0,73.81578947368426,,157.3251354701933,159.06814274519184
E2,v2e2_2fd43792b385aba6a65d,scn_2026-07-14-v1-3-agent-episode_fresno_autumn_20241105_battery-capacity-derating_medium_r0_166cab30b7,True,False,[],fresno,autumn,battery_capacity_derating,medium,14.0,175.0,,75.0,0.0,71.25,,318.183000065246,7443.183000065247
E2,v2e2_475fa572d5f755939a3f,scn_2026-07-14-v1-3-agent-episode_fresno_autumn_20241105_export-limit-update_hard_r0_3fb4230bf9,True,False,[],fresno,autumn,export_limit_update,hard,9.0,150.0,,100.0,0.0,137.49999999999997,,336.4245240287461,9836.424524028747
E2,v2e2_e9a829b6afe41b9e04a9,scn_2026-07-14-v1-3-agent-episode_fresno_autumn_20241106_battery-capacity-derating_hard_r0_b055f583ab,False,False,['solver:RuntimeError'],fresno,autumn,battery_capacity_derating,hard,,,,,,,,,
E2,v2e2_a6076dc08cbe09edba56,scn_2026-07-14-v1-3-agent-episode_fresno_autumn_20241106_power-limit-derating_easy_r0_572df7700d,True,False,[],fresno,autumn,power_limit_derating,easy,9.0,175.0,,75.0,0.0,78.94736842105263,,334.88101307174304,332.1579249138484
E2,v2e2_250b0e0359aff5ec5813,scn_2026-07-14-v1-3-agent-episode_fresno_autumn_20241109_power-limit-derating_easy_r1_68b7a79421,True,False,[],fresno,autumn,power_limit_derating,easy,10.0,175.0,,75.0,0.0,71.25000000000001,,336.75176804944607,7461.7517680494475
E2,v2e2_7f8b055711a449ba0606,scn_2026-07-14-v1-3-agent-episode_fresno_autumn_20241113_reserve-commitment-update_easy_r0_e0d275dc68,True,False,[],fresno,autumn,reserve_commitment_update,easy,15.0,200.0,,50.0,0.0,72.36842105263159,,343.331399690432,340.9297070588531
E2,v2e2_ea3d23755e692556b5fe,scn_2026-07-14-v1-3-agent-episode_fresno_autumn_20241115_battery-capacity-derating_hard_r1_e21ea1eb77,False,False,['solver:RuntimeError'],fresno,autumn,battery_capacity_derating,hard,,,,,,,,,
E2,v2e2_e9268fbf1fff20524fff,scn_2026-07-14-v1-3-agent-episode_fresno_autumn_20241118_battery-capacity-derating_medium_r1_e0a5faf0e8,True,False,[],fresno,autumn,battery_capacity_derating,medium,12.0,150.0,,100.0,0.0,105.26315789473685,,177.08240671106918,173.30207723738494
E2,v2e2_4d258ae7a10cd3b76644,scn_2026-07-14-v1-3-agent-episode_fresno_spring_20240304_battery-capacity-derating_hard_r0_b5f42b1dba,False,False,['solver:RuntimeError'],fresno,spring,battery_capacity_derating,hard,,,,,,,,,
E2,v2e2_4029a98e7ae402335d31,scn_2026-07-14-v1-3-agent-episode_fresno_spring_20240304_export-limit-update_medium_r0_c1aae7b1e4,True,True,[],fresno,spring,export_limit_update,medium,4.0,175.0,,75.0,0.0,196.25,,200.57978121132973,7325.579781211331
E2,v2e2_a7c71f5aa3db3e32fdd1,scn_2026-07-14-v1-3-agent-episode_fresno_spring_20240305_power-limit-derating_hard_r0_4e98058b7b,True,True,[],fresno,spring,power_limit_derating,hard,4.0,350.0,,100.0,0.0,95.0,,369.98327343078745,374.67685008078666
E2,v2e2_16c288d882ac6a326385,scn_2026-07-14-v1-3-agent-episode_fresno_spring_20240306_battery-capacity-derating_easy_r0_f044492333,True,True,[],fresno,spring,battery_capacity_derating,easy,4.0,200.0,,50.0,0.0,47.50000000000001,,407.7153767965282,5157.715376796529
E2,v2e2_f5ed58c9117bb14967a8,scn_2026-07-14-v1-3-agent-episode_fresno_spring_20240307_power-limit-derating_medium_r1_46447b8b6f,True,True,[],fresno,spring,power_limit_derating,medium,5.0,150.0,,100.0,0.0,95.00000000000001,,365.4413684721195,9865.441368472122
E2,v2e2_a66e250328b3cef2064f,scn_2026-07-14-v1-3-agent-episode_fresno_spring_20240310_reserve-commitment-update_medium_r0_6b12d8869c,True,True,[],fresno,spring,reserve_commitment_update,medium,5.0,350.0,,100.0,0.0,220.0,,185.7055906872446,189.42029588724392
E2,v2e2_581afa30a65d6a5d08a5,scn_2026-07-14-v1-3-agent-episode_fresno_spring_20240313_export-limit-update_hard_r0_6b81f6d3b7,True,True,[],fresno,spring,export_limit_update,hard,6.0,350.0,,100.0,0.0,95.0,,252.6780762978721,256.3352979478714
E2,v2e2_1fd8536d13787e44dc17,scn_2026-07-14-v1-3-agent-episode_fresno_spring_20240314_battery-capacity-derating_easy_r1_ded3ea7f6a,True,True,[],fresno,spring,battery_capacity_derating,easy,6.0,350.0,,100.0,0.0,121.31578947368422,,276.18760189212446,280.1981798296238
E2,v2e2_216322a84170fffc7217,scn_2026-07-14-v1-3-agent-episode_fresno_spring_20240316_power-limit-derating_easy_r1_36bccad41a,True,False,[],fresno,spring,power_limit_derating,easy,7.0,300.0,,50.0,0.0,47.499999999999986,,292.95500782047077,294.9529390454665
E2,v2e2_656f818e1dc8243a96d7,scn_2026-07-14-v1-3-agent-episode_fresno_spring_20240317_power-limit-derating_hard_r1_9518219027,True,False,[],fresno,spring,power_limit_derating,hard,7.0,150.0,,100.0,0.0,172.5,,156.8576409718835,9656.857640971884
E2,v2e2_9f749b30eadbaac8d37c,scn_2026-07-14-v1-3-agent-episode_fresno_spring_20240320_export-limit-update_hard_r1_2cabbbfd53,True,False,[],fresno,spring,export_limit_update,hard,8.0,350.0,,100.0,0.0,95.00000000000001,,228.37252694099183,232.19675050349036
E2,v2e2_39f111c7506b97a4ef8d,scn_2026-07-14-v1-3-agent-episode_fresno_spring_20240321_reserve-commitment-update_easy_r1_d09cc32571,True,False,[],fresno,spring,reserve_commitment_update,easy,13.0,200.0,,50.0,0.0,59.80609418282543,,212.9836527535526,4963.000292002238
E2,v2e2_07ecea8c63a586f9fa3b,scn_2026-07-14-v1-3-agent-episode_fresno_spring_20240404_reserve-commitment-update_hard_r1_6cd0f51d92,True,True,[],fresno,spring,reserve_commitment_update,hard,9.0,350.0,,100.0,0.0,105.26315789473684,,474.6408413234141,11000.978668691834
E2,v2e2_f126a9254a17b6c9889d,scn_2026-07-14-v1-3-agent-episode_fresno_spring_20240404_reserve-commitment-update_medium_r1_7e48cdba02,True,False,[],fresno,spring,reserve_commitment_update,medium,14.0,175.0,,75.0,0.0,246.4473684210526,,463.013310333072,459.4030969120194
E2,v2e2_3b35164afad944e7fd48,scn_2026-07-14-v1-3-agent-episode_fresno_spring_20240409_export-limit-update_easy_r0_c0fd270d4f,True,False,[],fresno,spring,export_limit_update,easy,15.0,150.0,,100.0,0.0,95.0,,242.14243282187743,9742.14243282188
E2,v2e2_3189c98b2b62618354a1,scn_2026-07-14-v1-3-agent-episode_fresno_spring_20240409_power-limit-derating_medium_r0_026a740a58,True,False,[],fresno,spring,power_limit_derating,medium,10.0,200.0,,50.0,0.0,47.500000000000036,,259.1361474739915,5009.136147473995
E2,v2e2_6a16284a48c2f758a108,scn_2026-07-14-v1-3-agent-episode_fresno_spring_20240410_forecast-revision_easy_r1_88bfd9e16a,False,False,['forecast_plan_changes_if_applicable'],fresno,spring,forecast_revision,easy,10.0,300.0,,50.0,0.0,47.5,,294.5268815019308,296.5988239019294
E2,v2e2_e5e7f29ad2c1315b9230,scn_2026-07-14-v1-3-agent-episode_fresno_spring_20240412_forecast-revision_hard_r0_da740dd6d5,False,False,['forecast_plan_changes_if_applicable'],fresno,spring,forecast_revision,hard,11.0,175.0,,75.0,0.0,71.25,,191.5159947379363,7316.515994737938
E2,v2e2_19bdb314291cc0696ce1,scn_2026-07-14-v1-3-agent-episode_fresno_spring_20240414_export-limit-update_medium_r1_c4446d3c85,True,False,[],fresno,spring,export_limit_update,medium,15.0,300.0,,50.0,0.0,47.5,,169.1003887281133,170.99226955311184
E2,v2e2_a8e24f959af616185b24,scn_2026-07-14-v1-3-agent-episode_fresno_spring_20240415_export-limit-update_easy_r1_44b61a2c59,True,False,[],fresno,spring,export_limit_update,easy,11.0,350.0,,100.0,0.0,95.0,,125.17673164644583,128.17110099644512
E2,v2e2_24425f8625610c45fd38,scn_2026-07-14-v1-3-agent-episode_fresno_spring_20240420_battery-capacity-derating_medium_r1_6b2832618f,True,False,[],fresno,spring,battery_capacity_derating,medium,13.0,200.0,,50.0,0.0,103.81578947368422,,177.265869693228,4927.2658696932285
E2,v2e2_e6c8a896df3972a400a6,scn_2026-07-14-v1-3-agent-episode_fresno_summer_20240704_reserve-commitment-update_medium_r1_97504ec6f2,True,True,[],fresno,summer,reserve_commitment_update,medium,4.0,175.0,,75.0,0.0,77.85353185595568,,398.31544702927556,7523.931828644041
E2,v2e2_7b2e0628b0d7b7a4badd,scn_2026-07-14-v1-3-agent-episode_fresno_summer_20240705_power-limit-derating_medium_r0_f4f00ac5fd,True,True,[],fresno,summer,power_limit_derating,medium,4.0,350.0,,100.0,0.0,95.00000000000001,,278.3861367997001,10808.617854108888
E2,v2e2_7e727667efa4e288ccd0,scn_2026-07-14-v1-3-agent-episode_fresno_summer_20240706_export-limit-update_medium_r1_83a7526d6d,True,True,[],fresno,summer,export_limit_update,medium,4.0,200.0,,50.0,0.0,172.50000000000068,,452.0058199522365,5202.005819952272
E2,v2e2_a015340abe1151fa1614,scn_2026-07-14-v1-3-agent-episode_fresno_summer_20240707_reserve-commitment-update_easy_r0_9159a569aa,True,True,[],fresno,summer,reserve_commitment_update,easy,14.0,175.0,,75.0,0.0,71.25000000000001,,210.363543259026,7335.363543259026
E2,v2e2_44a88d1ce01be61ee774,scn_2026-07-14-v1-3-agent-episode_fresno_summer_20240708_battery-capacity-derating_hard_r1_8e1c043f16,False,False,['solver:RuntimeError'],fresno,summer,battery_capacity_derating,hard,,,,,,,,,
E2,v2e2_89d7cb0ace37b6839bff,scn_2026-07-14-v1-3-agent-episode_fresno_summer_20240708_power-limit-derating_easy_r1_0c8393eeb4,True,False,[],fresno,summer,power_limit_derating,easy,5.0,175.0,,75.0,0.0,71.25000000000001,,253.38719360856936,7378.387193608571
E2,v2e2_eefa2a6aa00281c6d0de,scn_2026-07-14-v1-3-agent-episode_fresno_summer_20240711_battery-capacity-derating_easy_r0_a95e3b6c87,True,True,[],fresno,summer,battery_capacity_derating,easy,6.0,300.0,,50.0,0.0,52.631578947368425,,567.7498330245866,5840.351036182481
E2,v2e2_30e9a378ff4cf09bbd76,scn_2026-07-14-v1-3-agent-episode_fresno_summer_20240711_reserve-commitment-update_easy_r1_3a5a35bb64,True,False,[],fresno,summer,reserve_commitment_update,easy,6.0,150.0,,100.0,0.0,95.0,,621.4844467270195,10121.484446727021
E2,v2e2_1328a69e564bb11bcabd,scn_2026-07-14-v1-3-agent-episode_fresno_summer_20240712_export-limit-update_hard_r1_b9b1c78965,True,False,[],fresno,summer,export_limit_update,hard,6.0,150.0,,100.0,0.0,202.40077256648203,,540.0576908127682,10047.413527211153
E2,v2e2_e4d041720a723c39ec27,scn_2026-07-14-v1-3-agent-episode_fresno_summer_20240716_export-limit-update_hard_r0_782806243d,True,False,[],fresno,summer,export_limit_update,hard,7.0,350.0,,100.0,0.0,101.09375,,355.41317972559904,361.4557541068476
E2,v2e2_3bb99ae065f8c3bcccb9,scn_2026-07-14-v1-3-agent-episode_fresno_summer_20240720_power-limit-derating_easy_r0_4643a8544b,True,False,[],fresno,summer,power_limit_derating,easy,8.0,350.0,,100.0,0.0,95.00000000000001,,395.64686539361367,405.44915076860514
E2,v2e2_99b67d46d186efd3c440,scn_2026-07-14-v1-3-agent-episode_fresno_summer_20240803_reserve-commitment-update_medium_r0_9ebf7607eb,True,False,[],fresno,summer,reserve_commitment_update,medium,15.0,350.0,,100.0,0.0,95.0,,411.21070335546324,10940.17627220283
E2,v2e2_67274c03a4e152b7d54c,scn_2026-07-14-v1-3-agent-episode_fresno_summer_20240804_power-limit-derating_hard_r1_db3ee44a8b,True,False,[],fresno,summer,power_limit_derating,hard,9.0,200.0,,50.0,0.0,47.50000000000001,,303.8449644496637,5053.844964449665
E2,v2e2_87cf9334261ed89554d0,scn_2026-07-14-v1-3-agent-episode_fresno_summer_20240811_export-limit-update_medium_r0_6ace07f319,True,False,[],fresno,summer,export_limit_update,medium,13.0,200.0,,50.0,0.0,116.31578947368416,,180.44791362578076,4930.4479136257805
E2,v2e2_09af84b2a286b1790ffd,scn_2026-07-14-v1-3-agent-episode_fresno_summer_20240812_reserve-commitment-update_hard_r1_961d21a75e,True,False,[],fresno,summer,reserve_commitment_update,hard,11.0,350.0,,100.0,0.0,156.31578947368422,,183.76526754127374,187.79883707027304
E2,v2e2_0cf2a70cd786770c5490,scn_2026-07-14-v1-3-agent-episode_fresno_summer_20240813_battery-capacity-derating_hard_r0_2c4b537cf2,False,False,['solver:RuntimeError'],fresno,summer,battery_capacity_derating,hard,,,,,,,,,
E2,v2e2_842a01e9f10c0237fbb2,scn_2026-07-14-v1-3-agent-episode_fresno_summer_20240813_export-limit-update_easy_r0_eb74576284,True,False,[],fresno,summer,export_limit_update,easy,11.0,175.0,,75.0,0.0,71.25,,270.61727191566047,7395.617271915661
E2,v2e2_3daee14970c1c518a75b,scn_2026-07-14-v1-3-agent-episode_fresno_summer_20240816_power-limit-derating_hard_r0_44dee96181,True,False,[],fresno,summer,power_limit_derating,hard,13.0,175.0,,75.0,0.0,71.25000000000001,,192.8780464508075,7317.878046450807
E2,v2e2_440f134b2bf4d3188ce9,scn_2026-07-14-v1-3-agent-episode_fresno_summer_20240816_reserve-commitment-update_hard_r0_9e84280ad4,True,False,[],fresno,summer,reserve_commitment_update,hard,12.0,300.0,,50.0,0.0,73.15000000000002,,193.5696788257212,195.59507882572052
E2,v2e2_fe5411b5d69550acc476,scn_2026-07-14-v1-3-agent-episode_fresno_summer_20240817_battery-capacity-derating_easy_r1_c350d4b03a,True,False,[],fresno,summer,battery_capacity_derating,easy,12.0,150.0,,100.0,0.0,95.0,,293.26770155089594,9793.267701550898
E2,v2e2_2e318a4522f6f1383e25,scn_2026-07-14-v1-3-agent-episode_fresno_summer_20240819_battery-capacity-derating_medium_r0_62723a1f51,True,False,[],fresno,summer,battery_capacity_derating,medium,14.0,175.0,,75.0,0.0,72.53289473684211,,184.25426189547133,6121.303046895472
E2,v2e2_bc49d1b8f17c2a428278,scn_2026-07-14-v1-3-agent-episode_fresno_summer_20240820_export-limit-update_easy_r1_a82f7b5913,True,False,[],fresno,summer,export_limit_update,easy,13.0,350.0,,100.0,0.0,95.0,,268.0221380318445,271.5937781068438
E2,v2e2_9753658b47a8e1a6e4b6,scn_2026-07-14-v1-3-agent-episode_fresno_summer_20240820_power-limit-derating_medium_r1_f36d1d45f3,True,False,[],fresno,summer,power_limit_derating,medium,13.0,200.0,,50.0,0.0,47.5000000000001,,273.90286415684807,5023.902864156849
E2,v2e2_fe0ae5ef861a44cf7138,scn_2026-07-14-v1-3-agent-episode_fresno_winter_20240105_forecast-revision_hard_r0_0442d40fd6,False,False,['forecast_plan_changes_if_applicable'],fresno,winter,forecast_revision,hard,4.0,350.0,,100.0,0.0,96.21537396121884,,565.0989908535983,571.4977765492354
E2,v2e2_68ad1227a66cd68252f6,scn_2026-07-14-v1-3-agent-episode_fresno_winter_20240106_power-limit-derating_easy_r1_f3fe900fd9,True,True,[],fresno,winter,power_limit_derating,easy,4.0,175.0,,75.0,0.0,78.94736842105263,,489.48749045991536,484.06143782833647
E2,v2e2_c4d42554da4b1f44862b,scn_2026-07-14-v1-3-agent-episode_fresno_winter_20240108_power-limit-derating_hard_r1_b9e76be139,True,True,[],fresno,winter,power_limit_derating,hard,5.0,350.0,,100.0,0.0,113.40543628808861,,664.353017843032,11190.699831190677
E2,v2e2_394e89f7d166924e9409,scn_2026-07-14-v1-3-agent-episode_fresno_winter_20240109_export-limit-update_easy_r0_0bd7ce2f07,True,True,[],fresno,winter,export_limit_update,easy,5.0,175.0,,75.0,0.0,71.25,,677.9822207198381,7802.982220719839
E2,v2e2_ff7d4d179a2e6d483137,scn_2026-07-14-v1-3-agent-episode_fresno_winter_20240110_export-limit-update_easy_r1_dc7d6becda,True,True,[],fresno,winter,export_limit_update,easy,5.0,350.0,,100.0,0.0,97.60041551246533,,633.7903034040899,641.6084372467144
E2,v2e2_593a312a0fedb902cd1d,scn_2026-07-14-v1-3-agent-episode_fresno_winter_20240115_export-limit-update_medium_r0_8a0f7b16fa,True,False,[],fresno,winter,export_limit_update,medium,7.0,175.0,,75.0,0.0,78.94736842105264,,1901.8683958722684,9027.066561357795
E2,v2e2_b4c461693a4593343bef,scn_2026-07-14-v1-3-agent-episode_fresno_winter_20240115_forecast-revision_hard_r1_0816f8ff37,False,False,['forecast_plan_changes_if_applicable'],fresno,winter,forecast_revision,hard,15.0,350.0,,100.0,0.0,104.04778393351802,,1851.337570831971,1871.5048352967897
E2,v2e2_7b7f1937180ee599b75d,scn_2026-07-14-v1-3-agent-episode_fresno_winter_20240116_forecast-revision_easy_r0_46cec68d14,False,False,['forecast_plan_changes_if_applicable'],fresno,winter,forecast_revision,easy,7.0,300.0,,50.0,0.0,47.5,,2188.9075901327196,2200.755803457719
E2,v2e2_dea66fb895add887ced5,scn_2026-07-14-v1-3-agent-episode_fresno_winter_20240117_battery-capacity-derating_hard_r1_f4eb21798f,False,False,['solver:RuntimeError'],fresno,winter,battery_capacity_derating,hard,,,,,,,,,
E2,v2e2_8f1981eff87e36ee3e61,scn_2026-07-14-v1-3-agent-episode_fresno_winter_20240117_reserve-commitment-update_medium_r1_ccddc6fa0e,True,False,[],fresno,winter,reserve_commitment_update,medium,13.0,300.0,,50.0,0.0,47.50000000000001,,882.664253947962,893.3328308979615
E2,v2e2_c7a5bc83e156ece19e4b,scn_2026-07-14-v1-3-agent-episode_fresno_winter_20240119_power-limit-derating_medium_r0_b93d393036,True,False,[],fresno,winter,power_limit_derating,medium,8.0,150.0,,100.0,0.0,136.8421052631579,,618.0308083378105,610.973599916758
E2,v2e2_be357ad7fa505f6b8f35,scn_2026-07-14-v1-3-agent-episode_fresno_winter_20240120_battery-capacity-derating_easy_r0_0694ee437b,True,True,[],fresno,winter,battery_capacity_derating,easy,8.0,200.0,,50.0,0.0,73.81578947368425,,337.8570504663811,5087.857050466382
E2,v2e2_facb7215dd0e6060cb8d,scn_2026-07-14-v1-3-agent-episode_fresno_winter_20240120_export-limit-update_hard_r0_f328d2597c,True,False,[],fresno,winter,export_limit_update,hard,8.0,175.0,,75.0,0.0,71.25000000000037,,339.53657897888115,7464.536578978883
E2,v2e2_9129897a0e9d5a6bdc6c,scn_2026-07-14-v1-3-agent-episode_fresno_winter_20240203_reserve-commitment-update_easy_r1_359f3cbf9f,False,False,['binding_slack_fraction_le_005'],fresno,winter,reserve_commitment_update,easy,15.0,350.0,,100.0,0.35,102.69736842105263,,240.68380435908367,245.24755597618892
E2,v2e2_0cfea0fba5a53a225f8d,scn_2026-07-14-v1-3-agent-episode_fresno_winter_20240206_battery-capacity-derating_hard_r0_7ac39bd14e,False,False,['solver:RuntimeError'],fresno,winter,battery_capacity_derating,hard,,,,,,,,,
E2,v2e2_946bd501dbcc04e5d9c5,scn_2026-07-14-v1-3-agent-episode_fresno_winter_20240206_power-limit-derating_easy_r0_8473634c6c,False,False,['binding_slack_fraction_le_005'],fresno,winter,power_limit_derating,easy,15.0,350.0,,100.0,0.3,102.69736842105263,,457.0285063038327,462.1684494979117
E2,v2e2_6a281ebecf42f9ad89bd,scn_2026-07-14-v1-3-agent-episode_fresno_winter_20240207_battery-capacity-derating_medium_r1_bb1ce2ca52,False,False,['binding_slack_fraction_le_005'],fresno,winter,battery_capacity_derating,medium,14.0,350.0,,100.0,0.125,102.69736842105263,,430.107116546453,3065.2215408523734
E2,v2e2_3312b302dea2b76eaf2b,scn_2026-07-14-v1-3-agent-episode_fresno_winter_20240209_export-limit-update_hard_r1_15f3a02d14,True,False,[],fresno,winter,export_limit_update,hard,10.0,175.0,,75.0,0.0,71.25,,425.9955231212855,7550.995523121287
E2,v2e2_8e20e3d48e06cfb28b27,scn_2026-07-14-v1-3-agent-episode_fresno_winter_20240209_reserve-commitment-update_medium_r0_4e0cb251e5,True,False,[],fresno,winter,reserve_commitment_update,medium,10.0,175.0,,75.0,0.0,99.75,,426.65222860549454,7551.652228605495
E2,v2e2_03a384cc3e132c122ce8,scn_2026-07-14-v1-3-agent-episode_fresno_winter_20240212_battery-capacity-derating_medium_r0_9ab072f74a,True,False,[],fresno,winter,battery_capacity_derating,medium,11.0,175.0,,75.0,0.0,71.25,,375.2004598320742,7500.2004598320755
E2,v2e2_7d4186d43cf68643fa80,scn_2026-07-14-v1-3-agent-episode_fresno_winter_20240216_export-limit-update_medium_r1_d9c1e17267,False,False,['binding_slack_fraction_le_005'],fresno,winter,export_limit_update,medium,12.0,300.0,,50.0,0.35,52.631578947368425,,387.27964265593664,389.7791794980419
E2,v2e2_d0e92003c80523151b75,scn_2026-07-14-v1-3-agent-episode_fresno_winter_20240217_reserve-commitment-update_easy_r0_9296168e3e,True,False,[],fresno,winter,reserve_commitment_update,easy,12.0,175.0,,75.0,0.0,78.94736842105266,,301.60426718096863,298.1758845493905
E2,v2e2_dcfa59bbdd4a8a8a026a,scn_2026-07-14-v1-3-agent-episode_fresno_winter_20240218_forecast-revision_medium_r0_629845e089,False,False,['forecast_plan_changes_if_applicable'],fresno,winter,forecast_revision,medium,12.0,175.0,,75.0,0.0,78.94736842105263,,266.5550374945109,263.2087245997741
E2,v2e2_cca4c6a1cc6c5edf3572,scn_2026-07-14-v1-3-agent-episode_fresno_winter_20240218_power-limit-derating_hard_r0_124507fc54,True,False,[],fresno,winter,power_limit_derating,hard,12.0,200.0,,50.0,0.0,52.631578947368425,,187.89488078884827,185.66400552568965
E2,v2e2_35bda0b0f90979c48546,scn_2026-07-14-v1-3-agent-episode_fresno_winter_20240219_reserve-commitment-update_hard_r0_2d59faa693,False,False,['solver:ValueError'],fresno,winter,reserve_commitment_update,hard,,,,,,,,,
E2,v2e2_29dec0252358d5d26022,scn_2026-07-14-v1-3-agent-episode_fresno_winter_20240219_reserve-commitment-update_hard_r1_002a4e494b,False,False,['binding_slack_fraction_le_005'],fresno,winter,reserve_commitment_update,hard,12.0,350.0,,100.0,0.177,102.69736842105263,,342.29848171602765,346.41686006471184
E2,v2e2_363c8a33e9bb0bb68d78,scn_2026-07-14-v1-3-agent-episode_los-angeles_autumn_20241007_export-limit-update_hard_r1_47192b4a76,True,False,[],los_angeles,autumn,export_limit_update,hard,5.0,300.0,,50.0,0.0,130.229785,,329.5641628338932,5595.405901086524
E2,v2e2_a614c009acc530c12890,scn_2026-07-14-v1-3-agent-episode_los-angeles_autumn_20241007_reserve-commitment-update_easy_r1_d3eac86c60,True,True,[],los_angeles,autumn,reserve_commitment_update,easy,5.0,300.0,,50.0,0.0,47.50000000000001,,330.91011057705043,5598.237683879682
E2,v2e2_a49aba98f0f44c8c6622,scn_2026-07-14-v1-3-agent-episode_los-angeles_autumn_20241007_reserve-commitment-update_hard_r1_e1032c3dbc,True,True,[],los_angeles,autumn,reserve_commitment_update,hard,15.0,300.0,,50.0,0.0,139.79984550000006,,266.4449350888261,5529.754043066458
E2,v2e2_5c8ca032c5a2ddd5d179,scn_2026-07-14-v1-3-agent-episode_los-angeles_autumn_20241012_reserve-commitment-update_medium_r0_4a7137e65f,True,False,[],los_angeles,autumn,reserve_commitment_update,medium,6.0,175.0,,75.0,0.0,71.25,,365.85309612661587,7490.853096126617
E2,v2e2_f84b30cc99ca8f992cf6,scn_2026-07-14-v1-3-agent-episode_los-angeles_autumn_20241014_power-limit-derating_hard_r1_a238c58438,True,False,[],los_angeles,autumn,power_limit_derating,hard,6.0,150.0,,100.0,0.0,95.00000000000001,,252.80337718847497,9752.803377188477
E2,v2e2_579d7046347071a2967e,scn_2026-07-14-v1-3-agent-episode_los-angeles_autumn_20241016_battery-capacity-derating_easy_r0_268dbd56d8,True,True,[],los_angeles,autumn,battery_capacity_derating,easy,7.0,350.0,,100.0,0.0,95.00000000000001,,482.05681353213527,487.12847593213456
E2,v2e2_6ed9dab604da2e9a583a,scn_2026-07-14-v1-3-agent-episode_los-angeles_autumn_20241019_reserve-commitment-update_easy_r0_e0298a25d8,True,False,[],los_angeles,autumn,reserve_commitment_update,easy,15.0,175.0,,75.0,0.0,71.25000000000001,,284.52365828305886,7409.523658283059
E2,v2e2_76b9acae8cbf60506d0f,scn_2026-07-14-v1-3-agent-episode_los-angeles_autumn_20241021_power-limit-derating_easy_r0_d9c45c3cd1,True,False,[],los_angeles,autumn,power_limit_derating,easy,14.0,175.0,,75.0,0.0,71.25000000000001,,172.5312727855501,7297.531272785552
E2,v2e2_3fe9560cfbc006d7e8d1,scn_2026-07-14-v1-3-agent-episode_los-angeles_autumn_20241103_battery-capacity-derating_hard_r0_55bc2d0065,False,False,['solver:RuntimeError'],los_angeles,autumn,battery_capacity_derating,hard,,,,,,,,,
E2,v2e2_aa5a8907d6466dbfa47b,scn_2026-07-14-v1-3-agent-episode_los-angeles_autumn_20241103_export-limit-update_easy_r1_c0d9890ffc,True,False,[],los_angeles,autumn,export_limit_update,easy,8.0,200.0,,50.0,0.0,47.50000000000001,,148.53826863508263,4898.538268635084
E2,v2e2_b2d6bd5e2e12c0fd5e38,scn_2026-07-14-v1-3-agent-episode_los-angeles_autumn_20241104_reserve-commitment-update_hard_r0_11b4f6b3cf,False,False,['solver:ValueError'],los_angeles,autumn,reserve_commitment_update,hard,,,,,,,,,
E2,v2e2_0ecc45ed10e920bd7838,scn_2026-07-14-v1-3-agent-episode_los-angeles_autumn_20241110_forecast-revision_hard_r0_743ea81990,False,False,['forecast_plan_changes_if_applicable'],los_angeles,autumn,forecast_revision,hard,10.0,175.0,,75.0,0.0,71.25,,254.01108904119297,7379.011089041194
E2,v2e2_b140c34c39811e01113e,scn_2026-07-14-v1-3-agent-episode_los-angeles_autumn_20241111_export-limit-update_medium_r1_f24e6c61d8,True,False,[],los_angeles,autumn,export_limit_update,medium,10.0,150.0,,100.0,0.0,105.26315789473685,,184.30858292676092,180.12680924255037
E2,v2e2_ae55b789daf73b9e2f38,scn_2026-07-14-v1-3-agent-episode_los-angeles_autumn_20241113_export-limit-update_medium_r0_d762170655,True,False,[],los_angeles,autumn,export_limit_update,medium,13.0,150.0,,100.0,0.0,105.26315789473685,,338.7923758734076,333.98899061024974
E2,v2e2_633207c449924bfd0131,scn_2026-07-14-v1-3-agent-episode_los-angeles_autumn_20241113_forecast-revision_easy_r1_4211bcba8b,False,False,['forecast_plan_changes_if_applicable'],los_angeles,autumn,forecast_revision,easy,11.0,200.0,,50.0,0.0,52.631578947368425,,384.10141321943513,381.69972058785623
E2,v2e2_b054f323be45986e5db1,scn_2026-07-14-v1-3-agent-episode_los-angeles_autumn_20241115_reserve-commitment-update_medium_r1_12f612c10a,False,False,['binding_slack_fraction_le_005'],los_angeles,autumn,reserve_commitment_update,medium,15.0,350.0,,100.0,0.3,102.69736842105263,,234.21003292689525,239.10584996307944
E2,v2e2_7fadb240f44eecaae0de,scn_2026-07-14-v1-3-agent-episode_los-angeles_autumn_20241117_export-limit-update_hard_r0_dcd17c471e,True,False,[],los_angeles,autumn,export_limit_update,hard,12.0,350.0,,100.0,0.0,95.00000000000003,,197.729151631422,201.94222375642127
E2,v2e2_65fc4cd3433a5879fa17,scn_2026-07-14-v1-3-agent-episode_los-angeles_autumn_20241119_forecast-revision_medium_r1_d7082b396a,False,False,['forecast_plan_changes_if_applicable'],los_angeles,autumn,forecast_revision,medium,13.0,200.0,,50.0,0.0,52.63157894736889,,473.4399450260964,470.66934502609075
E2,v2e2_13ae7ec281e548bcd9ad,scn_2026-07-14-v1-3-agent-episode_los-angeles_autumn_20241120_export-limit-update_easy_r0_d77bf66179,False,False,['binding_slack_fraction_le_005'],los_angeles,autumn,export_limit_update,easy,13.0,300.0,,50.0,0.35,52.631578947368425,,417.0491099562636,419.9954325878425
E2,v2e2_e021113e3ab2d25be330,scn_2026-07-14-v1-3-agent-episode_los-angeles_spring_20240306_forecast-revision_hard_r0_afa5d48f48,False,False,['forecast_plan_changes_if_applicable'],los_angeles,spring,forecast_revision,hard,4.0,150.0,,100.0,0.0,95.0,,397.9896414873672,9897.98964148737
E2,v2e2_ccdaf06f93bca948ceaf,scn_2026-07-14-v1-3-agent-episode_los-angeles_spring_20240307_battery-capacity-derating_hard_r1_62d02d500d,False,False,['solver:RuntimeError'],los_angeles,spring,battery_capacity_derating,hard,,,,,,,,,
E2,v2e2_76382199e65f9684aa8c,scn_2026-07-14-v1-3-agent-episode_los-angeles_spring_20240307_forecast-revision_easy_r0_e48b36e9aa,False,False,['forecast_plan_changes_if_applicable'],los_angeles,spring,forecast_revision,easy,13.0,200.0,,50.0,0.0,89.99999999999997,,336.63646337757064,5086.636463377572
E2,v2e2_599ab783e7af2d598059,scn_2026-07-14-v1-3-agent-episode_los-angeles_spring_20240307_reserve-commitment-update_hard_r0_7963db4fd9,True,True,[],los_angeles,spring,reserve_commitment_update,hard,5.0,300.0,,50.0,0.0,47.5,,331.49405336889174,333.73927576889105
E2,v2e2_90357feca5a42c2b5eee,scn_2026-07-14-v1-3-agent-episode_los-angeles_spring_20240311_forecast-revision_medium_r0_63c0597a2e,True,True,[],los_angeles,spring,forecast_revision,medium,6.0,175.0,,75.0,0.0,271.4473684210526,,186.64645290767632,7312.00583632873
E2,v2e2_28d9724eea09520d5cd7,scn_2026-07-14-v1-3-agent-episode_los-angeles_spring_20240313_reserve-commitment-update_medium_r1_c79e7bf338,True,True,[],los_angeles,spring,reserve_commitment_update,medium,6.0,175.0,,75.0,0.0,71.25,,259.2298962322635,7384.238553962265
E2,v2e2_cd47662d04581b339960,scn_2026-07-14-v1-3-agent-episode_los-angeles_spring_20240314_power-limit-derating_medium_r1_3bef0f27a3,True,True,[],los_angeles,spring,power_limit_derating,medium,6.0,200.0,,50.0,0.0,147.5,,280.97711235374794,5030.977112353749
E2,v2e2_25e030e6613f44a39649,scn_2026-07-14-v1-3-agent-episode_los-angeles_spring_20240315_export-limit-update_hard_r0_0ae98494f4,True,True,[],los_angeles,spring,export_limit_update,hard,7.0,175.0,,75.0,0.0,105.26315789473684,,191.07832300116647,7316.13773791629
E2,v2e2_4bc783ae8ece976241af,scn_2026-07-14-v1-3-agent-episode_los-angeles_spring_20240403_reserve-commitment-update_easy_r0_3e33c77305,True,True,[],los_angeles,spring,reserve_commitment_update,easy,8.0,350.0,,100.0,0.0,95.0,,265.50670848974346,269.48161298974344
E2,v2e2_4808b50bde1c30114437,scn_2026-07-14-v1-3-agent-episode_los-angeles_spring_20240406_export-limit-update_medium_r1_390eea7ece,True,False,[],los_angeles,spring,export_limit_update,medium,9.0,200.0,,50.0,0.0,47.50000000000001,,251.23094125520873,5001.2309412552095
E2,v2e2_ca06038f357ddafc80d4,scn_2026-07-14-v1-3-agent-episode_los-angeles_spring_20240410_export-limit-update_hard_r1_a794838d78,True,False,[],los_angeles,spring,export_limit_update,hard,10.0,175.0,,75.0,0.0,71.25,,292.373297008246,7417.373297008247
E2,v2e2_925083222fdcdf1b7d38,scn_2026-07-14-v1-3-agent-episode_los-angeles_spring_20240412_forecast-revision_hard_r1_9218d012b4,False,False,['forecast_plan_changes_if_applicable'],los_angeles,spring,forecast_revision,hard,11.0,175.0,,75.0,0.0,71.25,,191.43418302630784,7316.434183026309
E2,v2e2_e25a6165a9622305fb8b,scn_2026-07-14-v1-3-agent-episode_los-angeles_spring_20240414_export-limit-update_easy_r0_14843ab5c2,True,False,[],los_angeles,spring,export_limit_update,easy,11.0,200.0,,50.0,0.0,47.50000000000001,,189.50265643902202,4939.502656439023
E2,v2e2_ebe99f560175763f1f88,scn_2026-07-14-v1-3-agent-episode_los-angeles_spring_20240415_reserve-commitment-update_hard_r1_57264928b7,True,False,[],los_angeles,spring,reserve_commitment_update,hard,15.0,300.0,,50.0,0.0,47.5,,118.36861529174082,119.87448451674011
E2,v2e2_d699aaa8c563af837273,scn_2026-07-14-v1-3-agent-episode_los-angeles_spring_20240417_battery-capacity-derating_hard_r0_65280cefbb,False,False,['solver:RuntimeError'],los_angeles,spring,battery_capacity_derating,hard,,,,,,,,,
E2,v2e2_9c877a11fe047c65edfb,scn_2026-07-14-v1-3-agent-episode_los-angeles_spring_20240417_export-limit-update_easy_r1_b3cf6eb1cb,True,False,[],los_angeles,spring,export_limit_update,easy,12.0,175.0,,75.0,0.0,71.25,,219.69984685986137,7344.699846859861
E2,v2e2_b8578ef3df57e4af377a,scn_2026-07-14-v1-3-agent-episode_los-angeles_spring_20240419_battery-capacity-derating_medium_r0_086cc3fb34,True,False,[],los_angeles,spring,battery_capacity_derating,medium,12.0,175.0,,75.0,0.0,71.25,,146.6653175589227,7271.665317558924
E2,v2e2_9f791bed7ec71f1358aa,scn_2026-07-14-v1-3-agent-episode_los-angeles_spring_20240419_forecast-revision_medium_r1_f74b9dd67a,False,False,['forecast_plan_changes_if_applicable'],los_angeles,spring,forecast_revision,medium,12.0,300.0,,50.0,0.0,47.5,,135.55867807223765,137.18727969723622
E2,v2e2_a79497c828614f0460e0,scn_2026-07-14-v1-3-agent-episode_los-angeles_spring_20240419_power-limit-derating_medium_r0_ff6246e04c,True,False,[],los_angeles,spring,power_limit_derating,medium,14.0,175.0,,75.0,0.0,71.25000000000001,,140.4584076461049,7265.458407646106
E2,v2e2_db1fd1178cf1010f6eb8,scn_2026-07-14-v1-3-agent-episode_los-angeles_spring_20240419_reserve-commitment-update_easy_r1_8563e0f4f3,True,False,[],los_angeles,spring,reserve_commitment_update,easy,12.0,175.0,,75.0,0.0,71.25000000000001,,147.79102610602862,7272.791026106029
E2,v2e2_17e92b57f3310289bb71,scn_2026-07-14-v1-3-agent-episode_los-angeles_spring_20240421_reserve-commitment-update_medium_r0_0b34ceae7c,True,False,[],los_angeles,spring,reserve_commitment_update,medium,13.0,200.0,,50.0,0.0,77.5,,96.70042508181523,4846.700425081816
E2,v2e2_ea69a5744fe4489919e6,scn_2026-07-14-v1-3-agent-episode_los-angeles_summer_20240703_export-limit-update_hard_r0_9c1bc45900,True,True,[],los_angeles,summer,export_limit_update,hard,13.0,350.0,,100.0,0.0,95.00000000000013,,326.3979924601403,10854.244335018033
E2,v2e2_d6701d548a93409fed9a,scn_2026-07-14-v1-3-agent-episode_los-angeles_summer_20240704_forecast-revision_hard_r0_6b9c6aa405,True,True,[],los_angeles,summer,forecast_revision,hard,4.0,200.0,,50.0,0.0,177.63157894736844,,390.74230087713124,5141.221288635027
E2,v2e2_20534de655a33fde87ca,scn_2026-07-14-v1-3-agent-episode_los-angeles_summer_20240705_export-limit-update_easy_r1_93b6fe7173,True,True,[],los_angeles,summer,export_limit_update,easy,4.0,150.0,,100.0,0.0,112.93364300000003,,292.85031449875316,9792.850314498755
E2,v2e2_8e9a9550f230c7b3cff3,scn_2026-07-14-v1-3-agent-episode_los-angeles_summer_20240705_forecast-revision_medium_r1_9b9277ec7c,True,True,[],los_angeles,summer,forecast_revision,medium,4.0,175.0,,75.0,0.0,301.5131578947368,,291.89315756144225,7416.893157561443
E2,v2e2_ea99b742bf95de9cc991,scn_2026-07-14-v1-3-agent-episode_los-angeles_summer_20240708_battery-capacity-derating_hard_r1_2cd5b0ac10,False,False,['solver:RuntimeError'],los_angeles,summer,battery_capacity_derating,hard,,,,,,,,,
E2,v2e2_931467e5a7145020d201,scn_2026-07-14-v1-3-agent-episode_los-angeles_summer_20240713_reserve-commitment-update_easy_r0_baf8f8409c,True,False,[],los_angeles,summer,reserve_commitment_update,easy,15.0,350.0,,100.0,0.0,95.0,,339.32516917091084,346.0368726209101
E2,v2e2_04829be8b719319a43fd,scn_2026-07-14-v1-3-agent-episode_los-angeles_summer_20240714_export-limit-update_medium_r0_43ccdf7e6d,True,False,[],los_angeles,summer,export_limit_update,medium,13.0,350.0,,100.0,0.0,95.00000000000009,,210.7630219335386,215.45673313353717
E2,v2e2_688245310fd406ea112e,scn_2026-07-14-v1-3-agent-episode_los-angeles_summer_20240715_battery-capacity-derating_hard_r0_f567168286,False,False,['solver:RuntimeError'],los_angeles,summer,battery_capacity_derating,hard,,,,,,,,,
E2,v2e2_6c4bba2b17bd5c567a79,scn_2026-07-14-v1-3-agent-episode_los-angeles_summer_20240717_forecast-revision_easy_r1_50cb1b88f9,True,False,[],los_angeles,summer,forecast_revision,easy,7.0,150.0,,100.0,0.0,95.0,,372.524770610721,9872.524770610722
E2,v2e2_7f938d120000eec26457,scn_2026-07-14-v1-3-agent-episode_los-angeles_summer_20240721_battery-capacity-derating_easy_r1_d471d754e9,True,True,[],los_angeles,summer,battery_capacity_derating,easy,8.0,175.0,,75.0,0.0,71.25,,271.809666524063,7396.809666524064
E2,v2e2_198e5e058a7d91b72733,scn_2026-07-14-v1-3-agent-episode_los-angeles_summer_20240803_power-limit-derating_easy_r0_88a4e7e841,True,False,[],los_angeles,summer,power_limit_derating,easy,8.0,350.0,,100.0,0.0,95.00000000000001,,471.80741949750006,11011.106020432355
E2,v2e2_6a7b01869899ca98ebfa,scn_2026-07-14-v1-3-agent-episode_los-angeles_summer_20240805_forecast-revision_medium_r0_26c71dad5f,True,False,[],los_angeles,summer,forecast_revision,medium,9.0,300.0,,50.0,0.0,172.5,,321.88980056542897,5588.342238310165
E2,v2e2_de6a2ac8a6708c568daa,scn_2026-07-14-v1-3-agent-episode_los-angeles_summer_20240806_forecast-revision_hard_r1_21b90f489c,True,False,[],los_angeles,summer,forecast_revision,hard,9.0,300.0,,50.0,0.0,172.5,,478.1988694523476,5746.706690072741
E2,v2e2_75be07ed0486db9f9db4,scn_2026-07-14-v1-3-agent-episode_los-angeles_summer_20240806_reserve-commitment-update_hard_r0_77eb77cec4,False,False,['solver:ValueError'],los_angeles,summer,reserve_commitment_update,hard,,,,,,,,,
E2,v2e2_5087d5382d0a3250265c,scn_2026-07-14-v1-3-agent-episode_los-angeles_summer_20240807_power-limit-derating_hard_r1_0ffba81482,True,False,[],los_angeles,summer,power_limit_derating,hard,9.0,200.0,,50.0,0.0,47.50000000000001,,457.46813030678953,5207.46813030679
E2,v2e2_149a0559756a6df673c0,scn_2026-07-14-v1-3-agent-episode_los-angeles_summer_20240810_battery-capacity-derating_medium_r0_30ba3d39d5,True,False,[],los_angeles,summer,battery_capacity_derating,medium,14.0,175.0,,75.0,0.0,71.25,,288.31669904657116,7413.3166990465725
E2,v2e2_9fc3ac5eec70d572b0a1,scn_2026-07-14-v1-3-agent-episode_los-angeles_summer_20240811_export-limit-update_hard_r1_d7a0b08d56,True,False,[],los_angeles,summer,export_limit_update,hard,10.0,300.0,,50.0,0.0,77.5,,186.34193732795976,188.38806632795902
E2,v2e2_643639c329d1df85a5d1,scn_2026-07-14-v1-3-agent-episode_los-angeles_summer_20240811_reserve-commitment-update_easy_r1_21cca04a71,True,False,[],los_angeles,summer,reserve_commitment_update,easy,10.0,175.0,,75.0,0.0,71.25000000000001,,192.19020958638143,7317.190209586382
E2,v2e2_72d34e5e43318f9e05b4,scn_2026-07-14-v1-3-agent-episode_los-angeles_summer_20240813_battery-capacity-derating_medium_r1_b27541a0ca,True,False,[],los_angeles,summer,battery_capacity_derating,medium,11.0,150.0,,100.0,0.0,95.0,,270.56558164238294,9770.565581642384
E2,v2e2_be94f6ad6f59671b8118,scn_2026-07-14-v1-3-agent-episode_los-angeles_summer_20240816_forecast-revision_easy_r0_f7b2ad704b,True,False,[],los_angeles,summer,forecast_revision,easy,12.0,175.0,,75.0,0.0,71.25,,212.74711130713166,7337.747111307132
E2,v2e2_a461cdf3c383d7d87d71,scn_2026-07-14-v1-3-agent-episode_los-angeles_summer_20240816_reserve-commitment-update_medium_r1_f86d49f2f6,True,False,[],los_angeles,summer,reserve_commitment_update,medium,14.0,350.0,,100.0,0.0,95.0,,180.44312321516213,184.1306829301614
E2,v2e2_7ea6b32030867e1199fd,scn_2026-07-14-v1-3-agent-episode_los-angeles_summer_20240818_export-limit-update_medium_r1_de23bb07e3,True,False,[],los_angeles,summer,export_limit_update,medium,14.0,350.0,,100.0,0.0,95.00000000000001,,166.07623655039998,169.21620600039856
E2,v2e2_a4abb503aecc360d1474,scn_2026-07-14-v1-3-agent-episode_los-angeles_summer_20240821_power-limit-derating_medium_r0_53b627fbb8,True,False,[],los_angeles,summer,power_limit_derating,medium,13.0,300.0,,50.0,0.0,52.63157894736839,,256.91703920673876,258.5323965834701
E2,v2e2_0b8a89415fcbc0c13a10,scn_2026-07-14-v1-3-agent-episode_los-angeles_winter_20240104_reserve-commitment-update_easy_r0_dc686a9965,False,False,['binding_slack_fraction_le_005'],los_angeles,winter,reserve_commitment_update,easy,4.0,350.0,,100.0,0.3,102.69736842105263,,318.6872067035957,323.92019632135884
E2,v2e2_9ebeb5d5296b589b4c28,scn_2026-07-14-v1-3-agent-episode_los-angeles_winter_20240105_forecast-revision_medium_r1_d1280e2b89,False,False,['forecast_plan_changes_if_applicable'],los_angeles,winter,forecast_revision,medium,14.0,175.0,,75.0,0.0,71.25,,577.0766497394477,7702.076649739449
E2,v2e2_bc9029496bb591d3379a,scn_2026-07-14-v1-3-agent-episode_los-angeles_winter_20240106_battery-capacity-derating_medium_r1_d128c4e812,False,False,['binding_slack_fraction_le_005'],los_angeles,winter,battery_capacity_derating,medium,4.0,300.0,,50.0,0.1875,52.631578947368425,,379.58250912942924,383.19987755048186
E2,v2e2_36263efc7a95a70552b0,scn_2026-07-14-v1-3-agent-episode_los-angeles_winter_20240106_export-limit-update_medium_r1_740ad7f8b6,False,False,['binding_slack_fraction_le_005'],los_angeles,winter,export_limit_update,medium,4.0,300.0,,50.0,0.35,52.631578947368425,,379.58250912942924,383.19987755048186
E2,v2e2_eeaa2f40bad66efc8c57,scn_2026-07-14-v1-3-agent-episode_los-angeles_winter_20240107_power-limit-derating_easy_r0_e8e0f385d8,True,True,[],los_angeles,winter,power_limit_derating,easy,5.0,150.0,,100.0,0.0,105.26315789473685,,316.7880864767654,310.2343243715022
E2,v2e2_2c233cc66611d7b1baa0,scn_2026-07-14-v1-3-agent-episode_los-angeles_winter_20240112_battery-capacity-derating_hard_r0_b5a3d0b291,False,False,['solver:RuntimeError'],los_angeles,winter,battery_capacity_derating,hard,,,,,,,,,
E2,v2e2_38fce9a591c3c421cd40,scn_2026-07-14-v1-3-agent-episode_los-angeles_winter_20240112_forecast-revision_hard_r0_18b3e58985,False,False,['forecast_plan_changes_if_applicable'],los_angeles,winter,forecast_revision,hard,6.0,150.0,,100.0,0.0,95.0,,982.1913460351273,10482.19134603513
E2,v2e2_57ed2833756fcc2a81f4,scn_2026-07-14-v1-3-agent-episode_los-angeles_winter_20240117_export-limit-update_easy_r0_68eb20e51f,True,True,[],los_angeles,winter,export_limit_update,easy,7.0,150.0,,100.0,0.0,121.31578947368418,,1079.3809339989918,10579.380933998995
E2,v2e2_1417c48d5f53558e0357,scn_2026-07-14-v1-3-agent-episode_los-angeles_winter_20240204_export-limit-update_hard_r0_24ea14f80b,True,False,[],los_angeles,winter,export_limit_update,hard,9.0,175.0,,75.0,0.0,111.84210526315789,,317.85302266658795,314.0347837192196
E2,v2e2_e381820327f77e188697,scn_2026-07-14-v1-3-agent-episode_los-angeles_winter_20240205_reserve-commitment-update_medium_r0_55a4ebaab4,False,False,['binding_slack_fraction_le_005'],los_angeles,winter,reserve_commitment_update,medium,14.0,300.0,,50.0,0.28,52.631578947368425,,489.7938744353744,492.544835488006
E2,v2e2_8e3f15d2f0efb5c51e8d,scn_2026-07-14-v1-3-agent-episode_los-angeles_winter_20240206_reserve-commitment-update_hard_r1_e018124c6f,False,False,['solver:ValueError'],los_angeles,winter,reserve_commitment_update,hard,,,,,,,,,
E2,v2e2_778dc9157a20ed9cf039,scn_2026-07-14-v1-3-agent-episode_los-angeles_winter_20240207_power-limit-derating_medium_r1_b985cf2156,True,False,[],los_angeles,winter,power_limit_derating,medium,9.0,175.0,,75.0,0.0,78.94736842105263,,415.20887962689335,411.5381246268934
E2,v2e2_729fd4e9cb1879f64d23,scn_2026-07-14-v1-3-agent-episode_los-angeles_winter_20240209_forecast-revision_hard_r1_f63eb99574,True,True,[],los_angeles,winter,forecast_revision,hard,14.0,200.0,,50.0,0.0,47.500000000000014,,505.38216007128835,5255.382160071289
E2,v2e2_e5dd14ed9041454c9c0c,scn_2026-07-14-v1-3-agent-episode_los-angeles_winter_20240210_reserve-commitment-update_easy_r1_2e56210840,True,False,[],los_angeles,winter,reserve_commitment_update,easy,10.0,175.0,,75.0,0.0,71.25000000000001,,227.52962074858536,7352.529620748586
E2,v2e2_12b72852882928644d40,scn_2026-07-14-v1-3-agent-episode_los-angeles_winter_20240211_forecast-revision_easy_r1_4dc904b34c,True,True,[],los_angeles,winter,forecast_revision,easy,10.0,300.0,,50.0,0.0,47.5,,237.39791990877117,239.8059765837697
E2,v2e2_67385fb346d6667217f1,scn_2026-07-14-v1-3-agent-episode_los-angeles_winter_20240213_battery-capacity-derating_easy_r1_c9ecdd5c34,True,False,[],los_angeles,winter,battery_capacity_derating,easy,11.0,300.0,,50.0,0.0,47.5,,366.0815779802897,368.72907598028905
E2,v2e2_edaf51f2c657c48a2ab4,scn_2026-07-14-v1-3-agent-episode_los-angeles_winter_20240214_reserve-commitment-update_medium_r1_178802adcf,False,False,['binding_slack_fraction_le_005'],los_angeles,winter,reserve_commitment_update,medium,11.0,350.0,,100.0,0.33,102.69736842105266,,364.0316750256223,369.05423986180654
E2,v2e2_81e5caae311f788a6784,scn_2026-07-14-v1-3-agent-episode_los-angeles_winter_20240215_battery-capacity-derating_easy_r0_9eff9f1b3a,True,False,[],los_angeles,winter,battery_capacity_derating,easy,11.0,175.0,,75.0,0.0,71.25,,233.39626290718698,7358.396262907188
E2,v2e2_788ef51fd773371a6325,scn_2026-07-14-v1-3-agent-episode_los-angeles_winter_20240216_battery-capacity-derating_hard_r1_4cc0ede4e6,False,False,['solver:RuntimeError'],los_angeles,winter,battery_capacity_derating,hard,,,,,,,,,
E2,v2e2_314f7f72447a4ba8075a,scn_2026-07-14-v1-3-agent-episode_los-angeles_winter_20240216_export-limit-update_easy_r1_0fc0c01683,True,False,[],los_angeles,winter,export_limit_update,easy,13.0,175.0,,75.0,0.0,78.94736842105263,,364.6911860035315,360.9418807403737
E2,v2e2_cabfc562fff477e2473a,scn_2026-07-14-v1-3-agent-episode_los-angeles_winter_20240216_forecast-revision_medium_r0_2d8bd28c7c,False,False,['forecast_plan_changes_if_applicable'],los_angeles,winter,forecast_revision,medium,12.0,175.0,,75.0,0.0,78.94736842105263,,406.62262286972765,402.8733176065698
E2,v2e2_0742a8a8b4fbc3b7bf07,scn_2026-07-14-v1-3-agent-episode_los-angeles_winter_20240217_reserve-commitment-update_hard_r0_3924e9e60b,False,False,['binding_slack_fraction_le_005'],los_angeles,winter,reserve_commitment_update,hard,12.0,300.0,,50.0,0.127,52.631578947368425,,269.5841485348434,271.869736955901
E2,v2e2_4aed64b459aaa72ba91d,scn_2026-07-14-v1-3-agent-episode_los-angeles_winter_20240221_forecast-revision_easy_r0_85d902babc,False,False,['forecast_plan_changes_if_applicable'],los_angeles,winter,forecast_revision,easy,13.0,175.0,,75.0,0.0,113.74999999999997,,356.954941214883,7481.954941214884
E2,v2e2_b7e962716394d888d563,scn_2026-07-14-v1-3-agent-episode_sacramento_autumn_20241010_forecast-revision_easy_r1_33755d965c,True,True,[],sacramento,autumn,forecast_revision,easy,5.0,150.0,,100.0,0.0,137.49999999999997,,501.8946047446631,10001.894604744664
E2,v2e2_eabe3c90461f173e872b,scn_2026-07-14-v1-3-agent-episode_sacramento_autumn_20241011_battery-capacity-derating_easy_r0_fadd946087,True,True,[],sacramento,autumn,battery_capacity_derating,easy,6.0,150.0,,100.0,0.0,121.31578947368425,,298.30490338598395,9798.304903385986
E2,v2e2_a538ed791f2ffeb9a1ce,scn_2026-07-14-v1-3-agent-episode_sacramento_autumn_20241011_power-limit-derating_hard_r0_2efe476d61,True,False,[],sacramento,autumn,power_limit_derating,hard,6.0,200.0,,50.0,0.0,47.50000000000001,,295.526128460999,5045.526128461
E2,v2e2_93062c32a2e69bae3be0,scn_2026-07-14-v1-3-agent-episode_sacramento_autumn_20241013_export-limit-update_easy_r0_f10da2862a,True,False,[],sacramento,autumn,export_limit_update,easy,6.0,175.0,,75.0,0.0,72.53289473684211,,234.69783941264973,6171.638763491597
E2,v2e2_babe8da2420b974ae448,scn_2026-07-14-v1-3-agent-episode_sacramento_autumn_20241014_battery-capacity-derating_medium_r1_17424b65e1,True,True,[],sacramento,autumn,battery_capacity_derating,medium,6.0,200.0,,50.0,0.0,73.81578947368412,,227.81227732652192,4977.812277326523
E2,v2e2_15efb401ece32bf6b265,scn_2026-07-14-v1-3-agent-episode_sacramento_autumn_20241014_power-limit-derating_medium_r1_51dc91195c,True,False,[],sacramento,autumn,power_limit_derating,medium,15.0,175.0,,75.0,0.0,72.54639889196677,,192.3541386856836,1614.8736335967667
E2,v2e2_b2b543d54e697aee05e5,scn_2026-07-14-v1-3-agent-episode_sacramento_autumn_20241017_export-limit-update_easy_r1_c24d042a7b,True,False,[],sacramento,autumn,export_limit_update,easy,7.0,175.0,,75.0,0.0,71.25,,373.9995585801183,7498.99955858012
E2,v2e2_96adcdfe10ac9c18364d,scn_2026-07-14-v1-3-agent-episode_sacramento_autumn_20241017_export-limit-update_hard_r1_55850a2673,True,False,[],sacramento,autumn,export_limit_update,hard,7.0,150.0,,100.0,0.0,95.0,,375.1275712426183,9875.12757124262
E2,v2e2_e6bc459cd1454b41fa45,scn_2026-07-14-v1-3-agent-episode_sacramento_autumn_20241018_battery-capacity-derating_medium_r0_a4a7d756eb,True,False,[],sacramento,autumn,battery_capacity_derating,medium,15.0,175.0,,75.0,0.0,71.25,,195.42341617223235,7320.423416172233
E2,v2e2_a77ca755b3299fa035af,scn_2026-07-14-v1-3-agent-episode_sacramento_autumn_20241019_reserve-commitment-update_hard_r0_1f3c24d6f9,True,False,[],sacramento,autumn,reserve_commitment_update,hard,8.0,300.0,,50.0,0.0,134.46578947368437,,304.8704353286565,306.75949037865587
E2,v2e2_f47462bdc97fc8af14a1,scn_2026-07-14-v1-3-agent-episode_sacramento_autumn_20241020_export-limit-update_hard_r0_f34299c7f5,True,False,[],sacramento,autumn,export_limit_update,hard,8.0,175.0,,75.0,0.0,113.74999999999997,,207.22992138770104,7332.229921387701
E2,v2e2_61aca85d1ef0f2a64e7d,scn_2026-07-14-v1-3-agent-episode_sacramento_autumn_20241021_forecast-revision_easy_r0_c7bbc00f47,False,False,['forecast_plan_changes_if_applicable'],sacramento,autumn,forecast_revision,easy,15.0,350.0,,100.0,0.0,95.0,,190.78319813264397,194.60840600764328
E2,v2e2_1ca9b00695123a557953,scn_2026-07-14-v1-3-agent-episode_sacramento_autumn_20241103_power-limit-derating_hard_r1_a30d3ccf9f,True,False,[],sacramento,autumn,power_limit_derating,hard,8.0,300.0,,50.0,0.0,47.50000000000001,,146.71664814370587,148.04985106870512
E2,v2e2_5c01d5cd5d49fe717ce4,scn_2026-07-14-v1-3-agent-episode_sacramento_autumn_20241105_export-limit-update_medium_r0_a663dadc33,True,False,[],sacramento,autumn,export_limit_update,medium,9.0,350.0,,100.0,0.0,95.00000000000001,,334.4597865318632,338.0415900443618
E2,v2e2_feb7741119ec9077aefb,scn_2026-07-14-v1-3-agent-episode_sacramento_autumn_20241106_forecast-revision_hard_r1_02486ad353,False,False,['forecast_plan_changes_if_applicable'],sacramento,autumn,forecast_revision,hard,9.0,200.0,,50.0,0.0,52.631578947368425,,396.3011329702398,394.48574086497666
E2,v2e2_f4fc5c67afb7413addc8,scn_2026-07-14-v1-3-agent-episode_sacramento_autumn_20241108_battery-capacity-derating_hard_r1_802ecb5c1a,False,False,['solver:RuntimeError'],sacramento,autumn,battery_capacity_derating,hard,,,,,,,,,
E2,v2e2_a1c67c0a4953b66bff37,scn_2026-07-14-v1-3-agent-episode_sacramento_autumn_20241111_power-limit-derating_medium_r0_841e5258bf,True,False,[],sacramento,autumn,power_limit_derating,medium,10.0,150.0,,100.0,0.0,105.26315789473684,,240.10217450259339,235.92040081838283
E2,v2e2_67de167ad6b8b68ebac6,scn_2026-07-14-v1-3-agent-episode_sacramento_autumn_20241112_power-limit-derating_easy_r1_dd114f9c01,True,False,[],sacramento,autumn,power_limit_derating,easy,11.0,175.0,,75.0,0.0,71.25000000000001,,294.07103007867846,4425.425632449431
E2,v2e2_03fba333e3904ad504e0,scn_2026-07-14-v1-3-agent-episode_sacramento_autumn_20241112_reserve-commitment-update_easy_r1_aa1a2c5f6c,True,False,[],sacramento,autumn,reserve_commitment_update,easy,11.0,175.0,,75.0,0.0,71.25000000000007,,294.07117149453506,7419.0711714945355
E2,v2e2_e6ab9befde177a7fd114,scn_2026-07-14-v1-3-agent-episode_sacramento_autumn_20241115_reserve-commitment-update_medium_r1_dc66b5940f,True,False,[],sacramento,autumn,reserve_commitment_update,medium,11.0,200.0,,50.0,0.0,72.36842105263165,,236.28486802850213,233.83319171270838
E2,v2e2_316cf0818947e1603395,scn_2026-07-14-v1-3-agent-episode_sacramento_autumn_20241116_forecast-revision_medium_r1_e574ed4724,False,False,['forecast_plan_changes_if_applicable'],sacramento,autumn,forecast_revision,medium,12.0,175.0,,75.0,0.0,78.94736842105263,,382.72518236818036,379.68411631554886
E2,v2e2_f9e789add4a3462cfcaa,scn_2026-07-14-v1-3-agent-episode_sacramento_autumn_20241118_forecast-revision_medium_r0_d926936005,False,False,['binding_slack_fraction_le_005'],sacramento,autumn,forecast_revision,medium,12.0,350.0,,100.0,0.3,102.69736842105263,,229.15990659069757,232.90423007096072
E2,v2e2_1a87e72bb52010b84331,scn_2026-07-14-v1-3-agent-episode_sacramento_autumn_20241118_reserve-commitment-update_hard_r1_1de793296d,False,False,['binding_slack_fraction_le_005'],sacramento,autumn,reserve_commitment_update,hard,15.0,300.0,,50.0,0.127,72.36842105263158,,164.39742558537418,166.28759032221626
E2,v2e2_2c09fc687131d0c2e118,scn_2026-07-14-v1-3-agent-episode_sacramento_autumn_20241119_reserve-commitment-update_easy_r0_0ef54b9315,True,False,[],sacramento,autumn,reserve_commitment_update,easy,15.0,175.0,,75.0,0.0,139.54293628808858,,453.59524107175355,449.43934107175994
E2,v2e2_8a02e23ee9364bd5d727,scn_2026-07-14-v1-3-agent-episode_sacramento_spring_20240305_forecast-revision_hard_r0_e64ecdba7e,False,False,['forecast_plan_changes_if_applicable'],sacramento,spring,forecast_revision,hard,4.0,200.0,,50.0,0.0,47.50000000000001,,396.3727837962165,5146.372783796218
E2,v2e2_1a991ca6b21c0ed79241,scn_2026-07-14-v1-3-agent-episode_sacramento_spring_20240307_forecast-revision_hard_r1_dc11d44479,True,True,[],sacramento,spring,forecast_revision,hard,14.0,300.0,,50.0,0.0,47.5,,355.0804327261186,357.23695267611714
E2,v2e2_6b2b93e994f38d56a26a,scn_2026-07-14-v1-3-agent-episode_sacramento_spring_20240310_forecast-revision_medium_r0_1cbd166615,False,False,['forecast_plan_changes_if_applicable'],sacramento,spring,forecast_revision,medium,5.0,200.0,,50.0,0.0,47.50000000000001,,193.7918800895322,4943.791880089533
E2,v2e2_a26fd019af93d45104b8,scn_2026-07-14-v1-3-agent-episode_sacramento_spring_20240315_export-limit-update_medium_r1_3f59096c3a,True,True,[],sacramento,spring,export_limit_update,medium,13.0,300.0,,50.0,0.0,52.631578947368446,,154.62216967868207,156.65557231026952
E2,v2e2_ac2a6bbea5f71d8219ff,scn_2026-07-14-v1-3-agent-episode_sacramento_spring_20240315_forecast-revision_medium_r1_5f1e76a0dd,True,True,[],sacramento,spring,forecast_revision,medium,7.0,175.0,,75.0,0.0,78.9473684210526,,184.01945832320996,7309.078873238337
E2,v2e2_aa86ae40329fa58392a5,scn_2026-07-14-v1-3-agent-episode_sacramento_spring_20240319_battery-capacity-derating_medium_r0_60053cac2e,True,True,[],sacramento,spring,battery_capacity_derating,medium,13.0,350.0,,100.0,0.0,95.00000000000001,,240.0812830101772,2875.557961587807
E2,v2e2_177393d34397595edbf4,scn_2026-07-14-v1-3-agent-episode_sacramento_spring_20240319_reserve-commitment-update_hard_r0_8fff89645f,True,False,[],sacramento,spring,reserve_commitment_update,hard,8.0,350.0,,100.0,0.0,95.0,,265.6746860719426,271.0194231219418
E2,v2e2_10c0f339cdf796262104,scn_2026-07-14-v1-3-agent-episode_sacramento_spring_20240404_power-limit-derating_easy_r0_a90953a35a,True,False,[],sacramento,spring,power_limit_derating,easy,9.0,200.0,,50.0,0.0,62.36842105263158,,460.79799135400623,458.3911824066378
E2,v2e2_d2a7a357c3cb7ac7f312,scn_2026-07-14-v1-3-agent-episode_sacramento_spring_20240405_forecast-revision_easy_r0_90f089dad4,False,False,['forecast_plan_changes_if_applicable'],sacramento,spring,forecast_revision,easy,9.0,350.0,,100.0,0.0,95.00000000000001,,252.47771928808112,256.6240587630804
E2,v2e2_f47302edce468f6d09cb,scn_2026-07-14-v1-3-agent-episode_sacramento_spring_20240407_battery-capacity-derating_easy_r0_69bdc8cc2b,True,False,[],sacramento,spring,battery_capacity_derating,easy,14.0,175.0,,75.0,0.0,71.25,,180.14258300978628,7305.142583009788
E2,v2e2_8705945c521efafe7cf2,scn_2026-07-14-v1-3-agent-episode_sacramento_spring_20240407_power-limit-derating_medium_r1_74a862a231,True,False,[],sacramento,spring,power_limit_derating,medium,9.0,150.0,,100.0,0.0,188.81578947368416,,196.84895087865644,9696.848950878659
E2,v2e2_bd42a319a3c3531e37c9,scn_2026-07-14-v1-3-agent-episode_sacramento_spring_20240409_export-limit-update_medium_r0_1d914f9bd2,True,False,[],sacramento,spring,export_limit_update,medium,10.0,300.0,,50.0,0.0,47.5,,255.65641719884266,257.78240794884124
E2,v2e2_c71aeecdd46a6d7044b0,scn_2026-07-14-v1-3-agent-episode_sacramento_spring_20240409_forecast-revision_easy_r1_0cae1c185a,False,False,['forecast_plan_changes_if_applicable'],sacramento,spring,forecast_revision,easy,10.0,200.0,,50.0,0.0,47.50000000000001,,261.733921999984,5011.733921999985
E2,v2e2_e4824685c1fd43c42f9f,scn_2026-07-14-v1-3-agent-episode_sacramento_spring_20240413_export-limit-update_easy_r1_6dcba94bff,True,False,[],sacramento,spring,export_limit_update,easy,11.0,175.0,,75.0,0.0,71.25,,354.4698628946059,6291.515868700858
E2,v2e2_b684e40f5f647e1ce8eb,scn_2026-07-14-v1-3-agent-episode_sacramento_spring_20240414_battery-capacity-derating_hard_r0_03319b0d0e,False,False,['solver:RuntimeError'],sacramento,spring,battery_capacity_derating,hard,,,,,,,,,
E2,v2e2_b6917238445013a701b7,scn_2026-07-14-v1-3-agent-episode_sacramento_spring_20240418_export-limit-update_easy_r0_3a78283872,True,False,[],sacramento,spring,export_limit_update,easy,12.0,175.0,,75.0,0.0,71.25,,231.71063716512288,7356.710637165124
E2,v2e2_e926d44aa3e69795e472,scn_2026-07-14-v1-3-agent-episode_sacramento_spring_20240418_reserve-commitment-update_medium_r0_edafb25903,True,False,[],sacramento,spring,reserve_commitment_update,medium,12.0,200.0,,50.0,0.0,47.50000000000001,,232.77962548196354,4982.779625481964
E2,v2e2_fac9930a29be533c81d5,scn_2026-07-14-v1-3-agent-episode_sacramento_spring_20240419_export-limit-update_hard_r0_4c11a01d28,True,False,[],sacramento,spring,export_limit_update,hard,12.0,350.0,,100.0,0.0,95.0,,136.6011444827582,139.83510703275675
E2,v2e2_ad2e2f754c0080c1a811,scn_2026-07-14-v1-3-agent-episode_sacramento_spring_20240420_export-limit-update_hard_r1_38c2580c90,True,False,[],sacramento,spring,export_limit_update,hard,13.0,200.0,,50.0,0.0,116.31578947368419,,177.89526889487792,4927.895268894879
E2,v2e2_628e4a3287c7e206ce40,scn_2026-07-14-v1-3-agent-episode_sacramento_spring_20240420_power-limit-derating_medium_r0_bcd17acc71,True,False,[],sacramento,spring,power_limit_derating,medium,15.0,200.0,,50.0,0.0,47.500000000000014,,171.76278657288748,4921.762786572888
E2,v2e2_14831bd059cf69f9f389,scn_2026-07-14-v1-3-agent-episode_sacramento_spring_20240421_power-limit-derating_hard_r1_479e7d931a,True,False,[],sacramento,spring,power_limit_derating,hard,13.0,200.0,,50.0,0.0,47.50000000000001,,94.13920882347797,4844.139208823479
E2,v2e2_d6ba00286f170447ebbf,scn_2026-07-14-v1-3-agent-episode_sacramento_summer_20240704_forecast-revision_hard_r0_82672a894b,True,True,[],sacramento,summer,forecast_revision,hard,4.0,175.0,,75.0,0.0,203.9473684210526,,392.253201415975,7517.971683052818
E2,v2e2_f07bb4e2b448093c29ec,scn_2026-07-14-v1-3-agent-episode_sacramento_summer_20240704_power-limit-derating_medium_r1_91315f8408,True,False,[],sacramento,summer,power_limit_derating,medium,4.0,175.0,,75.0,0.0,146.44736842105277,,386.41905766348236,7512.137539300324
E2,v2e2_50e2d18a7388b310d482,scn_2026-07-14-v1-3-agent-episode_sacramento_summer_20240707_export-limit-update_medium_r1_eb78bad434,True,False,[],sacramento,summer,export_limit_update,medium,15.0,175.0,,75.0,0.0,264.3177263947383,,198.45126202438263,7323.451262024383
E2,v2e2_bb36747d81064545e495,scn_2026-07-14-v1-3-agent-episode_sacramento_summer_20240716_export-limit-update_medium_r0_10502b6483,True,False,[],sacramento,summer,export_limit_update,medium,7.0,175.0,,75.0,0.0,97.56578947368422,,361.3187667480745,7486.318766748074
E2,v2e2_e87de31d325befcf7b51,scn_2026-07-14-v1-3-agent-episode_sacramento_summer_20240717_forecast-revision_hard_r1_1931b1e032,True,True,[],sacramento,summer,forecast_revision,hard,7.0,300.0,,50.0,0.0,146.3157894736842,,372.4223758082794,375.44518793327796
E2,v2e2_fc7fd688a3bb58789e3c,scn_2026-07-14-v1-3-agent-episode_sacramento_summer_20240718_export-limit-update_easy_r0_b4710896e2,True,False,[],sacramento,summer,export_limit_update,easy,15.0,350.0,,100.0,0.0,105.26315789473685,,319.9936851358574,324.12245882006795
E2,v2e2_d2e705ba8d7bd19fd051,scn_2026-07-14-v1-3-agent-episode_sacramento_summer_20240720_forecast-revision_easy_r1_5f01e3de43,False,False,['forecast_plan_changes_if_applicable'],sacramento,summer,forecast_revision,easy,8.0,350.0,,100.0,0.0,95.00000000000001,,396.20109567547576,406.87839025047435
E2,v2e2_2b0f05facb38c472bdaa,scn_2026-07-14-v1-3-agent-episode_sacramento_summer_20240721_power-limit-derating_easy_r1_da84ab247b,True,False,[],sacramento,summer,power_limit_derating,easy,15.0,350.0,,100.0,0.0,95.0,,214.90491028492576,219.88642053492006
E2,v2e2_d89d8f8f10f1081660af,scn_2026-07-14-v1-3-agent-episode_sacramento_summer_20240803_forecast-revision_medium_r0_850ccff259,True,False,[],sacramento,summer,forecast_revision,medium,8.0,175.0,,75.0,0.0,71.25,,542.0059342915583,7667.005934291559
E2,v2e2_57a5985a240d882f30e7,scn_2026-07-14-v1-3-agent-episode_sacramento_summer_20240804_power-limit-derating_hard_r0_912eef0b75,True,False,[],sacramento,summer,power_limit_derating,hard,9.0,175.0,,75.0,0.0,71.25000000000001,,303.5995565547973,7428.599556554799
E2,v2e2_65c2c71742465f2331fc,scn_2026-07-14-v1-3-agent-episode_sacramento_summer_20240805_power-limit-derating_easy_r0_5295d440aa,True,False,[],sacramento,summer,power_limit_derating,easy,9.0,150.0,,100.0,0.0,95.00000000000003,,296.7803132786165,9796.780313278618
E2,v2e2_fb727bc1e68b36c7c045,scn_2026-07-14-v1-3-agent-episode_sacramento_summer_20240806_forecast-revision_easy_r0_765d9525cc,True,False,[],sacramento,summer,forecast_revision,easy,9.0,150.0,,100.0,0.0,95.0,,461.92209440482833,9961.922094404828
E2,v2e2_c9ae195351d65a44d9dc,scn_2026-07-14-v1-3-agent-episode_sacramento_summer_20240806_power-limit-derating_medium_r0_8d8881b01d,True,False,[],sacramento,summer,power_limit_derating,medium,9.0,300.0,,50.0,0.0,47.500000000000014,,428.668287977914,5694.426186526594
E2,v2e2_e4039f1a6c766b54637c,scn_2026-07-14-v1-3-agent-episode_sacramento_summer_20240809_battery-capacity-derating_easy_r1_f7d0b1a76e,True,False,[],sacramento,summer,battery_capacity_derating,easy,10.0,300.0,,50.0,0.0,47.500000000000014,,226.07633456103596,228.53568696103451
E2,v2e2_6704c0fb74541a28dbc4,scn_2026-07-14-v1-3-agent-episode_sacramento_summer_20240811_export-limit-update_easy_r1_6c94af4548,True,False,[],sacramento,summer,export_limit_update,easy,10.0,200.0,,50.0,0.0,47.50000000000001,,201.67779843082928,4951.67779843083
E2,v2e2_3fb9d68e2376dc839c0c,scn_2026-07-14-v1-3-agent-episode_sacramento_summer_20240811_export-limit-update_hard_r0_c9b855634f,True,False,[],sacramento,summer,export_limit_update,hard,15.0,175.0,,75.0,0.0,71.25,,180.99141216832982,7305.991412168331
E2,v2e2_677a0535262bbde4515a,scn_2026-07-14-v1-3-agent-episode_sacramento_summer_20240816_battery-capacity-derating_easy_r0_f5015d173d,True,False,[],sacramento,summer,battery_capacity_derating,easy,12.0,175.0,,75.0,0.0,71.25,,197.71924926228692,7322.719249262289
E2,v2e2_e31ae7ef7183231c1793,scn_2026-07-14-v1-3-agent-episode_sacramento_summer_20240817_battery-capacity-derating_medium_r0_ea4216490a,True,False,[],sacramento,summer,battery_capacity_derating,medium,12.0,175.0,,75.0,0.0,113.74999999999997,,291.522227431871,7416.522227431872
E2,v2e2_1e879ad88a8e7e9057b0,scn_2026-07-14-v1-3-agent-episode_sacramento_summer_20240817_reserve-commitment-update_easy_r0_a0b25d9845,True,False,[],sacramento,summer,reserve_commitment_update,easy,12.0,150.0,,100.0,0.0,95.0,,293.0931365542921,9793.093136554293
E2,v2e2_5d75301e458a06d1b63d,scn_2026-07-14-v1-3-agent-episode_sacramento_summer_20240819_forecast-revision_medium_r1_98a481a56b,True,False,[],sacramento,summer,forecast_revision,medium,12.0,175.0,,75.0,0.0,71.25,,220.06498574377233,7345.064985743774
E2,v2e2_fb13c9ed8f13bbb70b3d,scn_2026-07-14-v1-3-agent-episode_sacramento_summer_20240819_power-limit-derating_hard_r1_c644edf02f,True,False,[],sacramento,summer,power_limit_derating,hard,12.0,200.0,,50.0,0.0,64.89958448753471,,189.70841630037876,3814.2809494582743
E2,v2e2_d0e0d72527be12c9ce53,scn_2026-07-14-v1-3-agent-episode_sacramento_summer_20240820_export-limit-update_hard_r1_b29d1de703,True,False,[],sacramento,summer,export_limit_update,hard,13.0,175.0,,75.0,0.0,71.25,,276.8797531375202,7401.879753137521
E2,v2e2_d00d3a4d54f973fa24ac,scn_2026-07-14-v1-3-agent-episode_sacramento_winter_20240105_forecast-revision_medium_r1_7a13870bde,True,True,[],sacramento,winter,forecast_revision,medium,4.0,175.0,,75.0,0.0,71.25,,579.9963797477876,7704.9963797477885
E2,v2e2_c1fc78d9b9ec1bb22bdc,scn_2026-07-14-v1-3-agent-episode_sacramento_winter_20240106_forecast-revision_easy_r0_0c8e56e143,False,False,['forecast_plan_changes_if_applicable'],sacramento,winter,forecast_revision,easy,4.0,175.0,,75.0,0.0,78.94736842105263,,439.3889286213301,433.9628759897512
E2,v2e2_70869b2394515fa74280,scn_2026-07-14-v1-3-agent-episode_sacramento_winter_20240107_export-limit-update_easy_r0_035811732a,False,False,['binding_slack_fraction_le_005'],sacramento,winter,export_limit_update,easy,14.0,300.0,,50.0,0.35,52.631578947368425,,277.2242717922389,280.50115284487043
E2,v2e2_3f51e81bbd8070a1b0d8,scn_2026-07-14-v1-3-agent-episode_sacramento_winter_20240108_forecast-revision_medium_r0_4d8d9c1f76,False,False,['forecast_plan_changes_if_applicable'],sacramento,winter,forecast_revision,medium,5.0,300.0,,50.0,0.0,78.94736842105263,,800.3023584545045,6063.464127270295
E2,v2e2_6044c2cf8efb739eb457,scn_2026-07-14-v1-3-agent-episode_sacramento_winter_20240108_reserve-commitment-update_easy_r1_d5d1211bf9,True,True,[],sacramento,winter,reserve_commitment_update,easy,5.0,350.0,,100.0,0.0,348.16315789473674,,705.0416963291833,11231.361359881803
E2,v2e2_01647af4ab413aad9430,scn_2026-07-14-v1-3-agent-episode_sacramento_winter_20240109_power-limit-derating_hard_r1_bb8a921d94,True,True,[],sacramento,winter,power_limit_derating,hard,5.0,175.0,,75.0,0.0,71.25000000000001,,704.5438457710959,7829.543845771096
E2,v2e2_15fdd1e48b1210152bfd,scn_2026-07-14-v1-3-agent-episode_sacramento_winter_20240111_reserve-commitment-update_medium_r1_baf8444f3a,True,False,[],sacramento,winter,reserve_commitment_update,medium,14.0,200.0,,50.0,0.0,78.9473684210513,,397.0500829348977,5147.08237122174
E2,v2e2_829478b92af8b92c3867,scn_2026-07-14-v1-3-agent-episode_sacramento_winter_20240114_power-limit-derating_easy_r0_027e58ed5e,True,False,[],sacramento,winter,power_limit_derating,easy,15.0,175.0,,75.0,0.0,71.25000000000001,,875.2874707862381,8000.287470786239
E2,v2e2_f009cc71b30d514b2861,scn_2026-07-14-v1-3-agent-episode_sacramento_winter_20240119_battery-capacity-derating_medium_r0_889a4a9924,True,False,[],sacramento,winter,battery_capacity_derating,medium,8.0,175.0,,75.0,0.0,138.15789473684228,,613.4389510524156,608.1460447366261
E2,v2e2_ba0298cf72ffa2e58839,scn_2026-07-14-v1-3-agent-episode_sacramento_winter_20240121_forecast-revision_hard_r0_49f4dd0547,False,False,['forecast_plan_changes_if_applicable'],sacramento,winter,forecast_revision,hard,15.0,200.0,,50.0,0.0,47.50000000000001,,310.83048666009324,3872.6714846038444
E2,v2e2_d1db4f1e3e27bab83c42,scn_2026-07-14-v1-3-agent-episode_sacramento_winter_20240203_battery-capacity-derating_hard_r0_a0b25cf498,False,False,['solver:RuntimeError'],sacramento,winter,battery_capacity_derating,hard,,,,,,,,,
E2,v2e2_f5e5722751dce93c61e7,scn_2026-07-14-v1-3-agent-episode_sacramento_winter_20240204_forecast-revision_hard_r1_c258db918c,False,False,['forecast_plan_changes_if_applicable'],sacramento,winter,forecast_revision,hard,9.0,200.0,,50.0,0.0,85.52631578947367,,327.1021461281462,324.5566534965673
E2,v2e2_9a2e4a1693888674413f,scn_2026-07-14-v1-3-agent-episode_sacramento_winter_20240207_power-limit-derating_medium_r1_02b76da864,False,False,['binding_slack_fraction_le_005'],sacramento,winter,power_limit_derating,medium,9.0,350.0,,100.0,0.3,102.69736842105263,,469.18715625292367,473.9462181904237
E2,v2e2_94d03aaff6290a002c3f,scn_2026-07-14-v1-3-agent-episode_sacramento_winter_20240207_reserve-commitment-update_medium_r0_e1f11006f0,False,False,['binding_slack_fraction_le_005'],sacramento,winter,reserve_commitment_update,medium,9.0,300.0,,50.0,0.28,52.63157894736845,,471.4990481904237,473.94621819042374
E2,v2e2_64c2f6b51f8ab18edc8c,scn_2026-07-14-v1-3-agent-episode_sacramento_winter_20240212_battery-capacity-derating_easy_r1_e6ecbc7061,True,False,[],sacramento,winter,battery_capacity_derating,easy,11.0,175.0,,75.0,0.0,97.56578947368426,,388.4971226034482,7513.4971226034495
E2,v2e2_665f9d6e87d218cbb604,scn_2026-07-14-v1-3-agent-episode_sacramento_winter_20240212_reserve-commitment-update_hard_r0_d6fdb108ff,False,False,['solver:ValueError'],sacramento,winter,reserve_commitment_update,hard,,,,,,,,,
E2,v2e2_54a54ef3be98bed59f43,scn_2026-07-14-v1-3-agent-episode_sacramento_winter_20240215_power-limit-derating_medium_r0_3fd40a0f38,True,False,[],sacramento,winter,power_limit_derating,medium,14.0,300.0,,50.0,0.0,147.5000000000001,,250.57600649919078,252.91227642417618
E2,v2e2_6025f191e69e84f8f0d8,scn_2026-07-14-v1-3-agent-episode_sacramento_winter_20240217_export-limit-update_hard_r1_b07b739b42,True,False,[],sacramento,winter,export_limit_update,hard,12.0,150.0,,100.0,0.0,138.1578947368421,,313.0872321376192,308.516055295514
E2,v2e2_1edd1140322c64af3592,scn_2026-07-14-v1-3-agent-episode_sacramento_winter_20240217_forecast-revision_easy_r1_0f31ac95a3,False,False,"['binding_slack_fraction_le_005', 'forecast_plan_changes_if_applicable']",sacramento,winter,forecast_revision,easy,12.0,350.0,,100.0,0.3,102.69736842105263,,290.50427848866894,294.97324504524784
E2,v2e2_f47b3b47f376b49dd34e,scn_2026-07-14-v1-3-agent-episode_sacramento_winter_20240218_export-limit-update_easy_r1_9bfb5abf4a,True,False,[],sacramento,winter,export_limit_update,easy,12.0,200.0,,50.0,0.0,52.631578947368425,,204.7808098419139,202.549934578756
E2,v2e2_6cbdea660df8f355bf9f,scn_2026-07-14-v1-3-agent-episode_sacramento_winter_20240218_power-limit-derating_hard_r0_480ade1c77,False,False,['binding_slack_fraction_le_005'],sacramento,winter,power_limit_derating,hard,12.0,300.0,,50.0,0.32088285229202035,52.63157894736842,,200.3190593155981,202.549934578756
E2,v2e2_3d4f2d95c6e81109c460,scn_2026-07-14-v1-3-agent-episode_sacramento_winter_20240221_battery-capacity-derating_easy_r0_6c53bc37a9,True,False,[],sacramento,winter,battery_capacity_derating,easy,13.0,300.0,,50.0,0.0,47.5,,295.64570864774737,297.89843621024596
E2,v2e2_fdad8644a974508f1de1,scn_2026-07-14-v1-3-agent-episode_sacramento_winter_20240221_power-limit-derating_easy_r1_f7829c3fc8,True,False,[],sacramento,winter,power_limit_derating,easy,13.0,175.0,,75.0,0.0,71.25000000000001,,301.305370122746,7426.305370122748
E2,v2e2_31906e8fff0262a0bd53,scn_2026-07-14-v1-3-agent-episode_san-diego_autumn_20241004_power-limit-derating_medium_r0_8e38d4dacd,True,True,[],san_diego,autumn,power_limit_derating,medium,4.0,175.0,,75.0,0.0,71.25000000000001,,349.8029217884868,7474.802921788488
E2,v2e2_c9b994f593c92dd9efa9,scn_2026-07-14-v1-3-agent-episode_san-diego_autumn_20241007_power-limit-derating_hard_r0_1972073480,True,True,[],san_diego,autumn,power_limit_derating,hard,5.0,200.0,,50.0,0.0,47.50000000000001,,336.89982175308177,5086.8998217530825
E2,v2e2_ade91af586194aa1b583,scn_2026-07-14-v1-3-agent-episode_san-diego_autumn_20241010_battery-capacity-derating_medium_r1_d96d6271a3,True,True,[],san_diego,autumn,battery_capacity_derating,medium,5.0,300.0,,50.0,0.0,47.50000000000004,,453.3500556192881,457.93472785678676
E2,v2e2_d2a42e359dd264f920da,scn_2026-07-14-v1-3-agent-episode_san-diego_autumn_20241010_power-limit-derating_medium_r1_e3f8542226,True,True,[],san_diego,autumn,power_limit_derating,medium,5.0,175.0,,75.0,0.0,97.56578947368423,,466.1880520567888,7591.188052056791
E2,v2e2_c049d4bc657bdc82a484,scn_2026-07-14-v1-3-agent-episode_san-diego_autumn_20241010_reserve-commitment-update_hard_r0_fba09314d8,True,True,[],san_diego,autumn,reserve_commitment_update,hard,5.0,300.0,,50.0,0.0,47.5,,461.19963689973474,466.69609369973404
E2,v2e2_16b5f26ad506f7afac02,scn_2026-07-14-v1-3-agent-episode_san-diego_autumn_20241011_export-limit-update_medium_r0_ff3e1eba15,True,True,[],san_diego,autumn,export_limit_update,medium,15.0,175.0,,75.0,0.0,78.9473684210527,,234.35528233620184,7359.851911809889
E2,v2e2_7778cc641046e1b0a2cd,scn_2026-07-14-v1-3-agent-episode_san-diego_autumn_20241012_forecast-revision_hard_r0_7d09351b1d,True,True,[],san_diego,autumn,forecast_revision,hard,14.0,175.0,,75.0,0.0,71.25,,424.6264586995429,7549.626458699544
E2,v2e2_47a354a03084871e0ca3,scn_2026-07-14-v1-3-agent-episode_san-diego_autumn_20241014_export-limit-update_medium_r1_9b7e4ed77e,True,True,[],san_diego,autumn,export_limit_update,medium,6.0,200.0,,50.0,0.0,47.50000000000001,,237.78051267359382,4987.780512673595
E2,v2e2_e9230cb9c5afdd6582ec,scn_2026-07-14-v1-3-agent-episode_san-diego_autumn_20241016_power-limit-derating_hard_r1_42276e3d54,True,True,[],san_diego,autumn,power_limit_derating,hard,7.0,150.0,,100.0,0.0,95.00000000000003,,488.6290575023802,9988.629057502381
E2,v2e2_689fd81bd1f3eec1e27d,scn_2026-07-14-v1-3-agent-episode_san-diego_autumn_20241017_reserve-commitment-update_easy_r1_ab96a0840a,True,True,[],san_diego,autumn,reserve_commitment_update,easy,14.0,175.0,,75.0,0.0,71.25000000000001,,369.05699082043054,7494.056990820431
E2,v2e2_f60d5d4b26a4ec302fa4,scn_2026-07-14-v1-3-agent-episode_san-diego_autumn_20241018_battery-capacity-derating_easy_r1_0885189e81,True,True,[],san_diego,autumn,battery_capacity_derating,easy,7.0,175.0,,75.0,0.0,71.25,,227.65122386071272,7352.651223860713
E2,v2e2_c577765fa5c45c1fea7a,scn_2026-07-14-v1-3-agent-episode_san-diego_autumn_20241019_battery-capacity-derating_medium_r0_dc39115ec8,True,True,[],san_diego,autumn,battery_capacity_derating,medium,8.0,200.0,,50.0,0.0,73.81578947368422,,305.4439139664511,5055.443913966452
E2,v2e2_a482864482617859ccc7,scn_2026-07-14-v1-3-agent-episode_san-diego_autumn_20241019_forecast-revision_easy_r0_c576f61b80,False,False,['forecast_plan_changes_if_applicable'],san_diego,autumn,forecast_revision,easy,8.0,175.0,,75.0,0.0,71.25,,325.1039061358586,7450.10390613586
E2,v2e2_2e8fc39f0cb04ad9f520,scn_2026-07-14-v1-3-agent-episode_san-diego_autumn_20241019_forecast-revision_hard_r1_f25c1afa40,False,False,['forecast_plan_changes_if_applicable'],san_diego,autumn,forecast_revision,hard,15.0,175.0,,75.0,0.0,71.25,,347.41554879155643,7472.415548791557
E2,v2e2_7434a80ebf4a90668586,scn_2026-07-14-v1-3-agent-episode_san-diego_autumn_20241110_export-limit-update_easy_r1_38b030542f,True,False,[],san_diego,autumn,export_limit_update,easy,10.0,175.0,,75.0,0.0,97.56578947368422,,183.82956359871653,7308.829563598718
E2,v2e2_49b4d7fd37ac48cb71f9,scn_2026-07-14-v1-3-agent-episode_san-diego_autumn_20241110_power-limit-derating_easy_r1_752cb6e332,True,False,[],san_diego,autumn,power_limit_derating,easy,14.0,200.0,,50.0,0.0,47.5,,168.717665238812,4918.7176652388125
