experiment,row_id,interface,model_condition,parsed,action_energy_kwh,branch,nontrivial_1kwh,nontrivial_5kwh,nontrivial_10kwh
E1,e1_00e4c2fe949e044e9c3f,I0,qwen_flash,False,0.0,,False,False,False
E1,e1_0352f601a779c587d768,I0,qwen_flash,False,0.0,,False,False,False
E1,e1_0445b175889463efde51,I0,qwen_flash,False,0.0,,False,False,False
E1,e1_04c28e1c1c81439f85c1,I0,deepseek_formal,True,0.0,,False,False,False
E1,e1_067f54f742a836166dca,I3,deepseek_formal,False,0.0,,False,False,False
E1,e1_0892c13dea1a166ab37b,I3,deepseek_formal,True,1875.0,,True,True,True
E1,e1_08c3988dd1e34e24b82a,I0,deepseek_formal,True,0.0,,False,False,False
E1,e1_0a80e36ba9f05a5969b8,I0,qwen_flash,False,0.0,,False,False,False
E1,e1_0d28e4f5bf2086cc1fe4,I3,deepseek_formal,True,1500.0,,True,True,True
E1,e1_0d7fef43465c82ff7653,I3,deepseek_formal,True,1750.0,,True,True,True
E1,e1_0dd5ff4df87afb429155,I0,deepseek_formal,True,0.0,,False,False,False
E1,e1_0e2df86e6a2996e9626d,I0,qwen_flash,False,0.0,,False,False,False
E1,e1_0f64f56771bf381f3844,I3,deepseek_formal,True,1500.0,,True,True,True
E1,e1_1280c49324038c9be694,I0,qwen_flash,False,0.0,,False,False,False
E1,e1_1348abdf3e84ddc737f7,I3,qwen_flash,False,0.0,,False,False,False
E1,e1_1518a43191bdfbde7b54,I0,deepseek_formal,True,0.0,,False,False,False
E1,e1_157a2cdfbcf63cded1c8,I0,deepseek_formal,True,0.0,,False,False,False
E1,e1_15f6c1af0ea2b46226aa,I3,qwen_flash,False,0.0,,False,False,False
E1,e1_165f3496b32a5efbf2ef,I0,deepseek_formal,True,0.0,,False,False,False
E1,e1_1906a74c3e162ff9edf5,I3,deepseek_formal,True,1500.0,,True,True,True
E1,e1_197ba23a328210942b40,I3,deepseek_formal,True,2187.5,,True,True,True
E1,e1_1a5514722f1cfdaec7e1,I0,deepseek_formal,True,0.0,,False,False,False
E1,e1_1ac059a92c897cc030b4,I3,deepseek_formal,True,1500.0,,True,True,True
E1,e1_1c5f7b9a365fdf2a1fb7,I3,qwen_flash,False,0.0,,False,False,False
E1,e1_1e6404aac0b98dafb7f9,I0,qwen_flash,False,0.0,,False,False,False
E1,e1_1ed918ce972d06b91ae8,I0,qwen_flash,False,0.0,,False,False,False
E1,e1_1fc6f4ef4b4baf863c6e,I0,deepseek_formal,True,0.0,,False,False,False
E1,e1_1ffb5b56c3ca3669e617,I0,deepseek_formal,True,0.0,,False,False,False
E1,e1_201a1f06558691a4abec,I3,deepseek_formal,True,1500.0,,True,True,True
E1,e1_202ff43a1025e3615ea7,I3,deepseek_formal,True,1500.0,,True,True,True
E1,e1_22bda062b61790f0e3d9,I0,qwen_flash,False,0.0,,False,False,False
E1,e1_23bc136c83e835fb2320,I3,qwen_flash,False,0.0,,False,False,False
E1,e1_241b6aacb89164cfb97c,I0,qwen_flash,False,0.0,,False,False,False
E1,e1_27d2b0da2e7a5c6b481a,I0,deepseek_formal,True,0.0,,False,False,False
E1,e1_28244e25237b2295165c,I3,deepseek_formal,True,1500.0,,True,True,True
E1,e1_2a151b712f538767d35b,I0,qwen_flash,False,0.0,,False,False,False
E1,e1_2bbf251c2a986ce37857,I0,deepseek_formal,True,0.0,,False,False,False
E1,e1_30980edcc54b5cf76203,I3,qwen_flash,True,5500.0,,True,True,True
E1,e1_30b1ed5c92d3e8eaaf0b,I0,qwen_flash,False,0.0,,False,False,False
E1,e1_314557f295f4cdcf5d04,I0,qwen_flash,False,0.0,,False,False,False
E1,e1_32b6a2f92403c0addf89,I0,qwen_flash,False,0.0,,False,False,False
E1,e1_32eaf946ed6a2f223de2,I3,deepseek_formal,True,1500.0,,True,True,True
E1,e1_32ef189f802664086734,I3,qwen_flash,False,0.0,,False,False,False
E1,e1_370f93bd8487e21cfe00,I3,deepseek_formal,True,1500.0,,True,True,True
E1,e1_39c39732e2576c0e5c3a,I0,qwen_flash,False,0.0,,False,False,False
E1,e1_3f1549c7d6b164c867af,I0,qwen_flash,False,0.0,,False,False,False
E1,e1_3f25c3280e751cfc5588,I0,qwen_flash,False,0.0,,False,False,False
E1,e1_3fc970161ad69aab8ad3,I0,deepseek_formal,True,0.0,,False,False,False
E1,e1_40232a002dd84f2780bd,I0,deepseek_formal,True,0.0,,False,False,False
E1,e1_411c381883a934a11379,I0,qwen_flash,False,0.0,,False,False,False
E1,e1_418b1ac3df7f8d5d48c1,I0,deepseek_formal,True,0.0,,False,False,False
E1,e1_427f83fcb1597ae62d8d,I3,qwen_flash,True,4890.0,,True,True,True
E1,e1_434740702da9b06ab7c6,I3,qwen_flash,True,5750.0,,True,True,True
E1,e1_45acc7cdc5ac4b4acef9,I3,qwen_flash,False,0.0,,False,False,False
E1,e1_4af1d70385eeed6a2e11,I3,qwen_flash,False,0.0,,False,False,False
E1,e1_4b07acd7d213f95d06e1,I3,qwen_flash,False,0.0,,False,False,False
E1,e1_4beb3e269b88a1f06bc4,I3,deepseek_formal,True,1500.0,,True,True,True
E1,e1_4d0302272bc329461259,I3,deepseek_formal,True,930.0,,True,True,True
E1,e1_4d2fef5e948edac51041,I3,deepseek_formal,True,1500.0,,True,True,True
E1,e1_4db3a887afa5eb3afd7e,I0,deepseek_formal,True,0.0,,False,False,False
E1,e1_4ded36464821d987ef43,I3,deepseek_formal,True,930.0,,True,True,True
E1,e1_4e69567bed9021ce8d7d,I3,deepseek_formal,True,1500.0,,True,True,True
E1,e1_4e85360d2499c3bace08,I3,qwen_flash,False,0.0,,False,False,False
E1,e1_4f006499e83a3b0ec6b7,I0,deepseek_formal,True,0.0,,False,False,False
E1,e1_4f5b1e25a9bcdc1b2d84,I3,deepseek_formal,True,2062.5,,True,True,True
E1,e1_4f710a0ce4e02f85a3dd,I0,deepseek_formal,True,0.0,,False,False,False
E1,e1_50bed43284b8659ccb5c,I0,qwen_flash,False,0.0,,False,False,False
E1,e1_51a184930f121fb6a920,I3,qwen_flash,False,0.0,,False,False,False
E1,e1_531e2ddd604abd2f3807,I3,deepseek_formal,True,1380.0,,True,True,True
E1,e1_534995bd922e7507326c,I3,qwen_flash,False,0.0,,False,False,False
E1,e1_540cd01121d37ffbd6ac,I0,qwen_flash,False,0.0,,False,False,False
E1,e1_5471017391dc7ad403ca,I0,deepseek_formal,False,0.0,,False,False,False
E1,e1_550e5feb90ed2756c6a2,I3,qwen_flash,True,5500.0,,True,True,True
E1,e1_5751c380f1e9a7868896,I0,deepseek_formal,True,0.0,,False,False,False
E1,e1_5b02e06fc9fea16f1326,I0,deepseek_formal,True,0.0,,False,False,False
E1,e1_5b5411f688c30be198d9,I3,qwen_flash,False,0.0,,False,False,False
E1,e1_5bd67ae9c39db06eb581,I3,deepseek_formal,True,1500.0,,True,True,True
E1,e1_5c60d474984be80e7314,I0,deepseek_formal,True,0.0,,False,False,False
E1,e1_5cc4a48f21d766e7635a,I3,qwen_flash,True,5500.0,,True,True,True
E1,e1_5cca60ca6502e5069f2d,I0,qwen_flash,False,0.0,,False,False,False
E1,e1_5ced58266f6edcf695b6,I0,deepseek_formal,True,0.0,,False,False,False
E1,e1_5d6716c25f8c54c45612,I0,deepseek_formal,True,0.0,,False,False,False
E1,e1_5fd389af73136812caa7,I0,qwen_flash,False,0.0,,False,False,False
E1,e1_62416e3b377b6c9aae45,I0,deepseek_formal,True,0.0,,False,False,False
E1,e1_636f7e8c311b6283bfd9,I3,qwen_flash,False,0.0,,False,False,False
E1,e1_643c40d59d4c1c16a43e,I0,deepseek_formal,True,0.0,,False,False,False
E1,e1_656b043fbaa001267c1d,I0,deepseek_formal,True,0.0,,False,False,False
E1,e1_66066ec8fee05e5c99db,I3,qwen_flash,False,0.0,,False,False,False
E1,e1_6701b403d2bdc9f1a29b,I3,deepseek_formal,True,1500.0,,True,True,True
E1,e1_67bc653a84f678399be9,I0,deepseek_formal,True,0.0,,False,False,False
E1,e1_694d346add397264e33c,I0,deepseek_formal,False,0.0,,False,False,False
E1,e1_6bf7b9a614660544df71,I3,qwen_flash,True,5750.0,,True,True,True
E1,e1_6d8d27db4cb2ee1817e9,I3,qwen_flash,False,0.0,,False,False,False
E1,e1_6dce9fa8ee0f7eb4a390,I0,qwen_flash,False,0.0,,False,False,False
E1,e1_6e84cafc5289a97414a0,I3,qwen_flash,True,5500.0,,True,True,True
E1,e1_6fdc2941646c67cb4d2e,I3,deepseek_formal,True,2187.5,,True,True,True
E1,e1_72d045154b4269e50804,I3,deepseek_formal,True,1242.5,,True,True,True
E1,e1_7571298897d4e7e6cafb,I0,qwen_flash,False,0.0,,False,False,False
E1,e1_7664dd1f56113e9573f2,I3,qwen_flash,False,0.0,,False,False,False
E1,e1_7823e9833d157433550a,I0,qwen_flash,False,0.0,,False,False,False
E1,e1_79cfb855305e734ffbe1,I0,deepseek_formal,True,0.0,,False,False,False
E1,e1_7a3a83ce663ba21f4090,I0,qwen_flash,False,0.0,,False,False,False
E1,e1_7a766e3452307da83277,I0,deepseek_formal,True,0.0,,False,False,False
E1,e1_7befae7bb8efc00cdc61,I0,deepseek_formal,True,0.0,,False,False,False
E1,e1_7c81312b0de24857c9c6,I3,qwen_flash,False,0.0,,False,False,False
E1,e1_7c876472adde6cd873a8,I3,deepseek_formal,True,0.0,,False,False,False
E1,e1_7d7c7840ed12d711fb42,I0,deepseek_formal,True,0.0,,False,False,False
E1,e1_7f401ea6fc4b5970485a,I3,qwen_flash,True,5625.0,,True,True,True
E1,e1_7fca2616cdc8fb68ef21,I3,deepseek_formal,True,2187.5,,True,True,True
E1,e1_800529787bda26273811,I3,deepseek_formal,True,1500.0,,True,True,True
E1,e1_805e6305ae526ea3bddc,I0,deepseek_formal,True,0.0,,False,False,False
E1,e1_80c8c59242099c8c1104,I0,qwen_flash,False,0.0,,False,False,False
E1,e1_81a071ea327707a7f455,I0,deepseek_formal,True,0.0,,False,False,False
E1,e1_8220369b1db2a4dcbbe0,I0,qwen_flash,False,0.0,,False,False,False
E1,e1_84a29861c9dbc378362d,I0,qwen_flash,False,0.0,,False,False,False
E1,e1_84ac33bc46942f4217d7,I3,qwen_flash,True,5650.0,,True,True,True
E1,e1_870f790edbf092c46885,I3,deepseek_formal,True,0.0,,False,False,False
E1,e1_89d857ba21a20c1ebc2d,I3,deepseek_formal,True,1500.0,,True,True,True
E1,e1_8a06353ab2253864e0dc,I3,qwen_flash,True,4490.0,,True,True,True
E1,e1_8a12d14dd74fefdb069f,I0,qwen_flash,False,0.0,,False,False,False
E1,e1_8a7b7fde4959ad1ec57a,I3,deepseek_formal,True,1750.0,,True,True,True
E1,e1_8ec839a535b464c990b3,I0,qwen_flash,False,0.0,,False,False,False
E1,e1_8ee8ec5ede11b40f4ae3,I3,deepseek_formal,True,1750.0,,True,True,True
E1,e1_8ef47ba1cefd3c4d1ce9,I3,deepseek_formal,True,1500.0,,True,True,True
E1,e1_8f6d8fc2e7253d31e9c1,I3,qwen_flash,False,0.0,,False,False,False
E1,e1_91ce92f3091657850b20,I3,deepseek_formal,True,1750.0,,True,True,True
E1,e1_91d00eb68082ee110e8e,I3,qwen_flash,False,0.0,,False,False,False
E1,e1_94b0bef51961fb225b22,I0,deepseek_formal,True,0.0,,False,False,False
E1,e1_9533001d8c7ad0b44b3d,I0,qwen_flash,False,0.0,,False,False,False
E1,e1_95dbc2081c1763061e02,I3,deepseek_formal,True,1500.0,,True,True,True
E1,e1_95ed8ede4e492b3072e3,I3,deepseek_formal,True,1500.0,,True,True,True
E1,e1_97107f08f184d489d6ff,I0,deepseek_formal,True,0.0,,False,False,False
E1,e1_9812734a75e447fc8c30,I3,qwen_flash,True,5150.0,,True,True,True
E1,e1_98fbbdc6483f90ba2940,I3,qwen_flash,False,0.0,,False,False,False
E1,e1_9976ce876e67c1c9daa3,I3,deepseek_formal,True,1750.0,,True,True,True
E1,e1_99a3dcb53684d51d6e64,I0,qwen_flash,False,0.0,,False,False,False
E1,e1_9ba17b029bf81bc2f10d,I0,deepseek_formal,True,0.0,,False,False,False
E1,e1_9c5bbbf6f6ee148d7bcf,I3,qwen_flash,False,0.0,,False,False,False
E1,e1_9cdfae74d051dab846f3,I0,qwen_flash,False,0.0,,False,False,False
E1,e1_9f129206f124cf8adda2,I3,qwen_flash,True,5625.0,,True,True,True
E1,e1_9f2d92395168fc4fa442,I0,deepseek_formal,True,0.0,,False,False,False
E1,e1_a080d6916cf23de37d22,I3,qwen_flash,False,0.0,,False,False,False
E1,e1_a0d1f9a8fba3ac56cb10,I3,qwen_flash,False,0.0,,False,False,False
E1,e1_a29bdfa3d111de5719a9,I3,qwen_flash,True,5500.0,,True,True,True
E1,e1_a4a5ebc05a17435aabdb,I3,qwen_flash,True,3495.0,,True,True,True
E1,e1_a56fdaf045d8c69f424b,I3,qwen_flash,False,0.0,,False,False,False
E1,e1_a74a7030f7db5767ec7d,I3,qwen_flash,False,0.0,,False,False,False
E1,e1_a7bd225807734506b2c2,I3,deepseek_formal,True,1500.0,,True,True,True
E1,e1_a8c559aeec42bcc0a3ed,I3,deepseek_formal,True,1500.0,,True,True,True
E1,e1_a90bd39883110a7935de,I3,qwen_flash,False,0.0,,False,False,False
E1,e1_a9567a6ec095cdc21670,I0,deepseek_formal,True,0.0,,False,False,False
E1,e1_a99e33a8cae5d8ce815e,I0,deepseek_formal,True,0.0,,False,False,False
E1,e1_a9ab58a57a049a5c0c03,I0,deepseek_formal,True,0.0,,False,False,False
E1,e1_aae2d868a36b3c644aec,I0,qwen_flash,False,0.0,,False,False,False
E1,e1_abfdbddd6070773a795c,I3,deepseek_formal,True,1500.0,,True,True,True
E1,e1_ad1c9b827d6459250569,I3,deepseek_formal,True,1875.0,,True,True,True
E1,e1_ad6eb45623099e495ec9,I3,deepseek_formal,True,1500.0,,True,True,True
E1,e1_af2d89670e6b23ea865c,I0,deepseek_formal,True,0.0,,False,False,False
E1,e1_af49f332d1b8bae44174,I3,qwen_flash,False,0.0,,False,False,False
E1,e1_b04ad217de556652caf9,I3,deepseek_formal,True,1380.0,,True,True,True
E1,e1_b0f100a75296aeb9e7d3,I0,deepseek_formal,True,0.0,,False,False,False
E1,e1_b219f5e935ba32b75759,I3,qwen_flash,False,0.0,,False,False,False
E1,e1_b236558302f83ffcc32c,I3,deepseek_formal,True,1380.0,,True,True,True
E1,e1_b271481debd712a83e67,I0,qwen_flash,False,0.0,,False,False,False
E1,e1_b2806f22c4ae9edd7d9f,I0,deepseek_formal,True,0.0,,False,False,False
E1,e1_b38c8739a28837643188,I0,deepseek_formal,True,0.0,,False,False,False
E1,e1_b4f27c143da7f66d170d,I0,qwen_flash,False,0.0,,False,False,False
E1,e1_b56f06ab07940f1ac5a5,I0,deepseek_formal,True,0.0,,False,False,False
E1,e1_b632e2bca237d1117d5f,I0,qwen_flash,False,0.0,,False,False,False
E1,e1_b731f8c83da7398a8a8b,I3,qwen_flash,True,3200.0,,True,True,True
E1,e1_b7379febbb1a4bc7fe8e,I0,qwen_flash,False,0.0,,False,False,False
E1,e1_b83dc876e08f6df524a0,I3,deepseek_formal,True,930.0,,True,True,True
E1,e1_b89c6cae4b50207eb4b3,I3,deepseek_formal,True,1500.0,,True,True,True
E1,e1_b8c3a3d81453c560dce1,I0,qwen_flash,False,0.0,,False,False,False
E1,e1_bae9f375df55c039861a,I0,qwen_flash,False,0.0,,False,False,False
E1,e1_bbc4b3dbeeca8950b1dd,I0,qwen_flash,False,0.0,,False,False,False
E1,e1_bf6b6f47e07c5808cf25,I0,qwen_flash,False,0.0,,False,False,False
E1,e1_bf9d2509eb8e62cad66e,I3,qwen_flash,False,0.0,,False,False,False
E1,e1_bfe900496d286bcd082b,I0,deepseek_formal,True,0.0,,False,False,False
E1,e1_c11a27fb8dd11fbb07d8,I3,deepseek_formal,True,930.0,,True,True,True
E1,e1_c1bfb589b09203d5becf,I0,qwen_flash,False,0.0,,False,False,False
E1,e1_c1de50690670cd3aa5ca,I3,qwen_flash,False,0.0,,False,False,False
E1,e1_c237b6cc51c796626f81,I0,qwen_flash,False,0.0,,False,False,False
E1,e1_c30f58be28eca162a4ec,I3,qwen_flash,True,5500.0,,True,True,True
E1,e1_c361a8d2a6e31a80c62e,I3,qwen_flash,True,3200.0,,True,True,True
E1,e1_c37aa8886874da437259,I0,deepseek_formal,True,0.0,,False,False,False
E1,e1_c4743c2b56d582026a66,I3,qwen_flash,False,0.0,,False,False,False
E1,e1_c4ec0f8fcfc4ace13f70,I0,deepseek_formal,True,0.0,,False,False,False
E1,e1_c5cbfee57aaa9983f72d,I3,deepseek_formal,True,1875.0,,True,True,True
E1,e1_c6b1a2de37519d56f494,I3,deepseek_formal,True,5750.0,,True,True,True
E1,e1_caebf05cacae1ef6e49e,I0,deepseek_formal,True,0.0,,False,False,False
E1,e1_cbe5f06a3e9d3cc5ece4,I0,deepseek_formal,True,0.0,,False,False,False
E1,e1_cc0ae18b4663b5365c95,I3,qwen_flash,False,0.0,,False,False,False
E1,e1_cc192974443d0586862c,I3,qwen_flash,False,0.0,,False,False,False
E1,e1_cdcfefef6d2312523729,I0,qwen_flash,False,0.0,,False,False,False
E1,e1_cdd478d29920610ed39a,I3,qwen_flash,False,0.0,,False,False,False
E1,e1_cdf14898ac9c8d899f36,I3,deepseek_formal,True,1500.0,,True,True,True
E1,e1_cfb4b574f78583850d59,I3,qwen_flash,True,5625.0,,True,True,True
E1,e1_d0e8905d220c85b936a1,I0,qwen_flash,False,0.0,,False,False,False
E1,e1_d1a6a8a3d32a1d64bca4,I3,qwen_flash,False,0.0,,False,False,False
E1,e1_d3b083d95b9a6d50ee16,I3,deepseek_formal,True,5500.0,,True,True,True
E1,e1_d424a18ff301d37ec2ad,I3,deepseek_formal,True,930.0,,True,True,True
E1,e1_d5401051c27aa5a6bdb6,I0,deepseek_formal,False,0.0,,False,False,False
E1,e1_d55c238b04a5f33707b9,I0,qwen_flash,False,0.0,,False,False,False
E1,e1_d5cfb30c50213dfc16a6,I3,qwen_flash,True,5750.0,,True,True,True
E1,e1_d6b948063a02e850c8f0,I3,qwen_flash,False,0.0,,False,False,False
E1,e1_d7110745adb4f2214812,I0,deepseek_formal,True,0.0,,False,False,False
E1,e1_d78601b03111857da400,I3,qwen_flash,False,0.0,,False,False,False
E1,e1_da2d45488815a873b410,I3,qwen_flash,False,0.0,,False,False,False
E1,e1_db5af2a8cca4b1fea845,I3,deepseek_formal,True,1500.0,,True,True,True
E1,e1_dc0e6e20f9e7b44c66a7,I0,qwen_flash,False,0.0,,False,False,False
E1,e1_dc8716c89e01a48d499c,I0,qwen_flash,False,0.0,,False,False,False
E1,e1_dd57c096affedd1e78bc,I0,qwen_flash,False,0.0,,False,False,False
E1,e1_dd653fa1090678efe8d3,I0,qwen_flash,False,0.0,,False,False,False
E1,e1_df5b0a18cbc071a7daaf,I0,qwen_flash,False,0.0,,False,False,False
E1,e1_e53b8c2a12b388617220,I0,qwen_flash,False,0.0,,False,False,False
E1,e1_e5761d91093e78c44683,I3,deepseek_formal,True,1500.0,,True,True,True
E1,e1_e67408dc4d46ad3aac94,I0,deepseek_formal,True,0.0,,False,False,False
E1,e1_e6d3b45f1dfd04e87089,I0,qwen_flash,False,0.0,,False,False,False
E1,e1_e6f7e5255511f2ed47a8,I0,deepseek_formal,True,0.0,,False,False,False
E1,e1_e6fbcfce30285cab448e,I3,qwen_flash,True,4890.0,,True,True,True
E1,e1_e815140e56c67a256724,I3,deepseek_formal,True,930.0,,True,True,True
E1,e1_eaee8e6eb09ab86be0cf,I0,deepseek_formal,False,0.0,,False,False,False
E1,e1_ec42ebb6e60185160a6e,I3,deepseek_formal,True,1500.0,,True,True,True
E1,e1_eccce1f7a2ae7d06c560,I3,deepseek_formal,True,930.0,,True,True,True
E1,e1_ed60e90a37118cab8cdc,I0,deepseek_formal,True,0.0,,False,False,False
E1,e1_efd6ca275d97f43de979,I0,deepseek_formal,True,0.0,,False,False,False
E1,e1_f2e880a1c2c44b0a1c01,I0,qwen_flash,False,0.0,,False,False,False
E1,e1_f37e8d289f6f6bad0e1f,I3,qwen_flash,False,0.0,,False,False,False
E1,e1_f4daea98b80ec77c8cb8,I0,qwen_flash,False,0.0,,False,False,False
E1,e1_f668581091df0ebf7c35,I0,deepseek_formal,True,0.0,,False,False,False
E1,e1_f7c126d4016997045494,I3,qwen_flash,True,5750.0,,True,True,True
E1,e1_f87865759cd0088a3a12,I3,deepseek_formal,True,0.0,,False,False,False
E1,e1_fb78b1d8235e588ccad9,I3,deepseek_formal,True,1500.0,,True,True,True
E1,e1_fc5e9140787b9e88e328,I0,qwen_flash,False,0.0,,False,False,False
E1,e1_fcf21b8aa4956f3491e6,I0,deepseek_formal,True,0.0,,False,False,False
E1,e1_fd2cd1d97668d4e13137,I0,qwen_flash,False,0.0,,False,False,False
E1,e1_fd2fca49085daae9bed4,I0,qwen_flash,False,0.0,,False,False,False
E1,e1_fd71476e374002ededc2,I3,deepseek_formal,True,930.0,,True,True,True
E1,e1_fdb1b84c28058f63a31f,I3,deepseek_formal,True,1500.0,,True,True,True
E2,e2_00ac6d7de3f6e339ecf2:C,I3,deepseek_formal,True,1500.0,C,True,True,True
E2,e2_00ac6d7de3f6e339ecf2:C2,I3,deepseek_formal,True,1500.0,C2,True,True,True
E2,e2_00ac6d7de3f6e339ecf2:K,I3,deepseek_formal,True,1500.0,K,True,True,True
E2,e2_00ac6d7de3f6e339ecf2:M,I3,deepseek_formal,False,0.0,M,False,False,False
E2,e2_00ac6d7de3f6e339ecf2:S,I3,deepseek_formal,True,1500.0,S,True,True,True
E2,e2_0158153ba271274f359a:C,I3,deepseek_formal,True,1500.0,C,True,True,True
E2,e2_0158153ba271274f359a:C2,I3,deepseek_formal,True,1500.0,C2,True,True,True
E2,e2_0158153ba271274f359a:K,I3,deepseek_formal,True,1500.0,K,True,True,True
E2,e2_0158153ba271274f359a:M,I3,deepseek_formal,True,0.0,M,False,False,False
E2,e2_0158153ba271274f359a:S,I3,deepseek_formal,True,1500.0,S,True,True,True
E2,e2_0250de70509797020ce2:C,I3,qwen_flash,False,0.0,C,False,False,False
E2,e2_0250de70509797020ce2:C2,I3,qwen_flash,False,0.0,C2,False,False,False
E2,e2_0250de70509797020ce2:K,I3,qwen_flash,False,0.0,K,False,False,False
E2,e2_0250de70509797020ce2:M,I3,qwen_flash,False,0.0,M,False,False,False
E2,e2_0250de70509797020ce2:S,I3,qwen_flash,False,0.0,S,False,False,False
E2,e2_038d6c750a9447182af5:C,I3,deepseek_formal,True,1500.0,C,True,True,True
E2,e2_038d6c750a9447182af5:C2,I3,deepseek_formal,True,1500.0,C2,True,True,True
E2,e2_038d6c750a9447182af5:K,I3,deepseek_formal,True,720.0,K,True,True,True
E2,e2_038d6c750a9447182af5:M,I3,deepseek_formal,True,0.0,M,False,False,False
E2,e2_038d6c750a9447182af5:S,I3,deepseek_formal,True,1500.0,S,True,True,True
E2,e2_04059296daf99d917dac:C,I3,deepseek_formal,True,1500.0,C,True,True,True
E2,e2_04059296daf99d917dac:C2,I3,deepseek_formal,True,1500.0,C2,True,True,True
E2,e2_04059296daf99d917dac:K,I3,deepseek_formal,True,0.0,K,False,False,False
E2,e2_04059296daf99d917dac:M,I3,deepseek_formal,True,0.0,M,False,False,False
E2,e2_04059296daf99d917dac:S,I3,deepseek_formal,True,1500.0,S,True,True,True
E2,e2_04dd59b18e8b51c01200:C,I3,deepseek_formal,True,1500.0,C,True,True,True
E2,e2_04dd59b18e8b51c01200:C2,I3,deepseek_formal,True,1500.0,C2,True,True,True
E2,e2_04dd59b18e8b51c01200:K,I3,deepseek_formal,True,1500.0,K,True,True,True
E2,e2_04dd59b18e8b51c01200:M,I3,deepseek_formal,False,0.0,M,False,False,False
E2,e2_04dd59b18e8b51c01200:S,I3,deepseek_formal,True,1500.0,S,True,True,True
E2,e2_0536a207b099668846d1:C,I3,deepseek_formal,True,1500.0,C,True,True,True
E2,e2_0536a207b099668846d1:C2,I3,deepseek_formal,True,1500.0,C2,True,True,True
E2,e2_0536a207b099668846d1:K,I3,deepseek_formal,True,1500.0,K,True,True,True
E2,e2_0536a207b099668846d1:M,I3,deepseek_formal,True,0.0,M,False,False,False
E2,e2_0536a207b099668846d1:S,I3,deepseek_formal,True,1500.0,S,True,True,True
E2,e2_05aa88e78419b9afb4f6:C,I3,deepseek_formal,True,1200.0,C,True,True,True
E2,e2_05aa88e78419b9afb4f6:C2,I3,deepseek_formal,True,1200.0,C2,True,True,True
E2,e2_05aa88e78419b9afb4f6:K,I3,deepseek_formal,True,0.0,K,False,False,False
E2,e2_05aa88e78419b9afb4f6:M,I3,deepseek_formal,True,0.0,M,False,False,False
E2,e2_05aa88e78419b9afb4f6:S,I3,deepseek_formal,True,1200.0,S,True,True,True
E2,e2_0703e10aefb5006f051d:C,I3,deepseek_formal,True,1500.0,C,True,True,True
E2,e2_0703e10aefb5006f051d:C2,I3,deepseek_formal,True,1500.0,C2,True,True,True
E2,e2_0703e10aefb5006f051d:K,I3,deepseek_formal,True,1500.0,K,True,True,True
E2,e2_0703e10aefb5006f051d:M,I3,deepseek_formal,True,0.0,M,False,False,False
E2,e2_0703e10aefb5006f051d:S,I3,deepseek_formal,True,1500.0,S,True,True,True
E2,e2_071b561a2b4de536a58b:C,I3,deepseek_formal,True,1500.0,C,True,True,True
E2,e2_071b561a2b4de536a58b:C2,I3,deepseek_formal,True,1500.0,C2,True,True,True
E2,e2_071b561a2b4de536a58b:K,I3,deepseek_formal,True,1500.0,K,True,True,True
E2,e2_071b561a2b4de536a58b:M,I3,deepseek_formal,True,5750.0,M,True,True,True
E2,e2_071b561a2b4de536a58b:S,I3,deepseek_formal,True,1500.0,S,True,True,True
E2,e2_0725aff6f0161bce084a:C,I3,qwen_flash,True,5250.0,C,True,True,True
E2,e2_0725aff6f0161bce084a:C2,I3,qwen_flash,True,5250.0,C2,True,True,True
E2,e2_0725aff6f0161bce084a:K,I3,qwen_flash,False,0.0,K,False,False,False
E2,e2_0725aff6f0161bce084a:M,I3,qwen_flash,False,0.0,M,False,False,False
E2,e2_0725aff6f0161bce084a:S,I3,qwen_flash,True,5250.0,S,True,True,True
E2,e2_07a028b6fd2bd516b912:C,I3,deepseek_formal,True,1380.0,C,True,True,True
E2,e2_07a028b6fd2bd516b912:C2,I3,deepseek_formal,True,1380.0,C2,True,True,True
E2,e2_07a028b6fd2bd516b912:K,I3,deepseek_formal,True,0.0,K,False,False,False
E2,e2_07a028b6fd2bd516b912:M,I3,deepseek_formal,True,0.0,M,False,False,False
E2,e2_07a028b6fd2bd516b912:S,I3,deepseek_formal,True,1380.0,S,True,True,True
E2,e2_082ffe1f397d993b926f:C,I3,deepseek_formal,True,1500.0,C,True,True,True
E2,e2_082ffe1f397d993b926f:C2,I3,deepseek_formal,True,1500.0,C2,True,True,True
E2,e2_082ffe1f397d993b926f:K,I3,deepseek_formal,True,1500.0,K,True,True,True
E2,e2_082ffe1f397d993b926f:M,I3,deepseek_formal,True,0.0,M,False,False,False
E2,e2_082ffe1f397d993b926f:S,I3,deepseek_formal,True,1500.0,S,True,True,True
E2,e2_083c5fd294fcf700a829:C,I3,deepseek_formal,True,1200.0,C,True,True,True
E2,e2_083c5fd294fcf700a829:C2,I3,deepseek_formal,True,1200.0,C2,True,True,True
E2,e2_083c5fd294fcf700a829:K,I3,deepseek_formal,True,0.0,K,False,False,False
E2,e2_083c5fd294fcf700a829:M,I3,deepseek_formal,True,0.0,M,False,False,False
E2,e2_083c5fd294fcf700a829:S,I3,deepseek_formal,True,1200.0,S,True,True,True
E2,e2_092e0dedea03dc20f670:C,I3,qwen_flash,False,0.0,C,False,False,False
E2,e2_092e0dedea03dc20f670:C2,I3,qwen_flash,False,0.0,C2,False,False,False
E2,e2_092e0dedea03dc20f670:K,I3,qwen_flash,False,0.0,K,False,False,False
E2,e2_092e0dedea03dc20f670:M,I3,qwen_flash,True,5562.5,M,True,True,True
E2,e2_092e0dedea03dc20f670:S,I3,qwen_flash,False,0.0,S,False,False,False
E2,e2_09bb7006b5c11fc3994f:C,I3,qwen_flash,True,5250.0,C,True,True,True
E2,e2_09bb7006b5c11fc3994f:C2,I3,qwen_flash,False,0.0,C2,False,False,False
E2,e2_09bb7006b5c11fc3994f:K,I3,qwen_flash,True,5187.5,K,True,True,True
E2,e2_09bb7006b5c11fc3994f:M,I3,qwen_flash,True,5625.0,M,True,True,True
E2,e2_09bb7006b5c11fc3994f:S,I3,qwen_flash,True,5039.8368405,S,True,True,True
E2,e2_0b3e373db4cc8fecfab9:C,I3,qwen_flash,False,0.0,C,False,False,False
E2,e2_0b3e373db4cc8fecfab9:C2,I3,qwen_flash,True,4072.895,C2,True,True,True
E2,e2_0b3e373db4cc8fecfab9:K,I3,qwen_flash,True,5250.0,K,True,True,True
E2,e2_0b3e373db4cc8fecfab9:M,I3,qwen_flash,True,1813.5,M,True,True,True
E2,e2_0b3e373db4cc8fecfab9:S,I3,qwen_flash,False,0.0,S,False,False,False
E2,e2_0bc21a9e9c77bff5579f:C,I3,deepseek_formal,True,1500.0,C,True,True,True
E2,e2_0bc21a9e9c77bff5579f:C2,I3,deepseek_formal,True,1500.0,C2,True,True,True
E2,e2_0bc21a9e9c77bff5579f:K,I3,deepseek_formal,True,1500.0,K,True,True,True
E2,e2_0bc21a9e9c77bff5579f:M,I3,deepseek_formal,True,0.0,M,False,False,False
E2,e2_0bc21a9e9c77bff5579f:S,I3,deepseek_formal,True,1500.0,S,True,True,True
E2,e2_0bd18f6e005c3f247a21:C,I3,qwen_flash,False,0.0,C,False,False,False
E2,e2_0bd18f6e005c3f247a21:C2,I3,qwen_flash,False,0.0,C2,False,False,False
E2,e2_0bd18f6e005c3f247a21:K,I3,qwen_flash,False,0.0,K,False,False,False
E2,e2_0bd18f6e005c3f247a21:M,I3,qwen_flash,False,0.0,M,False,False,False
E2,e2_0bd18f6e005c3f247a21:S,I3,qwen_flash,False,0.0,S,False,False,False
E2,e2_0bf3d65cbbbe9b8ddd9c:C,I3,qwen_flash,False,0.0,C,False,False,False
E2,e2_0bf3d65cbbbe9b8ddd9c:C2,I3,qwen_flash,False,0.0,C2,False,False,False
E2,e2_0bf3d65cbbbe9b8ddd9c:K,I3,qwen_flash,False,0.0,K,False,False,False
E2,e2_0bf3d65cbbbe9b8ddd9c:M,I3,qwen_flash,False,0.0,M,False,False,False
E2,e2_0bf3d65cbbbe9b8ddd9c:S,I3,qwen_flash,False,0.0,S,False,False,False
E2,e2_0c48f542db46e7a9e9ce:C,I3,deepseek_formal,True,1500.0,C,True,True,True
E2,e2_0c48f542db46e7a9e9ce:C2,I3,deepseek_formal,True,1500.0,C2,True,True,True
E2,e2_0c48f542db46e7a9e9ce:K,I3,deepseek_formal,True,0.0,K,False,False,False
E2,e2_0c48f542db46e7a9e9ce:M,I3,deepseek_formal,True,0.0,M,False,False,False
E2,e2_0c48f542db46e7a9e9ce:S,I3,deepseek_formal,True,1500.0,S,True,True,True
E2,e2_0c5a44ace6b2d88b06ca:C,I3,deepseek_formal,True,1500.0,C,True,True,True
E2,e2_0c5a44ace6b2d88b06ca:C2,I3,deepseek_formal,True,1500.0,C2,True,True,True
E2,e2_0c5a44ace6b2d88b06ca:K,I3,deepseek_formal,True,1500.0,K,True,True,True
E2,e2_0c5a44ace6b2d88b06ca:M,I3,deepseek_formal,True,0.0,M,False,False,False
E2,e2_0c5a44ace6b2d88b06ca:S,I3,deepseek_formal,True,1500.0,S,True,True,True
E2,e2_0daf839a38177b6f08da:C,I3,qwen_flash,False,0.0,C,False,False,False
E2,e2_0daf839a38177b6f08da:C2,I3,qwen_flash,False,0.0,C2,False,False,False
E2,e2_0daf839a38177b6f08da:K,I3,qwen_flash,False,0.0,K,False,False,False
E2,e2_0daf839a38177b6f08da:M,I3,qwen_flash,False,0.0,M,False,False,False
E2,e2_0daf839a38177b6f08da:S,I3,qwen_flash,False,0.0,S,False,False,False
E2,e2_0e150e448190e236a593:C,I3,deepseek_formal,True,930.0,C,True,True,True
E2,e2_0e150e448190e236a593:C2,I3,deepseek_formal,True,930.0,C2,True,True,True
E2,e2_0e150e448190e236a593:K,I3,deepseek_formal,True,930.0,K,True,True,True
E2,e2_0e150e448190e236a593:M,I3,deepseek_formal,False,0.0,M,False,False,False
E2,e2_0e150e448190e236a593:S,I3,deepseek_formal,True,930.0,S,True,True,True
E2,e2_0e732a302615be314125:C,I3,deepseek_formal,True,1500.0,C,True,True,True
E2,e2_0e732a302615be314125:C2,I3,deepseek_formal,True,1500.0,C2,True,True,True
E2,e2_0e732a302615be314125:K,I3,deepseek_formal,True,1500.0,K,True,True,True
E2,e2_0e732a302615be314125:M,I3,deepseek_formal,True,5687.5,M,True,True,True
E2,e2_0e732a302615be314125:S,I3,deepseek_formal,True,1500.0,S,True,True,True
E2,e2_0efe296a0b4ad8adb060:C,I3,deepseek_formal,True,1500.0,C,True,True,True
E2,e2_0efe296a0b4ad8adb060:C2,I3,deepseek_formal,True,1500.0,C2,True,True,True
E2,e2_0efe296a0b4ad8adb060:K,I3,deepseek_formal,True,1500.0,K,True,True,True
E2,e2_0efe296a0b4ad8adb060:M,I3,deepseek_formal,True,0.0,M,False,False,False
E2,e2_0efe296a0b4ad8adb060:S,I3,deepseek_formal,True,1500.0,S,True,True,True
E2,e2_0fa5b591f6fef6eed75d:C,I3,qwen_flash,True,4500.0,C,True,True,True
E2,e2_0fa5b591f6fef6eed75d:C2,I3,qwen_flash,True,5000.0,C2,True,True,True
E2,e2_0fa5b591f6fef6eed75d:K,I3,qwen_flash,True,4250.0,K,True,True,True
E2,e2_0fa5b591f6fef6eed75d:M,I3,qwen_flash,True,5500.0,M,True,True,True
E2,e2_0fa5b591f6fef6eed75d:S,I3,qwen_flash,True,5000.0,S,True,True,True
E2,e2_100e9c6f4c82bb3a0f76:C,I3,qwen_flash,True,5500.0,C,True,True,True
E2,e2_100e9c6f4c82bb3a0f76:C2,I3,qwen_flash,True,5477.7,C2,True,True,True
E2,e2_100e9c6f4c82bb3a0f76:K,I3,qwen_flash,True,5460.0,K,True,True,True
E2,e2_100e9c6f4c82bb3a0f76:M,I3,qwen_flash,False,0.0,M,False,False,False
E2,e2_100e9c6f4c82bb3a0f76:S,I3,qwen_flash,True,5500.0,S,True,True,True
E2,e2_10aae9c327c5dffd1295:C,I3,qwen_flash,False,0.0,C,False,False,False
E2,e2_10aae9c327c5dffd1295:C2,I3,qwen_flash,False,0.0,C2,False,False,False
E2,e2_10aae9c327c5dffd1295:K,I3,qwen_flash,True,687.5,K,True,True,True
E2,e2_10aae9c327c5dffd1295:M,I3,qwen_flash,False,0.0,M,False,False,False
E2,e2_10aae9c327c5dffd1295:S,I3,qwen_flash,False,0.0,S,False,False,False
E2,e2_10d87e118c72b385b548:C,I3,qwen_flash,True,4125.0,C,True,True,True
E2,e2_10d87e118c72b385b548:C2,I3,qwen_flash,False,0.0,C2,False,False,False
E2,e2_10d87e118c72b385b548:K,I3,qwen_flash,False,0.0,K,False,False,False
E2,e2_10d87e118c72b385b548:M,I3,qwen_flash,False,0.0,M,False,False,False
E2,e2_10d87e118c72b385b548:S,I3,qwen_flash,False,0.0,S,False,False,False
E2,e2_11161a705d93320eccc5:C,I3,deepseek_formal,True,1500.0,C,True,True,True
E2,e2_11161a705d93320eccc5:C2,I3,deepseek_formal,True,1500.0,C2,True,True,True
E2,e2_11161a705d93320eccc5:K,I3,deepseek_formal,True,1500.0,K,True,True,True
E2,e2_11161a705d93320eccc5:M,I3,deepseek_formal,True,0.0,M,False,False,False
E2,e2_11161a705d93320eccc5:S,I3,deepseek_formal,True,1500.0,S,True,True,True
E2,e2_116671a04d4b1e32a780:C,I3,deepseek_formal,True,5500.0,C,True,True,True
E2,e2_116671a04d4b1e32a780:C2,I3,deepseek_formal,True,5500.0,C2,True,True,True
E2,e2_116671a04d4b1e32a780:K,I3,deepseek_formal,True,1500.0,K,True,True,True
E2,e2_116671a04d4b1e32a780:M,I3,deepseek_formal,True,5750.0,M,True,True,True
E2,e2_116671a04d4b1e32a780:S,I3,deepseek_formal,True,1500.0,S,True,True,True
E2,e2_1185aedc7467c2e47d8c:C,I3,qwen_flash,True,5250.0,C,True,True,True
E2,e2_1185aedc7467c2e47d8c:C2,I3,qwen_flash,True,5250.0,C2,True,True,True
E2,e2_1185aedc7467c2e47d8c:K,I3,qwen_flash,False,0.0,K,False,False,False
E2,e2_1185aedc7467c2e47d8c:M,I3,qwen_flash,False,0.0,M,False,False,False
E2,e2_1185aedc7467c2e47d8c:S,I3,qwen_flash,True,5250.0,S,True,True,True
E2,e2_11d9bd674cbe571c84a5:C,I3,qwen_flash,True,5400.0,C,True,True,True
E2,e2_11d9bd674cbe571c84a5:C2,I3,qwen_flash,True,5400.0,C2,True,True,True
E2,e2_11d9bd674cbe571c84a5:K,I3,qwen_flash,True,5400.0,K,True,True,True
E2,e2_11d9bd674cbe571c84a5:M,I3,qwen_flash,True,5500.0,M,True,True,True
E2,e2_11d9bd674cbe571c84a5:S,I3,qwen_flash,True,5400.0,S,True,True,True
E2,e2_12fc46ee0dff6c8d17b8:C,I3,deepseek_formal,True,930.0,C,True,True,True
E2,e2_12fc46ee0dff6c8d17b8:C2,I3,deepseek_formal,True,930.0,C2,True,True,True
E2,e2_12fc46ee0dff6c8d17b8:K,I3,deepseek_formal,True,930.0,K,True,True,True
E2,e2_12fc46ee0dff6c8d17b8:M,I3,deepseek_formal,False,0.0,M,False,False,False
E2,e2_12fc46ee0dff6c8d17b8:S,I3,deepseek_formal,True,930.0,S,True,True,True
E2,e2_133e5ebe19f17c08f3f8:C,I3,deepseek_formal,True,1500.0,C,True,True,True
E2,e2_133e5ebe19f17c08f3f8:C2,I3,deepseek_formal,True,1500.0,C2,True,True,True
E2,e2_133e5ebe19f17c08f3f8:K,I3,deepseek_formal,True,1500.0,K,True,True,True
E2,e2_133e5ebe19f17c08f3f8:M,I3,deepseek_formal,True,5625.0,M,True,True,True
E2,e2_133e5ebe19f17c08f3f8:S,I3,deepseek_formal,True,1500.0,S,True,True,True
E2,e2_13be71bf452bb2077b5e:C,I3,qwen_flash,False,0.0,C,False,False,False
E2,e2_13be71bf452bb2077b5e:C2,I3,qwen_flash,False,0.0,C2,False,False,False
E2,e2_13be71bf452bb2077b5e:K,I3,qwen_flash,False,0.0,K,False,False,False
E2,e2_13be71bf452bb2077b5e:M,I3,qwen_flash,False,0.0,M,False,False,False
E2,e2_13be71bf452bb2077b5e:S,I3,qwen_flash,False,0.0,S,False,False,False
E2,e2_14eedff6bbbca253a9bf:C,I3,deepseek_formal,True,1500.0,C,True,True,True
E2,e2_14eedff6bbbca253a9bf:C2,I3,deepseek_formal,True,1500.0,C2,True,True,True
E2,e2_14eedff6bbbca253a9bf:K,I3,deepseek_formal,True,1500.0,K,True,True,True
E2,e2_14eedff6bbbca253a9bf:M,I3,deepseek_formal,True,0.0,M,False,False,False
E2,e2_14eedff6bbbca253a9bf:S,I3,deepseek_formal,True,1500.0,S,True,True,True
E2,e2_1511af06a88ff188dcb6:C,I3,qwen_flash,False,0.0,C,False,False,False
E2,e2_1511af06a88ff188dcb6:C2,I3,qwen_flash,False,0.0,C2,False,False,False
E2,e2_1511af06a88ff188dcb6:K,I3,qwen_flash,False,0.0,K,False,False,False
E2,e2_1511af06a88ff188dcb6:M,I3,qwen_flash,False,0.0,M,False,False,False
E2,e2_1511af06a88ff188dcb6:S,I3,qwen_flash,False,0.0,S,False,False,False
E2,e2_1562cb715c190dd831b2:C,I3,deepseek_formal,True,1200.0,C,True,True,True
E2,e2_1562cb715c190dd831b2:C2,I3,deepseek_formal,False,0.0,C2,False,False,False
E2,e2_1562cb715c190dd831b2:K,I3,deepseek_formal,True,1200.0,K,True,True,True
E2,e2_1562cb715c190dd831b2:M,I3,deepseek_formal,True,0.0,M,False,False,False
E2,e2_1562cb715c190dd831b2:S,I3,deepseek_formal,True,1200.0,S,True,True,True
E2,e2_162dbf68b90201b8070c:C,I3,deepseek_formal,False,0.0,C,False,False,False
E2,e2_162dbf68b90201b8070c:C2,I3,deepseek_formal,False,0.0,C2,False,False,False
E2,e2_162dbf68b90201b8070c:K,I3,deepseek_formal,True,930.0,K,True,True,True
E2,e2_162dbf68b90201b8070c:M,I3,deepseek_formal,False,0.0,M,False,False,False
E2,e2_162dbf68b90201b8070c:S,I3,deepseek_formal,True,930.0,S,True,True,True
E2,e2_177c3c22b6100100b12e:C,I3,qwen_flash,True,3812.5,C,True,True,True
E2,e2_177c3c22b6100100b12e:C2,I3,qwen_flash,True,3812.5,C2,True,True,True
E2,e2_177c3c22b6100100b12e:K,I3,qwen_flash,False,0.0,K,False,False,False
E2,e2_177c3c22b6100100b12e:M,I3,qwen_flash,False,0.0,M,False,False,False
E2,e2_177c3c22b6100100b12e:S,I3,qwen_flash,True,3812.5,S,True,True,True
E2,e2_17891265ae72379f0827:C,I3,qwen_flash,True,4375.0,C,True,True,True
E2,e2_17891265ae72379f0827:C2,I3,qwen_flash,True,4375.0,C2,True,True,True
E2,e2_17891265ae72379f0827:K,I3,qwen_flash,True,4375.0,K,True,True,True
E2,e2_17891265ae72379f0827:M,I3,qwen_flash,False,0.0,M,False,False,False
E2,e2_17891265ae72379f0827:S,I3,qwen_flash,False,0.0,S,False,False,False
E2,e2_18002cbb01d9860050d0:C,I3,deepseek_formal,True,1500.0,C,True,True,True
E2,e2_18002cbb01d9860050d0:C2,I3,deepseek_formal,True,1500.0,C2,True,True,True
E2,e2_18002cbb01d9860050d0:K,I3,deepseek_formal,True,1500.0,K,True,True,True
E2,e2_18002cbb01d9860050d0:M,I3,deepseek_formal,False,0.0,M,False,False,False
E2,e2_18002cbb01d9860050d0:S,I3,deepseek_formal,True,1500.0,S,True,True,True
E2,e2_1801f784390ffdef0996:C,I3,deepseek_formal,True,1500.0,C,True,True,True
E2,e2_1801f784390ffdef0996:C2,I3,deepseek_formal,True,1500.0,C2,True,True,True
E2,e2_1801f784390ffdef0996:K,I3,deepseek_formal,True,5500.0,K,True,True,True
E2,e2_1801f784390ffdef0996:M,I3,deepseek_formal,True,5750.0,M,True,True,True
E2,e2_1801f784390ffdef0996:S,I3,deepseek_formal,True,1500.0,S,True,True,True
E2,e2_185f5e112323706d0e64:C,I3,deepseek_formal,True,775.0,C,True,True,True
E2,e2_185f5e112323706d0e64:C2,I3,deepseek_formal,True,775.0,C2,True,True,True
E2,e2_185f5e112323706d0e64:K,I3,deepseek_formal,True,775.0,K,True,True,True
E2,e2_185f5e112323706d0e64:M,I3,deepseek_formal,True,5750.0,M,True,True,True
E2,e2_185f5e112323706d0e64:S,I3,deepseek_formal,True,930.0,S,True,True,True
E2,e2_1995f07ee15aa64d60aa:C,I3,deepseek_formal,True,1500.0,C,True,True,True
E2,e2_1995f07ee15aa64d60aa:C2,I3,deepseek_formal,True,1500.0,C2,True,True,True
E2,e2_1995f07ee15aa64d60aa:K,I3,deepseek_formal,True,0.0,K,False,False,False
E2,e2_1995f07ee15aa64d60aa:M,I3,deepseek_formal,False,0.0,M,False,False,False
E2,e2_1995f07ee15aa64d60aa:S,I3,deepseek_formal,True,1500.0,S,True,True,True
E2,e2_19b0a04d4459c0cf0d3d:C,I3,deepseek_formal,True,930.0,C,True,True,True
E2,e2_19b0a04d4459c0cf0d3d:C2,I3,deepseek_formal,True,930.0,C2,True,True,True
E2,e2_19b0a04d4459c0cf0d3d:K,I3,deepseek_formal,True,930.0,K,True,True,True
E2,e2_19b0a04d4459c0cf0d3d:M,I3,deepseek_formal,True,3645.0,M,True,True,True
E2,e2_19b0a04d4459c0cf0d3d:S,I3,deepseek_formal,True,930.0,S,True,True,True
E2,e2_19d00a5a9365b6385206:C,I3,deepseek_formal,True,1500.0,C,True,True,True
E2,e2_19d00a5a9365b6385206:C2,I3,deepseek_formal,True,1500.0,C2,True,True,True
E2,e2_19d00a5a9365b6385206:K,I3,deepseek_formal,True,0.0,K,False,False,False
E2,e2_19d00a5a9365b6385206:M,I3,deepseek_formal,True,0.0,M,False,False,False
E2,e2_19d00a5a9365b6385206:S,I3,deepseek_formal,True,1500.0,S,True,True,True
E2,e2_1c406742ca0c45077346:C,I3,qwen_flash,True,5250.0,C,True,True,True
E2,e2_1c406742ca0c45077346:C2,I3,qwen_flash,True,5250.0,C2,True,True,True
E2,e2_1c406742ca0c45077346:K,I3,qwen_flash,False,0.0,K,False,False,False
E2,e2_1c406742ca0c45077346:M,I3,qwen_flash,True,4060.0,M,True,True,True
E2,e2_1c406742ca0c45077346:S,I3,qwen_flash,True,5250.0,S,True,True,True
E2,e2_1d8d94d73fab5ce058b5:C,I3,deepseek_formal,True,1250.0,C,True,True,True
E2,e2_1d8d94d73fab5ce058b5:C2,I3,deepseek_formal,True,1500.0,C2,True,True,True
E2,e2_1d8d94d73fab5ce058b5:K,I3,deepseek_formal,True,720.0,K,True,True,True
E2,e2_1d8d94d73fab5ce058b5:M,I3,deepseek_formal,True,0.0,M,False,False,False
E2,e2_1d8d94d73fab5ce058b5:S,I3,deepseek_formal,True,1250.0,S,True,True,True
E2,e2_1ecd53304eff18df2c6a:C,I3,deepseek_formal,True,1500.0,C,True,True,True
E2,e2_1ecd53304eff18df2c6a:C2,I3,deepseek_formal,True,1500.0,C2,True,True,True
E2,e2_1ecd53304eff18df2c6a:K,I3,deepseek_formal,True,0.0,K,False,False,False
E2,e2_1ecd53304eff18df2c6a:M,I3,deepseek_formal,True,0.0,M,False,False,False
E2,e2_1ecd53304eff18df2c6a:S,I3,deepseek_formal,True,1500.0,S,True,True,True
E2,e2_1efc4af323a43af4ddbb:C,I3,deepseek_formal,False,0.0,C,False,False,False
E2,e2_1efc4af323a43af4ddbb:C2,I3,deepseek_formal,False,0.0,C2,False,False,False
E2,e2_1efc4af323a43af4ddbb:K,I3,deepseek_formal,True,0.0,K,False,False,False
E2,e2_1efc4af323a43af4ddbb:M,I3,deepseek_formal,True,0.0,M,False,False,False
E2,e2_1efc4af323a43af4ddbb:S,I3,deepseek_formal,True,1500.0,S,True,True,True
E2,e2_1f84d752245394fe04e6:C,I3,qwen_flash,True,4250.0,C,True,True,True
E2,e2_1f84d752245394fe04e6:C2,I3,qwen_flash,True,4250.0,C2,True,True,True
E2,e2_1f84d752245394fe04e6:K,I3,qwen_flash,False,0.0,K,False,False,False
E2,e2_1f84d752245394fe04e6:M,I3,qwen_flash,True,5125.0,M,True,True,True
E2,e2_1f84d752245394fe04e6:S,I3,qwen_flash,True,4250.0,S,True,True,True
E2,e2_1fa5da44053d8e26cacd:C,I3,qwen_flash,True,750.0,C,True,True,True
E2,e2_1fa5da44053d8e26cacd:C2,I3,qwen_flash,True,5500.0,C2,True,True,True
E2,e2_1fa5da44053d8e26cacd:K,I3,qwen_flash,True,5500.0,K,True,True,True
E2,e2_1fa5da44053d8e26cacd:M,I3,qwen_flash,True,5500.0,M,True,True,True
E2,e2_1fa5da44053d8e26cacd:S,I3,qwen_flash,True,5500.0,S,True,True,True
E2,e2_216b54c47c9fd9e3d7e9:C,I3,deepseek_formal,True,1500.0,C,True,True,True
E2,e2_216b54c47c9fd9e3d7e9:C2,I3,deepseek_formal,True,1500.0,C2,True,True,True
E2,e2_216b54c47c9fd9e3d7e9:K,I3,deepseek_formal,True,1500.0,K,True,True,True
E2,e2_216b54c47c9fd9e3d7e9:M,I3,deepseek_formal,False,0.0,M,False,False,False
E2,e2_216b54c47c9fd9e3d7e9:S,I3,deepseek_formal,True,1500.0,S,True,True,True
E2,e2_21d2cfbe63bf2bb6ed39:C,I3,deepseek_formal,True,1500.0,C,True,True,True
E2,e2_21d2cfbe63bf2bb6ed39:C2,I3,deepseek_formal,True,1500.0,C2,True,True,True
E2,e2_21d2cfbe63bf2bb6ed39:K,I3,deepseek_formal,True,1500.0,K,True,True,True
E2,e2_21d2cfbe63bf2bb6ed39:M,I3,deepseek_formal,True,5625.0,M,True,True,True
E2,e2_21d2cfbe63bf2bb6ed39:S,I3,deepseek_formal,True,1500.0,S,True,True,True
E2,e2_222c3dd3f1d921a379f6:C,I3,qwen_flash,False,0.0,C,False,False,False
E2,e2_222c3dd3f1d921a379f6:C2,I3,qwen_flash,False,0.0,C2,False,False,False
E2,e2_222c3dd3f1d921a379f6:K,I3,qwen_flash,False,0.0,K,False,False,False
E2,e2_222c3dd3f1d921a379f6:M,I3,qwen_flash,False,0.0,M,False,False,False
E2,e2_222c3dd3f1d921a379f6:S,I3,qwen_flash,False,0.0,S,False,False,False
E2,e2_237786d1c677c2423325:C,I3,deepseek_formal,True,1200.0,C,True,True,True
E2,e2_237786d1c677c2423325:C2,I3,deepseek_formal,True,1200.0,C2,True,True,True
E2,e2_237786d1c677c2423325:K,I3,deepseek_formal,True,0.0,K,False,False,False
E2,e2_237786d1c677c2423325:M,I3,deepseek_formal,True,0.0,M,False,False,False
E2,e2_237786d1c677c2423325:S,I3,deepseek_formal,True,1200.0,S,True,True,True
E2,e2_2393609d990036887f23:C,I3,qwen_flash,True,5400.0,C,True,True,True
E2,e2_2393609d990036887f23:C2,I3,qwen_flash,True,5375.0,C2,True,True,True
E2,e2_2393609d990036887f23:K,I3,qwen_flash,True,5400.0,K,True,True,True
E2,e2_2393609d990036887f23:M,I3,qwen_flash,True,5500.0,M,True,True,True
E2,e2_2393609d990036887f23:S,I3,qwen_flash,True,650.0,S,True,True,True
E2,e2_23e906fb336c4f9d2e77:C,I3,qwen_flash,True,4400.0,C,True,True,True
E2,e2_23e906fb336c4f9d2e77:C2,I3,qwen_flash,True,4400.0,C2,True,True,True
E2,e2_23e906fb336c4f9d2e77:K,I3,qwen_flash,True,4400.0,K,True,True,True
E2,e2_23e906fb336c4f9d2e77:M,I3,qwen_flash,False,0.0,M,False,False,False
E2,e2_23e906fb336c4f9d2e77:S,I3,qwen_flash,True,4400.0,S,True,True,True
E2,e2_257197c0ba538dc4d624:C,I3,qwen_flash,False,0.0,C,False,False,False
E2,e2_257197c0ba538dc4d624:C2,I3,qwen_flash,False,0.0,C2,False,False,False
E2,e2_257197c0ba538dc4d624:K,I3,qwen_flash,False,0.0,K,False,False,False
E2,e2_257197c0ba538dc4d624:M,I3,qwen_flash,False,0.0,M,False,False,False
E2,e2_257197c0ba538dc4d624:S,I3,qwen_flash,False,0.0,S,False,False,False
E2,e2_26f7e46c9320766654fa:C,I3,deepseek_formal,True,1500.0,C,True,True,True
E2,e2_26f7e46c9320766654fa:C2,I3,deepseek_formal,True,1500.0,C2,True,True,True
E2,e2_26f7e46c9320766654fa:K,I3,deepseek_formal,True,0.0,K,False,False,False
E2,e2_26f7e46c9320766654fa:M,I3,deepseek_formal,True,5625.0,M,True,True,True
E2,e2_26f7e46c9320766654fa:S,I3,deepseek_formal,True,1500.0,S,True,True,True
E2,e2_27f0ad07dee5d98fbc32:C,I3,deepseek_formal,True,1500.0,C,True,True,True
E2,e2_27f0ad07dee5d98fbc32:C2,I3,deepseek_formal,True,1500.0,C2,True,True,True
E2,e2_27f0ad07dee5d98fbc32:K,I3,deepseek_formal,True,1500.0,K,True,True,True
E2,e2_27f0ad07dee5d98fbc32:M,I3,deepseek_formal,False,0.0,M,False,False,False
E2,e2_27f0ad07dee5d98fbc32:S,I3,deepseek_formal,True,1500.0,S,True,True,True
E2,e2_283a63e1e8b1d778da00:C,I3,deepseek_formal,True,1500.0,C,True,True,True
E2,e2_283a63e1e8b1d778da00:C2,I3,deepseek_formal,False,0.0,C2,False,False,False
E2,e2_283a63e1e8b1d778da00:K,I3,deepseek_formal,True,0.0,K,False,False,False
E2,e2_283a63e1e8b1d778da00:M,I3,deepseek_formal,True,5750.0,M,True,True,True
E2,e2_283a63e1e8b1d778da00:S,I3,deepseek_formal,True,1500.0,S,True,True,True
E2,e2_28785b3646a733f68061:C,I3,qwen_flash,True,4600.0,C,True,True,True
E2,e2_28785b3646a733f68061:C2,I3,qwen_flash,True,5500.0,C2,True,True,True
E2,e2_28785b3646a733f68061:K,I3,qwen_flash,True,5450.0,K,True,True,True
E2,e2_28785b3646a733f68061:M,I3,qwen_flash,True,5750.0,M,True,True,True
E2,e2_28785b3646a733f68061:S,I3,qwen_flash,True,5500.0,S,True,True,True
E2,e2_29b6898fabe8013827e5:C,I3,deepseek_formal,True,0.0,C,False,False,False
E2,e2_29b6898fabe8013827e5:C2,I3,deepseek_formal,True,1500.0,C2,True,True,True
E2,e2_29b6898fabe8013827e5:K,I3,deepseek_formal,True,1500.0,K,True,True,True
E2,e2_29b6898fabe8013827e5:M,I3,deepseek_formal,True,0.0,M,False,False,False
E2,e2_29b6898fabe8013827e5:S,I3,deepseek_formal,True,1500.0,S,True,True,True
E2,e2_29fe93cdee744c42a413:C,I3,qwen_flash,True,4250.0,C,True,True,True
E2,e2_29fe93cdee744c42a413:C2,I3,qwen_flash,True,4250.0,C2,True,True,True
E2,e2_29fe93cdee744c42a413:K,I3,qwen_flash,True,4250.0,K,True,True,True
E2,e2_29fe93cdee744c42a413:M,I3,qwen_flash,True,5125.0,M,True,True,True
E2,e2_29fe93cdee744c42a413:S,I3,qwen_flash,True,4250.0,S,True,True,True
E2,e2_2a0b8b149f8fc5b8d384:C,I3,deepseek_formal,True,0.0,C,False,False,False
E2,e2_2a0b8b149f8fc5b8d384:C2,I3,deepseek_formal,True,0.0,C2,False,False,False
E2,e2_2a0b8b149f8fc5b8d384:K,I3,deepseek_formal,True,0.0,K,False,False,False
E2,e2_2a0b8b149f8fc5b8d384:M,I3,deepseek_formal,True,0.0,M,False,False,False
E2,e2_2a0b8b149f8fc5b8d384:S,I3,deepseek_formal,True,1500.0,S,True,True,True
E2,e2_2af500ec8024e8be3522:C,I3,qwen_flash,True,3350.0,C,True,True,True
E2,e2_2af500ec8024e8be3522:C2,I3,qwen_flash,True,3350.0,C2,True,True,True
E2,e2_2af500ec8024e8be3522:K,I3,qwen_flash,True,3350.0,K,True,True,True
E2,e2_2af500ec8024e8be3522:M,I3,qwen_flash,True,4400.0,M,True,True,True
E2,e2_2af500ec8024e8be3522:S,I3,qwen_flash,True,3350.0,S,True,True,True
E2,e2_2bf63831db81097f6ae6:C,I3,deepseek_formal,True,1500.0,C,True,True,True
E2,e2_2bf63831db81097f6ae6:C2,I3,deepseek_formal,True,1500.0,C2,True,True,True
E2,e2_2bf63831db81097f6ae6:K,I3,deepseek_formal,True,0.0,K,False,False,False
E2,e2_2bf63831db81097f6ae6:M,I3,deepseek_formal,True,0.0,M,False,False,False
E2,e2_2bf63831db81097f6ae6:S,I3,deepseek_formal,True,1500.0,S,True,True,True
E2,e2_2ca41b345553486d5995:C,I3,qwen_flash,False,0.0,C,False,False,False
E2,e2_2ca41b345553486d5995:C2,I3,qwen_flash,False,0.0,C2,False,False,False
E2,e2_2ca41b345553486d5995:K,I3,qwen_flash,False,0.0,K,False,False,False
E2,e2_2ca41b345553486d5995:M,I3,qwen_flash,True,5500.0,M,True,True,True
E2,e2_2ca41b345553486d5995:S,I3,qwen_flash,False,0.0,S,False,False,False
E2,e2_2d41c9187d3599481033:C,I3,qwen_flash,True,2450.0,C,True,True,True
E2,e2_2d41c9187d3599481033:C2,I3,qwen_flash,True,2850.0,C2,True,True,True
E2,e2_2d41c9187d3599481033:K,I3,qwen_flash,True,3900.0,K,True,True,True
E2,e2_2d41c9187d3599481033:M,I3,qwen_flash,False,0.0,M,False,False,False
E2,e2_2d41c9187d3599481033:S,I3,qwen_flash,False,0.0,S,False,False,False
E2,e2_2d58a76c6301007637b9:C,I3,deepseek_formal,True,775.0,C,True,True,True
E2,e2_2d58a76c6301007637b9:C2,I3,deepseek_formal,True,775.0,C2,True,True,True
E2,e2_2d58a76c6301007637b9:K,I3,deepseek_formal,True,775.0,K,True,True,True
E2,e2_2d58a76c6301007637b9:M,I3,deepseek_formal,True,5750.0,M,True,True,True
E2,e2_2d58a76c6301007637b9:S,I3,deepseek_formal,True,930.0,S,True,True,True
E2,e2_2d9992b2dd61ad39f74c:C,I3,qwen_flash,False,0.0,C,False,False,False
E2,e2_2d9992b2dd61ad39f74c:C2,I3,qwen_flash,False,0.0,C2,False,False,False
E2,e2_2d9992b2dd61ad39f74c:K,I3,qwen_flash,False,0.0,K,False,False,False
E2,e2_2d9992b2dd61ad39f74c:M,I3,qwen_flash,False,0.0,M,False,False,False
E2,e2_2d9992b2dd61ad39f74c:S,I3,qwen_flash,False,0.0,S,False,False,False
E2,e2_306c20fd8abec8403fdc:C,I3,qwen_flash,False,0.0,C,False,False,False
E2,e2_306c20fd8abec8403fdc:C2,I3,qwen_flash,True,5250.0,C2,True,True,True
E2,e2_306c20fd8abec8403fdc:K,I3,qwen_flash,True,5250.0,K,True,True,True
E2,e2_306c20fd8abec8403fdc:M,I3,qwen_flash,False,0.0,M,False,False,False
E2,e2_306c20fd8abec8403fdc:S,I3,qwen_flash,True,5250.0,S,True,True,True
E2,e2_318aac1c0ad927028d8f:C,I3,deepseek_formal,True,1500.0,C,True,True,True
E2,e2_318aac1c0ad927028d8f:C2,I3,deepseek_formal,True,1500.0,C2,True,True,True
E2,e2_318aac1c0ad927028d8f:K,I3,deepseek_formal,True,1500.0,K,True,True,True
E2,e2_318aac1c0ad927028d8f:M,I3,deepseek_formal,True,0.0,M,False,False,False
E2,e2_318aac1c0ad927028d8f:S,I3,deepseek_formal,True,1500.0,S,True,True,True
E2,e2_31922b1d4a6da7d88849:C,I3,deepseek_formal,False,0.0,C,False,False,False
E2,e2_31922b1d4a6da7d88849:C2,I3,deepseek_formal,False,0.0,C2,False,False,False
E2,e2_31922b1d4a6da7d88849:K,I3,deepseek_formal,True,0.0,K,False,False,False
E2,e2_31922b1d4a6da7d88849:M,I3,deepseek_formal,True,0.0,M,False,False,False
E2,e2_31922b1d4a6da7d88849:S,I3,deepseek_formal,True,1500.0,S,True,True,True
E2,e2_31a08143653fad07a78f:C,I3,deepseek_formal,True,1500.0,C,True,True,True
E2,e2_31a08143653fad07a78f:C2,I3,deepseek_formal,True,1500.0,C2,True,True,True
E2,e2_31a08143653fad07a78f:K,I3,deepseek_formal,True,1500.0,K,True,True,True
E2,e2_31a08143653fad07a78f:M,I3,deepseek_formal,False,0.0,M,False,False,False
E2,e2_31a08143653fad07a78f:S,I3,deepseek_formal,True,1500.0,S,True,True,True
E2,e2_328671fb4c63e5e34e49:C,I3,qwen_flash,True,3305.0,C,True,True,True
E2,e2_328671fb4c63e5e34e49:C2,I3,qwen_flash,True,3410.0,C2,True,True,True
E2,e2_328671fb4c63e5e34e49:K,I3,qwen_flash,True,3410.0,K,True,True,True
E2,e2_328671fb4c63e5e34e49:M,I3,qwen_flash,True,3410.0,M,True,True,True
E2,e2_328671fb4c63e5e34e49:S,I3,qwen_flash,True,3410.0,S,True,True,True
E2,e2_32dc83614edfe5ceb176:C,I3,qwen_flash,True,5250.0,C,True,True,True
E2,e2_32dc83614edfe5ceb176:C2,I3,qwen_flash,True,5250.0,C2,True,True,True
E2,e2_32dc83614edfe5ceb176:K,I3,qwen_flash,True,5250.0,K,True,True,True
E2,e2_32dc83614edfe5ceb176:M,I3,qwen_flash,True,5625.0,M,True,True,True
E2,e2_32dc83614edfe5ceb176:S,I3,qwen_flash,True,2850.0,S,True,True,True
E2,e2_33caf297677fc4efcdc6:C,I3,deepseek_formal,True,1500.0,C,True,True,True
E2,e2_33caf297677fc4efcdc6:C2,I3,deepseek_formal,True,1500.0,C2,True,True,True
E2,e2_33caf297677fc4efcdc6:K,I3,deepseek_formal,True,1500.0,K,True,True,True
E2,e2_33caf297677fc4efcdc6:M,I3,deepseek_formal,True,0.0,M,False,False,False
E2,e2_33caf297677fc4efcdc6:S,I3,deepseek_formal,True,1500.0,S,True,True,True
E2,e2_345feb62a0a33cca513a:C,I3,deepseek_formal,True,1500.0,C,True,True,True
E2,e2_345feb62a0a33cca513a:C2,I3,deepseek_formal,True,1500.0,C2,True,True,True
E2,e2_345feb62a0a33cca513a:K,I3,deepseek_formal,True,1500.0,K,True,True,True
E2,e2_345feb62a0a33cca513a:M,I3,deepseek_formal,True,0.0,M,False,False,False
E2,e2_345feb62a0a33cca513a:S,I3,deepseek_formal,True,1500.0,S,True,True,True
E2,e2_35d9e8228751a030e86d:C,I3,qwen_flash,False,0.0,C,False,False,False
E2,e2_35d9e8228751a030e86d:C2,I3,qwen_flash,False,0.0,C2,False,False,False
E2,e2_35d9e8228751a030e86d:K,I3,qwen_flash,False,0.0,K,False,False,False
E2,e2_35d9e8228751a030e86d:M,I3,qwen_flash,False,0.0,M,False,False,False
E2,e2_35d9e8228751a030e86d:S,I3,qwen_flash,False,0.0,S,False,False,False
E2,e2_381203a5a82d139c51e2:C,I3,deepseek_formal,True,930.0,C,True,True,True
E2,e2_381203a5a82d139c51e2:C2,I3,deepseek_formal,True,930.0,C2,True,True,True
E2,e2_381203a5a82d139c51e2:K,I3,deepseek_formal,True,930.0,K,True,True,True
E2,e2_381203a5a82d139c51e2:M,I3,deepseek_formal,False,0.0,M,False,False,False
E2,e2_381203a5a82d139c51e2:S,I3,deepseek_formal,True,930.0,S,True,True,True
E2,e2_3a76a1f273195fefea23:C,I3,qwen_flash,False,0.0,C,False,False,False
E2,e2_3a76a1f273195fefea23:C2,I3,qwen_flash,False,0.0,C2,False,False,False
E2,e2_3a76a1f273195fefea23:K,I3,qwen_flash,False,0.0,K,False,False,False
E2,e2_3a76a1f273195fefea23:M,I3,qwen_flash,False,0.0,M,False,False,False
E2,e2_3a76a1f273195fefea23:S,I3,qwen_flash,False,0.0,S,False,False,False
E2,e2_3b8e5eae6fdbccd88ed4:C,I3,deepseek_formal,True,1500.0,C,True,True,True
E2,e2_3b8e5eae6fdbccd88ed4:C2,I3,deepseek_formal,True,1500.0,C2,True,True,True
E2,e2_3b8e5eae6fdbccd88ed4:K,I3,deepseek_formal,True,1500.0,K,True,True,True
E2,e2_3b8e5eae6fdbccd88ed4:M,I3,deepseek_formal,True,5625.0,M,True,True,True
E2,e2_3b8e5eae6fdbccd88ed4:S,I3,deepseek_formal,True,1500.0,S,True,True,True
E2,e2_3d412b0e120f6bd083b2:C,I3,deepseek_formal,True,1500.0,C,True,True,True
E2,e2_3d412b0e120f6bd083b2:C2,I3,deepseek_formal,True,1500.0,C2,True,True,True
E2,e2_3d412b0e120f6bd083b2:K,I3,deepseek_formal,True,1500.0,K,True,True,True
E2,e2_3d412b0e120f6bd083b2:M,I3,deepseek_formal,False,0.0,M,False,False,False
E2,e2_3d412b0e120f6bd083b2:S,I3,deepseek_formal,True,1500.0,S,True,True,True
E2,e2_3ec9d4f3bdbf17622d57:C,I3,deepseek_formal,True,930.0,C,True,True,True
E2,e2_3ec9d4f3bdbf17622d57:C2,I3,deepseek_formal,True,930.0,C2,True,True,True
E2,e2_3ec9d4f3bdbf17622d57:K,I3,deepseek_formal,True,0.0,K,False,False,False
E2,e2_3ec9d4f3bdbf17622d57:M,I3,deepseek_formal,True,0.0,M,False,False,False
E2,e2_3ec9d4f3bdbf17622d57:S,I3,deepseek_formal,True,930.0,S,True,True,True
E2,e2_3f6af977c1b0b4200006:C,I3,deepseek_formal,True,1500.0,C,True,True,True
E2,e2_3f6af977c1b0b4200006:C2,I3,deepseek_formal,True,1500.0,C2,True,True,True
E2,e2_3f6af977c1b0b4200006:K,I3,deepseek_formal,True,1500.0,K,True,True,True
E2,e2_3f6af977c1b0b4200006:M,I3,deepseek_formal,False,0.0,M,False,False,False
E2,e2_3f6af977c1b0b4200006:S,I3,deepseek_formal,True,1500.0,S,True,True,True
E2,e2_40573c460c999dd6ceb4:C,I3,deepseek_formal,True,1500.0,C,True,True,True
E2,e2_40573c460c999dd6ceb4:C2,I3,deepseek_formal,True,1500.0,C2,True,True,True
E2,e2_40573c460c999dd6ceb4:K,I3,deepseek_formal,True,1500.0,K,True,True,True
E2,e2_40573c460c999dd6ceb4:M,I3,deepseek_formal,True,0.0,M,False,False,False
E2,e2_40573c460c999dd6ceb4:S,I3,deepseek_formal,True,1500.0,S,True,True,True
E2,e2_40599f95548eb0ed7004:C,I3,deepseek_formal,True,1500.0,C,True,True,True
E2,e2_40599f95548eb0ed7004:C2,I3,deepseek_formal,True,1500.0,C2,True,True,True
E2,e2_40599f95548eb0ed7004:K,I3,deepseek_formal,True,1500.0,K,True,True,True
E2,e2_40599f95548eb0ed7004:M,I3,deepseek_formal,True,1500.0,M,True,True,True
E2,e2_40599f95548eb0ed7004:S,I3,deepseek_formal,True,1500.0,S,True,True,True
E2,e2_4081a98c71163e04a21e:C,I3,deepseek_formal,True,1500.0,C,True,True,True
E2,e2_4081a98c71163e04a21e:C2,I3,deepseek_formal,True,1500.0,C2,True,True,True
E2,e2_4081a98c71163e04a21e:K,I3,deepseek_formal,True,1500.0,K,True,True,True
E2,e2_4081a98c71163e04a21e:M,I3,deepseek_formal,True,0.0,M,False,False,False
E2,e2_4081a98c71163e04a21e:S,I3,deepseek_formal,True,1500.0,S,True,True,True
E2,e2_42b6732ba7a176033016:C,I3,qwen_flash,False,0.0,C,False,False,False
E2,e2_42b6732ba7a176033016:C2,I3,qwen_flash,False,0.0,C2,False,False,False
E2,e2_42b6732ba7a176033016:K,I3,qwen_flash,False,0.0,K,False,False,False
E2,e2_42b6732ba7a176033016:M,I3,qwen_flash,False,0.0,M,False,False,False
E2,e2_42b6732ba7a176033016:S,I3,qwen_flash,False,0.0,S,False,False,False
E2,e2_42f2c84116fc02b9e080:C,I3,qwen_flash,False,0.0,C,False,False,False
E2,e2_42f2c84116fc02b9e080:C2,I3,qwen_flash,False,0.0,C2,False,False,False
E2,e2_42f2c84116fc02b9e080:K,I3,qwen_flash,False,0.0,K,False,False,False
E2,e2_42f2c84116fc02b9e080:M,I3,qwen_flash,False,0.0,M,False,False,False
E2,e2_42f2c84116fc02b9e080:S,I3,qwen_flash,False,0.0,S,False,False,False
E2,e2_458cc2d9d1474dc1c35d:C,I3,qwen_flash,True,3983.2,C,True,True,True
E2,e2_458cc2d9d1474dc1c35d:C2,I3,qwen_flash,True,3983.2,C2,True,True,True
E2,e2_458cc2d9d1474dc1c35d:K,I3,qwen_flash,False,0.0,K,False,False,False
E2,e2_458cc2d9d1474dc1c35d:M,I3,qwen_flash,True,5500.0,M,True,True,True
E2,e2_458cc2d9d1474dc1c35d:S,I3,qwen_flash,False,0.0,S,False,False,False
E2,e2_45c0d43e53182649907f:C,I3,qwen_flash,False,0.0,C,False,False,False
E2,e2_45c0d43e53182649907f:C2,I3,qwen_flash,False,0.0,C2,False,False,False
E2,e2_45c0d43e53182649907f:K,I3,qwen_flash,False,0.0,K,False,False,False
E2,e2_45c0d43e53182649907f:M,I3,qwen_flash,False,0.0,M,False,False,False
E2,e2_45c0d43e53182649907f:S,I3,qwen_flash,False,0.0,S,False,False,False
E2,e2_45e4425fc1520fc741ac:C,I3,deepseek_formal,True,1500.0,C,True,True,True
E2,e2_45e4425fc1520fc741ac:C2,I3,deepseek_formal,True,1500.0,C2,True,True,True
E2,e2_45e4425fc1520fc741ac:K,I3,deepseek_formal,True,1500.0,K,True,True,True
E2,e2_45e4425fc1520fc741ac:M,I3,deepseek_formal,True,5625.0,M,True,True,True
E2,e2_45e4425fc1520fc741ac:S,I3,deepseek_formal,True,1500.0,S,True,True,True
E2,e2_45f92bec4efee7bc95a0:C,I3,deepseek_formal,True,1500.0,C,True,True,True
E2,e2_45f92bec4efee7bc95a0:C2,I3,deepseek_formal,True,1500.0,C2,True,True,True
E2,e2_45f92bec4efee7bc95a0:K,I3,deepseek_formal,True,1500.0,K,True,True,True
E2,e2_45f92bec4efee7bc95a0:M,I3,deepseek_formal,True,0.0,M,False,False,False
E2,e2_45f92bec4efee7bc95a0:S,I3,deepseek_formal,True,1500.0,S,True,True,True
E2,e2_47e8865f9db500170ec7:C,I3,deepseek_formal,True,1500.0,C,True,True,True
E2,e2_47e8865f9db500170ec7:C2,I3,deepseek_formal,True,1500.0,C2,True,True,True
E2,e2_47e8865f9db500170ec7:K,I3,deepseek_formal,True,1500.0,K,True,True,True
E2,e2_47e8865f9db500170ec7:M,I3,deepseek_formal,True,0.0,M,False,False,False
E2,e2_47e8865f9db500170ec7:S,I3,deepseek_formal,True,1500.0,S,True,True,True
E2,e2_4b9ceeb1354027962f0a:C,I3,qwen_flash,False,0.0,C,False,False,False
E2,e2_4b9ceeb1354027962f0a:C2,I3,qwen_flash,False,0.0,C2,False,False,False
E2,e2_4b9ceeb1354027962f0a:K,I3,qwen_flash,False,0.0,K,False,False,False
E2,e2_4b9ceeb1354027962f0a:M,I3,qwen_flash,False,0.0,M,False,False,False
E2,e2_4b9ceeb1354027962f0a:S,I3,qwen_flash,False,0.0,S,False,False,False
E2,e2_4cecda4b891756216ab6:C,I3,qwen_flash,True,3410.0,C,True,True,True
E2,e2_4cecda4b891756216ab6:C2,I3,qwen_flash,True,3410.0,C2,True,True,True
E2,e2_4cecda4b891756216ab6:K,I3,qwen_flash,True,3410.0,K,True,True,True
E2,e2_4cecda4b891756216ab6:M,I3,qwen_flash,True,3410.0,M,True,True,True
E2,e2_4cecda4b891756216ab6:S,I3,qwen_flash,True,3410.0,S,True,True,True
E2,e2_4dbac7d441961ba608d5:C,I3,deepseek_formal,True,1500.0,C,True,True,True
E2,e2_4dbac7d441961ba608d5:C2,I3,deepseek_formal,True,0.0,C2,False,False,False
E2,e2_4dbac7d441961ba608d5:K,I3,deepseek_formal,True,0.0,K,False,False,False
E2,e2_4dbac7d441961ba608d5:M,I3,deepseek_formal,True,0.0,M,False,False,False
E2,e2_4dbac7d441961ba608d5:S,I3,deepseek_formal,True,0.0,S,False,False,False
E2,e2_4dd695de6c9292fe4a61:C,I3,deepseek_formal,True,1250.0,C,True,True,True
E2,e2_4dd695de6c9292fe4a61:C2,I3,deepseek_formal,True,1250.0,C2,True,True,True
E2,e2_4dd695de6c9292fe4a61:K,I3,deepseek_formal,True,720.0,K,True,True,True
E2,e2_4dd695de6c9292fe4a61:M,I3,deepseek_formal,True,0.0,M,False,False,False
E2,e2_4dd695de6c9292fe4a61:S,I3,deepseek_formal,True,1500.0,S,True,True,True
E2,e2_4e713c6d0f331433d33b:C,I3,qwen_flash,False,0.0,C,False,False,False
E2,e2_4e713c6d0f331433d33b:C2,I3,qwen_flash,False,0.0,C2,False,False,False
E2,e2_4e713c6d0f331433d33b:K,I3,qwen_flash,True,3937.5,K,True,True,True
E2,e2_4e713c6d0f331433d33b:M,I3,qwen_flash,False,0.0,M,False,False,False
E2,e2_4e713c6d0f331433d33b:S,I3,qwen_flash,False,0.0,S,False,False,False
E2,e2_4e7cab897bcf0f66c4b8:C,I3,qwen_flash,False,0.0,C,False,False,False
E2,e2_4e7cab897bcf0f66c4b8:C2,I3,qwen_flash,False,0.0,C2,False,False,False
E2,e2_4e7cab897bcf0f66c4b8:K,I3,qwen_flash,False,0.0,K,False,False,False
E2,e2_4e7cab897bcf0f66c4b8:M,I3,qwen_flash,False,0.0,M,False,False,False
E2,e2_4e7cab897bcf0f66c4b8:S,I3,qwen_flash,False,0.0,S,False,False,False
E2,e2_4ec03e20614bcc9af9c9:C,I3,deepseek_formal,True,1500.0,C,True,True,True
E2,e2_4ec03e20614bcc9af9c9:C2,I3,deepseek_formal,True,1500.0,C2,True,True,True
E2,e2_4ec03e20614bcc9af9c9:K,I3,deepseek_formal,True,1500.0,K,True,True,True
E2,e2_4ec03e20614bcc9af9c9:M,I3,deepseek_formal,True,0.0,M,False,False,False
E2,e2_4ec03e20614bcc9af9c9:S,I3,deepseek_formal,True,1500.0,S,True,True,True
E2,e2_4fed1a1a9d39d96c1555:C,I3,deepseek_formal,True,1500.0,C,True,True,True
E2,e2_4fed1a1a9d39d96c1555:C2,I3,deepseek_formal,True,1500.0,C2,True,True,True
E2,e2_4fed1a1a9d39d96c1555:K,I3,deepseek_formal,True,5500.0,K,True,True,True
E2,e2_4fed1a1a9d39d96c1555:M,I3,deepseek_formal,True,5750.0,M,True,True,True
E2,e2_4fed1a1a9d39d96c1555:S,I3,deepseek_formal,True,1250.0,S,True,True,True
E2,e2_505579893020914a35e4:C,I3,qwen_flash,False,0.0,C,False,False,False
E2,e2_505579893020914a35e4:C2,I3,qwen_flash,False,0.0,C2,False,False,False
E2,e2_505579893020914a35e4:K,I3,qwen_flash,False,0.0,K,False,False,False
E2,e2_505579893020914a35e4:M,I3,qwen_flash,False,0.0,M,False,False,False
E2,e2_505579893020914a35e4:S,I3,qwen_flash,False,0.0,S,False,False,False
E2,e2_512a6c1117e5baa03b08:C,I3,deepseek_formal,False,0.0,C,False,False,False
E2,e2_512a6c1117e5baa03b08:C2,I3,deepseek_formal,True,1500.0,C2,True,True,True
E2,e2_512a6c1117e5baa03b08:K,I3,deepseek_formal,True,0.0,K,False,False,False
E2,e2_512a6c1117e5baa03b08:M,I3,deepseek_formal,True,0.0,M,False,False,False
E2,e2_512a6c1117e5baa03b08:S,I3,deepseek_formal,True,1500.0,S,True,True,True
E2,e2_5264ca94f4a0a3470268:C,I3,qwen_flash,False,0.0,C,False,False,False
E2,e2_5264ca94f4a0a3470268:C2,I3,qwen_flash,False,0.0,C2,False,False,False
E2,e2_5264ca94f4a0a3470268:K,I3,qwen_flash,False,0.0,K,False,False,False
E2,e2_5264ca94f4a0a3470268:M,I3,qwen_flash,False,0.0,M,False,False,False
E2,e2_5264ca94f4a0a3470268:S,I3,qwen_flash,False,0.0,S,False,False,False
E2,e2_533050defb2c1a202ef9:C,I3,deepseek_formal,True,1500.0,C,True,True,True
E2,e2_533050defb2c1a202ef9:C2,I3,deepseek_formal,True,1500.0,C2,True,True,True
E2,e2_533050defb2c1a202ef9:K,I3,deepseek_formal,True,1500.0,K,True,True,True
E2,e2_533050defb2c1a202ef9:M,I3,deepseek_formal,True,0.0,M,False,False,False
E2,e2_533050defb2c1a202ef9:S,I3,deepseek_formal,True,1500.0,S,True,True,True
E2,e2_537fb0e80b5bd2957a3b:C,I3,deepseek_formal,True,1200.0,C,True,True,True
E2,e2_537fb0e80b5bd2957a3b:C2,I3,deepseek_formal,True,1200.0,C2,True,True,True
E2,e2_537fb0e80b5bd2957a3b:K,I3,deepseek_formal,True,0.0,K,False,False,False
E2,e2_537fb0e80b5bd2957a3b:M,I3,deepseek_formal,True,0.0,M,False,False,False
E2,e2_537fb0e80b5bd2957a3b:S,I3,deepseek_formal,True,1200.0,S,True,True,True
E2,e2_541673b7985baaf99ef3:C,I3,deepseek_formal,True,1500.0,C,True,True,True
E2,e2_541673b7985baaf99ef3:C2,I3,deepseek_formal,True,1500.0,C2,True,True,True
E2,e2_541673b7985baaf99ef3:K,I3,deepseek_formal,True,1500.0,K,True,True,True
E2,e2_541673b7985baaf99ef3:M,I3,deepseek_formal,True,0.0,M,False,False,False
E2,e2_541673b7985baaf99ef3:S,I3,deepseek_formal,True,1500.0,S,True,True,True
E2,e2_54774291addffc41ab5d:C,I3,deepseek_formal,False,0.0,C,False,False,False
E2,e2_54774291addffc41ab5d:C2,I3,deepseek_formal,False,0.0,C2,False,False,False
E2,e2_54774291addffc41ab5d:K,I3,deepseek_formal,False,0.0,K,False,False,False
E2,e2_54774291addffc41ab5d:M,I3,deepseek_formal,False,0.0,M,False,False,False
E2,e2_54774291addffc41ab5d:S,I3,deepseek_formal,False,0.0,S,False,False,False
E2,e2_54c73f9110f337a0c33d:C,I3,qwen_flash,False,0.0,C,False,False,False
E2,e2_54c73f9110f337a0c33d:C2,I3,qwen_flash,False,0.0,C2,False,False,False
E2,e2_54c73f9110f337a0c33d:K,I3,qwen_flash,True,2208.75,K,True,True,True
E2,e2_54c73f9110f337a0c33d:M,I3,qwen_flash,False,0.0,M,False,False,False
E2,e2_54c73f9110f337a0c33d:S,I3,qwen_flash,False,0.0,S,False,False,False
E2,e2_551683c7be9e6b1ff089:C,I3,deepseek_formal,True,1500.0,C,True,True,True
E2,e2_551683c7be9e6b1ff089:C2,I3,deepseek_formal,True,1500.0,C2,True,True,True
E2,e2_551683c7be9e6b1ff089:K,I3,deepseek_formal,True,1500.0,K,True,True,True
E2,e2_551683c7be9e6b1ff089:M,I3,deepseek_formal,False,0.0,M,False,False,False
E2,e2_551683c7be9e6b1ff089:S,I3,deepseek_formal,True,1500.0,S,True,True,True
E2,e2_55b4e051406d6f56b7a8:C,I3,qwen_flash,False,0.0,C,False,False,False
E2,e2_55b4e051406d6f56b7a8:C2,I3,qwen_flash,False,0.0,C2,False,False,False
E2,e2_55b4e051406d6f56b7a8:K,I3,qwen_flash,False,0.0,K,False,False,False
E2,e2_55b4e051406d6f56b7a8:M,I3,qwen_flash,False,0.0,M,False,False,False
E2,e2_55b4e051406d6f56b7a8:S,I3,qwen_flash,False,0.0,S,False,False,False
E2,e2_565dbd6d3b828586a90b:C,I3,qwen_flash,True,3812.5,C,True,True,True
E2,e2_565dbd6d3b828586a90b:C2,I3,qwen_flash,True,3812.5,C2,True,True,True
E2,e2_565dbd6d3b828586a90b:K,I3,qwen_flash,True,3812.5,K,True,True,True
E2,e2_565dbd6d3b828586a90b:M,I3,qwen_flash,False,0.0,M,False,False,False
E2,e2_565dbd6d3b828586a90b:S,I3,qwen_flash,True,3812.5,S,True,True,True
E2,e2_566519d7dbea12360d16:C,I3,qwen_flash,True,5060.0,C,True,True,True
E2,e2_566519d7dbea12360d16:C2,I3,qwen_flash,True,5060.0,C2,True,True,True
E2,e2_566519d7dbea12360d16:K,I3,qwen_flash,True,5060.0,K,True,True,True
E2,e2_566519d7dbea12360d16:M,I3,qwen_flash,True,5060.0,M,True,True,True
E2,e2_566519d7dbea12360d16:S,I3,qwen_flash,True,5060.0,S,True,True,True
E2,e2_5709c32a375221a348ac:C,I3,qwen_flash,True,5039.8368405,C,True,True,True
E2,e2_5709c32a375221a348ac:C2,I3,qwen_flash,True,5039.8368405,C2,True,True,True
E2,e2_5709c32a375221a348ac:K,I3,qwen_flash,True,5250.0,K,True,True,True
E2,e2_5709c32a375221a348ac:M,I3,qwen_flash,False,5625.0,M,False,False,False
E2,e2_5709c32a375221a348ac:S,I3,qwen_flash,True,5050.0,S,True,True,True
E2,e2_590eae7c536eaf92a1dd:C,I3,deepseek_formal,True,1500.0,C,True,True,True
E2,e2_590eae7c536eaf92a1dd:C2,I3,deepseek_formal,True,1500.0,C2,True,True,True
E2,e2_590eae7c536eaf92a1dd:K,I3,deepseek_formal,True,1500.0,K,True,True,True
E2,e2_590eae7c536eaf92a1dd:M,I3,deepseek_formal,True,5750.0,M,True,True,True
E2,e2_590eae7c536eaf92a1dd:S,I3,deepseek_formal,True,1500.0,S,True,True,True
E2,e2_5b68306b445db3c7afd0:C,I3,qwen_flash,True,4900.0,C,True,True,True
E2,e2_5b68306b445db3c7afd0:C2,I3,qwen_flash,False,0.0,C2,False,False,False
E2,e2_5b68306b445db3c7afd0:K,I3,qwen_flash,True,3610.0,K,True,True,True
E2,e2_5b68306b445db3c7afd0:M,I3,qwen_flash,False,0.0,M,False,False,False
E2,e2_5b68306b445db3c7afd0:S,I3,qwen_flash,False,0.0,S,False,False,False
E2,e2_5d1f9058fd17cc12daac:C,I3,qwen_flash,True,700.0,C,True,True,True
E2,e2_5d1f9058fd17cc12daac:C2,I3,qwen_flash,True,850.0,C2,True,True,True
E2,e2_5d1f9058fd17cc12daac:K,I3,qwen_flash,True,3400.0,K,True,True,True
E2,e2_5d1f9058fd17cc12daac:M,I3,qwen_flash,True,5500.0,M,True,True,True
E2,e2_5d1f9058fd17cc12daac:S,I3,qwen_flash,True,5050.0,S,True,True,True
E2,e2_5d9ae421dc4a5d0fa5ae:C,I3,qwen_flash,True,3000.0,C,True,True,True
E2,e2_5d9ae421dc4a5d0fa5ae:C2,I3,qwen_flash,True,5500.0,C2,True,True,True
E2,e2_5d9ae421dc4a5d0fa5ae:K,I3,qwen_flash,True,5500.0,K,True,True,True
E2,e2_5d9ae421dc4a5d0fa5ae:M,I3,qwen_flash,True,5500.0,M,True,True,True
E2,e2_5d9ae421dc4a5d0fa5ae:S,I3,qwen_flash,True,5500.0,S,True,True,True
E2,e2_5fb7196d581b0bb8eb4c:C,I3,deepseek_formal,True,1500.0,C,True,True,True
E2,e2_5fb7196d581b0bb8eb4c:C2,I3,deepseek_formal,True,0.0,C2,False,False,False
E2,e2_5fb7196d581b0bb8eb4c:K,I3,deepseek_formal,True,0.0,K,False,False,False
E2,e2_5fb7196d581b0bb8eb4c:M,I3,deepseek_formal,False,0.0,M,False,False,False
E2,e2_5fb7196d581b0bb8eb4c:S,I3,deepseek_formal,True,0.0,S,False,False,False
E2,e2_603b5622de9b3192dc61:C,I3,qwen_flash,False,0.0,C,False,False,False
E2,e2_603b5622de9b3192dc61:C2,I3,qwen_flash,False,0.0,C2,False,False,False
E2,e2_603b5622de9b3192dc61:K,I3,qwen_flash,False,0.0,K,False,False,False
E2,e2_603b5622de9b3192dc61:M,I3,qwen_flash,False,0.0,M,False,False,False
E2,e2_603b5622de9b3192dc61:S,I3,qwen_flash,False,0.0,S,False,False,False
E2,e2_6083636e2fda7683edd5:C,I3,qwen_flash,False,0.0,C,False,False,False
E2,e2_6083636e2fda7683edd5:C2,I3,qwen_flash,False,0.0,C2,False,False,False
E2,e2_6083636e2fda7683edd5:K,I3,qwen_flash,True,3937.5,K,True,True,True
E2,e2_6083636e2fda7683edd5:M,I3,qwen_flash,False,0.0,M,False,False,False
E2,e2_6083636e2fda7683edd5:S,I3,qwen_flash,False,0.0,S,False,False,False
E2,e2_60e54f766f44ffccf8e8:C,I3,deepseek_formal,True,1500.0,C,True,True,True
E2,e2_60e54f766f44ffccf8e8:C2,I3,deepseek_formal,True,1500.0,C2,True,True,True
E2,e2_60e54f766f44ffccf8e8:K,I3,deepseek_formal,False,0.0,K,False,False,False
E2,e2_60e54f766f44ffccf8e8:M,I3,deepseek_formal,False,0.0,M,False,False,False
E2,e2_60e54f766f44ffccf8e8:S,I3,deepseek_formal,False,0.0,S,False,False,False
E2,e2_619a4a0c9ede9b1c870e:C,I3,deepseek_formal,True,1500.0,C,True,True,True
E2,e2_619a4a0c9ede9b1c870e:C2,I3,deepseek_formal,True,1500.0,C2,True,True,True
E2,e2_619a4a0c9ede9b1c870e:K,I3,deepseek_formal,True,1500.0,K,True,True,True
E2,e2_619a4a0c9ede9b1c870e:M,I3,deepseek_formal,True,5375.0,M,True,True,True
E2,e2_619a4a0c9ede9b1c870e:S,I3,deepseek_formal,True,1500.0,S,True,True,True
E2,e2_61d5807191c1523a5fee:C,I3,deepseek_formal,True,1500.0,C,True,True,True
E2,e2_61d5807191c1523a5fee:C2,I3,deepseek_formal,True,1500.0,C2,True,True,True
E2,e2_61d5807191c1523a5fee:K,I3,deepseek_formal,True,1500.0,K,True,True,True
E2,e2_61d5807191c1523a5fee:M,I3,deepseek_formal,True,5750.0,M,True,True,True
E2,e2_61d5807191c1523a5fee:S,I3,deepseek_formal,True,1500.0,S,True,True,True
E2,e2_6213528b8f5da5312322:C,I3,deepseek_formal,True,1200.0,C,True,True,True
E2,e2_6213528b8f5da5312322:C2,I3,deepseek_formal,True,1200.0,C2,True,True,True
E2,e2_6213528b8f5da5312322:K,I3,deepseek_formal,True,0.0,K,False,False,False
E2,e2_6213528b8f5da5312322:M,I3,deepseek_formal,True,0.0,M,False,False,False
E2,e2_6213528b8f5da5312322:S,I3,deepseek_formal,True,1200.0,S,True,True,True
E2,e2_644ef7bd10c11e69c0ce:C,I3,qwen_flash,True,4400.0,C,True,True,True
E2,e2_644ef7bd10c11e69c0ce:C2,I3,qwen_flash,True,4400.0,C2,True,True,True
E2,e2_644ef7bd10c11e69c0ce:K,I3,qwen_flash,True,4400.0,K,True,True,True
E2,e2_644ef7bd10c11e69c0ce:M,I3,qwen_flash,False,0.0,M,False,False,False
E2,e2_644ef7bd10c11e69c0ce:S,I3,qwen_flash,True,4400.0,S,True,True,True
E2,e2_649f28b744dcc16f78c1:C,I3,deepseek_formal,True,1500.0,C,True,True,True
E2,e2_649f28b744dcc16f78c1:C2,I3,deepseek_formal,True,1500.0,C2,True,True,True
E2,e2_649f28b744dcc16f78c1:K,I3,deepseek_formal,True,1500.0,K,True,True,True
E2,e2_649f28b744dcc16f78c1:M,I3,deepseek_formal,True,0.0,M,False,False,False
E2,e2_649f28b744dcc16f78c1:S,I3,deepseek_formal,True,1500.0,S,True,True,True
E2,e2_651d879c2ad085c01a9f:C,I3,deepseek_formal,True,1500.0,C,True,True,True
E2,e2_651d879c2ad085c01a9f:C2,I3,deepseek_formal,True,1500.0,C2,True,True,True
E2,e2_651d879c2ad085c01a9f:K,I3,deepseek_formal,True,0.0,K,False,False,False
E2,e2_651d879c2ad085c01a9f:M,I3,deepseek_formal,True,5750.0,M,True,True,True
E2,e2_651d879c2ad085c01a9f:S,I3,deepseek_formal,True,1500.0,S,True,True,True
E2,e2_65901c291a70713e4e36:C,I3,qwen_flash,False,0.0,C,False,False,False
E2,e2_65901c291a70713e4e36:C2,I3,qwen_flash,True,4250.0,C2,True,True,True
E2,e2_65901c291a70713e4e36:K,I3,qwen_flash,True,4250.0,K,True,True,True
E2,e2_65901c291a70713e4e36:M,I3,qwen_flash,True,5125.0,M,True,True,True
E2,e2_65901c291a70713e4e36:S,I3,qwen_flash,True,4250.0,S,True,True,True
E2,e2_65b79d0e45b4d7f15caf:C,I3,qwen_flash,True,5500.0,C,True,True,True
E2,e2_65b79d0e45b4d7f15caf:C2,I3,qwen_flash,True,5500.0,C2,True,True,True
E2,e2_65b79d0e45b4d7f15caf:K,I3,qwen_flash,True,5460.0,K,True,True,True
E2,e2_65b79d0e45b4d7f15caf:M,I3,qwen_flash,False,0.0,M,False,False,False
E2,e2_65b79d0e45b4d7f15caf:S,I3,qwen_flash,True,5500.0,S,True,True,True
E2,e2_6640b846334fd77c1ff2:C,I3,qwen_flash,True,4250.0,C,True,True,True
E2,e2_6640b846334fd77c1ff2:C2,I3,qwen_flash,False,0.0,C2,False,False,False
E2,e2_6640b846334fd77c1ff2:K,I3,qwen_flash,False,0.0,K,False,False,False
E2,e2_6640b846334fd77c1ff2:M,I3,qwen_flash,False,0.0,M,False,False,False
E2,e2_6640b846334fd77c1ff2:S,I3,qwen_flash,True,4250.0,S,True,True,True
E2,e2_67342f1a46d45563156c:C,I3,qwen_flash,True,5500.0,C,True,True,True
E2,e2_67342f1a46d45563156c:C2,I3,qwen_flash,True,5500.0,C2,True,True,True
E2,e2_67342f1a46d45563156c:K,I3,qwen_flash,True,5500.0,K,True,True,True
E2,e2_67342f1a46d45563156c:M,I3,qwen_flash,True,5750.0,M,True,True,True
E2,e2_67342f1a46d45563156c:S,I3,qwen_flash,True,5500.0,S,True,True,True
E2,e2_67c7332af6e786822cac:C,I3,deepseek_formal,True,0.0,C,False,False,False
E2,e2_67c7332af6e786822cac:C2,I3,deepseek_formal,True,1500.0,C2,True,True,True
E2,e2_67c7332af6e786822cac:K,I3,deepseek_formal,True,0.0,K,False,False,False
E2,e2_67c7332af6e786822cac:M,I3,deepseek_formal,True,5750.0,M,True,True,True
E2,e2_67c7332af6e786822cac:S,I3,deepseek_formal,True,1500.0,S,True,True,True
E2,e2_67ede2b5a2f3063eb795:C,I3,qwen_flash,False,0.0,C,False,False,False
E2,e2_67ede2b5a2f3063eb795:C2,I3,qwen_flash,False,0.0,C2,False,False,False
E2,e2_67ede2b5a2f3063eb795:K,I3,qwen_flash,False,0.0,K,False,False,False
E2,e2_67ede2b5a2f3063eb795:M,I3,qwen_flash,False,0.0,M,False,False,False
E2,e2_67ede2b5a2f3063eb795:S,I3,qwen_flash,False,0.0,S,False,False,False
E2,e2_691124e055a6f9b53721:C,I3,qwen_flash,True,5250.0,C,True,True,True
E2,e2_691124e055a6f9b53721:C2,I3,qwen_flash,True,5250.0,C2,True,True,True
E2,e2_691124e055a6f9b53721:K,I3,qwen_flash,True,4990.0,K,True,True,True
E2,e2_691124e055a6f9b53721:M,I3,qwen_flash,True,5365.0,M,True,True,True
E2,e2_691124e055a6f9b53721:S,I3,qwen_flash,True,5250.0,S,True,True,True
E2,e2_69802c65335c4e365510:C,I3,qwen_flash,False,0.0,C,False,False,False
E2,e2_69802c65335c4e365510:C2,I3,qwen_flash,False,0.0,C2,False,False,False
E2,e2_69802c65335c4e365510:K,I3,qwen_flash,False,0.0,K,False,False,False
E2,e2_69802c65335c4e365510:M,I3,qwen_flash,False,0.0,M,False,False,False
E2,e2_69802c65335c4e365510:S,I3,qwen_flash,True,5375.0,S,True,True,True
E2,e2_6b33366c3e6fa1a29213:C,I3,deepseek_formal,True,1500.0,C,True,True,True
E2,e2_6b33366c3e6fa1a29213:C2,I3,deepseek_formal,True,1500.0,C2,True,True,True
E2,e2_6b33366c3e6fa1a29213:K,I3,deepseek_formal,True,0.0,K,False,False,False
E2,e2_6b33366c3e6fa1a29213:M,I3,deepseek_formal,True,0.0,M,False,False,False
E2,e2_6b33366c3e6fa1a29213:S,I3,deepseek_formal,True,1500.0,S,True,True,True
E2,e2_6d6996d072a223d281db:C,I3,deepseek_formal,True,0.0,C,False,False,False
E2,e2_6d6996d072a223d281db:C2,I3,deepseek_formal,True,0.0,C2,False,False,False
E2,e2_6d6996d072a223d281db:K,I3,deepseek_formal,True,1500.0,K,True,True,True
E2,e2_6d6996d072a223d281db:M,I3,deepseek_formal,False,0.0,M,False,False,False
E2,e2_6d6996d072a223d281db:S,I3,deepseek_formal,True,1500.0,S,True,True,True
E2,e2_6dbae5f572332e834478:C,I3,deepseek_formal,True,0.0,C,False,False,False
E2,e2_6dbae5f572332e834478:C2,I3,deepseek_formal,True,1500.0,C2,True,True,True
E2,e2_6dbae5f572332e834478:K,I3,deepseek_formal,True,0.0,K,False,False,False
E2,e2_6dbae5f572332e834478:M,I3,deepseek_formal,True,0.0,M,False,False,False
E2,e2_6dbae5f572332e834478:S,I3,deepseek_formal,True,1500.0,S,True,True,True
E2,e2_6dc335de89c2633db32e:C,I3,deepseek_formal,True,1200.0,C,True,True,True
E2,e2_6dc335de89c2633db32e:C2,I3,deepseek_formal,True,1200.0,C2,True,True,True
E2,e2_6dc335de89c2633db32e:K,I3,deepseek_formal,True,0.0,K,False,False,False
E2,e2_6dc335de89c2633db32e:M,I3,deepseek_formal,True,5750.0,M,True,True,True
E2,e2_6dc335de89c2633db32e:S,I3,deepseek_formal,True,1200.0,S,True,True,True
E2,e2_7110eda0c9791ec1cc0d:C,I3,qwen_flash,False,0.0,C,False,False,False
E2,e2_7110eda0c9791ec1cc0d:C2,I3,qwen_flash,False,0.0,C2,False,False,False
E2,e2_7110eda0c9791ec1cc0d:K,I3,qwen_flash,False,0.0,K,False,False,False
E2,e2_7110eda0c9791ec1cc0d:M,I3,qwen_flash,True,5562.5,M,True,True,True
E2,e2_7110eda0c9791ec1cc0d:S,I3,qwen_flash,False,0.0,S,False,False,False
E2,e2_713be5b3106af1ba8f57:C,I3,qwen_flash,False,0.0,C,False,False,False
E2,e2_713be5b3106af1ba8f57:C2,I3,qwen_flash,False,0.0,C2,False,False,False
E2,e2_713be5b3106af1ba8f57:K,I3,qwen_flash,False,0.0,K,False,False,False
E2,e2_713be5b3106af1ba8f57:M,I3,qwen_flash,False,0.0,M,False,False,False
E2,e2_713be5b3106af1ba8f57:S,I3,qwen_flash,False,0.0,S,False,False,False
E2,e2_719fe01476cb896bdbb6:C,I3,qwen_flash,True,5250.0,C,True,True,True
E2,e2_719fe01476cb896bdbb6:C2,I3,qwen_flash,True,5250.0,C2,True,True,True
E2,e2_719fe01476cb896bdbb6:K,I3,qwen_flash,True,5250.0,K,True,True,True
E2,e2_719fe01476cb896bdbb6:M,I3,qwen_flash,False,5625.0,M,False,False,False
E2,e2_719fe01476cb896bdbb6:S,I3,qwen_flash,True,5250.0,S,True,True,True
E2,e2_71abc98872ef4a0c84f9:C,I3,qwen_flash,True,5500.0,C,True,True,True
E2,e2_71abc98872ef4a0c84f9:C2,I3,qwen_flash,True,5500.0,C2,True,True,True
E2,e2_71abc98872ef4a0c84f9:K,I3,qwen_flash,True,5500.0,K,True,True,True
E2,e2_71abc98872ef4a0c84f9:M,I3,qwen_flash,True,5500.0,M,True,True,True
E2,e2_71abc98872ef4a0c84f9:S,I3,qwen_flash,True,5500.0,S,True,True,True
E2,e2_7240c950772c8acf8b6c:C,I3,deepseek_formal,True,1500.0,C,True,True,True
E2,e2_7240c950772c8acf8b6c:C2,I3,deepseek_formal,True,1500.0,C2,True,True,True
E2,e2_7240c950772c8acf8b6c:K,I3,deepseek_formal,True,1500.0,K,True,True,True
E2,e2_7240c950772c8acf8b6c:M,I3,deepseek_formal,True,0.0,M,False,False,False
E2,e2_7240c950772c8acf8b6c:S,I3,deepseek_formal,True,1500.0,S,True,True,True
E2,e2_73c38ce493b25f265197:C,I3,qwen_flash,False,0.0,C,False,False,False
E2,e2_73c38ce493b25f265197:C2,I3,qwen_flash,True,4250.0,C2,True,True,True
E2,e2_73c38ce493b25f265197:K,I3,qwen_flash,False,0.0,K,False,False,False
E2,e2_73c38ce493b25f265197:M,I3,qwen_flash,False,0.0,M,False,False,False
E2,e2_73c38ce493b25f265197:S,I3,qwen_flash,True,4250.0,S,True,True,True
E2,e2_7450c56cd4dea38c0ac5:C,I3,qwen_flash,True,4125.0,C,True,True,True
E2,e2_7450c56cd4dea38c0ac5:C2,I3,qwen_flash,False,0.0,C2,False,False,False
E2,e2_7450c56cd4dea38c0ac5:K,I3,qwen_flash,False,0.0,K,False,False,False
E2,e2_7450c56cd4dea38c0ac5:M,I3,qwen_flash,False,0.0,M,False,False,False
E2,e2_7450c56cd4dea38c0ac5:S,I3,qwen_flash,False,0.0,S,False,False,False
E2,e2_768a6c385276ad932aaa:C,I3,qwen_flash,True,700.0,C,True,True,True
E2,e2_768a6c385276ad932aaa:C2,I3,qwen_flash,True,700.0,C2,True,True,True
E2,e2_768a6c385276ad932aaa:K,I3,qwen_flash,True,700.0,K,True,True,True
E2,e2_768a6c385276ad932aaa:M,I3,qwen_flash,True,5500.0,M,True,True,True
E2,e2_768a6c385276ad932aaa:S,I3,qwen_flash,True,5400.0,S,True,True,True
E2,e2_76d6b0efe08b9ec0311a:C,I3,deepseek_formal,False,0.0,C,False,False,False
E2,e2_76d6b0efe08b9ec0311a:C2,I3,deepseek_formal,True,1500.0,C2,True,True,True
E2,e2_76d6b0efe08b9ec0311a:K,I3,deepseek_formal,True,0.0,K,False,False,False
E2,e2_76d6b0efe08b9ec0311a:M,I3,deepseek_formal,False,0.0,M,False,False,False
E2,e2_76d6b0efe08b9ec0311a:S,I3,deepseek_formal,True,1500.0,S,True,True,True
E2,e2_7983bc5f06b845bc5f02:C,I3,deepseek_formal,True,1500.0,C,True,True,True
E2,e2_7983bc5f06b845bc5f02:C2,I3,deepseek_formal,True,1500.0,C2,True,True,True
E2,e2_7983bc5f06b845bc5f02:K,I3,deepseek_formal,True,1500.0,K,True,True,True
E2,e2_7983bc5f06b845bc5f02:M,I3,deepseek_formal,False,0.0,M,False,False,False
E2,e2_7983bc5f06b845bc5f02:S,I3,deepseek_formal,True,1500.0,S,True,True,True
E2,e2_79abbc426509dfb6b80d:C,I3,qwen_flash,False,0.0,C,False,False,False
E2,e2_79abbc426509dfb6b80d:C2,I3,qwen_flash,False,0.0,C2,False,False,False
E2,e2_79abbc426509dfb6b80d:K,I3,qwen_flash,False,0.0,K,False,False,False
E2,e2_79abbc426509dfb6b80d:M,I3,qwen_flash,False,0.0,M,False,False,False
E2,e2_79abbc426509dfb6b80d:S,I3,qwen_flash,False,0.0,S,False,False,False
E2,e2_7a129e7115a73de39edb:C,I3,deepseek_formal,True,1500.0,C,True,True,True
E2,e2_7a129e7115a73de39edb:C2,I3,deepseek_formal,True,1500.0,C2,True,True,True
E2,e2_7a129e7115a73de39edb:K,I3,deepseek_formal,True,1500.0,K,True,True,True
E2,e2_7a129e7115a73de39edb:M,I3,deepseek_formal,True,5750.0,M,True,True,True
E2,e2_7a129e7115a73de39edb:S,I3,deepseek_formal,True,1500.0,S,True,True,True
E2,e2_7b30e8be901368c9892c:C,I3,deepseek_formal,True,1500.0,C,True,True,True
E2,e2_7b30e8be901368c9892c:C2,I3,deepseek_formal,True,1500.0,C2,True,True,True
E2,e2_7b30e8be901368c9892c:K,I3,deepseek_formal,True,1500.0,K,True,True,True
E2,e2_7b30e8be901368c9892c:M,I3,deepseek_formal,True,5375.0,M,True,True,True
E2,e2_7b30e8be901368c9892c:S,I3,deepseek_formal,True,1500.0,S,True,True,True
E2,e2_7badcd2a0da1904de5eb:C,I3,qwen_flash,True,5250.0,C,True,True,True
E2,e2_7badcd2a0da1904de5eb:C2,I3,qwen_flash,True,5250.0,C2,True,True,True
E2,e2_7badcd2a0da1904de5eb:K,I3,qwen_flash,True,5250.0,K,True,True,True
E2,e2_7badcd2a0da1904de5eb:M,I3,qwen_flash,True,5625.0,M,True,True,True
E2,e2_7badcd2a0da1904de5eb:S,I3,qwen_flash,True,5250.0,S,True,True,True
E2,e2_7c0eb439583b3c4aa40e:C,I3,qwen_flash,False,0.0,C,False,False,False
E2,e2_7c0eb439583b3c4aa40e:C2,I3,qwen_flash,False,0.0,C2,False,False,False
E2,e2_7c0eb439583b3c4aa40e:K,I3,qwen_flash,True,4375.0,K,True,True,True
E2,e2_7c0eb439583b3c4aa40e:M,I3,qwen_flash,False,0.0,M,False,False,False
E2,e2_7c0eb439583b3c4aa40e:S,I3,qwen_flash,True,4375.0,S,True,True,True
E2,e2_7c1a29d4f96b558f2b16:C,I3,qwen_flash,False,0.0,C,False,False,False
E2,e2_7c1a29d4f96b558f2b16:C2,I3,qwen_flash,False,0.0,C2,False,False,False
E2,e2_7c1a29d4f96b558f2b16:K,I3,qwen_flash,False,0.0,K,False,False,False
E2,e2_7c1a29d4f96b558f2b16:M,I3,qwen_flash,False,0.0,M,False,False,False
E2,e2_7c1a29d4f96b558f2b16:S,I3,qwen_flash,False,0.0,S,False,False,False
E2,e2_7e5a5f8b6d173d924fdd:C,I3,qwen_flash,False,0.0,C,False,False,False
E2,e2_7e5a5f8b6d173d924fdd:C2,I3,qwen_flash,False,0.0,C2,False,False,False
E2,e2_7e5a5f8b6d173d924fdd:K,I3,qwen_flash,False,0.0,K,False,False,False
E2,e2_7e5a5f8b6d173d924fdd:M,I3,qwen_flash,False,0.0,M,False,False,False
E2,e2_7e5a5f8b6d173d924fdd:S,I3,qwen_flash,False,0.0,S,False,False,False
E2,e2_7e84e995f299c21ce021:C,I3,deepseek_formal,True,1500.0,C,True,True,True
E2,e2_7e84e995f299c21ce021:C2,I3,deepseek_formal,True,1500.0,C2,True,True,True
E2,e2_7e84e995f299c21ce021:K,I3,deepseek_formal,True,1500.0,K,True,True,True
E2,e2_7e84e995f299c21ce021:M,I3,deepseek_formal,True,0.0,M,False,False,False
E2,e2_7e84e995f299c21ce021:S,I3,deepseek_formal,True,1500.0,S,True,True,True
E2,e2_7ec718d3cb3fe4e45e62:C,I3,qwen_flash,True,5500.0,C,True,True,True
E2,e2_7ec718d3cb3fe4e45e62:C2,I3,qwen_flash,True,5500.0,C2,True,True,True
E2,e2_7ec718d3cb3fe4e45e62:K,I3,qwen_flash,True,5500.0,K,True,True,True
E2,e2_7ec718d3cb3fe4e45e62:M,I3,qwen_flash,True,5500.0,M,True,True,True
E2,e2_7ec718d3cb3fe4e45e62:S,I3,qwen_flash,True,5500.0,S,True,True,True
E2,e2_7ed9142e23f23e7dc119:C,I3,qwen_flash,False,0.0,C,False,False,False
E2,e2_7ed9142e23f23e7dc119:C2,I3,qwen_flash,False,0.0,C2,False,False,False
E2,e2_7ed9142e23f23e7dc119:K,I3,qwen_flash,False,0.0,K,False,False,False
E2,e2_7ed9142e23f23e7dc119:M,I3,qwen_flash,False,0.0,M,False,False,False
E2,e2_7ed9142e23f23e7dc119:S,I3,qwen_flash,False,0.0,S,False,False,False
E2,e2_7f814dce08a6b34f4663:C,I3,qwen_flash,False,0.0,C,False,False,False
E2,e2_7f814dce08a6b34f4663:C2,I3,qwen_flash,False,0.0,C2,False,False,False
E2,e2_7f814dce08a6b34f4663:K,I3,qwen_flash,False,0.0,K,False,False,False
E2,e2_7f814dce08a6b34f4663:M,I3,qwen_flash,False,0.0,M,False,False,False
E2,e2_7f814dce08a6b34f4663:S,I3,qwen_flash,False,0.0,S,False,False,False
E2,e2_808f80fcf81d7f05b86a:C,I3,deepseek_formal,True,1500.0,C,True,True,True
E2,e2_808f80fcf81d7f05b86a:C2,I3,deepseek_formal,True,1500.0,C2,True,True,True
E2,e2_808f80fcf81d7f05b86a:K,I3,deepseek_formal,True,0.0,K,False,False,False
E2,e2_808f80fcf81d7f05b86a:M,I3,deepseek_formal,False,0.0,M,False,False,False
E2,e2_808f80fcf81d7f05b86a:S,I3,deepseek_formal,True,1500.0,S,True,True,True
E2,e2_80d33ab2908a0e73a53c:C,I3,deepseek_formal,True,1500.0,C,True,True,True
E2,e2_80d33ab2908a0e73a53c:C2,I3,deepseek_formal,True,1500.0,C2,True,True,True
E2,e2_80d33ab2908a0e73a53c:K,I3,deepseek_formal,True,0.0,K,False,False,False
E2,e2_80d33ab2908a0e73a53c:M,I3,deepseek_formal,True,0.0,M,False,False,False
E2,e2_80d33ab2908a0e73a53c:S,I3,deepseek_formal,True,1500.0,S,True,True,True
E2,e2_81271b0ae6c378648fc8:C,I3,qwen_flash,False,0.0,C,False,False,False
E2,e2_81271b0ae6c378648fc8:C2,I3,qwen_flash,False,0.0,C2,False,False,False
E2,e2_81271b0ae6c378648fc8:K,I3,qwen_flash,True,5225.0,K,True,True,True
E2,e2_81271b0ae6c378648fc8:M,I3,qwen_flash,False,0.0,M,False,False,False
E2,e2_81271b0ae6c378648fc8:S,I3,qwen_flash,False,0.0,S,False,False,False
E2,e2_81849b5a165133d1706f:C,I3,deepseek_formal,True,1500.0,C,True,True,True
E2,e2_81849b5a165133d1706f:C2,I3,deepseek_formal,True,1500.0,C2,True,True,True
E2,e2_81849b5a165133d1706f:K,I3,deepseek_formal,True,1500.0,K,True,True,True
E2,e2_81849b5a165133d1706f:M,I3,deepseek_formal,True,0.0,M,False,False,False
E2,e2_81849b5a165133d1706f:S,I3,deepseek_formal,True,1500.0,S,True,True,True
E2,e2_8326f33a2e054c22683e:C,I3,deepseek_formal,True,1500.0,C,True,True,True
E2,e2_8326f33a2e054c22683e:C2,I3,deepseek_formal,True,1500.0,C2,True,True,True
E2,e2_8326f33a2e054c22683e:K,I3,deepseek_formal,True,1500.0,K,True,True,True
E2,e2_8326f33a2e054c22683e:M,I3,deepseek_formal,True,5500.0,M,True,True,True
E2,e2_8326f33a2e054c22683e:S,I3,deepseek_formal,True,1500.0,S,True,True,True
E2,e2_84425ce7d88ee6bac9eb:C,I3,deepseek_formal,True,1500.0,C,True,True,True
E2,e2_84425ce7d88ee6bac9eb:C2,I3,deepseek_formal,True,1500.0,C2,True,True,True
E2,e2_84425ce7d88ee6bac9eb:K,I3,deepseek_formal,True,0.0,K,False,False,False
E2,e2_84425ce7d88ee6bac9eb:M,I3,deepseek_formal,True,0.0,M,False,False,False
E2,e2_84425ce7d88ee6bac9eb:S,I3,deepseek_formal,True,1500.0,S,True,True,True
E2,e2_84b8e5c7ea6de0aec036:C,I3,deepseek_formal,True,1500.0,C,True,True,True
E2,e2_84b8e5c7ea6de0aec036:C2,I3,deepseek_formal,True,1500.0,C2,True,True,True
E2,e2_84b8e5c7ea6de0aec036:K,I3,deepseek_formal,True,5500.0,K,True,True,True
E2,e2_84b8e5c7ea6de0aec036:M,I3,deepseek_formal,True,5750.0,M,True,True,True
E2,e2_84b8e5c7ea6de0aec036:S,I3,deepseek_formal,True,1500.0,S,True,True,True
E2,e2_8513581a380403ee4d95:C,I3,qwen_flash,True,4683.19898,C,True,True,True
E2,e2_8513581a380403ee4d95:C2,I3,qwen_flash,True,4675.0,C2,True,True,True
E2,e2_8513581a380403ee4d95:K,I3,qwen_flash,False,0.0,K,False,False,False
E2,e2_8513581a380403ee4d95:M,I3,qwen_flash,True,5500.0,M,True,True,True
E2,e2_8513581a380403ee4d95:S,I3,qwen_flash,False,0.0,S,False,False,False
E2,e2_85b5282105b4eb80a3da:C,I3,qwen_flash,True,3410.0,C,True,True,True
E2,e2_85b5282105b4eb80a3da:C2,I3,qwen_flash,True,3305.0,C2,True,True,True
E2,e2_85b5282105b4eb80a3da:K,I3,qwen_flash,True,3410.0,K,True,True,True
E2,e2_85b5282105b4eb80a3da:M,I3,qwen_flash,True,3410.0,M,True,True,True
E2,e2_85b5282105b4eb80a3da:S,I3,qwen_flash,True,3410.0,S,True,True,True
E2,e2_85b97682a331729ddb22:C,I3,qwen_flash,False,0.0,C,False,False,False
E2,e2_85b97682a331729ddb22:C2,I3,qwen_flash,False,0.0,C2,False,False,False
E2,e2_85b97682a331729ddb22:K,I3,qwen_flash,False,0.0,K,False,False,False
E2,e2_85b97682a331729ddb22:M,I3,qwen_flash,False,0.0,M,False,False,False
E2,e2_85b97682a331729ddb22:S,I3,qwen_flash,False,0.0,S,False,False,False
E2,e2_85e5da33d32530fa8778:C,I3,qwen_flash,False,0.0,C,False,False,False
E2,e2_85e5da33d32530fa8778:C2,I3,qwen_flash,False,0.0,C2,False,False,False
E2,e2_85e5da33d32530fa8778:K,I3,qwen_flash,False,0.0,K,False,False,False
E2,e2_85e5da33d32530fa8778:M,I3,qwen_flash,False,0.0,M,False,False,False
E2,e2_85e5da33d32530fa8778:S,I3,qwen_flash,False,0.0,S,False,False,False
E2,e2_864ce5b32976d5b7b9fa:C,I3,qwen_flash,False,0.0,C,False,False,False
E2,e2_864ce5b32976d5b7b9fa:C2,I3,qwen_flash,False,0.0,C2,False,False,False
E2,e2_864ce5b32976d5b7b9fa:K,I3,qwen_flash,False,0.0,K,False,False,False
E2,e2_864ce5b32976d5b7b9fa:M,I3,qwen_flash,False,0.0,M,False,False,False
E2,e2_864ce5b32976d5b7b9fa:S,I3,qwen_flash,False,0.0,S,False,False,False
E2,e2_8695bf06ca1e1f751b3e:C,I3,qwen_flash,False,0.0,C,False,False,False
E2,e2_8695bf06ca1e1f751b3e:C2,I3,qwen_flash,False,0.0,C2,False,False,False
E2,e2_8695bf06ca1e1f751b3e:K,I3,qwen_flash,False,0.0,K,False,False,False
E2,e2_8695bf06ca1e1f751b3e:M,I3,qwen_flash,False,0.0,M,False,False,False
E2,e2_8695bf06ca1e1f751b3e:S,I3,qwen_flash,False,0.0,S,False,False,False
E2,e2_86b7fcd5b30b114691c9:C,I3,qwen_flash,True,4250.0,C,True,True,True
E2,e2_86b7fcd5b30b114691c9:C2,I3,qwen_flash,True,4250.0,C2,True,True,True
E2,e2_86b7fcd5b30b114691c9:K,I3,qwen_flash,True,4250.0,K,True,True,True
E2,e2_86b7fcd5b30b114691c9:M,I3,qwen_flash,True,5125.0,M,True,True,True
E2,e2_86b7fcd5b30b114691c9:S,I3,qwen_flash,True,4250.0,S,True,True,True
E2,e2_86c6ad76d830e62ba5b7:C,I3,qwen_flash,True,5500.0,C,True,True,True
E2,e2_86c6ad76d830e62ba5b7:C2,I3,qwen_flash,True,5500.0,C2,True,True,True
E2,e2_86c6ad76d830e62ba5b7:K,I3,qwen_flash,True,5500.0,K,True,True,True
E2,e2_86c6ad76d830e62ba5b7:M,I3,qwen_flash,True,5500.0,M,True,True,True
E2,e2_86c6ad76d830e62ba5b7:S,I3,qwen_flash,True,5500.0,S,True,True,True
E2,e2_870f71017aeb0d795ccf:C,I3,deepseek_formal,True,1380.0,C,True,True,True
E2,e2_870f71017aeb0d795ccf:C2,I3,deepseek_formal,False,0.0,C2,False,False,False
E2,e2_870f71017aeb0d795ccf:K,I3,deepseek_formal,True,0.0,K,False,False,False
E2,e2_870f71017aeb0d795ccf:M,I3,deepseek_formal,True,0.0,M,False,False,False
E2,e2_870f71017aeb0d795ccf:S,I3,deepseek_formal,True,1380.0,S,True,True,True
E2,e2_8825335c5cf237a33242:C,I3,qwen_flash,True,5500.0,C,True,True,True
E2,e2_8825335c5cf237a33242:C2,I3,qwen_flash,True,5500.0,C2,True,True,True
E2,e2_8825335c5cf237a33242:K,I3,qwen_flash,True,5500.0,K,True,True,True
E2,e2_8825335c5cf237a33242:M,I3,qwen_flash,True,5500.0,M,True,True,True
E2,e2_8825335c5cf237a33242:S,I3,qwen_flash,True,5500.0,S,True,True,True
E2,e2_88490d8225cf0e2ee5bf:C,I3,deepseek_formal,False,0.0,C,False,False,False
E2,e2_88490d8225cf0e2ee5bf:C2,I3,deepseek_formal,True,1500.0,C2,True,True,True
E2,e2_88490d8225cf0e2ee5bf:K,I3,deepseek_formal,True,0.0,K,False,False,False
E2,e2_88490d8225cf0e2ee5bf:M,I3,deepseek_formal,False,0.0,M,False,False,False
E2,e2_88490d8225cf0e2ee5bf:S,I3,deepseek_formal,True,1500.0,S,True,True,True
E2,e2_88d247a46988dd63c3a3:C,I3,qwen_flash,False,0.0,C,False,False,False
E2,e2_88d247a46988dd63c3a3:C2,I3,qwen_flash,False,0.0,C2,False,False,False
E2,e2_88d247a46988dd63c3a3:K,I3,qwen_flash,False,0.0,K,False,False,False
E2,e2_88d247a46988dd63c3a3:M,I3,qwen_flash,False,0.0,M,False,False,False
E2,e2_88d247a46988dd63c3a3:S,I3,qwen_flash,False,0.0,S,False,False,False
E2,e2_8ba26de712fd9c4d1222:C,I3,deepseek_formal,True,1500.0,C,True,True,True
E2,e2_8ba26de712fd9c4d1222:C2,I3,deepseek_formal,True,1500.0,C2,True,True,True
E2,e2_8ba26de712fd9c4d1222:K,I3,deepseek_formal,True,1500.0,K,True,True,True
E2,e2_8ba26de712fd9c4d1222:M,I3,deepseek_formal,True,5375.0,M,True,True,True
E2,e2_8ba26de712fd9c4d1222:S,I3,deepseek_formal,True,1500.0,S,True,True,True
E2,e2_8c6a3d9d69af9231e2c0:C,I3,deepseek_formal,True,1500.0,C,True,True,True
E2,e2_8c6a3d9d69af9231e2c0:C2,I3,deepseek_formal,True,1500.0,C2,True,True,True
E2,e2_8c6a3d9d69af9231e2c0:K,I3,deepseek_formal,True,1500.0,K,True,True,True
E2,e2_8c6a3d9d69af9231e2c0:M,I3,deepseek_formal,True,0.0,M,False,False,False
E2,e2_8c6a3d9d69af9231e2c0:S,I3,deepseek_formal,True,1500.0,S,True,True,True
E2,e2_8f0e384471920c8b61da:C,I3,deepseek_formal,True,1500.0,C,True,True,True
E2,e2_8f0e384471920c8b61da:C2,I3,deepseek_formal,True,1500.0,C2,True,True,True
E2,e2_8f0e384471920c8b61da:K,I3,deepseek_formal,True,1500.0,K,True,True,True
E2,e2_8f0e384471920c8b61da:M,I3,deepseek_formal,True,0.0,M,False,False,False
E2,e2_8f0e384471920c8b61da:S,I3,deepseek_formal,True,1500.0,S,True,True,True
E2,e2_8f256c767311df5453a8:C,I3,qwen_flash,False,0.0,C,False,False,False
E2,e2_8f256c767311df5453a8:C2,I3,qwen_flash,False,0.0,C2,False,False,False
E2,e2_8f256c767311df5453a8:K,I3,qwen_flash,False,0.0,K,False,False,False
E2,e2_8f256c767311df5453a8:M,I3,qwen_flash,False,0.0,M,False,False,False
E2,e2_8f256c767311df5453a8:S,I3,qwen_flash,False,0.0,S,False,False,False
E2,e2_901128254817fc54e989:C,I3,qwen_flash,True,5250.0,C,True,True,True
E2,e2_901128254817fc54e989:C2,I3,qwen_flash,True,5250.0,C2,True,True,True
E2,e2_901128254817fc54e989:K,I3,qwen_flash,True,5250.0,K,True,True,True
E2,e2_901128254817fc54e989:M,I3,qwen_flash,True,3860.0,M,True,True,True
E2,e2_901128254817fc54e989:S,I3,qwen_flash,True,5250.0,S,True,True,True
E2,e2_909e4e77215d63a4806b:C,I3,deepseek_formal,True,1500.0,C,True,True,True
E2,e2_909e4e77215d63a4806b:C2,I3,deepseek_formal,True,1500.0,C2,True,True,True
E2,e2_909e4e77215d63a4806b:K,I3,deepseek_formal,True,5000.0,K,True,True,True
E2,e2_909e4e77215d63a4806b:M,I3,deepseek_formal,True,5500.0,M,True,True,True
E2,e2_909e4e77215d63a4806b:S,I3,deepseek_formal,True,1500.0,S,True,True,True
E2,e2_90a33e3c2d0d8e617693:C,I3,deepseek_formal,True,1500.0,C,True,True,True
E2,e2_90a33e3c2d0d8e617693:C2,I3,deepseek_formal,True,1500.0,C2,True,True,True
E2,e2_90a33e3c2d0d8e617693:K,I3,deepseek_formal,True,1500.0,K,True,True,True
E2,e2_90a33e3c2d0d8e617693:M,I3,deepseek_formal,True,5625.0,M,True,True,True
E2,e2_90a33e3c2d0d8e617693:S,I3,deepseek_formal,True,1500.0,S,True,True,True
E2,e2_90b2226fabe63dd14c22:C,I3,qwen_flash,False,0.0,C,False,False,False
E2,e2_90b2226fabe63dd14c22:C2,I3,qwen_flash,False,0.0,C2,False,False,False
E2,e2_90b2226fabe63dd14c22:K,I3,qwen_flash,False,0.0,K,False,False,False
E2,e2_90b2226fabe63dd14c22:M,I3,qwen_flash,False,0.0,M,False,False,False
E2,e2_90b2226fabe63dd14c22:S,I3,qwen_flash,False,0.0,S,False,False,False
E2,e2_90c7455d14c10e7a09b0:C,I3,deepseek_formal,True,1250.0,C,True,True,True
E2,e2_90c7455d14c10e7a09b0:C2,I3,deepseek_formal,True,1500.0,C2,True,True,True
E2,e2_90c7455d14c10e7a09b0:K,I3,deepseek_formal,True,0.0,K,False,False,False
E2,e2_90c7455d14c10e7a09b0:M,I3,deepseek_formal,True,0.0,M,False,False,False
E2,e2_90c7455d14c10e7a09b0:S,I3,deepseek_formal,True,1500.0,S,True,True,True
E2,e2_911cddf89bcfbaeb237c:C,I3,qwen_flash,True,2450.0,C,True,True,True
E2,e2_911cddf89bcfbaeb237c:C2,I3,qwen_flash,False,0.0,C2,False,False,False
E2,e2_911cddf89bcfbaeb237c:K,I3,qwen_flash,True,5000.0,K,True,True,True
E2,e2_911cddf89bcfbaeb237c:M,I3,qwen_flash,False,0.0,M,False,False,False
E2,e2_911cddf89bcfbaeb237c:S,I3,qwen_flash,False,0.0,S,False,False,False
E2,e2_91e3f6bc9a23e5daebb8:C,I3,qwen_flash,False,0.0,C,False,False,False
E2,e2_91e3f6bc9a23e5daebb8:C2,I3,qwen_flash,False,0.0,C2,False,False,False
E2,e2_91e3f6bc9a23e5daebb8:K,I3,qwen_flash,False,0.0,K,False,False,False
E2,e2_91e3f6bc9a23e5daebb8:M,I3,qwen_flash,True,5500.0,M,True,True,True
E2,e2_91e3f6bc9a23e5daebb8:S,I3,qwen_flash,False,0.0,S,False,False,False
E2,e2_920d1229f7ae486597de:C,I3,deepseek_formal,True,1500.0,C,True,True,True
E2,e2_920d1229f7ae486597de:C2,I3,deepseek_formal,True,1500.0,C2,True,True,True
E2,e2_920d1229f7ae486597de:K,I3,deepseek_formal,False,0.0,K,False,False,False
E2,e2_920d1229f7ae486597de:M,I3,deepseek_formal,True,5500.0,M,True,True,True
E2,e2_920d1229f7ae486597de:S,I3,deepseek_formal,True,1500.0,S,True,True,True
E2,e2_921eceb59d211197ced3:C,I3,qwen_flash,True,5125.0,C,True,True,True
E2,e2_921eceb59d211197ced3:C2,I3,qwen_flash,True,5125.0,C2,True,True,True
E2,e2_921eceb59d211197ced3:K,I3,qwen_flash,False,0.0,K,False,False,False
E2,e2_921eceb59d211197ced3:M,I3,qwen_flash,False,0.0,M,False,False,False
E2,e2_921eceb59d211197ced3:S,I3,qwen_flash,True,5125.0,S,True,True,True
E2,e2_93167389c7aabb3a6463:C,I3,qwen_flash,True,5230.0,C,True,True,True
E2,e2_93167389c7aabb3a6463:C2,I3,qwen_flash,False,0.0,C2,False,False,False
E2,e2_93167389c7aabb3a6463:K,I3,qwen_flash,True,4072.5,K,True,True,True
E2,e2_93167389c7aabb3a6463:M,I3,qwen_flash,False,0.0,M,False,False,False
E2,e2_93167389c7aabb3a6463:S,I3,qwen_flash,False,0.0,S,False,False,False
E2,e2_9336ef4b65627293aa52:C,I3,deepseek_formal,True,1200.0,C,True,True,True
E2,e2_9336ef4b65627293aa52:C2,I3,deepseek_formal,True,1200.0,C2,True,True,True
E2,e2_9336ef4b65627293aa52:K,I3,deepseek_formal,True,0.0,K,False,False,False
E2,e2_9336ef4b65627293aa52:M,I3,deepseek_formal,True,0.0,M,False,False,False
E2,e2_9336ef4b65627293aa52:S,I3,deepseek_formal,True,1200.0,S,True,True,True
E2,e2_9344bf31177ec991e5ce:C,I3,deepseek_formal,True,1500.0,C,True,True,True
E2,e2_9344bf31177ec991e5ce:C2,I3,deepseek_formal,True,1500.0,C2,True,True,True
E2,e2_9344bf31177ec991e5ce:K,I3,deepseek_formal,True,1500.0,K,True,True,True
E2,e2_9344bf31177ec991e5ce:M,I3,deepseek_formal,True,5750.0,M,True,True,True
E2,e2_9344bf31177ec991e5ce:S,I3,deepseek_formal,True,1500.0,S,True,True,True
E2,e2_939887ce8b21b60a13f7:C,I3,qwen_flash,False,0.0,C,False,False,False
E2,e2_939887ce8b21b60a13f7:C2,I3,qwen_flash,False,0.0,C2,False,False,False
E2,e2_939887ce8b21b60a13f7:K,I3,qwen_flash,False,0.0,K,False,False,False
E2,e2_939887ce8b21b60a13f7:M,I3,qwen_flash,False,0.0,M,False,False,False
E2,e2_939887ce8b21b60a13f7:S,I3,qwen_flash,False,0.0,S,False,False,False
E2,e2_939f0eec9febdcdfd55e:C,I3,qwen_flash,False,0.0,C,False,False,False
E2,e2_939f0eec9febdcdfd55e:C2,I3,qwen_flash,False,0.0,C2,False,False,False
E2,e2_939f0eec9febdcdfd55e:K,I3,qwen_flash,False,0.0,K,False,False,False
E2,e2_939f0eec9febdcdfd55e:M,I3,qwen_flash,True,5625.0,M,True,True,True
E2,e2_939f0eec9febdcdfd55e:S,I3,qwen_flash,True,5250.0,S,True,True,True
E2,e2_93f1bf502392e1ea2e39:C,I3,qwen_flash,False,0.0,C,False,False,False
E2,e2_93f1bf502392e1ea2e39:C2,I3,qwen_flash,False,0.0,C2,False,False,False
E2,e2_93f1bf502392e1ea2e39:K,I3,qwen_flash,False,0.0,K,False,False,False
E2,e2_93f1bf502392e1ea2e39:M,I3,qwen_flash,False,0.0,M,False,False,False
E2,e2_93f1bf502392e1ea2e39:S,I3,qwen_flash,False,0.0,S,False,False,False
E2,e2_95ac31bd243d9a9a19c8:C,I3,deepseek_formal,True,5000.0,C,True,True,True
E2,e2_95ac31bd243d9a9a19c8:C2,I3,deepseek_formal,True,5000.0,C2,True,True,True
E2,e2_95ac31bd243d9a9a19c8:K,I3,deepseek_formal,True,5000.0,K,True,True,True
E2,e2_95ac31bd243d9a9a19c8:M,I3,deepseek_formal,True,5500.0,M,True,True,True
E2,e2_95ac31bd243d9a9a19c8:S,I3,deepseek_formal,True,5000.0,S,True,True,True
E2,e2_98c5df792b04d5084e4b:C,I3,qwen_flash,True,5500.0,C,True,True,True
E2,e2_98c5df792b04d5084e4b:C2,I3,qwen_flash,True,5500.0,C2,True,True,True
E2,e2_98c5df792b04d5084e4b:K,I3,qwen_flash,True,4600.0,K,True,True,True
E2,e2_98c5df792b04d5084e4b:M,I3,qwen_flash,True,5750.0,M,True,True,True
E2,e2_98c5df792b04d5084e4b:S,I3,qwen_flash,True,5500.0,S,True,True,True
E2,e2_98d2d96c0f2135b39ead:C,I3,deepseek_formal,True,1500.0,C,True,True,True
E2,e2_98d2d96c0f2135b39ead:C2,I3,deepseek_formal,True,1500.0,C2,True,True,True
E2,e2_98d2d96c0f2135b39ead:K,I3,deepseek_formal,True,1500.0,K,True,True,True
E2,e2_98d2d96c0f2135b39ead:M,I3,deepseek_formal,True,0.0,M,False,False,False
E2,e2_98d2d96c0f2135b39ead:S,I3,deepseek_formal,True,1500.0,S,True,True,True
E2,e2_991e31341d949f87b913:C,I3,deepseek_formal,True,1500.0,C,True,True,True
E2,e2_991e31341d949f87b913:C2,I3,deepseek_formal,True,1500.0,C2,True,True,True
E2,e2_991e31341d949f87b913:K,I3,deepseek_formal,True,1500.0,K,True,True,True
E2,e2_991e31341d949f87b913:M,I3,deepseek_formal,True,875.0,M,True,True,True
E2,e2_991e31341d949f87b913:S,I3,deepseek_formal,True,1500.0,S,True,True,True
E2,e2_9924d686e5da2245b439:C,I3,deepseek_formal,True,1500.0,C,True,True,True
E2,e2_9924d686e5da2245b439:C2,I3,deepseek_formal,True,1500.0,C2,True,True,True
E2,e2_9924d686e5da2245b439:K,I3,deepseek_formal,True,1500.0,K,True,True,True
E2,e2_9924d686e5da2245b439:M,I3,deepseek_formal,True,5625.0,M,True,True,True
E2,e2_9924d686e5da2245b439:S,I3,deepseek_formal,True,1500.0,S,True,True,True
E2,e2_9957a4f33d86c7eaa181:C,I3,deepseek_formal,True,5000.0,C,True,True,True
E2,e2_9957a4f33d86c7eaa181:C2,I3,deepseek_formal,True,5000.0,C2,True,True,True
E2,e2_9957a4f33d86c7eaa181:K,I3,deepseek_formal,True,5000.0,K,True,True,True
E2,e2_9957a4f33d86c7eaa181:M,I3,deepseek_formal,True,5500.0,M,True,True,True
E2,e2_9957a4f33d86c7eaa181:S,I3,deepseek_formal,True,5000.0,S,True,True,True
E2,e2_9a437543b1ced0ab7a9e:C,I3,qwen_flash,True,5450.0,C,True,True,True
E2,e2_9a437543b1ced0ab7a9e:C2,I3,qwen_flash,True,750.0,C2,True,True,True
E2,e2_9a437543b1ced0ab7a9e:K,I3,qwen_flash,True,5500.0,K,True,True,True
E2,e2_9a437543b1ced0ab7a9e:M,I3,qwen_flash,True,5500.0,M,True,True,True
E2,e2_9a437543b1ced0ab7a9e:S,I3,qwen_flash,True,5400.0,S,True,True,True
E2,e2_9ad5ab72410195c55724:C,I3,qwen_flash,True,4175.0,C,True,True,True
E2,e2_9ad5ab72410195c55724:C2,I3,qwen_flash,True,4075.0,C2,True,True,True
E2,e2_9ad5ab72410195c55724:K,I3,qwen_flash,False,0.0,K,False,False,False
E2,e2_9ad5ab72410195c55724:M,I3,qwen_flash,False,0.0,M,False,False,False
E2,e2_9ad5ab72410195c55724:S,I3,qwen_flash,True,4200.0,S,True,True,True
E2,e2_9afe34ee353df5668450:C,I3,deepseek_formal,True,1380.0,C,True,True,True
E2,e2_9afe34ee353df5668450:C2,I3,deepseek_formal,True,1380.0,C2,True,True,True
E2,e2_9afe34ee353df5668450:K,I3,deepseek_formal,True,0.0,K,False,False,False
E2,e2_9afe34ee353df5668450:M,I3,deepseek_formal,True,0.0,M,False,False,False
E2,e2_9afe34ee353df5668450:S,I3,deepseek_formal,True,1380.0,S,True,True,True
E2,e2_9cb3a8666b2c1dbe857e:C,I3,qwen_flash,False,0.0,C,False,False,False
E2,e2_9cb3a8666b2c1dbe857e:C2,I3,qwen_flash,False,0.0,C2,False,False,False
E2,e2_9cb3a8666b2c1dbe857e:K,I3,qwen_flash,False,0.0,K,False,False,False
E2,e2_9cb3a8666b2c1dbe857e:M,I3,qwen_flash,False,0.0,M,False,False,False
E2,e2_9cb3a8666b2c1dbe857e:S,I3,qwen_flash,False,0.0,S,False,False,False
E2,e2_9f96d52e9b5a0cc0ed6e:C,I3,deepseek_formal,True,1500.0,C,True,True,True
E2,e2_9f96d52e9b5a0cc0ed6e:C2,I3,deepseek_formal,True,1500.0,C2,True,True,True
E2,e2_9f96d52e9b5a0cc0ed6e:K,I3,deepseek_formal,True,1500.0,K,True,True,True
E2,e2_9f96d52e9b5a0cc0ed6e:M,I3,deepseek_formal,True,5625.0,M,True,True,True
E2,e2_9f96d52e9b5a0cc0ed6e:S,I3,deepseek_formal,True,1500.0,S,True,True,True
E2,e2_a04507f7575a0c6834b1:C,I3,deepseek_formal,True,1500.0,C,True,True,True
E2,e2_a04507f7575a0c6834b1:C2,I3,deepseek_formal,True,1500.0,C2,True,True,True
E2,e2_a04507f7575a0c6834b1:K,I3,deepseek_formal,True,1500.0,K,True,True,True
E2,e2_a04507f7575a0c6834b1:M,I3,deepseek_formal,True,0.0,M,False,False,False
E2,e2_a04507f7575a0c6834b1:S,I3,deepseek_formal,False,0.0,S,False,False,False
E2,e2_a0fdaad3f507309315a5:C,I3,deepseek_formal,True,930.0,C,True,True,True
E2,e2_a0fdaad3f507309315a5:C2,I3,deepseek_formal,True,930.0,C2,True,True,True
E2,e2_a0fdaad3f507309315a5:K,I3,deepseek_formal,True,930.0,K,True,True,True
E2,e2_a0fdaad3f507309315a5:M,I3,deepseek_formal,True,0.0,M,False,False,False
E2,e2_a0fdaad3f507309315a5:S,I3,deepseek_formal,True,930.0,S,True,True,True
E2,e2_a10570a347fddf72eade:C,I3,qwen_flash,False,0.0,C,False,False,False
E2,e2_a10570a347fddf72eade:C2,I3,qwen_flash,False,0.0,C2,False,False,False
E2,e2_a10570a347fddf72eade:K,I3,qwen_flash,False,0.0,K,False,False,False
E2,e2_a10570a347fddf72eade:M,I3,qwen_flash,False,0.0,M,False,False,False
E2,e2_a10570a347fddf72eade:S,I3,qwen_flash,False,0.0,S,False,False,False
E2,e2_a15743c9157f913b505e:C,I3,deepseek_formal,True,1500.0,C,True,True,True
E2,e2_a15743c9157f913b505e:C2,I3,deepseek_formal,True,1500.0,C2,True,True,True
E2,e2_a15743c9157f913b505e:K,I3,deepseek_formal,True,1500.0,K,True,True,True
E2,e2_a15743c9157f913b505e:M,I3,deepseek_formal,False,0.0,M,False,False,False
E2,e2_a15743c9157f913b505e:S,I3,deepseek_formal,True,1500.0,S,True,True,True
E2,e2_a1bfae08083c0365908c:C,I3,qwen_flash,True,5500.0,C,True,True,True
E2,e2_a1bfae08083c0365908c:C2,I3,qwen_flash,True,5500.0,C2,True,True,True
E2,e2_a1bfae08083c0365908c:K,I3,qwen_flash,True,5500.0,K,True,True,True
E2,e2_a1bfae08083c0365908c:M,I3,qwen_flash,True,5500.0,M,True,True,True
E2,e2_a1bfae08083c0365908c:S,I3,qwen_flash,True,5500.0,S,True,True,True
E2,e2_a242ad835eb937301095:C,I3,deepseek_formal,True,1500.0,C,True,True,True
E2,e2_a242ad835eb937301095:C2,I3,deepseek_formal,True,1500.0,C2,True,True,True
E2,e2_a242ad835eb937301095:K,I3,deepseek_formal,True,1500.0,K,True,True,True
E2,e2_a242ad835eb937301095:M,I3,deepseek_formal,True,5500.0,M,True,True,True
E2,e2_a242ad835eb937301095:S,I3,deepseek_formal,True,1500.0,S,True,True,True
E2,e2_a354b22873d22fb13ef4:C,I3,deepseek_formal,True,1500.0,C,True,True,True
E2,e2_a354b22873d22fb13ef4:C2,I3,deepseek_formal,True,1500.0,C2,True,True,True
E2,e2_a354b22873d22fb13ef4:K,I3,deepseek_formal,True,1500.0,K,True,True,True
E2,e2_a354b22873d22fb13ef4:M,I3,deepseek_formal,True,5500.0,M,True,True,True
E2,e2_a354b22873d22fb13ef4:S,I3,deepseek_formal,True,1500.0,S,True,True,True
E2,e2_a5107958e8e09c1c4f53:C,I3,deepseek_formal,True,1500.0,C,True,True,True
E2,e2_a5107958e8e09c1c4f53:C2,I3,deepseek_formal,True,1500.0,C2,True,True,True
E2,e2_a5107958e8e09c1c4f53:K,I3,deepseek_formal,True,0.0,K,False,False,False
E2,e2_a5107958e8e09c1c4f53:M,I3,deepseek_formal,True,0.0,M,False,False,False
E2,e2_a5107958e8e09c1c4f53:S,I3,deepseek_formal,True,1500.0,S,True,True,True
E2,e2_a55473827146c58ac561:C,I3,qwen_flash,True,5500.0,C,True,True,True
E2,e2_a55473827146c58ac561:C2,I3,qwen_flash,True,5500.0,C2,True,True,True
E2,e2_a55473827146c58ac561:K,I3,qwen_flash,True,5500.0,K,True,True,True
E2,e2_a55473827146c58ac561:M,I3,qwen_flash,True,5500.0,M,True,True,True
E2,e2_a55473827146c58ac561:S,I3,qwen_flash,True,5500.0,S,True,True,True
E2,e2_a69b414cdf0a17172341:C,I3,qwen_flash,False,0.0,C,False,False,False
E2,e2_a69b414cdf0a17172341:C2,I3,qwen_flash,False,0.0,C2,False,False,False
E2,e2_a69b414cdf0a17172341:K,I3,qwen_flash,True,4875.0,K,True,True,True
E2,e2_a69b414cdf0a17172341:M,I3,qwen_flash,False,0.0,M,False,False,False
E2,e2_a69b414cdf0a17172341:S,I3,qwen_flash,False,0.0,S,False,False,False
E2,e2_a6a17f7f3bf29f8488c8:C,I3,qwen_flash,False,0.0,C,False,False,False
E2,e2_a6a17f7f3bf29f8488c8:C2,I3,qwen_flash,False,0.0,C2,False,False,False
E2,e2_a6a17f7f3bf29f8488c8:K,I3,qwen_flash,False,0.0,K,False,False,False
E2,e2_a6a17f7f3bf29f8488c8:M,I3,qwen_flash,False,0.0,M,False,False,False
E2,e2_a6a17f7f3bf29f8488c8:S,I3,qwen_flash,False,0.0,S,False,False,False
E2,e2_a6ec0531db0f5c7942cd:C,I3,qwen_flash,False,0.0,C,False,False,False
E2,e2_a6ec0531db0f5c7942cd:C2,I3,qwen_flash,False,0.0,C2,False,False,False
E2,e2_a6ec0531db0f5c7942cd:K,I3,qwen_flash,False,0.0,K,False,False,False
E2,e2_a6ec0531db0f5c7942cd:M,I3,qwen_flash,False,0.0,M,False,False,False
E2,e2_a6ec0531db0f5c7942cd:S,I3,qwen_flash,False,0.0,S,False,False,False
E2,e2_a97c5f5e0f7680194e9d:C,I3,deepseek_formal,True,1500.0,C,True,True,True
E2,e2_a97c5f5e0f7680194e9d:C2,I3,deepseek_formal,True,1500.0,C2,True,True,True
E2,e2_a97c5f5e0f7680194e9d:K,I3,deepseek_formal,True,1500.0,K,True,True,True
E2,e2_a97c5f5e0f7680194e9d:M,I3,deepseek_formal,True,0.0,M,False,False,False
E2,e2_a97c5f5e0f7680194e9d:S,I3,deepseek_formal,True,1500.0,S,True,True,True
E2,e2_aa3160df66b2fdbc70fe:C,I3,deepseek_formal,True,1500.0,C,True,True,True
E2,e2_aa3160df66b2fdbc70fe:C2,I3,deepseek_formal,True,1500.0,C2,True,True,True
E2,e2_aa3160df66b2fdbc70fe:K,I3,deepseek_formal,True,1500.0,K,True,True,True
E2,e2_aa3160df66b2fdbc70fe:M,I3,deepseek_formal,True,0.0,M,False,False,False
E2,e2_aa3160df66b2fdbc70fe:S,I3,deepseek_formal,True,1500.0,S,True,True,True
E2,e2_aaa0f90a182fd97065ca:C,I3,qwen_flash,True,4500.0,C,True,True,True
E2,e2_aaa0f90a182fd97065ca:C2,I3,qwen_flash,True,5000.0,C2,True,True,True
E2,e2_aaa0f90a182fd97065ca:K,I3,qwen_flash,True,4250.0,K,True,True,True
E2,e2_aaa0f90a182fd97065ca:M,I3,qwen_flash,True,1450.0,M,True,True,True
E2,e2_aaa0f90a182fd97065ca:S,I3,qwen_flash,True,4400.0,S,True,True,True
E2,e2_ab0383e8654a9174e80b:C,I3,deepseek_formal,True,930.0,C,True,True,True
E2,e2_ab0383e8654a9174e80b:C2,I3,deepseek_formal,True,930.0,C2,True,True,True
E2,e2_ab0383e8654a9174e80b:K,I3,deepseek_formal,True,0.0,K,False,False,False
E2,e2_ab0383e8654a9174e80b:M,I3,deepseek_formal,True,0.0,M,False,False,False
E2,e2_ab0383e8654a9174e80b:S,I3,deepseek_formal,True,930.0,S,True,True,True
E2,e2_ab38e3c7ffaf6b5f91f6:C,I3,qwen_flash,True,4200.0,C,True,True,True
E2,e2_ab38e3c7ffaf6b5f91f6:C2,I3,qwen_flash,True,4200.0,C2,True,True,True
E2,e2_ab38e3c7ffaf6b5f91f6:K,I3,qwen_flash,True,4200.0,K,True,True,True
E2,e2_ab38e3c7ffaf6b5f91f6:M,I3,qwen_flash,True,4550.0,M,True,True,True
E2,e2_ab38e3c7ffaf6b5f91f6:S,I3,qwen_flash,False,0.0,S,False,False,False
E2,e2_acc9305ba25f52697a7c:C,I3,deepseek_formal,True,1500.0,C,True,True,True
E2,e2_acc9305ba25f52697a7c:C2,I3,deepseek_formal,True,1500.0,C2,True,True,True
E2,e2_acc9305ba25f52697a7c:K,I3,deepseek_formal,True,1500.0,K,True,True,True
E2,e2_acc9305ba25f52697a7c:M,I3,deepseek_formal,True,0.0,M,False,False,False
E2,e2_acc9305ba25f52697a7c:S,I3,deepseek_formal,True,1500.0,S,True,True,True
E2,e2_acfbfc2b7bbb4bbafccb:C,I3,deepseek_formal,True,1500.0,C,True,True,True
E2,e2_acfbfc2b7bbb4bbafccb:C2,I3,deepseek_formal,True,1500.0,C2,True,True,True
E2,e2_acfbfc2b7bbb4bbafccb:K,I3,deepseek_formal,True,1500.0,K,True,True,True
E2,e2_acfbfc2b7bbb4bbafccb:M,I3,deepseek_formal,True,5625.0,M,True,True,True
E2,e2_acfbfc2b7bbb4bbafccb:S,I3,deepseek_formal,True,1500.0,S,True,True,True
E2,e2_ad988b029fcf861e9170:C,I3,qwen_flash,True,3500.0,C,True,True,True
E2,e2_ad988b029fcf861e9170:C2,I3,qwen_flash,True,3100.0,C2,True,True,True
E2,e2_ad988b029fcf861e9170:K,I3,qwen_flash,True,3500.0,K,True,True,True
E2,e2_ad988b029fcf861e9170:M,I3,qwen_flash,True,5500.0,M,True,True,True
E2,e2_ad988b029fcf861e9170:S,I3,qwen_flash,True,700.0,S,True,True,True
E2,e2_adffadd7222cb6a85313:C,I3,qwen_flash,False,0.0,C,False,False,False
E2,e2_adffadd7222cb6a85313:C2,I3,qwen_flash,False,0.0,C2,False,False,False
E2,e2_adffadd7222cb6a85313:K,I3,qwen_flash,False,0.0,K,False,False,False
E2,e2_adffadd7222cb6a85313:M,I3,qwen_flash,False,0.0,M,False,False,False
E2,e2_adffadd7222cb6a85313:S,I3,qwen_flash,False,0.0,S,False,False,False
E2,e2_aea91382759a01a8bf34:C,I3,qwen_flash,True,5125.0,C,True,True,True
E2,e2_aea91382759a01a8bf34:C2,I3,qwen_flash,True,5125.0,C2,True,True,True
E2,e2_aea91382759a01a8bf34:K,I3,qwen_flash,False,0.0,K,False,False,False
E2,e2_aea91382759a01a8bf34:M,I3,qwen_flash,False,0.0,M,False,False,False
E2,e2_aea91382759a01a8bf34:S,I3,qwen_flash,False,0.0,S,False,False,False
E2,e2_aebdf2ad663f5b562d47:C,I3,qwen_flash,False,0.0,C,False,False,False
E2,e2_aebdf2ad663f5b562d47:C2,I3,qwen_flash,False,0.0,C2,False,False,False
E2,e2_aebdf2ad663f5b562d47:K,I3,qwen_flash,False,0.0,K,False,False,False
E2,e2_aebdf2ad663f5b562d47:M,I3,qwen_flash,False,0.0,M,False,False,False
E2,e2_aebdf2ad663f5b562d47:S,I3,qwen_flash,True,5250.0,S,True,True,True
E2,e2_b118bea4bf1c420fe79c:C,I3,qwen_flash,False,0.0,C,False,False,False
E2,e2_b118bea4bf1c420fe79c:C2,I3,qwen_flash,False,0.0,C2,False,False,False
E2,e2_b118bea4bf1c420fe79c:K,I3,qwen_flash,False,0.0,K,False,False,False
E2,e2_b118bea4bf1c420fe79c:M,I3,qwen_flash,False,0.0,M,False,False,False
E2,e2_b118bea4bf1c420fe79c:S,I3,qwen_flash,False,0.0,S,False,False,False
E2,e2_b1753603b297765e16dd:C,I3,deepseek_formal,True,1500.0,C,True,True,True
E2,e2_b1753603b297765e16dd:C2,I3,deepseek_formal,True,1500.0,C2,True,True,True
E2,e2_b1753603b297765e16dd:K,I3,deepseek_formal,True,1500.0,K,True,True,True
E2,e2_b1753603b297765e16dd:M,I3,deepseek_formal,True,0.0,M,False,False,False
E2,e2_b1753603b297765e16dd:S,I3,deepseek_formal,True,1500.0,S,True,True,True
E2,e2_b207300ca02daae35cbe:C,I3,qwen_flash,False,0.0,C,False,False,False
E2,e2_b207300ca02daae35cbe:C2,I3,qwen_flash,False,0.0,C2,False,False,False
E2,e2_b207300ca02daae35cbe:K,I3,qwen_flash,False,0.0,K,False,False,False
E2,e2_b207300ca02daae35cbe:M,I3,qwen_flash,False,0.0,M,False,False,False
E2,e2_b207300ca02daae35cbe:S,I3,qwen_flash,False,0.0,S,False,False,False
E2,e2_b308640e2ba48b9bc65c:C,I3,qwen_flash,True,4125.0,C,True,True,True
E2,e2_b308640e2ba48b9bc65c:C2,I3,qwen_flash,True,4125.0,C2,True,True,True
E2,e2_b308640e2ba48b9bc65c:K,I3,qwen_flash,False,0.0,K,False,False,False
E2,e2_b308640e2ba48b9bc65c:M,I3,qwen_flash,False,0.0,M,False,False,False
E2,e2_b308640e2ba48b9bc65c:S,I3,qwen_flash,True,4125.0,S,True,True,True
E2,e2_b3b643d9d8174b89b1b9:C,I3,deepseek_formal,True,1380.0,C,True,True,True
E2,e2_b3b643d9d8174b89b1b9:C2,I3,deepseek_formal,True,1380.0,C2,True,True,True
E2,e2_b3b643d9d8174b89b1b9:K,I3,deepseek_formal,True,0.0,K,False,False,False
E2,e2_b3b643d9d8174b89b1b9:M,I3,deepseek_formal,True,0.0,M,False,False,False
E2,e2_b3b643d9d8174b89b1b9:S,I3,deepseek_formal,True,1380.0,S,True,True,True
E2,e2_b63ecaa6a8148e808b7e:C,I3,deepseek_formal,True,1500.0,C,True,True,True
E2,e2_b63ecaa6a8148e808b7e:C2,I3,deepseek_formal,True,1500.0,C2,True,True,True
E2,e2_b63ecaa6a8148e808b7e:K,I3,deepseek_formal,True,0.0,K,False,False,False
E2,e2_b63ecaa6a8148e808b7e:M,I3,deepseek_formal,True,0.0,M,False,False,False
E2,e2_b63ecaa6a8148e808b7e:S,I3,deepseek_formal,True,1500.0,S,True,True,True
E2,e2_b77bf161ee0cf9f4e969:C,I3,deepseek_formal,True,1200.0,C,True,True,True
E2,e2_b77bf161ee0cf9f4e969:C2,I3,deepseek_formal,True,1200.0,C2,True,True,True
E2,e2_b77bf161ee0cf9f4e969:K,I3,deepseek_formal,True,0.0,K,False,False,False
E2,e2_b77bf161ee0cf9f4e969:M,I3,deepseek_formal,True,0.0,M,False,False,False
E2,e2_b77bf161ee0cf9f4e969:S,I3,deepseek_formal,True,1200.0,S,True,True,True
E2,e2_b7f790b0b3db2ac4b950:C,I3,deepseek_formal,True,1380.0,C,True,True,True
E2,e2_b7f790b0b3db2ac4b950:C2,I3,deepseek_formal,True,1380.0,C2,True,True,True
E2,e2_b7f790b0b3db2ac4b950:K,I3,deepseek_formal,True,0.0,K,False,False,False
E2,e2_b7f790b0b3db2ac4b950:M,I3,deepseek_formal,True,0.0,M,False,False,False
E2,e2_b7f790b0b3db2ac4b950:S,I3,deepseek_formal,True,1380.0,S,True,True,True
E2,e2_bb83ca866c4f3f13c2f5:C,I3,qwen_flash,False,0.0,C,False,False,False
E2,e2_bb83ca866c4f3f13c2f5:C2,I3,qwen_flash,False,0.0,C2,False,False,False
E2,e2_bb83ca866c4f3f13c2f5:K,I3,qwen_flash,False,0.0,K,False,False,False
E2,e2_bb83ca866c4f3f13c2f5:M,I3,qwen_flash,False,0.0,M,False,False,False
E2,e2_bb83ca866c4f3f13c2f5:S,I3,qwen_flash,False,0.0,S,False,False,False
E2,e2_bc71b1ee996cc4fbc556:C,I3,qwen_flash,False,0.0,C,False,False,False
E2,e2_bc71b1ee996cc4fbc556:C2,I3,qwen_flash,False,0.0,C2,False,False,False
E2,e2_bc71b1ee996cc4fbc556:K,I3,qwen_flash,False,0.0,K,False,False,False
E2,e2_bc71b1ee996cc4fbc556:M,I3,qwen_flash,False,0.0,M,False,False,False
E2,e2_bc71b1ee996cc4fbc556:S,I3,qwen_flash,False,0.0,S,False,False,False
E2,e2_be0f4c8c06414478db70:C,I3,deepseek_formal,True,0.0,C,False,False,False
E2,e2_be0f4c8c06414478db70:C2,I3,deepseek_formal,True,0.0,C2,False,False,False
E2,e2_be0f4c8c06414478db70:K,I3,deepseek_formal,True,720.0,K,True,True,True
E2,e2_be0f4c8c06414478db70:M,I3,deepseek_formal,True,1500.0,M,True,True,True
E2,e2_be0f4c8c06414478db70:S,I3,deepseek_formal,True,1500.0,S,True,True,True
E2,e2_bf32454cd821c7aa2140:C,I3,deepseek_formal,True,0.0,C,False,False,False
E2,e2_bf32454cd821c7aa2140:C2,I3,deepseek_formal,True,1500.0,C2,True,True,True
E2,e2_bf32454cd821c7aa2140:K,I3,deepseek_formal,True,0.0,K,False,False,False
E2,e2_bf32454cd821c7aa2140:M,I3,deepseek_formal,True,0.0,M,False,False,False
E2,e2_bf32454cd821c7aa2140:S,I3,deepseek_formal,True,1500.0,S,True,True,True
E2,e2_bf721fa777bb86bd7477:C,I3,qwen_flash,True,4250.0,C,True,True,True
E2,e2_bf721fa777bb86bd7477:C2,I3,qwen_flash,False,0.0,C2,False,False,False
E2,e2_bf721fa777bb86bd7477:K,I3,qwen_flash,False,0.0,K,False,False,False
E2,e2_bf721fa777bb86bd7477:M,I3,qwen_flash,True,5125.0,M,True,True,True
E2,e2_bf721fa777bb86bd7477:S,I3,qwen_flash,False,0.0,S,False,False,False
E2,e2_bfd7b58536a3ceead150:C,I3,qwen_flash,True,5125.0,C,True,True,True
E2,e2_bfd7b58536a3ceead150:C2,I3,qwen_flash,False,0.0,C2,False,False,False
E2,e2_bfd7b58536a3ceead150:K,I3,qwen_flash,True,5125.0,K,True,True,True
E2,e2_bfd7b58536a3ceead150:M,I3,qwen_flash,False,0.0,M,False,False,False
E2,e2_bfd7b58536a3ceead150:S,I3,qwen_flash,False,0.0,S,False,False,False
E2,e2_c00f644eded92750732f:C,I3,qwen_flash,False,0.0,C,False,False,False
E2,e2_c00f644eded92750732f:C2,I3,qwen_flash,False,0.0,C2,False,False,False
E2,e2_c00f644eded92750732f:K,I3,qwen_flash,False,0.0,K,False,False,False
E2,e2_c00f644eded92750732f:M,I3,qwen_flash,False,0.0,M,False,False,False
E2,e2_c00f644eded92750732f:S,I3,qwen_flash,False,0.0,S,False,False,False
E2,e2_c02bae2bc0b6f9ddcf25:C,I3,qwen_flash,True,5460.0,C,True,True,True
E2,e2_c02bae2bc0b6f9ddcf25:C2,I3,qwen_flash,True,5460.0,C2,True,True,True
E2,e2_c02bae2bc0b6f9ddcf25:K,I3,qwen_flash,True,5500.0,K,True,True,True
E2,e2_c02bae2bc0b6f9ddcf25:M,I3,qwen_flash,True,5500.0,M,True,True,True
E2,e2_c02bae2bc0b6f9ddcf25:S,I3,qwen_flash,True,5080.0,S,True,True,True
E2,e2_c05945bd151b80cb9375:C,I3,qwen_flash,True,5060.0,C,True,True,True
E2,e2_c05945bd151b80cb9375:C2,I3,qwen_flash,True,5060.0,C2,True,True,True
E2,e2_c05945bd151b80cb9375:K,I3,qwen_flash,True,5060.0,K,True,True,True
E2,e2_c05945bd151b80cb9375:M,I3,qwen_flash,True,5060.0,M,True,True,True
E2,e2_c05945bd151b80cb9375:S,I3,qwen_flash,True,5060.0,S,True,True,True
E2,e2_c0848f97ecbfe6f4dbc0:C,I3,deepseek_formal,True,1500.0,C,True,True,True
E2,e2_c0848f97ecbfe6f4dbc0:C2,I3,deepseek_formal,True,0.0,C2,False,False,False
E2,e2_c0848f97ecbfe6f4dbc0:K,I3,deepseek_formal,True,0.0,K,False,False,False
E2,e2_c0848f97ecbfe6f4dbc0:M,I3,deepseek_formal,True,0.0,M,False,False,False
E2,e2_c0848f97ecbfe6f4dbc0:S,I3,deepseek_formal,True,1500.0,S,True,True,True
E2,e2_c17d4bf8f4f7fdceaccf:C,I3,deepseek_formal,True,1500.0,C,True,True,True
E2,e2_c17d4bf8f4f7fdceaccf:C2,I3,deepseek_formal,True,1500.0,C2,True,True,True
E2,e2_c17d4bf8f4f7fdceaccf:K,I3,deepseek_formal,True,0.0,K,False,False,False
E2,e2_c17d4bf8f4f7fdceaccf:M,I3,deepseek_formal,True,0.0,M,False,False,False
E2,e2_c17d4bf8f4f7fdceaccf:S,I3,deepseek_formal,True,1500.0,S,True,True,True
E2,e2_c1d3a4bbeefbdac2ec92:C,I3,qwen_flash,True,5250.0,C,True,True,True
E2,e2_c1d3a4bbeefbdac2ec92:C2,I3,qwen_flash,False,0.0,C2,False,False,False
E2,e2_c1d3a4bbeefbdac2ec92:K,I3,qwen_flash,True,5250.0,K,True,True,True
E2,e2_c1d3a4bbeefbdac2ec92:M,I3,qwen_flash,False,0.0,M,False,False,False
E2,e2_c1d3a4bbeefbdac2ec92:S,I3,qwen_flash,True,5250.0,S,True,True,True
E2,e2_c26ed9b917a0b5bb78f3:C,I3,qwen_flash,False,0.0,C,False,False,False
E2,e2_c26ed9b917a0b5bb78f3:C2,I3,qwen_flash,False,0.0,C2,False,False,False
E2,e2_c26ed9b917a0b5bb78f3:K,I3,qwen_flash,True,3812.5,K,True,True,True
E2,e2_c26ed9b917a0b5bb78f3:M,I3,qwen_flash,False,0.0,M,False,False,False
E2,e2_c26ed9b917a0b5bb78f3:S,I3,qwen_flash,True,3812.5,S,True,True,True
E2,e2_c281c2f7e0e70476c494:C,I3,qwen_flash,True,5250.0,C,True,True,True
E2,e2_c281c2f7e0e70476c494:C2,I3,qwen_flash,False,0.0,C2,False,False,False
E2,e2_c281c2f7e0e70476c494:K,I3,qwen_flash,True,5250.0,K,True,True,True
E2,e2_c281c2f7e0e70476c494:M,I3,qwen_flash,True,5625.0,M,True,True,True
E2,e2_c281c2f7e0e70476c494:S,I3,qwen_flash,True,5250.0,S,True,True,True
E2,e2_c3038563bae74236e188:C,I3,qwen_flash,False,0.0,C,False,False,False
E2,e2_c3038563bae74236e188:C2,I3,qwen_flash,False,0.0,C2,False,False,False
E2,e2_c3038563bae74236e188:K,I3,qwen_flash,False,0.0,K,False,False,False
E2,e2_c3038563bae74236e188:M,I3,qwen_flash,True,5500.0,M,True,True,True
E2,e2_c3038563bae74236e188:S,I3,qwen_flash,False,0.0,S,False,False,False
E2,e2_c358925e214035c17850:C,I3,qwen_flash,False,0.0,C,False,False,False
E2,e2_c358925e214035c17850:C2,I3,qwen_flash,True,5250.0,C2,True,True,True
E2,e2_c358925e214035c17850:K,I3,qwen_flash,False,0.0,K,False,False,False
E2,e2_c358925e214035c17850:M,I3,qwen_flash,False,0.0,M,False,False,False
E2,e2_c358925e214035c17850:S,I3,qwen_flash,True,5250.0,S,True,True,True
E2,e2_c47a0f1d7f5a12d96fa6:C,I3,qwen_flash,True,500.0,C,True,True,True
E2,e2_c47a0f1d7f5a12d96fa6:C2,I3,qwen_flash,True,3350.0,C2,True,True,True
E2,e2_c47a0f1d7f5a12d96fa6:K,I3,qwen_flash,True,4350.0,K,True,True,True
E2,e2_c47a0f1d7f5a12d96fa6:M,I3,qwen_flash,True,4400.0,M,True,True,True
E2,e2_c47a0f1d7f5a12d96fa6:S,I3,qwen_flash,True,800.0,S,True,True,True
E2,e2_c533208d2c13ca2c5dfb:C,I3,qwen_flash,False,0.0,C,False,False,False
E2,e2_c533208d2c13ca2c5dfb:C2,I3,qwen_flash,False,0.0,C2,False,False,False
E2,e2_c533208d2c13ca2c5dfb:K,I3,qwen_flash,False,0.0,K,False,False,False
E2,e2_c533208d2c13ca2c5dfb:M,I3,qwen_flash,False,0.0,M,False,False,False
E2,e2_c533208d2c13ca2c5dfb:S,I3,qwen_flash,False,0.0,S,False,False,False
E2,e2_c54918a5e8b6f61b9472:C,I3,qwen_flash,True,5500.0,C,True,True,True
E2,e2_c54918a5e8b6f61b9472:C2,I3,qwen_flash,True,5500.0,C2,True,True,True
E2,e2_c54918a5e8b6f61b9472:K,I3,qwen_flash,True,5500.0,K,True,True,True
E2,e2_c54918a5e8b6f61b9472:M,I3,qwen_flash,True,5500.0,M,True,True,True
E2,e2_c54918a5e8b6f61b9472:S,I3,qwen_flash,True,5500.0,S,True,True,True
E2,e2_c64a97ed3236abc69ce3:C,I3,qwen_flash,False,0.0,C,False,False,False
E2,e2_c64a97ed3236abc69ce3:C2,I3,qwen_flash,False,0.0,C2,False,False,False
E2,e2_c64a97ed3236abc69ce3:K,I3,qwen_flash,False,0.0,K,False,False,False
E2,e2_c64a97ed3236abc69ce3:M,I3,qwen_flash,False,0.0,M,False,False,False
E2,e2_c64a97ed3236abc69ce3:S,I3,qwen_flash,False,0.0,S,False,False,False
E2,e2_c6dc787a0391efdb6db2:C,I3,deepseek_formal,True,1200.0,C,True,True,True
E2,e2_c6dc787a0391efdb6db2:C2,I3,deepseek_formal,True,1200.0,C2,True,True,True
E2,e2_c6dc787a0391efdb6db2:K,I3,deepseek_formal,True,0.0,K,False,False,False
E2,e2_c6dc787a0391efdb6db2:M,I3,deepseek_formal,True,5750.0,M,True,True,True
E2,e2_c6dc787a0391efdb6db2:S,I3,deepseek_formal,True,1200.0,S,True,True,True
E2,e2_c772d68d6c0e603d88ca:C,I3,deepseek_formal,True,1500.0,C,True,True,True
E2,e2_c772d68d6c0e603d88ca:C2,I3,deepseek_formal,True,1500.0,C2,True,True,True
E2,e2_c772d68d6c0e603d88ca:K,I3,deepseek_formal,True,1500.0,K,True,True,True
E2,e2_c772d68d6c0e603d88ca:M,I3,deepseek_formal,False,0.0,M,False,False,False
E2,e2_c772d68d6c0e603d88ca:S,I3,deepseek_formal,True,1500.0,S,True,True,True
E2,e2_c8be77bce4ff9f12ca2b:C,I3,deepseek_formal,True,1200.0,C,True,True,True
E2,e2_c8be77bce4ff9f12ca2b:C2,I3,deepseek_formal,True,1200.0,C2,True,True,True
E2,e2_c8be77bce4ff9f12ca2b:K,I3,deepseek_formal,True,1200.0,K,True,True,True
E2,e2_c8be77bce4ff9f12ca2b:M,I3,deepseek_formal,False,0.0,M,False,False,False
E2,e2_c8be77bce4ff9f12ca2b:S,I3,deepseek_formal,True,1200.0,S,True,True,True
E2,e2_c8c5bdd93d74ddbb1154:C,I3,qwen_flash,False,0.0,C,False,False,False
E2,e2_c8c5bdd93d74ddbb1154:C2,I3,qwen_flash,False,0.0,C2,False,False,False
E2,e2_c8c5bdd93d74ddbb1154:K,I3,qwen_flash,False,0.0,K,False,False,False
E2,e2_c8c5bdd93d74ddbb1154:M,I3,qwen_flash,False,0.0,M,False,False,False
E2,e2_c8c5bdd93d74ddbb1154:S,I3,qwen_flash,True,4250.0,S,True,True,True
E2,e2_c99cf3b0c379da24b83e:C,I3,deepseek_formal,True,1500.0,C,True,True,True
E2,e2_c99cf3b0c379da24b83e:C2,I3,deepseek_formal,True,1500.0,C2,True,True,True
E2,e2_c99cf3b0c379da24b83e:K,I3,deepseek_formal,True,1500.0,K,True,True,True
E2,e2_c99cf3b0c379da24b83e:M,I3,deepseek_formal,False,0.0,M,False,False,False
E2,e2_c99cf3b0c379da24b83e:S,I3,deepseek_formal,True,1500.0,S,True,True,True
E2,e2_c9c9d71b866981c4e677:C,I3,deepseek_formal,True,1500.0,C,True,True,True
E2,e2_c9c9d71b866981c4e677:C2,I3,deepseek_formal,True,1500.0,C2,True,True,True
E2,e2_c9c9d71b866981c4e677:K,I3,deepseek_formal,True,5500.0,K,True,True,True
E2,e2_c9c9d71b866981c4e677:M,I3,deepseek_formal,True,5750.0,M,True,True,True
E2,e2_c9c9d71b866981c4e677:S,I3,deepseek_formal,True,1500.0,S,True,True,True
E2,e2_c9ffc58ce00f1c035cc9:C,I3,deepseek_formal,True,1500.0,C,True,True,True
E2,e2_c9ffc58ce00f1c035cc9:C2,I3,deepseek_formal,True,1500.0,C2,True,True,True
E2,e2_c9ffc58ce00f1c035cc9:K,I3,deepseek_formal,True,1500.0,K,True,True,True
E2,e2_c9ffc58ce00f1c035cc9:M,I3,deepseek_formal,True,0.0,M,False,False,False
E2,e2_c9ffc58ce00f1c035cc9:S,I3,deepseek_formal,True,1500.0,S,True,True,True
E2,e2_ca0c3432f6a809ebc465:C,I3,qwen_flash,False,0.0,C,False,False,False
E2,e2_ca0c3432f6a809ebc465:C2,I3,qwen_flash,False,0.0,C2,False,False,False
E2,e2_ca0c3432f6a809ebc465:K,I3,qwen_flash,False,0.0,K,False,False,False
E2,e2_ca0c3432f6a809ebc465:M,I3,qwen_flash,False,0.0,M,False,False,False
E2,e2_ca0c3432f6a809ebc465:S,I3,qwen_flash,False,0.0,S,False,False,False
E2,e2_ca65ea52f0db57889bd8:C,I3,qwen_flash,True,5460.0,C,True,True,True
E2,e2_ca65ea52f0db57889bd8:C2,I3,qwen_flash,True,5460.0,C2,True,True,True
E2,e2_ca65ea52f0db57889bd8:K,I3,qwen_flash,True,2770.0,K,True,True,True
E2,e2_ca65ea52f0db57889bd8:M,I3,qwen_flash,True,5500.0,M,True,True,True
E2,e2_ca65ea52f0db57889bd8:S,I3,qwen_flash,True,5460.0,S,True,True,True
E2,e2_cb74fac1e34539f7e720:C,I3,qwen_flash,False,0.0,C,False,False,False
E2,e2_cb74fac1e34539f7e720:C2,I3,qwen_flash,False,0.0,C2,False,False,False
E2,e2_cb74fac1e34539f7e720:K,I3,qwen_flash,False,0.0,K,False,False,False
E2,e2_cb74fac1e34539f7e720:M,I3,qwen_flash,False,0.0,M,False,False,False
E2,e2_cb74fac1e34539f7e720:S,I3,qwen_flash,False,0.0,S,False,False,False
E2,e2_cbb3661d69b3ef9ae461:C,I3,qwen_flash,True,4500.0,C,True,True,True
E2,e2_cbb3661d69b3ef9ae461:C2,I3,qwen_flash,True,4500.0,C2,True,True,True
E2,e2_cbb3661d69b3ef9ae461:K,I3,qwen_flash,True,3750.0,K,True,True,True
E2,e2_cbb3661d69b3ef9ae461:M,I3,qwen_flash,True,1600.0,M,True,True,True
E2,e2_cbb3661d69b3ef9ae461:S,I3,qwen_flash,True,4500.0,S,True,True,True
E2,e2_cc59a957d6d261b04bd5:C,I3,qwen_flash,True,3957.7,C,True,True,True
E2,e2_cc59a957d6d261b04bd5:C2,I3,qwen_flash,True,3983.2,C2,True,True,True
E2,e2_cc59a957d6d261b04bd5:K,I3,qwen_flash,False,0.0,K,False,False,False
E2,e2_cc59a957d6d261b04bd5:M,I3,qwen_flash,True,5500.0,M,True,True,True
E2,e2_cc59a957d6d261b04bd5:S,I3,qwen_flash,False,0.0,S,False,False,False
E2,e2_cce1e3d38df193713a3f:C,I3,qwen_flash,False,0.0,C,False,False,False
E2,e2_cce1e3d38df193713a3f:C2,I3,qwen_flash,False,0.0,C2,False,False,False
E2,e2_cce1e3d38df193713a3f:K,I3,qwen_flash,False,0.0,K,False,False,False
E2,e2_cce1e3d38df193713a3f:M,I3,qwen_flash,False,0.0,M,False,False,False
E2,e2_cce1e3d38df193713a3f:S,I3,qwen_flash,False,0.0,S,False,False,False
E2,e2_cfc4484906cafbade775:C,I3,qwen_flash,False,0.0,C,False,False,False
E2,e2_cfc4484906cafbade775:C2,I3,qwen_flash,False,0.0,C2,False,False,False
E2,e2_cfc4484906cafbade775:K,I3,qwen_flash,False,0.0,K,False,False,False
E2,e2_cfc4484906cafbade775:M,I3,qwen_flash,False,0.0,M,False,False,False
E2,e2_cfc4484906cafbade775:S,I3,qwen_flash,False,0.0,S,False,False,False
E2,e2_d125f168d3cf1436d952:C,I3,deepseek_formal,True,1500.0,C,True,True,True
E2,e2_d125f168d3cf1436d952:C2,I3,deepseek_formal,True,1500.0,C2,True,True,True
E2,e2_d125f168d3cf1436d952:K,I3,deepseek_formal,True,0.0,K,False,False,False
E2,e2_d125f168d3cf1436d952:M,I3,deepseek_formal,False,0.0,M,False,False,False
E2,e2_d125f168d3cf1436d952:S,I3,deepseek_formal,True,1500.0,S,True,True,True
E2,e2_d16c53f763ac1cc7fb6b:C,I3,deepseek_formal,True,1500.0,C,True,True,True
E2,e2_d16c53f763ac1cc7fb6b:C2,I3,deepseek_formal,True,1500.0,C2,True,True,True
E2,e2_d16c53f763ac1cc7fb6b:K,I3,deepseek_formal,True,0.0,K,False,False,False
E2,e2_d16c53f763ac1cc7fb6b:M,I3,deepseek_formal,True,0.0,M,False,False,False
E2,e2_d16c53f763ac1cc7fb6b:S,I3,deepseek_formal,False,0.0,S,False,False,False
E2,e2_d183067a7481f118f328:C,I3,deepseek_formal,True,930.0,C,True,True,True
E2,e2_d183067a7481f118f328:C2,I3,deepseek_formal,True,930.0,C2,True,True,True
E2,e2_d183067a7481f118f328:K,I3,deepseek_formal,True,930.0,K,True,True,True
E2,e2_d183067a7481f118f328:M,I3,deepseek_formal,False,0.0,M,False,False,False
E2,e2_d183067a7481f118f328:S,I3,deepseek_formal,True,930.0,S,True,True,True
E2,e2_d1bab1eadac64f71e2a0:C,I3,qwen_flash,True,5460.0,C,True,True,True
E2,e2_d1bab1eadac64f71e2a0:C2,I3,qwen_flash,True,5500.0,C2,True,True,True
E2,e2_d1bab1eadac64f71e2a0:K,I3,qwen_flash,True,5500.0,K,True,True,True
E2,e2_d1bab1eadac64f71e2a0:M,I3,qwen_flash,True,5500.0,M,True,True,True
E2,e2_d1bab1eadac64f71e2a0:S,I3,qwen_flash,True,5080.0,S,True,True,True
E2,e2_d1eebc4f00fb0f1c1ec8:C,I3,deepseek_formal,True,1500.0,C,True,True,True
E2,e2_d1eebc4f00fb0f1c1ec8:C2,I3,deepseek_formal,True,1500.0,C2,True,True,True
E2,e2_d1eebc4f00fb0f1c1ec8:K,I3,deepseek_formal,True,1500.0,K,True,True,True
E2,e2_d1eebc4f00fb0f1c1ec8:M,I3,deepseek_formal,False,0.0,M,False,False,False
E2,e2_d1eebc4f00fb0f1c1ec8:S,I3,deepseek_formal,True,1500.0,S,True,True,True
E2,e2_d26a90684e2ea3fa9f1b:C,I3,deepseek_formal,False,0.0,C,False,False,False
E2,e2_d26a90684e2ea3fa9f1b:C2,I3,deepseek_formal,False,0.0,C2,False,False,False
E2,e2_d26a90684e2ea3fa9f1b:K,I3,deepseek_formal,False,0.0,K,False,False,False
E2,e2_d26a90684e2ea3fa9f1b:M,I3,deepseek_formal,True,0.0,M,False,False,False
E2,e2_d26a90684e2ea3fa9f1b:S,I3,deepseek_formal,False,0.0,S,False,False,False
E2,e2_d383d8122c69e183fb4b:C,I3,qwen_flash,False,0.0,C,False,False,False
E2,e2_d383d8122c69e183fb4b:C2,I3,qwen_flash,False,0.0,C2,False,False,False
E2,e2_d383d8122c69e183fb4b:K,I3,qwen_flash,False,0.0,K,False,False,False
E2,e2_d383d8122c69e183fb4b:M,I3,qwen_flash,False,0.0,M,False,False,False
E2,e2_d383d8122c69e183fb4b:S,I3,qwen_flash,False,0.0,S,False,False,False
E2,e2_d3878a16198c8b86cd01:C,I3,deepseek_formal,False,0.0,C,False,False,False
E2,e2_d3878a16198c8b86cd01:C2,I3,deepseek_formal,False,0.0,C2,False,False,False
E2,e2_d3878a16198c8b86cd01:K,I3,deepseek_formal,True,0.0,K,False,False,False
E2,e2_d3878a16198c8b86cd01:M,I3,deepseek_formal,True,0.0,M,False,False,False
E2,e2_d3878a16198c8b86cd01:S,I3,deepseek_formal,True,1500.0,S,True,True,True
E2,e2_d393a914265bae553376:C,I3,qwen_flash,False,0.0,C,False,False,False
E2,e2_d393a914265bae553376:C2,I3,qwen_flash,False,0.0,C2,False,False,False
E2,e2_d393a914265bae553376:K,I3,qwen_flash,False,0.0,K,False,False,False
E2,e2_d393a914265bae553376:M,I3,qwen_flash,False,0.0,M,False,False,False
E2,e2_d393a914265bae553376:S,I3,qwen_flash,False,0.0,S,False,False,False
E2,e2_d41018ade8dd2729616a:C,I3,deepseek_formal,True,930.0,C,True,True,True
E2,e2_d41018ade8dd2729616a:C2,I3,deepseek_formal,True,930.0,C2,True,True,True
E2,e2_d41018ade8dd2729616a:K,I3,deepseek_formal,True,930.0,K,True,True,True
E2,e2_d41018ade8dd2729616a:M,I3,deepseek_formal,False,0.0,M,False,False,False
E2,e2_d41018ade8dd2729616a:S,I3,deepseek_formal,True,930.0,S,True,True,True
E2,e2_d49a89c1a72c97e39bd7:C,I3,deepseek_formal,True,1500.0,C,True,True,True
E2,e2_d49a89c1a72c97e39bd7:C2,I3,deepseek_formal,True,1500.0,C2,True,True,True
E2,e2_d49a89c1a72c97e39bd7:K,I3,deepseek_formal,True,1500.0,K,True,True,True
E2,e2_d49a89c1a72c97e39bd7:M,I3,deepseek_formal,True,5750.0,M,True,True,True
E2,e2_d49a89c1a72c97e39bd7:S,I3,deepseek_formal,True,1500.0,S,True,True,True
E2,e2_d4dbf362bca286f08df2:C,I3,deepseek_formal,True,1500.0,C,True,True,True
E2,e2_d4dbf362bca286f08df2:C2,I3,deepseek_formal,True,1500.0,C2,True,True,True
E2,e2_d4dbf362bca286f08df2:K,I3,deepseek_formal,True,0.0,K,False,False,False
E2,e2_d4dbf362bca286f08df2:M,I3,deepseek_formal,True,0.0,M,False,False,False
E2,e2_d4dbf362bca286f08df2:S,I3,deepseek_formal,True,1500.0,S,True,True,True
E2,e2_d5710cf1ffba439f6e5d:C,I3,qwen_flash,False,0.0,C,False,False,False
E2,e2_d5710cf1ffba439f6e5d:C2,I3,qwen_flash,False,0.0,C2,False,False,False
E2,e2_d5710cf1ffba439f6e5d:K,I3,qwen_flash,True,4437.5,K,True,True,True
E2,e2_d5710cf1ffba439f6e5d:M,I3,qwen_flash,False,0.0,M,False,False,False
E2,e2_d5710cf1ffba439f6e5d:S,I3,qwen_flash,False,0.0,S,False,False,False
E2,e2_d5954514e00cbc45330f:C,I3,deepseek_formal,True,930.0,C,True,True,True
E2,e2_d5954514e00cbc45330f:C2,I3,deepseek_formal,False,0.0,C2,False,False,False
E2,e2_d5954514e00cbc45330f:K,I3,deepseek_formal,True,930.0,K,True,True,True
E2,e2_d5954514e00cbc45330f:M,I3,deepseek_formal,True,3645.0,M,True,True,True
E2,e2_d5954514e00cbc45330f:S,I3,deepseek_formal,True,930.0,S,True,True,True
E2,e2_d77cf0ce16e1b1f7f39a:C,I3,qwen_flash,False,0.0,C,False,False,False
E2,e2_d77cf0ce16e1b1f7f39a:C2,I3,qwen_flash,False,0.0,C2,False,False,False
E2,e2_d77cf0ce16e1b1f7f39a:K,I3,qwen_flash,False,0.0,K,False,False,False
E2,e2_d77cf0ce16e1b1f7f39a:M,I3,qwen_flash,False,0.0,M,False,False,False
E2,e2_d77cf0ce16e1b1f7f39a:S,I3,qwen_flash,False,0.0,S,False,False,False
E2,e2_d7e27a7e1d12796e144c:C,I3,deepseek_formal,True,775.0,C,True,True,True
E2,e2_d7e27a7e1d12796e144c:C2,I3,deepseek_formal,True,930.0,C2,True,True,True
E2,e2_d7e27a7e1d12796e144c:K,I3,deepseek_formal,True,775.0,K,True,True,True
E2,e2_d7e27a7e1d12796e144c:M,I3,deepseek_formal,True,5750.0,M,True,True,True
E2,e2_d7e27a7e1d12796e144c:S,I3,deepseek_formal,True,930.0,S,True,True,True
E2,e2_d9d6854c6652a2206ec9:C,I3,deepseek_formal,True,1500.0,C,True,True,True
E2,e2_d9d6854c6652a2206ec9:C2,I3,deepseek_formal,True,1500.0,C2,True,True,True
E2,e2_d9d6854c6652a2206ec9:K,I3,deepseek_formal,True,1500.0,K,True,True,True
E2,e2_d9d6854c6652a2206ec9:M,I3,deepseek_formal,True,0.0,M,False,False,False
E2,e2_d9d6854c6652a2206ec9:S,I3,deepseek_formal,True,1500.0,S,True,True,True
E2,e2_da1dfe52701e477e1683:C,I3,qwen_flash,True,3177.5,C,True,True,True
E2,e2_da1dfe52701e477e1683:C2,I3,qwen_flash,False,0.0,C2,False,False,False
E2,e2_da1dfe52701e477e1683:K,I3,qwen_flash,True,3177.5,K,True,True,True
E2,e2_da1dfe52701e477e1683:M,I3,qwen_flash,False,0.0,M,False,False,False
E2,e2_da1dfe52701e477e1683:S,I3,qwen_flash,True,3177.5,S,True,True,True
E2,e2_dacd4932ac367fa89635:C,I3,qwen_flash,False,0.0,C,False,False,False
E2,e2_dacd4932ac367fa89635:C2,I3,qwen_flash,False,0.0,C2,False,False,False
E2,e2_dacd4932ac367fa89635:K,I3,qwen_flash,False,0.0,K,False,False,False
E2,e2_dacd4932ac367fa89635:M,I3,qwen_flash,False,0.0,M,False,False,False
E2,e2_dacd4932ac367fa89635:S,I3,qwen_flash,False,0.0,S,False,False,False
E2,e2_db7a52ca5eff68062d4f:C,I3,qwen_flash,True,4375.0,C,True,True,True
E2,e2_db7a52ca5eff68062d4f:C2,I3,qwen_flash,False,0.0,C2,False,False,False
E2,e2_db7a52ca5eff68062d4f:K,I3,qwen_flash,True,4375.0,K,True,True,True
E2,e2_db7a52ca5eff68062d4f:M,I3,qwen_flash,True,3750.0,M,True,True,True
E2,e2_db7a52ca5eff68062d4f:S,I3,qwen_flash,False,0.0,S,False,False,False
E2,e2_dba5d8c484b724dcb6a0:C,I3,deepseek_formal,True,1500.0,C,True,True,True
E2,e2_dba5d8c484b724dcb6a0:C2,I3,deepseek_formal,True,1500.0,C2,True,True,True
E2,e2_dba5d8c484b724dcb6a0:K,I3,deepseek_formal,True,1500.0,K,True,True,True
E2,e2_dba5d8c484b724dcb6a0:M,I3,deepseek_formal,False,0.0,M,False,False,False
E2,e2_dba5d8c484b724dcb6a0:S,I3,deepseek_formal,True,1500.0,S,True,True,True
E2,e2_dc2a2c18177cd0c8cc3d:C,I3,qwen_flash,True,4250.0,C,True,True,True
E2,e2_dc2a2c18177cd0c8cc3d:C2,I3,qwen_flash,True,4250.0,C2,True,True,True
E2,e2_dc2a2c18177cd0c8cc3d:K,I3,qwen_flash,True,4250.0,K,True,True,True
E2,e2_dc2a2c18177cd0c8cc3d:M,I3,qwen_flash,True,5125.0,M,True,True,True
E2,e2_dc2a2c18177cd0c8cc3d:S,I3,qwen_flash,False,0.0,S,False,False,False
E2,e2_dd53540149974f1de4d3:C,I3,deepseek_formal,True,1500.0,C,True,True,True
E2,e2_dd53540149974f1de4d3:C2,I3,deepseek_formal,True,1500.0,C2,True,True,True
E2,e2_dd53540149974f1de4d3:K,I3,deepseek_formal,True,1500.0,K,True,True,True
E2,e2_dd53540149974f1de4d3:M,I3,deepseek_formal,True,0.0,M,False,False,False
E2,e2_dd53540149974f1de4d3:S,I3,deepseek_formal,True,1500.0,S,True,True,True
E2,e2_ddfa7c0a602a99f74030:C,I3,deepseek_formal,True,1500.0,C,True,True,True
E2,e2_ddfa7c0a602a99f74030:C2,I3,deepseek_formal,True,1500.0,C2,True,True,True
E2,e2_ddfa7c0a602a99f74030:K,I3,deepseek_formal,True,1500.0,K,True,True,True
E2,e2_ddfa7c0a602a99f74030:M,I3,deepseek_formal,True,5625.0,M,True,True,True
E2,e2_ddfa7c0a602a99f74030:S,I3,deepseek_formal,True,1500.0,S,True,True,True
E2,e2_de455184a30ba9e2e0e9:C,I3,deepseek_formal,True,1500.0,C,True,True,True
E2,e2_de455184a30ba9e2e0e9:C2,I3,deepseek_formal,True,1500.0,C2,True,True,True
E2,e2_de455184a30ba9e2e0e9:K,I3,deepseek_formal,True,1500.0,K,True,True,True
E2,e2_de455184a30ba9e2e0e9:M,I3,deepseek_formal,True,0.0,M,False,False,False
E2,e2_de455184a30ba9e2e0e9:S,I3,deepseek_formal,True,1500.0,S,True,True,True
E2,e2_ded24c9b585fc654011e:C,I3,qwen_flash,False,0.0,C,False,False,False
E2,e2_ded24c9b585fc654011e:C2,I3,qwen_flash,False,0.0,C2,False,False,False
E2,e2_ded24c9b585fc654011e:K,I3,qwen_flash,True,3687.5,K,True,True,True
E2,e2_ded24c9b585fc654011e:M,I3,qwen_flash,False,0.0,M,False,False,False
E2,e2_ded24c9b585fc654011e:S,I3,qwen_flash,False,0.0,S,False,False,False
E2,e2_dfaee0680c20c2d398bd:C,I3,deepseek_formal,False,0.0,C,False,False,False
E2,e2_dfaee0680c20c2d398bd:C2,I3,deepseek_formal,False,0.0,C2,False,False,False
E2,e2_dfaee0680c20c2d398bd:K,I3,deepseek_formal,True,0.0,K,False,False,False
E2,e2_dfaee0680c20c2d398bd:M,I3,deepseek_formal,True,0.0,M,False,False,False
E2,e2_dfaee0680c20c2d398bd:S,I3,deepseek_formal,True,1500.0,S,True,True,True
E2,e2_e025b251d6684336462a:C,I3,qwen_flash,True,5250.0,C,True,True,True
E2,e2_e025b251d6684336462a:C2,I3,qwen_flash,True,5250.0,C2,True,True,True
E2,e2_e025b251d6684336462a:K,I3,qwen_flash,True,5250.0,K,True,True,True
E2,e2_e025b251d6684336462a:M,I3,qwen_flash,False,0.0,M,False,False,False
E2,e2_e025b251d6684336462a:S,I3,qwen_flash,True,5250.0,S,True,True,True
E2,e2_e02b075cc3e9da79da92:C,I3,qwen_flash,True,5250.0,C,True,True,True
E2,e2_e02b075cc3e9da79da92:C2,I3,qwen_flash,True,5250.0,C2,True,True,True
E2,e2_e02b075cc3e9da79da92:K,I3,qwen_flash,False,0.0,K,False,False,False
E2,e2_e02b075cc3e9da79da92:M,I3,qwen_flash,False,0.0,M,False,False,False
E2,e2_e02b075cc3e9da79da92:S,I3,qwen_flash,True,5250.0,S,True,True,True
E2,e2_e0eb90e43755d9242ce8:C,I3,deepseek_formal,True,1250.0,C,True,True,True
E2,e2_e0eb90e43755d9242ce8:C2,I3,deepseek_formal,True,1500.0,C2,True,True,True
E2,e2_e0eb90e43755d9242ce8:K,I3,deepseek_formal,True,5500.0,K,True,True,True
E2,e2_e0eb90e43755d9242ce8:M,I3,deepseek_formal,True,5750.0,M,True,True,True
E2,e2_e0eb90e43755d9242ce8:S,I3,deepseek_formal,True,1500.0,S,True,True,True
E2,e2_e1a4b4039f6a808ebc57:C,I3,qwen_flash,True,5000.0,C,True,True,True
E2,e2_e1a4b4039f6a808ebc57:C2,I3,qwen_flash,True,5400.0,C2,True,True,True
E2,e2_e1a4b4039f6a808ebc57:K,I3,qwen_flash,True,5400.0,K,True,True,True
E2,e2_e1a4b4039f6a808ebc57:M,I3,qwen_flash,True,5500.0,M,True,True,True
E2,e2_e1a4b4039f6a808ebc57:S,I3,qwen_flash,True,5375.0,S,True,True,True
E2,e2_e1e8183f14b7d135eac2:C,I3,qwen_flash,False,0.0,C,False,False,False
E2,e2_e1e8183f14b7d135eac2:C2,I3,qwen_flash,False,0.0,C2,False,False,False
E2,e2_e1e8183f14b7d135eac2:K,I3,qwen_flash,False,0.0,K,False,False,False
E2,e2_e1e8183f14b7d135eac2:M,I3,qwen_flash,False,0.0,M,False,False,False
E2,e2_e1e8183f14b7d135eac2:S,I3,qwen_flash,False,0.0,S,False,False,False
E2,e2_e2514a1ca3936fbb17d6:C,I3,deepseek_formal,True,0.0,C,False,False,False
E2,e2_e2514a1ca3936fbb17d6:C2,I3,deepseek_formal,True,1500.0,C2,True,True,True
E2,e2_e2514a1ca3936fbb17d6:K,I3,deepseek_formal,True,0.0,K,False,False,False
E2,e2_e2514a1ca3936fbb17d6:M,I3,deepseek_formal,True,0.0,M,False,False,False
E2,e2_e2514a1ca3936fbb17d6:S,I3,deepseek_formal,True,1500.0,S,True,True,True
E2,e2_e25c51da7417d19b6c38:C,I3,deepseek_formal,True,930.0,C,True,True,True
E2,e2_e25c51da7417d19b6c38:C2,I3,deepseek_formal,True,930.0,C2,True,True,True
E2,e2_e25c51da7417d19b6c38:K,I3,deepseek_formal,True,0.0,K,False,False,False
E2,e2_e25c51da7417d19b6c38:M,I3,deepseek_formal,True,0.0,M,False,False,False
E2,e2_e25c51da7417d19b6c38:S,I3,deepseek_formal,True,930.0,S,True,True,True
E2,e2_e2a61a869e3559ee550c:C,I3,qwen_flash,True,800.0,C,True,True,True
E2,e2_e2a61a869e3559ee550c:C2,I3,qwen_flash,True,800.0,C2,True,True,True
E2,e2_e2a61a869e3559ee550c:K,I3,qwen_flash,True,3350.0,K,True,True,True
E2,e2_e2a61a869e3559ee550c:M,I3,qwen_flash,False,0.0,M,False,False,False
E2,e2_e2a61a869e3559ee550c:S,I3,qwen_flash,True,800.0,S,True,True,True
E2,e2_e2a6f7f51729117e233d:C,I3,qwen_flash,True,5400.0,C,True,True,True
E2,e2_e2a6f7f51729117e233d:C2,I3,qwen_flash,True,750.0,C2,True,True,True
E2,e2_e2a6f7f51729117e233d:K,I3,qwen_flash,True,3400.0,K,True,True,True
E2,e2_e2a6f7f51729117e233d:M,I3,qwen_flash,True,5500.0,M,True,True,True
E2,e2_e2a6f7f51729117e233d:S,I3,qwen_flash,True,5400.0,S,True,True,True
E2,e2_e2be88ccca9b106608c3:C,I3,deepseek_formal,False,0.0,C,False,False,False
E2,e2_e2be88ccca9b106608c3:C2,I3,deepseek_formal,False,0.0,C2,False,False,False
E2,e2_e2be88ccca9b106608c3:K,I3,deepseek_formal,True,0.0,K,False,False,False
E2,e2_e2be88ccca9b106608c3:M,I3,deepseek_formal,True,0.0,M,False,False,False
E2,e2_e2be88ccca9b106608c3:S,I3,deepseek_formal,True,1500.0,S,True,True,True
E2,e2_e35c5c23ee60893d0416:C,I3,qwen_flash,False,0.0,C,False,False,False
E2,e2_e35c5c23ee60893d0416:C2,I3,qwen_flash,False,0.0,C2,False,False,False
E2,e2_e35c5c23ee60893d0416:K,I3,qwen_flash,False,0.0,K,False,False,False
E2,e2_e35c5c23ee60893d0416:M,I3,qwen_flash,False,0.0,M,False,False,False
E2,e2_e35c5c23ee60893d0416:S,I3,qwen_flash,False,0.0,S,False,False,False
E2,e2_e440d70ce32f96a64faa:C,I3,qwen_flash,False,0.0,C,False,False,False
E2,e2_e440d70ce32f96a64faa:C2,I3,qwen_flash,False,0.0,C2,False,False,False
E2,e2_e440d70ce32f96a64faa:K,I3,qwen_flash,False,0.0,K,False,False,False
E2,e2_e440d70ce32f96a64faa:M,I3,qwen_flash,False,0.0,M,False,False,False
E2,e2_e440d70ce32f96a64faa:S,I3,qwen_flash,False,0.0,S,False,False,False
E2,e2_e4b471e5f39589ae27ad:C,I3,qwen_flash,True,3177.5,C,True,True,True
E2,e2_e4b471e5f39589ae27ad:C2,I3,qwen_flash,True,3177.5,C2,True,True,True
E2,e2_e4b471e5f39589ae27ad:K,I3,qwen_flash,True,3177.5,K,True,True,True
E2,e2_e4b471e5f39589ae27ad:M,I3,qwen_flash,False,0.0,M,False,False,False
E2,e2_e4b471e5f39589ae27ad:S,I3,qwen_flash,True,3177.5,S,True,True,True
E2,e2_e4bc0e1ecd5b4b2519ba:C,I3,deepseek_formal,True,1380.0,C,True,True,True
E2,e2_e4bc0e1ecd5b4b2519ba:C2,I3,deepseek_formal,True,1380.0,C2,True,True,True
E2,e2_e4bc0e1ecd5b4b2519ba:K,I3,deepseek_formal,True,0.0,K,False,False,False
E2,e2_e4bc0e1ecd5b4b2519ba:M,I3,deepseek_formal,True,0.0,M,False,False,False
E2,e2_e4bc0e1ecd5b4b2519ba:S,I3,deepseek_formal,True,1380.0,S,True,True,True
E2,e2_e57503c454913c7c7ae2:C,I3,deepseek_formal,True,1500.0,C,True,True,True
E2,e2_e57503c454913c7c7ae2:C2,I3,deepseek_formal,True,1500.0,C2,True,True,True
E2,e2_e57503c454913c7c7ae2:K,I3,deepseek_formal,True,1500.0,K,True,True,True
E2,e2_e57503c454913c7c7ae2:M,I3,deepseek_formal,True,0.0,M,False,False,False
E2,e2_e57503c454913c7c7ae2:S,I3,deepseek_formal,True,1500.0,S,True,True,True
E2,e2_e5c857dcd7e5212dd851:C,I3,qwen_flash,True,5250.0,C,True,True,True
E2,e2_e5c857dcd7e5212dd851:C2,I3,qwen_flash,False,0.0,C2,False,False,False
E2,e2_e5c857dcd7e5212dd851:K,I3,qwen_flash,True,5250.0,K,True,True,True
E2,e2_e5c857dcd7e5212dd851:M,I3,qwen_flash,False,0.0,M,False,False,False
E2,e2_e5c857dcd7e5212dd851:S,I3,qwen_flash,False,0.0,S,False,False,False
E2,e2_e63a8e131f49af5beda5:C,I3,qwen_flash,True,5250.0,C,True,True,True
E2,e2_e63a8e131f49af5beda5:C2,I3,qwen_flash,True,5250.0,C2,True,True,True
E2,e2_e63a8e131f49af5beda5:K,I3,qwen_flash,True,5250.0,K,True,True,True
E2,e2_e63a8e131f49af5beda5:M,I3,qwen_flash,False,0.0,M,False,False,False
E2,e2_e63a8e131f49af5beda5:S,I3,qwen_flash,False,0.0,S,False,False,False
E2,e2_e6ed3017ad943e6269e8:C,I3,deepseek_formal,True,1200.0,C,True,True,True
E2,e2_e6ed3017ad943e6269e8:C2,I3,deepseek_formal,True,1200.0,C2,True,True,True
E2,e2_e6ed3017ad943e6269e8:K,I3,deepseek_formal,True,1200.0,K,True,True,True
E2,e2_e6ed3017ad943e6269e8:M,I3,deepseek_formal,True,4575.0,M,True,True,True
E2,e2_e6ed3017ad943e6269e8:S,I3,deepseek_formal,True,1200.0,S,True,True,True
E2,e2_e8f05b9d3c767112ebb5:C,I3,qwen_flash,True,4200.0,C,True,True,True
E2,e2_e8f05b9d3c767112ebb5:C2,I3,qwen_flash,True,4075.0,C2,True,True,True
E2,e2_e8f05b9d3c767112ebb5:K,I3,qwen_flash,False,0.0,K,False,False,False
E2,e2_e8f05b9d3c767112ebb5:M,I3,qwen_flash,True,4550.0,M,True,True,True
E2,e2_e8f05b9d3c767112ebb5:S,I3,qwen_flash,True,4200.0,S,True,True,True
E2,e2_e945dded67035139c7fb:C,I3,deepseek_formal,True,1200.0,C,True,True,True
E2,e2_e945dded67035139c7fb:C2,I3,deepseek_formal,True,1200.0,C2,True,True,True
E2,e2_e945dded67035139c7fb:K,I3,deepseek_formal,True,1200.0,K,True,True,True
E2,e2_e945dded67035139c7fb:M,I3,deepseek_formal,False,0.0,M,False,False,False
E2,e2_e945dded67035139c7fb:S,I3,deepseek_formal,True,1200.0,S,True,True,True
E2,e2_e99d46763f3f0322835f:C,I3,deepseek_formal,True,1500.0,C,True,True,True
E2,e2_e99d46763f3f0322835f:C2,I3,deepseek_formal,True,0.0,C2,False,False,False
E2,e2_e99d46763f3f0322835f:K,I3,deepseek_formal,True,0.0,K,False,False,False
E2,e2_e99d46763f3f0322835f:M,I3,deepseek_formal,True,0.0,M,False,False,False
E2,e2_e99d46763f3f0322835f:S,I3,deepseek_formal,True,1500.0,S,True,True,True
E2,e2_eb44a6fb54b8fe3db9a9:C,I3,qwen_flash,False,0.0,C,False,False,False
E2,e2_eb44a6fb54b8fe3db9a9:C2,I3,qwen_flash,False,0.0,C2,False,False,False
E2,e2_eb44a6fb54b8fe3db9a9:K,I3,qwen_flash,False,0.0,K,False,False,False
E2,e2_eb44a6fb54b8fe3db9a9:M,I3,qwen_flash,False,0.0,M,False,False,False
E2,e2_eb44a6fb54b8fe3db9a9:S,I3,qwen_flash,False,0.0,S,False,False,False
E2,e2_eb5c8be6a293ea7e9fc2:C,I3,deepseek_formal,True,1500.0,C,True,True,True
E2,e2_eb5c8be6a293ea7e9fc2:C2,I3,deepseek_formal,True,1500.0,C2,True,True,True
E2,e2_eb5c8be6a293ea7e9fc2:K,I3,deepseek_formal,True,1500.0,K,True,True,True
E2,e2_eb5c8be6a293ea7e9fc2:M,I3,deepseek_formal,True,0.0,M,False,False,False
E2,e2_eb5c8be6a293ea7e9fc2:S,I3,deepseek_formal,True,1500.0,S,True,True,True
E2,e2_ebeb3280536637d75787:C,I3,qwen_flash,True,4250.0,C,True,True,True
E2,e2_ebeb3280536637d75787:C2,I3,qwen_flash,True,4250.0,C2,True,True,True
E2,e2_ebeb3280536637d75787:K,I3,qwen_flash,True,4250.0,K,True,True,True
E2,e2_ebeb3280536637d75787:M,I3,qwen_flash,True,5125.0,M,True,True,True
E2,e2_ebeb3280536637d75787:S,I3,qwen_flash,True,4250.0,S,True,True,True
E2,e2_ec4266a02ca347382700:C,I3,deepseek_formal,True,1200.0,C,True,True,True
E2,e2_ec4266a02ca347382700:C2,I3,deepseek_formal,True,1200.0,C2,True,True,True
E2,e2_ec4266a02ca347382700:K,I3,deepseek_formal,True,0.0,K,False,False,False
E2,e2_ec4266a02ca347382700:M,I3,deepseek_formal,True,4650.0,M,True,True,True
E2,e2_ec4266a02ca347382700:S,I3,deepseek_formal,True,1200.0,S,True,True,True
E2,e2_ec8fc29038fe29962e3f:C,I3,deepseek_formal,True,1500.0,C,True,True,True
E2,e2_ec8fc29038fe29962e3f:C2,I3,deepseek_formal,True,1500.0,C2,True,True,True
E2,e2_ec8fc29038fe29962e3f:K,I3,deepseek_formal,True,1500.0,K,True,True,True
E2,e2_ec8fc29038fe29962e3f:M,I3,deepseek_formal,True,0.0,M,False,False,False
E2,e2_ec8fc29038fe29962e3f:S,I3,deepseek_formal,True,1500.0,S,True,True,True
E2,e2_ecb3048d218090f3c261:C,I3,qwen_flash,False,0.0,C,False,False,False
E2,e2_ecb3048d218090f3c261:C2,I3,qwen_flash,False,0.0,C2,False,False,False
E2,e2_ecb3048d218090f3c261:K,I3,qwen_flash,False,0.0,K,False,False,False
E2,e2_ecb3048d218090f3c261:M,I3,qwen_flash,True,5562.5,M,True,True,True
E2,e2_ecb3048d218090f3c261:S,I3,qwen_flash,False,0.0,S,False,False,False
E2,e2_ecdb78eceec0f4522ca4:C,I3,deepseek_formal,True,1500.0,C,True,True,True
E2,e2_ecdb78eceec0f4522ca4:C2,I3,deepseek_formal,True,1500.0,C2,True,True,True
E2,e2_ecdb78eceec0f4522ca4:K,I3,deepseek_formal,True,1500.0,K,True,True,True
E2,e2_ecdb78eceec0f4522ca4:M,I3,deepseek_formal,True,0.0,M,False,False,False
E2,e2_ecdb78eceec0f4522ca4:S,I3,deepseek_formal,True,1500.0,S,True,True,True
E2,e2_ef667a2a077bd715837c:C,I3,qwen_flash,True,5060.0,C,True,True,True
E2,e2_ef667a2a077bd715837c:C2,I3,qwen_flash,True,5060.0,C2,True,True,True
E2,e2_ef667a2a077bd715837c:K,I3,qwen_flash,True,5060.0,K,True,True,True
E2,e2_ef667a2a077bd715837c:M,I3,qwen_flash,True,5290.0,M,True,True,True
E2,e2_ef667a2a077bd715837c:S,I3,qwen_flash,True,5060.0,S,True,True,True
E2,e2_efc3e60df03b14bc0816:C,I3,deepseek_formal,True,1500.0,C,True,True,True
E2,e2_efc3e60df03b14bc0816:C2,I3,deepseek_formal,True,1500.0,C2,True,True,True
E2,e2_efc3e60df03b14bc0816:K,I3,deepseek_formal,True,1500.0,K,True,True,True
E2,e2_efc3e60df03b14bc0816:M,I3,deepseek_formal,True,0.0,M,False,False,False
E2,e2_efc3e60df03b14bc0816:S,I3,deepseek_formal,True,1500.0,S,True,True,True
E2,e2_f09d1c19ae81f1dcaf52:C,I3,deepseek_formal,True,1500.0,C,True,True,True
E2,e2_f09d1c19ae81f1dcaf52:C2,I3,deepseek_formal,True,1500.0,C2,True,True,True
E2,e2_f09d1c19ae81f1dcaf52:K,I3,deepseek_formal,True,0.0,K,False,False,False
E2,e2_f09d1c19ae81f1dcaf52:M,I3,deepseek_formal,False,0.0,M,False,False,False
E2,e2_f09d1c19ae81f1dcaf52:S,I3,deepseek_formal,True,1500.0,S,True,True,True
E2,e2_f17782fee2c965ce5fd2:C,I3,deepseek_formal,True,1500.0,C,True,True,True
E2,e2_f17782fee2c965ce5fd2:C2,I3,deepseek_formal,True,0.0,C2,False,False,False
E2,e2_f17782fee2c965ce5fd2:K,I3,deepseek_formal,True,0.0,K,False,False,False
E2,e2_f17782fee2c965ce5fd2:M,I3,deepseek_formal,False,0.0,M,False,False,False
E2,e2_f17782fee2c965ce5fd2:S,I3,deepseek_formal,True,1500.0,S,True,True,True
E2,e2_f17ff167f9736d1f6d15:C,I3,deepseek_formal,True,1500.0,C,True,True,True
E2,e2_f17ff167f9736d1f6d15:C2,I3,deepseek_formal,True,1500.0,C2,True,True,True
E2,e2_f17ff167f9736d1f6d15:K,I3,deepseek_formal,True,1500.0,K,True,True,True
E2,e2_f17ff167f9736d1f6d15:M,I3,deepseek_formal,True,5625.0,M,True,True,True
E2,e2_f17ff167f9736d1f6d15:S,I3,deepseek_formal,True,1500.0,S,True,True,True
E2,e2_f2f62672876db8c179f9:C,I3,qwen_flash,True,5500.0,C,True,True,True
E2,e2_f2f62672876db8c179f9:C2,I3,qwen_flash,True,5500.0,C2,True,True,True
E2,e2_f2f62672876db8c179f9:K,I3,qwen_flash,True,5370.0,K,True,True,True
E2,e2_f2f62672876db8c179f9:M,I3,qwen_flash,True,5500.0,M,True,True,True
E2,e2_f2f62672876db8c179f9:S,I3,qwen_flash,True,5460.0,S,True,True,True
E2,e2_f52573d886409922248c:C,I3,qwen_flash,False,0.0,C,False,False,False
E2,e2_f52573d886409922248c:C2,I3,qwen_flash,False,0.0,C2,False,False,False
E2,e2_f52573d886409922248c:K,I3,qwen_flash,False,0.0,K,False,False,False
E2,e2_f52573d886409922248c:M,I3,qwen_flash,False,0.0,M,False,False,False
E2,e2_f52573d886409922248c:S,I3,qwen_flash,False,0.0,S,False,False,False
E2,e2_f69b6823534a6357ab16:C,I3,deepseek_formal,False,0.0,C,False,False,False
E2,e2_f69b6823534a6357ab16:C2,I3,deepseek_formal,True,0.0,C2,False,False,False
E2,e2_f69b6823534a6357ab16:K,I3,deepseek_formal,True,0.0,K,False,False,False
E2,e2_f69b6823534a6357ab16:M,I3,deepseek_formal,True,0.0,M,False,False,False
E2,e2_f69b6823534a6357ab16:S,I3,deepseek_formal,True,0.0,S,False,False,False
E2,e2_f6ee8f3dd9a7bed3c1bf:C,I3,qwen_flash,False,0.0,C,False,False,False
E2,e2_f6ee8f3dd9a7bed3c1bf:C2,I3,qwen_flash,False,0.0,C2,False,False,False
E2,e2_f6ee8f3dd9a7bed3c1bf:K,I3,qwen_flash,False,0.0,K,False,False,False
E2,e2_f6ee8f3dd9a7bed3c1bf:M,I3,qwen_flash,False,0.0,M,False,False,False
E2,e2_f6ee8f3dd9a7bed3c1bf:S,I3,qwen_flash,True,4250.0,S,True,True,True
E2,e2_f88cc57ca31877129c7e:C,I3,deepseek_formal,True,1500.0,C,True,True,True
E2,e2_f88cc57ca31877129c7e:C2,I3,deepseek_formal,True,1500.0,C2,True,True,True
E2,e2_f88cc57ca31877129c7e:K,I3,deepseek_formal,True,1500.0,K,True,True,True
E2,e2_f88cc57ca31877129c7e:M,I3,deepseek_formal,True,5750.0,M,True,True,True
E2,e2_f88cc57ca31877129c7e:S,I3,deepseek_formal,True,1500.0,S,True,True,True
E2,e2_f932253ab3ed60af73d4:C,I3,deepseek_formal,True,1500.0,C,True,True,True
E2,e2_f932253ab3ed60af73d4:C2,I3,deepseek_formal,True,1500.0,C2,True,True,True
E2,e2_f932253ab3ed60af73d4:K,I3,deepseek_formal,True,1500.0,K,True,True,True
E2,e2_f932253ab3ed60af73d4:M,I3,deepseek_formal,False,0.0,M,False,False,False
E2,e2_f932253ab3ed60af73d4:S,I3,deepseek_formal,True,1500.0,S,True,True,True
E2,e2_f9e20c3b0f3d3c0396fb:C,I3,deepseek_formal,True,1500.0,C,True,True,True
E2,e2_f9e20c3b0f3d3c0396fb:C2,I3,deepseek_formal,True,1500.0,C2,True,True,True
E2,e2_f9e20c3b0f3d3c0396fb:K,I3,deepseek_formal,True,1500.0,K,True,True,True
E2,e2_f9e20c3b0f3d3c0396fb:M,I3,deepseek_formal,True,0.0,M,False,False,False
E2,e2_f9e20c3b0f3d3c0396fb:S,I3,deepseek_formal,False,0.0,S,False,False,False
E2,e2_fa4e87e6a302a9ec0f8c:C,I3,qwen_flash,False,0.0,C,False,False,False
E2,e2_fa4e87e6a302a9ec0f8c:C2,I3,qwen_flash,False,0.0,C2,False,False,False
E2,e2_fa4e87e6a302a9ec0f8c:K,I3,qwen_flash,False,0.0,K,False,False,False
E2,e2_fa4e87e6a302a9ec0f8c:M,I3,qwen_flash,False,0.0,M,False,False,False
E2,e2_fa4e87e6a302a9ec0f8c:S,I3,qwen_flash,True,4250.0,S,True,True,True
E2,e2_fa9537a94484b05e5c5f:C,I3,qwen_flash,False,0.0,C,False,False,False
E2,e2_fa9537a94484b05e5c5f:C2,I3,qwen_flash,True,3177.5,C2,True,True,True
E2,e2_fa9537a94484b05e5c5f:K,I3,qwen_flash,True,3177.5,K,True,True,True
E2,e2_fa9537a94484b05e5c5f:M,I3,qwen_flash,False,0.0,M,False,False,False
E2,e2_fa9537a94484b05e5c5f:S,I3,qwen_flash,True,3177.5,S,True,True,True
E2,e2_faabc628f99263d358d1:C,I3,deepseek_formal,True,1500.0,C,True,True,True
E2,e2_faabc628f99263d358d1:C2,I3,deepseek_formal,True,0.0,C2,False,False,False
E2,e2_faabc628f99263d358d1:K,I3,deepseek_formal,True,720.0,K,True,True,True
E2,e2_faabc628f99263d358d1:M,I3,deepseek_formal,True,1500.0,M,True,True,True
E2,e2_faabc628f99263d358d1:S,I3,deepseek_formal,True,1500.0,S,True,True,True
E2,e2_fc5e63c63d7e9f7f6e14:C,I3,qwen_flash,False,0.0,C,False,False,False
E2,e2_fc5e63c63d7e9f7f6e14:C2,I3,qwen_flash,False,0.0,C2,False,False,False
E2,e2_fc5e63c63d7e9f7f6e14:K,I3,qwen_flash,False,0.0,K,False,False,False
E2,e2_fc5e63c63d7e9f7f6e14:M,I3,qwen_flash,False,0.0,M,False,False,False
E2,e2_fc5e63c63d7e9f7f6e14:S,I3,qwen_flash,False,0.0,S,False,False,False
E2,e2_fcaaec33097a4669b0d8:C,I3,deepseek_formal,True,1500.0,C,True,True,True
E2,e2_fcaaec33097a4669b0d8:C2,I3,deepseek_formal,True,1500.0,C2,True,True,True
E2,e2_fcaaec33097a4669b0d8:K,I3,deepseek_formal,True,1500.0,K,True,True,True
E2,e2_fcaaec33097a4669b0d8:M,I3,deepseek_formal,True,0.0,M,False,False,False
E2,e2_fcaaec33097a4669b0d8:S,I3,deepseek_formal,True,1500.0,S,True,True,True
E2,e2_fce5ae2610c50b33d4e2:C,I3,qwen_flash,True,4400.0,C,True,True,True
E2,e2_fce5ae2610c50b33d4e2:C2,I3,qwen_flash,True,4400.0,C2,True,True,True
E2,e2_fce5ae2610c50b33d4e2:K,I3,qwen_flash,True,4400.0,K,True,True,True
E2,e2_fce5ae2610c50b33d4e2:M,I3,qwen_flash,False,0.0,M,False,False,False
E2,e2_fce5ae2610c50b33d4e2:S,I3,qwen_flash,True,4400.0,S,True,True,True
E2,e2_fdac81e8a087d3a496ea:C,I3,qwen_flash,True,2850.0,C,True,True,True
E2,e2_fdac81e8a087d3a496ea:C2,I3,qwen_flash,True,5250.0,C2,True,True,True
E2,e2_fdac81e8a087d3a496ea:K,I3,qwen_flash,True,5250.0,K,True,True,True
E2,e2_fdac81e8a087d3a496ea:M,I3,qwen_flash,True,5625.0,M,True,True,True
E2,e2_fdac81e8a087d3a496ea:S,I3,qwen_flash,True,4175.0,S,True,True,True
E2,e2_fe0cfe5c53b88c52de36:C,I3,qwen_flash,False,0.0,C,False,False,False
E2,e2_fe0cfe5c53b88c52de36:C2,I3,qwen_flash,False,0.0,C2,False,False,False
E2,e2_fe0cfe5c53b88c52de36:K,I3,qwen_flash,False,0.0,K,False,False,False
E2,e2_fe0cfe5c53b88c52de36:M,I3,qwen_flash,False,0.0,M,False,False,False
E2,e2_fe0cfe5c53b88c52de36:S,I3,qwen_flash,False,0.0,S,False,False,False
E2,e2_fe55bd371b0c40e97ebe:C,I3,deepseek_formal,True,1200.0,C,True,True,True
E2,e2_fe55bd371b0c40e97ebe:C2,I3,deepseek_formal,True,1200.0,C2,True,True,True
E2,e2_fe55bd371b0c40e97ebe:K,I3,deepseek_formal,True,1200.0,K,True,True,True
E2,e2_fe55bd371b0c40e97ebe:M,I3,deepseek_formal,True,0.0,M,False,False,False
E2,e2_fe55bd371b0c40e97ebe:S,I3,deepseek_formal,True,1200.0,S,True,True,True
E2,e2_ff6bc1c1d0e924371eb1:C,I3,qwen_flash,True,5500.0,C,True,True,True
E2,e2_ff6bc1c1d0e924371eb1:C2,I3,qwen_flash,True,5500.0,C2,True,True,True
E2,e2_ff6bc1c1d0e924371eb1:K,I3,qwen_flash,True,3325.0,K,True,True,True
E2,e2_ff6bc1c1d0e924371eb1:M,I3,qwen_flash,True,5700.0,M,True,True,True
E2,e2_ff6bc1c1d0e924371eb1:S,I3,qwen_flash,True,5500.0,S,True,True,True
E2,e2_ffbb716de8b1505344db:C,I3,qwen_flash,False,0.0,C,False,False,False
E2,e2_ffbb716de8b1505344db:C2,I3,qwen_flash,False,0.0,C2,False,False,False
E2,e2_ffbb716de8b1505344db:K,I3,qwen_flash,False,0.0,K,False,False,False
E2,e2_ffbb716de8b1505344db:M,I3,qwen_flash,False,0.0,M,False,False,False
E2,e2_ffbb716de8b1505344db:S,I3,qwen_flash,False,0.0,S,False,False,False
