tier,scenario_id,block_id,model_condition,branch,gate_type,gate_status,battery_correction_l1_kwh,curtailment_introduced_kwh,sign_change_intervals,zero_to_active_intervals,post_gate_feasible,post_gate_cost_usd,runtime_seconds,rescue_mechanism,expanded_distance_reduction_kwh
F1,v2e2_01647af4ab413aad9430,e2bv2_aeeef828263653af0df7,deepseek_formal,C1,battery_only,global_distance_optimum_lp_integral,157.89483684210526,0.0,0,6,True,707.9860530022526,0.01843537497916259,battery_action_and_mode_correction,0.0
F1,v2e2_01647af4ab413aad9430,e2bv2_aeeef828263653af0df7,deepseek_formal,C1,expanded_system,global_distance_optimum_lp_integral,157.89483684210526,0.0,0,6,True,707.9860530022526,0.01877858300576918,battery_action_and_mode_correction,0.0
F1,v2e2_01647af4ab413aad9430,e2bv2_aeeef828263653af0df7,deepseek_formal,C2,battery_only,global_distance_optimum_lp_integral,157.89483684210526,0.0,0,6,True,707.9860530022526,0.01843537497916259,battery_action_and_mode_correction,0.0
F1,v2e2_01647af4ab413aad9430,e2bv2_aeeef828263653af0df7,deepseek_formal,C2,expanded_system,global_distance_optimum_lp_integral,157.89483684210526,0.0,0,6,True,707.9860530022526,0.01877858300576918,battery_action_and_mode_correction,0.0
F1,v2e2_01647af4ab413aad9430,e2bv2_aeeef828263653af0df7,deepseek_formal,S1,battery_only,global_distance_optimum_lp_integral,157.89483684210526,0.0,0,6,True,707.9860530022526,0.01843537497916259,battery_action_and_mode_correction,0.0
F1,v2e2_01647af4ab413aad9430,e2bv2_aeeef828263653af0df7,deepseek_formal,S1,expanded_system,global_distance_optimum_lp_integral,157.89483684210526,0.0,0,6,True,707.9860530022526,0.01877858300576918,battery_action_and_mode_correction,0.0
F1,v2e2_01647af4ab413aad9430,e2bv2_aeeef828263653af0df7,deepseek_formal,S2,battery_only,global_distance_optimum_lp_integral,157.89483684210526,0.0,0,6,True,707.9860530022526,0.01843537497916259,battery_action_and_mode_correction,0.0
F1,v2e2_01647af4ab413aad9430,e2bv2_aeeef828263653af0df7,deepseek_formal,S2,expanded_system,global_distance_optimum_lp_integral,157.89483684210526,0.0,0,6,True,707.9860530022526,0.01877858300576918,battery_action_and_mode_correction,0.0
F1,v2e2_07ecea8c63a586f9fa3b,e2bv2_eb08c3116b763ca158ec,deepseek_formal,C1,battery_only,feasible_mode_library_upper_bound,23.7501,0.0,0,2,True,474.93622386981934,0.021097541990457103,battery_action_and_mode_correction,0.0
F1,v2e2_07ecea8c63a586f9fa3b,e2bv2_eb08c3116b763ca158ec,deepseek_formal,C1,expanded_system,feasible_mode_library_upper_bound,23.7501,0.0,0,2,True,474.93622386981934,0.02113070897758007,battery_action_and_mode_correction,0.0
F1,v2e2_07ecea8c63a586f9fa3b,e2bv2_eb08c3116b763ca158ec,deepseek_formal,C2,battery_only,feasible_mode_library_upper_bound,23.7501,0.0,0,2,True,474.93622386981934,0.021097541990457103,battery_action_and_mode_correction,0.0
F1,v2e2_07ecea8c63a586f9fa3b,e2bv2_eb08c3116b763ca158ec,deepseek_formal,C2,expanded_system,feasible_mode_library_upper_bound,23.7501,0.0,0,2,True,474.93622386981934,0.02113070897758007,battery_action_and_mode_correction,0.0
F1,v2e2_07ecea8c63a586f9fa3b,e2bv2_eb08c3116b763ca158ec,deepseek_formal,S1,battery_only,feasible_mode_library_upper_bound,23.7501,0.0,0,2,True,474.93622386981934,0.021097541990457103,battery_action_and_mode_correction,0.0
F1,v2e2_07ecea8c63a586f9fa3b,e2bv2_eb08c3116b763ca158ec,deepseek_formal,S1,expanded_system,feasible_mode_library_upper_bound,23.7501,0.0,0,2,True,474.93622386981934,0.02113070897758007,battery_action_and_mode_correction,0.0
F1,v2e2_07ecea8c63a586f9fa3b,e2bv2_eb08c3116b763ca158ec,deepseek_formal,S2,battery_only,feasible_mode_library_upper_bound,23.7501,0.0,0,2,True,474.93622386981934,0.021097541990457103,battery_action_and_mode_correction,0.0
F1,v2e2_07ecea8c63a586f9fa3b,e2bv2_eb08c3116b763ca158ec,deepseek_formal,S2,expanded_system,feasible_mode_library_upper_bound,23.7501,0.0,0,2,True,474.93622386981934,0.02113070897758007,battery_action_and_mode_correction,0.0
F1,v2e2_12b72852882928644d40,e2bv2_07ea54043eaf99939dcb,deepseek_formal,C1,battery_only,global_distance_optimum_lp_integral,26.315889473684212,0.0,0,2,True,239.97742193624376,0.01853958299034275,battery_action_and_mode_correction,0.0
F1,v2e2_12b72852882928644d40,e2bv2_07ea54043eaf99939dcb,deepseek_formal,C1,expanded_system,global_distance_optimum_lp_integral,26.315889473684212,0.0,0,2,True,239.97742193624376,0.017967583000427112,battery_action_and_mode_correction,0.0
F1,v2e2_12b72852882928644d40,e2bv2_07ea54043eaf99939dcb,deepseek_formal,C2,battery_only,global_distance_optimum_lp_integral,26.315889473684212,0.0,0,2,True,239.97742193624376,0.01853958299034275,battery_action_and_mode_correction,0.0
F1,v2e2_12b72852882928644d40,e2bv2_07ea54043eaf99939dcb,deepseek_formal,C2,expanded_system,global_distance_optimum_lp_integral,26.315889473684212,0.0,0,2,True,239.97742193624376,0.017967583000427112,battery_action_and_mode_correction,0.0
F1,v2e2_12b72852882928644d40,e2bv2_07ea54043eaf99939dcb,deepseek_formal,S1,battery_only,global_distance_optimum_lp_integral,26.315889473684212,0.0,0,2,True,239.97742193624376,0.01853958299034275,battery_action_and_mode_correction,0.0
F1,v2e2_12b72852882928644d40,e2bv2_07ea54043eaf99939dcb,deepseek_formal,S1,expanded_system,global_distance_optimum_lp_integral,26.315889473684212,0.0,0,2,True,239.97742193624376,0.017967583000427112,battery_action_and_mode_correction,0.0
F1,v2e2_12b72852882928644d40,e2bv2_07ea54043eaf99939dcb,deepseek_formal,S2,battery_only,global_distance_optimum_lp_integral,26.315889473684212,0.0,0,2,True,239.97742193624376,0.01853958299034275,battery_action_and_mode_correction,0.0
F1,v2e2_12b72852882928644d40,e2bv2_07ea54043eaf99939dcb,deepseek_formal,S2,expanded_system,global_distance_optimum_lp_integral,26.315889473684212,0.0,0,2,True,239.97742193624376,0.017967583000427112,battery_action_and_mode_correction,0.0
F1,v2e2_16b5f26ad506f7afac02,e2bv2_106f78fe39b79a37486f,deepseek_formal,C1,battery_only,global_distance_optimum_lp_integral,157.89483684210526,0.0,0,4,True,236.0449239679488,0.015728707978269085,battery_action_and_mode_correction,0.0
F1,v2e2_16b5f26ad506f7afac02,e2bv2_106f78fe39b79a37486f,deepseek_formal,C1,expanded_system,global_distance_optimum_lp_integral,157.89483684210526,0.0,0,4,True,236.0449239679488,0.016875417000846937,battery_action_and_mode_correction,0.0
F1,v2e2_16b5f26ad506f7afac02,e2bv2_106f78fe39b79a37486f,deepseek_formal,C2,battery_only,global_distance_optimum_lp_integral,157.89483684210526,0.0,0,4,True,236.0449239679488,0.015728707978269085,battery_action_and_mode_correction,0.0
F1,v2e2_16b5f26ad506f7afac02,e2bv2_106f78fe39b79a37486f,deepseek_formal,C2,expanded_system,global_distance_optimum_lp_integral,157.89483684210526,0.0,0,4,True,236.0449239679488,0.016875417000846937,battery_action_and_mode_correction,0.0
F1,v2e2_16b5f26ad506f7afac02,e2bv2_106f78fe39b79a37486f,deepseek_formal,S1,battery_only,global_distance_optimum_lp_integral,157.89483684210526,0.0,0,4,True,236.0449239679488,0.015728707978269085,battery_action_and_mode_correction,0.0
F1,v2e2_16b5f26ad506f7afac02,e2bv2_106f78fe39b79a37486f,deepseek_formal,S1,expanded_system,global_distance_optimum_lp_integral,157.89483684210526,0.0,0,4,True,236.0449239679488,0.016875417000846937,battery_action_and_mode_correction,0.0
F1,v2e2_16b5f26ad506f7afac02,e2bv2_106f78fe39b79a37486f,deepseek_formal,S2,battery_only,global_distance_optimum_lp_integral,157.89483684210526,0.0,0,4,True,236.0449239679488,0.015728707978269085,battery_action_and_mode_correction,0.0
F1,v2e2_16b5f26ad506f7afac02,e2bv2_106f78fe39b79a37486f,deepseek_formal,S2,expanded_system,global_distance_optimum_lp_integral,157.89483684210526,0.0,0,4,True,236.0449239679488,0.016875417000846937,battery_action_and_mode_correction,0.0
F1,v2e2_16c288d882ac6a326385,e2bv2_a195292ce70a9bd164f5,deepseek_formal,C1,battery_only,global_distance_optimum_lp_integral,131.57904736842104,0.0,0,4,True,408.929348319955,0.01915174999157898,battery_action_and_mode_correction,0.0
F1,v2e2_16c288d882ac6a326385,e2bv2_a195292ce70a9bd164f5,deepseek_formal,C1,expanded_system,global_distance_optimum_lp_integral,131.57904736842104,0.0,0,4,True,408.929348319955,0.018356916989432648,battery_action_and_mode_correction,0.0
F1,v2e2_16c288d882ac6a326385,e2bv2_a195292ce70a9bd164f5,deepseek_formal,C2,battery_only,global_distance_optimum_lp_integral,131.57904736842104,0.0,0,4,True,408.929348319955,0.01915174999157898,battery_action_and_mode_correction,0.0
F1,v2e2_16c288d882ac6a326385,e2bv2_a195292ce70a9bd164f5,deepseek_formal,C2,expanded_system,global_distance_optimum_lp_integral,131.57904736842104,0.0,0,4,True,408.929348319955,0.018356916989432648,battery_action_and_mode_correction,0.0
F1,v2e2_16c288d882ac6a326385,e2bv2_a195292ce70a9bd164f5,deepseek_formal,S1,battery_only,global_distance_optimum_lp_integral,131.57904736842104,0.0,0,4,True,408.929348319955,0.01915174999157898,battery_action_and_mode_correction,0.0
F1,v2e2_16c288d882ac6a326385,e2bv2_a195292ce70a9bd164f5,deepseek_formal,S1,expanded_system,global_distance_optimum_lp_integral,131.57904736842104,0.0,0,4,True,408.929348319955,0.018356916989432648,battery_action_and_mode_correction,0.0
F1,v2e2_16c288d882ac6a326385,e2bv2_a195292ce70a9bd164f5,deepseek_formal,S2,battery_only,global_distance_optimum_lp_integral,131.57904736842104,0.0,0,4,True,408.929348319955,0.01915174999157898,battery_action_and_mode_correction,0.0
F1,v2e2_16c288d882ac6a326385,e2bv2_a195292ce70a9bd164f5,deepseek_formal,S2,expanded_system,global_distance_optimum_lp_integral,131.57904736842104,0.0,0,4,True,408.929348319955,0.018356916989432648,battery_action_and_mode_correction,0.0
F1,v2e2_1a991ca6b21c0ed79241,e2bv2_e2508c066e226a6c65b3,deepseek_formal,C1,battery_only,global_distance_optimum_lp_integral,26.315889473684212,0.0,0,2,True,358.3422228887643,0.016436167003121227,battery_action_and_mode_correction,0.0
F1,v2e2_1a991ca6b21c0ed79241,e2bv2_e2508c066e226a6c65b3,deepseek_formal,C1,expanded_system,global_distance_optimum_lp_integral,26.315889473684212,0.0,0,2,True,358.3422228887643,0.018267709005158395,battery_action_and_mode_correction,0.0
F1,v2e2_1a991ca6b21c0ed79241,e2bv2_e2508c066e226a6c65b3,deepseek_formal,C2,battery_only,global_distance_optimum_lp_integral,26.315889473684212,0.0,0,2,True,358.3422228887643,0.016436167003121227,battery_action_and_mode_correction,0.0
F1,v2e2_1a991ca6b21c0ed79241,e2bv2_e2508c066e226a6c65b3,deepseek_formal,C2,expanded_system,global_distance_optimum_lp_integral,26.315889473684212,0.0,0,2,True,358.3422228887643,0.018267709005158395,battery_action_and_mode_correction,0.0
F1,v2e2_1a991ca6b21c0ed79241,e2bv2_e2508c066e226a6c65b3,deepseek_formal,S1,battery_only,global_distance_optimum_lp_integral,26.315889473684212,0.0,0,2,True,358.3422228887643,0.016436167003121227,battery_action_and_mode_correction,0.0
F1,v2e2_1a991ca6b21c0ed79241,e2bv2_e2508c066e226a6c65b3,deepseek_formal,S1,expanded_system,global_distance_optimum_lp_integral,26.315889473684212,0.0,0,2,True,358.3422228887643,0.018267709005158395,battery_action_and_mode_correction,0.0
F1,v2e2_1a991ca6b21c0ed79241,e2bv2_e2508c066e226a6c65b3,deepseek_formal,S2,battery_only,global_distance_optimum_lp_integral,26.315889473684212,0.0,0,2,True,358.3422228887643,0.016436167003121227,battery_action_and_mode_correction,0.0
F1,v2e2_1a991ca6b21c0ed79241,e2bv2_e2508c066e226a6c65b3,deepseek_formal,S2,expanded_system,global_distance_optimum_lp_integral,26.315889473684212,0.0,0,2,True,358.3422228887643,0.018267709005158395,battery_action_and_mode_correction,0.0
F1,v2e2_1fd8536d13787e44dc17,e2bv2_90a214c9f95f65c0e06e,deepseek_formal,C1,battery_only,feasible_mode_library_upper_bound,23.7501,0.0,0,2,True,285.2203958101474,0.022685625008307397,expanded_curtailment_used_without_distance_reduction,0.0
F1,v2e2_1fd8536d13787e44dc17,e2bv2_90a214c9f95f65c0e06e,deepseek_formal,C1,expanded_system,feasible_mode_library_upper_bound,23.7501,367.38582175,0,2,True,283.46061772396496,0.02254837501095608,expanded_curtailment_used_without_distance_reduction,0.0
F1,v2e2_1fd8536d13787e44dc17,e2bv2_90a214c9f95f65c0e06e,deepseek_formal,C2,battery_only,feasible_mode_library_upper_bound,23.7501,0.0,0,2,True,285.2203958101474,0.022685625008307397,expanded_curtailment_used_without_distance_reduction,0.0
F1,v2e2_1fd8536d13787e44dc17,e2bv2_90a214c9f95f65c0e06e,deepseek_formal,C2,expanded_system,feasible_mode_library_upper_bound,23.7501,367.38582175,0,2,True,283.46061772396496,0.02254837501095608,expanded_curtailment_used_without_distance_reduction,0.0
F1,v2e2_1fd8536d13787e44dc17,e2bv2_90a214c9f95f65c0e06e,deepseek_formal,S1,battery_only,feasible_mode_library_upper_bound,23.7501,0.0,0,2,True,285.2203958101474,0.022685625008307397,expanded_curtailment_used_without_distance_reduction,0.0
F1,v2e2_1fd8536d13787e44dc17,e2bv2_90a214c9f95f65c0e06e,deepseek_formal,S1,expanded_system,feasible_mode_library_upper_bound,23.7501,367.38582175,0,2,True,283.46061772396496,0.02254837501095608,expanded_curtailment_used_without_distance_reduction,0.0
F1,v2e2_1fd8536d13787e44dc17,e2bv2_90a214c9f95f65c0e06e,deepseek_formal,S2,battery_only,feasible_mode_library_upper_bound,23.7501,0.0,0,2,True,285.2203958101474,0.022685625008307397,expanded_curtailment_used_without_distance_reduction,0.0
F1,v2e2_1fd8536d13787e44dc17,e2bv2_90a214c9f95f65c0e06e,deepseek_formal,S2,expanded_system,feasible_mode_library_upper_bound,23.7501,367.38582175,0,2,True,283.46061772396496,0.02254837501095608,expanded_curtailment_used_without_distance_reduction,0.0
F1,v2e2_20534de655a33fde87ca,e2bv2_1a5a7a43da5111b0cfaa,deepseek_formal,C1,battery_only,global_distance_optimum_lp_integral,184.21062631578948,0.0,0,4,True,299.270759815251,0.019391832989640534,battery_action_and_mode_correction,0.0
F1,v2e2_20534de655a33fde87ca,e2bv2_1a5a7a43da5111b0cfaa,deepseek_formal,C1,expanded_system,global_distance_optimum_lp_integral,184.21062631578948,0.0,0,4,True,299.270759815251,0.019123791018500924,battery_action_and_mode_correction,0.0
F1,v2e2_20534de655a33fde87ca,e2bv2_1a5a7a43da5111b0cfaa,deepseek_formal,C2,battery_only,global_distance_optimum_lp_integral,184.21062631578948,0.0,0,4,True,299.270759815251,0.019391832989640534,battery_action_and_mode_correction,0.0
F1,v2e2_20534de655a33fde87ca,e2bv2_1a5a7a43da5111b0cfaa,deepseek_formal,C2,expanded_system,global_distance_optimum_lp_integral,184.21062631578948,0.0,0,4,True,299.270759815251,0.019123791018500924,battery_action_and_mode_correction,0.0
F1,v2e2_20534de655a33fde87ca,e2bv2_1a5a7a43da5111b0cfaa,deepseek_formal,S1,battery_only,global_distance_optimum_lp_integral,184.21062631578948,0.0,0,4,True,299.270759815251,0.019391832989640534,battery_action_and_mode_correction,0.0
F1,v2e2_20534de655a33fde87ca,e2bv2_1a5a7a43da5111b0cfaa,deepseek_formal,S1,expanded_system,global_distance_optimum_lp_integral,184.21062631578948,0.0,0,4,True,299.270759815251,0.019123791018500924,battery_action_and_mode_correction,0.0
F1,v2e2_20534de655a33fde87ca,e2bv2_1a5a7a43da5111b0cfaa,deepseek_formal,S2,battery_only,global_distance_optimum_lp_integral,184.21062631578948,0.0,0,4,True,299.270759815251,0.019391832989640534,battery_action_and_mode_correction,0.0
F1,v2e2_20534de655a33fde87ca,e2bv2_1a5a7a43da5111b0cfaa,deepseek_formal,S2,expanded_system,global_distance_optimum_lp_integral,184.21062631578948,0.0,0,4,True,299.270759815251,0.019123791018500924,battery_action_and_mode_correction,0.0
F1,v2e2_25e030e6613f44a39649,e2bv2_51dca7ed1e43a2dc2f29,deepseek_formal,C1,battery_only,global_distance_optimum_lp_integral,157.89483684210526,0.0,0,4,True,193.75000024148463,0.018653125007404014,battery_action_and_mode_correction,0.0
F1,v2e2_25e030e6613f44a39649,e2bv2_51dca7ed1e43a2dc2f29,deepseek_formal,C1,expanded_system,global_distance_optimum_lp_integral,157.89483684210526,0.0,0,4,True,193.75000024148463,0.018554207985289395,battery_action_and_mode_correction,0.0
F1,v2e2_25e030e6613f44a39649,e2bv2_51dca7ed1e43a2dc2f29,deepseek_formal,C2,battery_only,global_distance_optimum_lp_integral,157.89483684210526,0.0,0,4,True,193.75000024148463,0.018653125007404014,battery_action_and_mode_correction,0.0
F1,v2e2_25e030e6613f44a39649,e2bv2_51dca7ed1e43a2dc2f29,deepseek_formal,C2,expanded_system,global_distance_optimum_lp_integral,157.89483684210526,0.0,0,4,True,193.75000024148463,0.018554207985289395,battery_action_and_mode_correction,0.0
F1,v2e2_25e030e6613f44a39649,e2bv2_51dca7ed1e43a2dc2f29,deepseek_formal,S1,battery_only,global_distance_optimum_lp_integral,157.89483684210526,0.0,0,4,True,193.75000024148463,0.018653125007404014,battery_action_and_mode_correction,0.0
F1,v2e2_25e030e6613f44a39649,e2bv2_51dca7ed1e43a2dc2f29,deepseek_formal,S1,expanded_system,global_distance_optimum_lp_integral,157.89483684210526,0.0,0,4,True,193.75000024148463,0.018554207985289395,battery_action_and_mode_correction,0.0
F1,v2e2_25e030e6613f44a39649,e2bv2_51dca7ed1e43a2dc2f29,deepseek_formal,S2,battery_only,global_distance_optimum_lp_integral,157.89483684210526,0.0,0,4,True,193.75000024148463,0.018653125007404014,battery_action_and_mode_correction,0.0
F1,v2e2_25e030e6613f44a39649,e2bv2_51dca7ed1e43a2dc2f29,deepseek_formal,S2,expanded_system,global_distance_optimum_lp_integral,157.89483684210526,0.0,0,4,True,193.75000024148463,0.018554207985289395,battery_action_and_mode_correction,0.0
F1,v2e2_28d9724eea09520d5cd7,e2bv2_65a2adb54b7fa70641c7,deepseek_formal,C1,battery_only,global_distance_optimum_lp_integral,157.89483684210526,0.0,0,4,True,259.9080659282582,0.019195541011868045,battery_action_and_mode_correction,0.0
F1,v2e2_28d9724eea09520d5cd7,e2bv2_65a2adb54b7fa70641c7,deepseek_formal,C1,expanded_system,global_distance_optimum_lp_integral,157.89483684210526,0.0,0,4,True,259.9080659282582,0.01881491599488072,battery_action_and_mode_correction,0.0
F1,v2e2_28d9724eea09520d5cd7,e2bv2_65a2adb54b7fa70641c7,deepseek_formal,C2,battery_only,global_distance_optimum_lp_integral,157.89483684210526,0.0,0,4,True,259.9080659282582,0.019195541011868045,battery_action_and_mode_correction,0.0
F1,v2e2_28d9724eea09520d5cd7,e2bv2_65a2adb54b7fa70641c7,deepseek_formal,C2,expanded_system,global_distance_optimum_lp_integral,157.89483684210526,0.0,0,4,True,259.9080659282582,0.01881491599488072,battery_action_and_mode_correction,0.0
F1,v2e2_28d9724eea09520d5cd7,e2bv2_65a2adb54b7fa70641c7,deepseek_formal,S1,battery_only,global_distance_optimum_lp_integral,157.89483684210526,0.0,0,4,True,259.9080659282582,0.019195541011868045,battery_action_and_mode_correction,0.0
F1,v2e2_28d9724eea09520d5cd7,e2bv2_65a2adb54b7fa70641c7,deepseek_formal,S1,expanded_system,global_distance_optimum_lp_integral,157.89483684210526,0.0,0,4,True,259.9080659282582,0.01881491599488072,battery_action_and_mode_correction,0.0
F1,v2e2_28d9724eea09520d5cd7,e2bv2_65a2adb54b7fa70641c7,deepseek_formal,S2,battery_only,global_distance_optimum_lp_integral,157.89483684210526,0.0,0,4,True,259.9080659282582,0.019195541011868045,battery_action_and_mode_correction,0.0
F1,v2e2_28d9724eea09520d5cd7,e2bv2_65a2adb54b7fa70641c7,deepseek_formal,S2,expanded_system,global_distance_optimum_lp_integral,157.89483684210526,0.0,0,4,True,259.9080659282582,0.01881491599488072,battery_action_and_mode_correction,0.0
F1,v2e2_31906e8fff0262a0bd53,e2bv2_063e4dae2070d79d92fc,deepseek_formal,C1,battery_only,global_distance_optimum_lp_integral,157.89483684210526,0.0,0,5,True,363.3996630452206,0.019986458006314933,battery_action_and_mode_correction,0.0
F1,v2e2_31906e8fff0262a0bd53,e2bv2_063e4dae2070d79d92fc,deepseek_formal,C1,expanded_system,global_distance_optimum_lp_integral,157.89483684210526,0.0,0,5,True,363.3996630452206,0.01890562500921078,battery_action_and_mode_correction,0.0
F1,v2e2_31906e8fff0262a0bd53,e2bv2_063e4dae2070d79d92fc,deepseek_formal,C2,battery_only,global_distance_optimum_lp_integral,157.89483684210526,0.0,0,5,True,363.3996630452206,0.019986458006314933,battery_action_and_mode_correction,0.0
F1,v2e2_31906e8fff0262a0bd53,e2bv2_063e4dae2070d79d92fc,deepseek_formal,C2,expanded_system,global_distance_optimum_lp_integral,157.89483684210526,0.0,0,5,True,363.3996630452206,0.01890562500921078,battery_action_and_mode_correction,0.0
F1,v2e2_31906e8fff0262a0bd53,e2bv2_063e4dae2070d79d92fc,deepseek_formal,S1,battery_only,global_distance_optimum_lp_integral,157.89483684210526,0.0,0,5,True,363.3996630452206,0.019986458006314933,battery_action_and_mode_correction,0.0
F1,v2e2_31906e8fff0262a0bd53,e2bv2_063e4dae2070d79d92fc,deepseek_formal,S1,expanded_system,global_distance_optimum_lp_integral,157.89483684210526,0.0,0,5,True,363.3996630452206,0.01890562500921078,battery_action_and_mode_correction,0.0
F1,v2e2_31906e8fff0262a0bd53,e2bv2_063e4dae2070d79d92fc,deepseek_formal,S2,battery_only,global_distance_optimum_lp_integral,157.89483684210526,0.0,0,5,True,363.3996630452206,0.019986458006314933,battery_action_and_mode_correction,0.0
F1,v2e2_31906e8fff0262a0bd53,e2bv2_063e4dae2070d79d92fc,deepseek_formal,S2,expanded_system,global_distance_optimum_lp_integral,157.89483684210526,0.0,0,5,True,363.3996630452206,0.01890562500921078,battery_action_and_mode_correction,0.0
F1,v2e2_394e89f7d166924e9409,e2bv2_6de44f7f22478000b190,deepseek_formal,C1,battery_only,global_distance_optimum_lp_integral,157.89483684210526,0.0,0,4,True,681.4630366131712,0.018550000007962808,battery_action_and_mode_correction,0.0
F1,v2e2_394e89f7d166924e9409,e2bv2_6de44f7f22478000b190,deepseek_formal,C1,expanded_system,global_distance_optimum_lp_integral,157.89483684210526,0.0,0,4,True,681.4630366131712,0.019292290991870686,battery_action_and_mode_correction,0.0
F1,v2e2_394e89f7d166924e9409,e2bv2_6de44f7f22478000b190,deepseek_formal,C2,battery_only,global_distance_optimum_lp_integral,157.89483684210526,0.0,0,4,True,681.4630366131712,0.018550000007962808,battery_action_and_mode_correction,0.0
F1,v2e2_394e89f7d166924e9409,e2bv2_6de44f7f22478000b190,deepseek_formal,C2,expanded_system,global_distance_optimum_lp_integral,157.89483684210526,0.0,0,4,True,681.4630366131712,0.019292290991870686,battery_action_and_mode_correction,0.0
F1,v2e2_394e89f7d166924e9409,e2bv2_6de44f7f22478000b190,deepseek_formal,S1,battery_only,global_distance_optimum_lp_integral,157.89483684210526,0.0,0,4,True,681.4630366131712,0.018550000007962808,battery_action_and_mode_correction,0.0
F1,v2e2_394e89f7d166924e9409,e2bv2_6de44f7f22478000b190,deepseek_formal,S1,expanded_system,global_distance_optimum_lp_integral,157.89483684210526,0.0,0,4,True,681.4630366131712,0.019292290991870686,battery_action_and_mode_correction,0.0
F1,v2e2_394e89f7d166924e9409,e2bv2_6de44f7f22478000b190,deepseek_formal,S2,battery_only,global_distance_optimum_lp_integral,157.89483684210526,0.0,0,4,True,681.4630366131712,0.018550000007962808,battery_action_and_mode_correction,0.0
F1,v2e2_394e89f7d166924e9409,e2bv2_6de44f7f22478000b190,deepseek_formal,S2,expanded_system,global_distance_optimum_lp_integral,157.89483684210526,0.0,0,4,True,681.4630366131712,0.019292290991870686,battery_action_and_mode_correction,0.0
F1,v2e2_4029a98e7ae402335d31,e2bv2_c33c40c91f4db11dd9f8,deepseek_formal,C1,battery_only,global_distance_optimum_lp_integral,157.89483684210526,0.0,0,4,True,200.7400702003913,0.01974862499628216,battery_action_and_mode_correction,0.0
F1,v2e2_4029a98e7ae402335d31,e2bv2_c33c40c91f4db11dd9f8,deepseek_formal,C1,expanded_system,global_distance_optimum_lp_integral,157.89483684210526,0.0,0,4,True,200.7400702003913,0.019727958017028868,battery_action_and_mode_correction,0.0
F1,v2e2_4029a98e7ae402335d31,e2bv2_c33c40c91f4db11dd9f8,deepseek_formal,C2,battery_only,global_distance_optimum_lp_integral,157.89483684210526,0.0,0,4,True,200.7400702003913,0.01974862499628216,battery_action_and_mode_correction,0.0
F1,v2e2_4029a98e7ae402335d31,e2bv2_c33c40c91f4db11dd9f8,deepseek_formal,C2,expanded_system,global_distance_optimum_lp_integral,157.89483684210526,0.0,0,4,True,200.7400702003913,0.019727958017028868,battery_action_and_mode_correction,0.0
F1,v2e2_4029a98e7ae402335d31,e2bv2_c33c40c91f4db11dd9f8,deepseek_formal,S1,battery_only,global_distance_optimum_lp_integral,157.89483684210526,0.0,0,4,True,200.7400702003913,0.01974862499628216,battery_action_and_mode_correction,0.0
F1,v2e2_4029a98e7ae402335d31,e2bv2_c33c40c91f4db11dd9f8,deepseek_formal,S1,expanded_system,global_distance_optimum_lp_integral,157.89483684210526,0.0,0,4,True,200.7400702003913,0.019727958017028868,battery_action_and_mode_correction,0.0
F1,v2e2_4029a98e7ae402335d31,e2bv2_c33c40c91f4db11dd9f8,deepseek_formal,S2,battery_only,global_distance_optimum_lp_integral,157.89483684210526,0.0,0,4,True,200.7400702003913,0.01974862499628216,battery_action_and_mode_correction,0.0
F1,v2e2_4029a98e7ae402335d31,e2bv2_c33c40c91f4db11dd9f8,deepseek_formal,S2,expanded_system,global_distance_optimum_lp_integral,157.89483684210526,0.0,0,4,True,200.7400702003913,0.019727958017028868,battery_action_and_mode_correction,0.0
F1,v2e2_47a354a03084871e0ca3,e2bv2_d73f619db0513777829b,deepseek_formal,C1,battery_only,global_distance_optimum_lp_integral,131.57904736842104,0.0,0,4,True,239.1766429154197,0.018512999988161027,battery_action_and_mode_correction,0.0
F1,v2e2_47a354a03084871e0ca3,e2bv2_d73f619db0513777829b,deepseek_formal,C1,expanded_system,global_distance_optimum_lp_integral,131.57904736842104,0.0,0,4,True,239.1766429154197,0.018782166007440537,battery_action_and_mode_correction,0.0
F1,v2e2_47a354a03084871e0ca3,e2bv2_d73f619db0513777829b,deepseek_formal,C2,battery_only,global_distance_optimum_lp_integral,131.57904736842104,0.0,0,4,True,239.1766429154197,0.018512999988161027,battery_action_and_mode_correction,0.0
F1,v2e2_47a354a03084871e0ca3,e2bv2_d73f619db0513777829b,deepseek_formal,C2,expanded_system,global_distance_optimum_lp_integral,131.57904736842104,0.0,0,4,True,239.1766429154197,0.018782166007440537,battery_action_and_mode_correction,0.0
F1,v2e2_47a354a03084871e0ca3,e2bv2_d73f619db0513777829b,deepseek_formal,S1,battery_only,global_distance_optimum_lp_integral,131.57904736842104,0.0,0,4,True,239.1766429154197,0.018512999988161027,battery_action_and_mode_correction,0.0
F1,v2e2_47a354a03084871e0ca3,e2bv2_d73f619db0513777829b,deepseek_formal,S1,expanded_system,global_distance_optimum_lp_integral,131.57904736842104,0.0,0,4,True,239.1766429154197,0.018782166007440537,battery_action_and_mode_correction,0.0
F1,v2e2_47a354a03084871e0ca3,e2bv2_d73f619db0513777829b,deepseek_formal,S2,battery_only,global_distance_optimum_lp_integral,131.57904736842104,0.0,0,4,True,239.1766429154197,0.018512999988161027,battery_action_and_mode_correction,0.0
F1,v2e2_47a354a03084871e0ca3,e2bv2_d73f619db0513777829b,deepseek_formal,S2,expanded_system,global_distance_optimum_lp_integral,131.57904736842104,0.0,0,4,True,239.1766429154197,0.018782166007440537,battery_action_and_mode_correction,0.0
F1,v2e2_4bc783ae8ece976241af,e2bv2_7840ed7e07a5f5efde94,deepseek_formal,C1,battery_only,feasible_mode_library_upper_bound,23.7501,0.0,0,2,True,270.18164150795224,0.021987709013046697,battery_action_and_mode_correction,0.0
F1,v2e2_4bc783ae8ece976241af,e2bv2_7840ed7e07a5f5efde94,deepseek_formal,C1,expanded_system,feasible_mode_library_upper_bound,23.7501,0.0,0,2,True,270.18164150795224,0.022371957980794832,battery_action_and_mode_correction,0.0
F1,v2e2_4bc783ae8ece976241af,e2bv2_7840ed7e07a5f5efde94,deepseek_formal,C2,battery_only,feasible_mode_library_upper_bound,23.7501,0.0,0,2,True,270.18164150795224,0.021987709013046697,battery_action_and_mode_correction,0.0
F1,v2e2_4bc783ae8ece976241af,e2bv2_7840ed7e07a5f5efde94,deepseek_formal,C2,expanded_system,feasible_mode_library_upper_bound,23.7501,0.0,0,2,True,270.18164150795224,0.022371957980794832,battery_action_and_mode_correction,0.0
F1,v2e2_4bc783ae8ece976241af,e2bv2_7840ed7e07a5f5efde94,deepseek_formal,S1,battery_only,feasible_mode_library_upper_bound,23.7501,0.0,0,2,True,270.18164150795224,0.021987709013046697,battery_action_and_mode_correction,0.0
F1,v2e2_4bc783ae8ece976241af,e2bv2_7840ed7e07a5f5efde94,deepseek_formal,S1,expanded_system,feasible_mode_library_upper_bound,23.7501,0.0,0,2,True,270.18164150795224,0.022371957980794832,battery_action_and_mode_correction,0.0
F1,v2e2_4bc783ae8ece976241af,e2bv2_7840ed7e07a5f5efde94,deepseek_formal,S2,battery_only,feasible_mode_library_upper_bound,23.7501,0.0,0,2,True,270.18164150795224,0.021987709013046697,battery_action_and_mode_correction,0.0
F1,v2e2_4bc783ae8ece976241af,e2bv2_7840ed7e07a5f5efde94,deepseek_formal,S2,expanded_system,feasible_mode_library_upper_bound,23.7501,0.0,0,2,True,270.18164150795224,0.022371957980794832,battery_action_and_mode_correction,0.0
F1,v2e2_579d7046347071a2967e,e2bv2_dfd1acf73d2da6bbba61,deepseek_formal,C1,battery_only,feasible_mode_library_upper_bound,17.476623499999086,0.0,0,0,True,482.64437758003885,0.01536166699952446,battery_magnitude_or_timing_correction,0.0
F1,v2e2_579d7046347071a2967e,e2bv2_dfd1acf73d2da6bbba61,deepseek_formal,C1,expanded_system,feasible_mode_library_upper_bound,17.476623499999086,0.0,0,0,True,482.64437758003885,0.015632249996997416,battery_magnitude_or_timing_correction,0.0
F1,v2e2_579d7046347071a2967e,e2bv2_dfd1acf73d2da6bbba61,deepseek_formal,C2,battery_only,feasible_mode_library_upper_bound,17.486724999998884,0.0,0,0,True,482.64416662196993,0.03877420799108222,battery_magnitude_or_timing_correction,0.0
F1,v2e2_579d7046347071a2967e,e2bv2_dfd1acf73d2da6bbba61,deepseek_formal,C2,expanded_system,feasible_mode_library_upper_bound,17.486724999998884,0.0,0,0,True,482.64416662196993,0.014796708011999726,battery_magnitude_or_timing_correction,0.0
F1,v2e2_579d7046347071a2967e,e2bv2_dfd1acf73d2da6bbba61,deepseek_formal,S1,battery_only,feasible_mode_library_upper_bound,23.7501,0.0,0,2,True,482.513364399259,0.02180349998525344,battery_action_and_mode_correction,0.0
F1,v2e2_579d7046347071a2967e,e2bv2_dfd1acf73d2da6bbba61,deepseek_formal,S1,expanded_system,feasible_mode_library_upper_bound,23.7501,0.0,0,2,True,482.513364399259,0.022619249997660518,battery_action_and_mode_correction,0.0
F1,v2e2_579d7046347071a2967e,e2bv2_dfd1acf73d2da6bbba61,deepseek_formal,S2,battery_only,feasible_mode_library_upper_bound,23.7501,0.0,0,2,True,482.513364399259,0.02180349998525344,battery_action_and_mode_correction,0.0
F1,v2e2_579d7046347071a2967e,e2bv2_dfd1acf73d2da6bbba61,deepseek_formal,S2,expanded_system,feasible_mode_library_upper_bound,23.7501,0.0,0,2,True,482.513364399259,0.022619249997660518,battery_action_and_mode_correction,0.0
F1,v2e2_57ed2833756fcc2a81f4,e2bv2_1d70637db8f666877223,deepseek_formal,C1,battery_only,feasible_mode_library_upper_bound,4519.473784210527,0.0,2,0,True,1144.6187130333512,0.018149082985473797,battery_action_and_mode_correction,0.0
F1,v2e2_57ed2833756fcc2a81f4,e2bv2_1d70637db8f666877223,deepseek_formal,C1,expanded_system,feasible_mode_library_upper_bound,4519.473784210527,0.0,2,0,True,1144.6187130333512,0.01759108400437981,battery_action_and_mode_correction,0.0
F1,v2e2_57ed2833756fcc2a81f4,e2bv2_1d70637db8f666877223,deepseek_formal,C2,battery_only,feasible_mode_library_upper_bound,4519.473784210527,0.0,2,0,True,1144.6187130333512,0.018149082985473797,battery_action_and_mode_correction,0.0
F1,v2e2_57ed2833756fcc2a81f4,e2bv2_1d70637db8f666877223,deepseek_formal,C2,expanded_system,feasible_mode_library_upper_bound,4519.473784210527,0.0,2,0,True,1144.6187130333512,0.01759108400437981,battery_action_and_mode_correction,0.0
F1,v2e2_57ed2833756fcc2a81f4,e2bv2_1d70637db8f666877223,deepseek_formal,S1,battery_only,global_distance_optimum_lp_integral,1684.2106263157896,0.0,0,4,True,1089.5692407348706,0.01980045798700303,battery_action_and_mode_correction,0.0
F1,v2e2_57ed2833756fcc2a81f4,e2bv2_1d70637db8f666877223,deepseek_formal,S1,expanded_system,global_distance_optimum_lp_integral,1684.2106263157896,0.0,0,4,True,1089.5692407348706,0.01955683299456723,battery_action_and_mode_correction,0.0
F1,v2e2_57ed2833756fcc2a81f4,e2bv2_1d70637db8f666877223,deepseek_formal,S2,battery_only,global_distance_optimum_lp_integral,1684.2106263157896,0.0,0,4,True,1089.5692407348706,0.01980045798700303,battery_action_and_mode_correction,0.0
F1,v2e2_57ed2833756fcc2a81f4,e2bv2_1d70637db8f666877223,deepseek_formal,S2,expanded_system,global_distance_optimum_lp_integral,1684.2106263157896,0.0,0,4,True,1089.5692407348706,0.01955683299456723,battery_action_and_mode_correction,0.0
F1,v2e2_581afa30a65d6a5d08a5,e2bv2_0a0eaab54b0649123a14,deepseek_formal,C1,battery_only,feasible_mode_library_upper_bound,23.7501,0.0,0,2,True,259.8925550768931,0.0228428749833256,battery_action_and_mode_correction,0.0
F1,v2e2_581afa30a65d6a5d08a5,e2bv2_0a0eaab54b0649123a14,deepseek_formal,C1,expanded_system,feasible_mode_library_upper_bound,23.7501,0.0,0,2,True,259.8925550768931,0.02303370798472315,battery_action_and_mode_correction,0.0
F1,v2e2_581afa30a65d6a5d08a5,e2bv2_0a0eaab54b0649123a14,deepseek_formal,C2,battery_only,feasible_mode_library_upper_bound,17.500099999998625,0.0,0,0,True,260.0242789946281,0.014565457997377962,battery_magnitude_or_timing_correction,-3.552713678800501e-15
F1,v2e2_581afa30a65d6a5d08a5,e2bv2_0a0eaab54b0649123a14,deepseek_formal,C2,expanded_system,feasible_mode_library_upper_bound,17.50009999999863,0.0,0,0,True,260.0242789946281,0.015878250007517636,battery_magnitude_or_timing_correction,-3.552713678800501e-15
F1,v2e2_581afa30a65d6a5d08a5,e2bv2_0a0eaab54b0649123a14,deepseek_formal,S1,battery_only,feasible_mode_library_upper_bound,23.7501,0.0,0,2,True,259.8925550768931,0.0228428749833256,battery_action_and_mode_correction,0.0
F1,v2e2_581afa30a65d6a5d08a5,e2bv2_0a0eaab54b0649123a14,deepseek_formal,S1,expanded_system,feasible_mode_library_upper_bound,23.7501,0.0,0,2,True,259.8925550768931,0.02303370798472315,battery_action_and_mode_correction,0.0
F1,v2e2_581afa30a65d6a5d08a5,e2bv2_0a0eaab54b0649123a14,deepseek_formal,S2,battery_only,feasible_mode_library_upper_bound,23.7501,0.0,0,2,True,259.8925550768931,0.0228428749833256,battery_action_and_mode_correction,0.0
F1,v2e2_581afa30a65d6a5d08a5,e2bv2_0a0eaab54b0649123a14,deepseek_formal,S2,expanded_system,feasible_mode_library_upper_bound,23.7501,0.0,0,2,True,259.8925550768931,0.02303370798472315,battery_action_and_mode_correction,0.0
F1,v2e2_599ab783e7af2d598059,e2bv2_979167b67f17ecabf6a5,deepseek_formal,C1,battery_only,global_distance_optimum_lp_integral,26.315889473684212,0.0,0,2,True,332.5212610196547,0.018968124990351498,battery_action_and_mode_correction,0.0
F1,v2e2_599ab783e7af2d598059,e2bv2_979167b67f17ecabf6a5,deepseek_formal,C1,expanded_system,global_distance_optimum_lp_integral,26.315889473684212,0.0,0,2,True,332.5212610196547,0.01986400000168942,battery_action_and_mode_correction,0.0
F1,v2e2_599ab783e7af2d598059,e2bv2_979167b67f17ecabf6a5,deepseek_formal,C2,battery_only,global_distance_optimum_lp_integral,26.315889473684212,0.0,0,2,True,332.5212610196547,0.018968124990351498,battery_action_and_mode_correction,0.0
F1,v2e2_599ab783e7af2d598059,e2bv2_979167b67f17ecabf6a5,deepseek_formal,C2,expanded_system,global_distance_optimum_lp_integral,26.315889473684212,0.0,0,2,True,332.5212610196547,0.01986400000168942,battery_action_and_mode_correction,0.0
F1,v2e2_599ab783e7af2d598059,e2bv2_979167b67f17ecabf6a5,deepseek_formal,S1,battery_only,global_distance_optimum_lp_integral,26.315889473684212,0.0,0,2,True,332.5212610196547,0.018968124990351498,battery_action_and_mode_correction,0.0
F1,v2e2_599ab783e7af2d598059,e2bv2_979167b67f17ecabf6a5,deepseek_formal,S1,expanded_system,global_distance_optimum_lp_integral,26.315889473684212,0.0,0,2,True,332.5212610196547,0.01986400000168942,battery_action_and_mode_correction,0.0
F1,v2e2_599ab783e7af2d598059,e2bv2_979167b67f17ecabf6a5,deepseek_formal,S2,battery_only,global_distance_optimum_lp_integral,26.315889473684212,0.0,0,2,True,332.5212610196547,0.018968124990351498,battery_action_and_mode_correction,0.0
F1,v2e2_599ab783e7af2d598059,e2bv2_979167b67f17ecabf6a5,deepseek_formal,S2,expanded_system,global_distance_optimum_lp_integral,26.315889473684212,0.0,0,2,True,332.5212610196547,0.01986400000168942,battery_action_and_mode_correction,0.0
F1,v2e2_6044c2cf8efb739eb457,e2bv2_efd03696157b9e4346bf,deepseek_formal,C1,battery_only,feasible_mode_library_upper_bound,23.7501,0.0,0,2,True,707.4051783332858,0.02202608299558051,battery_action_and_mode_correction,0.0
F1,v2e2_6044c2cf8efb739eb457,e2bv2_efd03696157b9e4346bf,deepseek_formal,C1,expanded_system,feasible_mode_library_upper_bound,23.7501,0.0,0,2,True,707.4051783332858,0.021753667009761557,battery_action_and_mode_correction,0.0
F1,v2e2_6044c2cf8efb739eb457,e2bv2_efd03696157b9e4346bf,deepseek_formal,C2,battery_only,feasible_mode_library_upper_bound,23.7501,0.0,0,2,True,707.4051783332858,0.02202608299558051,battery_action_and_mode_correction,0.0
F1,v2e2_6044c2cf8efb739eb457,e2bv2_efd03696157b9e4346bf,deepseek_formal,C2,expanded_system,feasible_mode_library_upper_bound,23.7501,0.0,0,2,True,707.4051783332858,0.021753667009761557,battery_action_and_mode_correction,0.0
F1,v2e2_6044c2cf8efb739eb457,e2bv2_efd03696157b9e4346bf,deepseek_formal,S1,battery_only,feasible_mode_library_upper_bound,23.7501,0.0,0,2,True,707.4051783332858,0.02202608299558051,battery_action_and_mode_correction,0.0
F1,v2e2_6044c2cf8efb739eb457,e2bv2_efd03696157b9e4346bf,deepseek_formal,S1,expanded_system,feasible_mode_library_upper_bound,23.7501,0.0,0,2,True,707.4051783332858,0.021753667009761557,battery_action_and_mode_correction,0.0
F1,v2e2_6044c2cf8efb739eb457,e2bv2_efd03696157b9e4346bf,deepseek_formal,S2,battery_only,feasible_mode_library_upper_bound,23.7501,0.0,0,2,True,707.4051783332858,0.02202608299558051,battery_action_and_mode_correction,0.0
F1,v2e2_6044c2cf8efb739eb457,e2bv2_efd03696157b9e4346bf,deepseek_formal,S2,expanded_system,feasible_mode_library_upper_bound,23.7501,0.0,0,2,True,707.4051783332858,0.021753667009761557,battery_action_and_mode_correction,0.0
F1,v2e2_689fd81bd1f3eec1e27d,e2bv2_36c9ee18183bf93dcc42,deepseek_formal,C1,battery_only,global_distance_optimum_lp_integral,157.89483684210526,0.0,0,4,True,369.4788048450823,0.01734929101075977,battery_action_and_mode_correction,0.0
F1,v2e2_689fd81bd1f3eec1e27d,e2bv2_36c9ee18183bf93dcc42,deepseek_formal,C1,expanded_system,global_distance_optimum_lp_integral,157.89483684210526,0.0,0,4,True,369.4788048450823,0.016496124997502193,battery_action_and_mode_correction,0.0
F1,v2e2_689fd81bd1f3eec1e27d,e2bv2_36c9ee18183bf93dcc42,deepseek_formal,C2,battery_only,global_distance_optimum_lp_integral,157.89483684210526,0.0,0,4,True,369.4788048450823,0.01734929101075977,battery_action_and_mode_correction,0.0
F1,v2e2_689fd81bd1f3eec1e27d,e2bv2_36c9ee18183bf93dcc42,deepseek_formal,C2,expanded_system,global_distance_optimum_lp_integral,157.89483684210526,0.0,0,4,True,369.4788048450823,0.016496124997502193,battery_action_and_mode_correction,0.0
F1,v2e2_689fd81bd1f3eec1e27d,e2bv2_36c9ee18183bf93dcc42,deepseek_formal,S1,battery_only,global_distance_optimum_lp_integral,157.89483684210526,0.0,0,4,True,369.4788048450823,0.01734929101075977,battery_action_and_mode_correction,0.0
F1,v2e2_689fd81bd1f3eec1e27d,e2bv2_36c9ee18183bf93dcc42,deepseek_formal,S1,expanded_system,global_distance_optimum_lp_integral,157.89483684210526,0.0,0,4,True,369.4788048450823,0.016496124997502193,battery_action_and_mode_correction,0.0
F1,v2e2_689fd81bd1f3eec1e27d,e2bv2_36c9ee18183bf93dcc42,deepseek_formal,S2,battery_only,global_distance_optimum_lp_integral,157.89483684210526,0.0,0,4,True,369.4788048450823,0.01734929101075977,battery_action_and_mode_correction,0.0
F1,v2e2_689fd81bd1f3eec1e27d,e2bv2_36c9ee18183bf93dcc42,deepseek_formal,S2,expanded_system,global_distance_optimum_lp_integral,157.89483684210526,0.0,0,4,True,369.4788048450823,0.016496124997502193,battery_action_and_mode_correction,0.0
F1,v2e2_68ad1227a66cd68252f6,e2bv2_8e5894fd943a5544d909,deepseek_formal,C1,battery_only,global_distance_optimum_lp_integral,157.89473684210526,0.0,0,3,True,489.48749045991536,0.01943450001999736,battery_action_and_mode_correction,0.0
F1,v2e2_68ad1227a66cd68252f6,e2bv2_8e5894fd943a5544d909,deepseek_formal,C1,expanded_system,global_distance_optimum_lp_integral,157.89473684210526,0.0,0,3,True,489.48749045991536,0.018272459012223408,battery_action_and_mode_correction,0.0
F1,v2e2_68ad1227a66cd68252f6,e2bv2_8e5894fd943a5544d909,deepseek_formal,C2,battery_only,global_distance_optimum_lp_integral,157.89473684210526,0.0,0,3,True,489.48749045991536,0.01943450001999736,battery_action_and_mode_correction,0.0
F1,v2e2_68ad1227a66cd68252f6,e2bv2_8e5894fd943a5544d909,deepseek_formal,C2,expanded_system,global_distance_optimum_lp_integral,157.89473684210526,0.0,0,3,True,489.48749045991536,0.018272459012223408,battery_action_and_mode_correction,0.0
F1,v2e2_68ad1227a66cd68252f6,e2bv2_8e5894fd943a5544d909,deepseek_formal,S1,battery_only,global_distance_optimum_lp_integral,157.89473684210526,0.0,0,3,True,489.48749045991536,0.01943450001999736,battery_action_and_mode_correction,0.0
F1,v2e2_68ad1227a66cd68252f6,e2bv2_8e5894fd943a5544d909,deepseek_formal,S1,expanded_system,global_distance_optimum_lp_integral,157.89473684210526,0.0,0,3,True,489.48749045991536,0.018272459012223408,battery_action_and_mode_correction,0.0
F1,v2e2_68ad1227a66cd68252f6,e2bv2_8e5894fd943a5544d909,deepseek_formal,S2,battery_only,global_distance_optimum_lp_integral,157.89473684210526,0.0,0,3,True,489.48749045991536,0.01943450001999736,battery_action_and_mode_correction,0.0
F1,v2e2_68ad1227a66cd68252f6,e2bv2_8e5894fd943a5544d909,deepseek_formal,S2,expanded_system,global_distance_optimum_lp_integral,157.89473684210526,0.0,0,3,True,489.48749045991536,0.018272459012223408,battery_action_and_mode_correction,0.0
F1,v2e2_729fd4e9cb1879f64d23,e2bv2_7c9796613960a15b9922,deepseek_formal,C1,battery_only,global_distance_optimum_lp_integral,131.57904736842104,0.0,0,4,True,506.3481567904443,0.016952209000010043,battery_action_and_mode_correction,0.0
F1,v2e2_729fd4e9cb1879f64d23,e2bv2_7c9796613960a15b9922,deepseek_formal,C1,expanded_system,global_distance_optimum_lp_integral,131.57904736842104,0.0,0,4,True,506.3481567904443,0.016525291022844613,battery_action_and_mode_correction,0.0
F1,v2e2_729fd4e9cb1879f64d23,e2bv2_7c9796613960a15b9922,deepseek_formal,C2,battery_only,global_distance_optimum_lp_integral,131.57904736842104,0.0,0,4,True,506.3481567904443,0.016952209000010043,battery_action_and_mode_correction,0.0
F1,v2e2_729fd4e9cb1879f64d23,e2bv2_7c9796613960a15b9922,deepseek_formal,C2,expanded_system,global_distance_optimum_lp_integral,131.57904736842104,0.0,0,4,True,506.3481567904443,0.016525291022844613,battery_action_and_mode_correction,0.0
F1,v2e2_729fd4e9cb1879f64d23,e2bv2_7c9796613960a15b9922,deepseek_formal,S1,battery_only,global_distance_optimum_lp_integral,131.57904736842104,0.0,0,4,True,506.3481567904443,0.016952209000010043,battery_action_and_mode_correction,0.0
F1,v2e2_729fd4e9cb1879f64d23,e2bv2_7c9796613960a15b9922,deepseek_formal,S1,expanded_system,global_distance_optimum_lp_integral,131.57904736842104,0.0,0,4,True,506.3481567904443,0.016525291022844613,battery_action_and_mode_correction,0.0
F1,v2e2_729fd4e9cb1879f64d23,e2bv2_7c9796613960a15b9922,deepseek_formal,S2,battery_only,global_distance_optimum_lp_integral,131.57904736842104,0.0,0,4,True,506.3481567904443,0.016952209000010043,battery_action_and_mode_correction,0.0
F1,v2e2_729fd4e9cb1879f64d23,e2bv2_7c9796613960a15b9922,deepseek_formal,S2,expanded_system,global_distance_optimum_lp_integral,131.57904736842104,0.0,0,4,True,506.3481567904443,0.016525291022844613,battery_action_and_mode_correction,0.0
F1,v2e2_7778cc641046e1b0a2cd,e2bv2_f58bf07d1222a1361782,deepseek_formal,C1,battery_only,global_distance_optimum_lp_integral,157.89483684210526,0.0,0,4,True,424.8554287375644,0.016638790984870866,battery_action_and_mode_correction,0.0
F1,v2e2_7778cc641046e1b0a2cd,e2bv2_f58bf07d1222a1361782,deepseek_formal,C1,expanded_system,global_distance_optimum_lp_integral,157.89483684210526,0.0,0,4,True,424.8554287375644,0.01632220801548101,battery_action_and_mode_correction,0.0
F1,v2e2_7778cc641046e1b0a2cd,e2bv2_f58bf07d1222a1361782,deepseek_formal,C2,battery_only,global_distance_optimum_lp_integral,157.89483684210526,0.0,0,4,True,424.8554287375644,0.016638790984870866,battery_action_and_mode_correction,0.0
F1,v2e2_7778cc641046e1b0a2cd,e2bv2_f58bf07d1222a1361782,deepseek_formal,C2,expanded_system,global_distance_optimum_lp_integral,157.89483684210526,0.0,0,4,True,424.8554287375644,0.01632220801548101,battery_action_and_mode_correction,0.0
F1,v2e2_7778cc641046e1b0a2cd,e2bv2_f58bf07d1222a1361782,deepseek_formal,S1,battery_only,global_distance_optimum_lp_integral,157.89483684210526,0.0,0,4,True,424.8554287375644,0.016638790984870866,battery_action_and_mode_correction,0.0
F1,v2e2_7778cc641046e1b0a2cd,e2bv2_f58bf07d1222a1361782,deepseek_formal,S1,expanded_system,global_distance_optimum_lp_integral,157.89483684210526,0.0,0,4,True,424.8554287375644,0.01632220801548101,battery_action_and_mode_correction,0.0
F1,v2e2_7778cc641046e1b0a2cd,e2bv2_f58bf07d1222a1361782,deepseek_formal,S2,battery_only,global_distance_optimum_lp_integral,157.89483684210526,0.0,0,4,True,424.8554287375644,0.016638790984870866,battery_action_and_mode_correction,0.0
F1,v2e2_7778cc641046e1b0a2cd,e2bv2_f58bf07d1222a1361782,deepseek_formal,S2,expanded_system,global_distance_optimum_lp_integral,157.89483684210526,0.0,0,4,True,424.8554287375644,0.01632220801548101,battery_action_and_mode_correction,0.0
F1,v2e2_7b2e0628b0d7b7a4badd,e2bv2_f52569b207fdbafda434,deepseek_formal,C1,battery_only,feasible_mode_library_upper_bound,23.7501,0.0,0,2,True,291.8389621003977,0.02289620801457204,battery_action_and_mode_correction,0.0
F1,v2e2_7b2e0628b0d7b7a4badd,e2bv2_f52569b207fdbafda434,deepseek_formal,C1,expanded_system,feasible_mode_library_upper_bound,23.7501,0.0,0,2,True,291.8389621003977,0.022353666019625962,battery_action_and_mode_correction,0.0
F1,v2e2_7b2e0628b0d7b7a4badd,e2bv2_f52569b207fdbafda434,deepseek_formal,C2,battery_only,feasible_mode_library_upper_bound,23.7501,0.0,0,2,True,291.8389621003977,0.02289620801457204,battery_action_and_mode_correction,0.0
F1,v2e2_7b2e0628b0d7b7a4badd,e2bv2_f52569b207fdbafda434,deepseek_formal,C2,expanded_system,feasible_mode_library_upper_bound,23.7501,0.0,0,2,True,291.8389621003977,0.022353666019625962,battery_action_and_mode_correction,0.0
F1,v2e2_7b2e0628b0d7b7a4badd,e2bv2_f52569b207fdbafda434,deepseek_formal,S1,battery_only,feasible_mode_library_upper_bound,23.7501,0.0,0,2,True,291.8389621003977,0.02289620801457204,battery_action_and_mode_correction,0.0
F1,v2e2_7b2e0628b0d7b7a4badd,e2bv2_f52569b207fdbafda434,deepseek_formal,S1,expanded_system,feasible_mode_library_upper_bound,23.7501,0.0,0,2,True,291.8389621003977,0.022353666019625962,battery_action_and_mode_correction,0.0
F1,v2e2_7b2e0628b0d7b7a4badd,e2bv2_f52569b207fdbafda434,deepseek_formal,S2,battery_only,feasible_mode_library_upper_bound,23.7501,0.0,0,2,True,291.8389621003977,0.02289620801457204,battery_action_and_mode_correction,0.0
F1,v2e2_7b2e0628b0d7b7a4badd,e2bv2_f52569b207fdbafda434,deepseek_formal,S2,expanded_system,feasible_mode_library_upper_bound,23.7501,0.0,0,2,True,291.8389621003977,0.022353666019625962,battery_action_and_mode_correction,0.0
F1,v2e2_7e727667efa4e288ccd0,e2bv2_4877df0b1c592f6bee11,deepseek_formal,C1,battery_only,feasible_mode_library_upper_bound,5587.631673822532,0.0,5,0,True,452.00582317523526,0.014329624973470345,battery_action_and_mode_correction,0.0
F1,v2e2_7e727667efa4e288ccd0,e2bv2_4877df0b1c592f6bee11,deepseek_formal,C1,expanded_system,feasible_mode_library_upper_bound,5587.631673822532,0.0,5,0,True,452.00582317523526,0.014292666979599744,battery_action_and_mode_correction,0.0
F1,v2e2_7e727667efa4e288ccd0,e2bv2_4877df0b1c592f6bee11,deepseek_formal,C2,battery_only,feasible_mode_library_upper_bound,5587.631673822532,0.0,5,0,True,452.00582317523526,0.014329624973470345,battery_action_and_mode_correction,0.0
F1,v2e2_7e727667efa4e288ccd0,e2bv2_4877df0b1c592f6bee11,deepseek_formal,C2,expanded_system,feasible_mode_library_upper_bound,5587.631673822532,0.0,5,0,True,452.00582317523526,0.014292666979599744,battery_action_and_mode_correction,0.0
F1,v2e2_7e727667efa4e288ccd0,e2bv2_4877df0b1c592f6bee11,deepseek_formal,S1,battery_only,global_distance_optimum_lp_integral,131.57904736842104,0.0,0,4,True,468.1601546569039,0.0197781250171829,battery_action_and_mode_correction,0.0
F1,v2e2_7e727667efa4e288ccd0,e2bv2_4877df0b1c592f6bee11,deepseek_formal,S1,expanded_system,global_distance_optimum_lp_integral,131.57904736842104,0.0,0,4,True,468.1601546569039,0.01855233300011605,battery_action_and_mode_correction,0.0
F1,v2e2_7e727667efa4e288ccd0,e2bv2_4877df0b1c592f6bee11,deepseek_formal,S2,battery_only,global_distance_optimum_lp_integral,131.57904736842104,0.0,0,4,True,468.1601546569039,0.0197781250171829,battery_action_and_mode_correction,0.0
F1,v2e2_7e727667efa4e288ccd0,e2bv2_4877df0b1c592f6bee11,deepseek_formal,S2,expanded_system,global_distance_optimum_lp_integral,131.57904736842104,0.0,0,4,True,468.1601546569039,0.01855233300011605,battery_action_and_mode_correction,0.0
F1,v2e2_7f938d120000eec26457,e2bv2_676111e1c5a00e4b041f,deepseek_formal,C1,battery_only,feasible_mode_library_upper_bound,4660.9251933337955,0.0,1,0,True,286.1778343358173,0.01863995799794793,battery_action_and_mode_correction,-5.2920119293630705
F1,v2e2_7f938d120000eec26457,e2bv2_676111e1c5a00e4b041f,deepseek_formal,C1,expanded_system,feasible_mode_library_upper_bound,4666.217205263159,0.0,0,0,True,285.67512762266267,0.019139040989102796,battery_action_and_mode_correction,-5.2920119293630705
F1,v2e2_7f938d120000eec26457,e2bv2_676111e1c5a00e4b041f,deepseek_formal,C2,battery_only,feasible_mode_library_upper_bound,4660.9251933337955,0.0,1,0,True,286.1778343358173,0.01863995799794793,battery_action_and_mode_correction,-5.2920119293630705
F1,v2e2_7f938d120000eec26457,e2bv2_676111e1c5a00e4b041f,deepseek_formal,C2,expanded_system,feasible_mode_library_upper_bound,4666.217205263159,0.0,0,0,True,285.67512762266267,0.019139040989102796,battery_action_and_mode_correction,-5.2920119293630705
F1,v2e2_7f938d120000eec26457,e2bv2_676111e1c5a00e4b041f,deepseek_formal,S1,battery_only,feasible_mode_library_upper_bound,5327.03135,0.0,3,0,True,272.2393170847968,0.013209041993832216,battery_action_and_mode_correction,0.0
F1,v2e2_7f938d120000eec26457,e2bv2_676111e1c5a00e4b041f,deepseek_formal,S1,expanded_system,feasible_mode_library_upper_bound,5327.03135,0.0,3,0,True,272.2393170847968,0.013800999993691221,battery_action_and_mode_correction,0.0
F1,v2e2_7f938d120000eec26457,e2bv2_676111e1c5a00e4b041f,deepseek_formal,S2,battery_only,global_distance_optimum_lp_integral,157.89483684210526,0.0,0,4,True,276.242228825597,0.018042542011244223,battery_action_and_mode_correction,0.0
F1,v2e2_7f938d120000eec26457,e2bv2_676111e1c5a00e4b041f,deepseek_formal,S2,expanded_system,global_distance_optimum_lp_integral,157.89483684210526,0.0,0,4,True,276.242228825597,0.018214707990409806,battery_action_and_mode_correction,0.0
F1,v2e2_8e9a9550f230c7b3cff3,e2bv2_6e44d58ae86a30969c94,deepseek_formal,C1,battery_only,global_distance_optimum_lp_integral,157.89483684210526,0.0,0,4,True,299.3494776292558,0.0192821670207195,battery_action_and_mode_correction,0.0
F1,v2e2_8e9a9550f230c7b3cff3,e2bv2_6e44d58ae86a30969c94,deepseek_formal,C1,expanded_system,global_distance_optimum_lp_integral,157.89483684210526,0.0,0,4,True,299.3494776292558,0.01870054198661819,battery_action_and_mode_correction,0.0
F1,v2e2_8e9a9550f230c7b3cff3,e2bv2_6e44d58ae86a30969c94,deepseek_formal,C2,battery_only,global_distance_optimum_lp_integral,157.89483684210526,0.0,0,4,True,299.3494776292558,0.0192821670207195,battery_action_and_mode_correction,0.0
F1,v2e2_8e9a9550f230c7b3cff3,e2bv2_6e44d58ae86a30969c94,deepseek_formal,C2,expanded_system,global_distance_optimum_lp_integral,157.89483684210526,0.0,0,4,True,299.3494776292558,0.01870054198661819,battery_action_and_mode_correction,0.0
F1,v2e2_8e9a9550f230c7b3cff3,e2bv2_6e44d58ae86a30969c94,deepseek_formal,S1,battery_only,global_distance_optimum_lp_integral,157.89483684210526,0.0,0,4,True,299.3494776292558,0.0192821670207195,battery_action_and_mode_correction,0.0
F1,v2e2_8e9a9550f230c7b3cff3,e2bv2_6e44d58ae86a30969c94,deepseek_formal,S1,expanded_system,global_distance_optimum_lp_integral,157.89483684210526,0.0,0,4,True,299.3494776292558,0.01870054198661819,battery_action_and_mode_correction,0.0
F1,v2e2_8e9a9550f230c7b3cff3,e2bv2_6e44d58ae86a30969c94,deepseek_formal,S2,battery_only,global_distance_optimum_lp_integral,157.89483684210526,0.0,0,4,True,299.3494776292558,0.0192821670207195,battery_action_and_mode_correction,0.0
F1,v2e2_8e9a9550f230c7b3cff3,e2bv2_6e44d58ae86a30969c94,deepseek_formal,S2,expanded_system,global_distance_optimum_lp_integral,157.89483684210526,0.0,0,4,True,299.3494776292558,0.01870054198661819,battery_action_and_mode_correction,0.0
F1,v2e2_90357feca5a42c2b5eee,e2bv2_e01f8d4e8519f79c8b87,deepseek_formal,C1,battery_only,global_distance_optimum_lp_integral,157.89483684210526,0.0,0,4,True,189.55449544010926,0.018599084025481716,battery_action_and_mode_correction,0.0
F1,v2e2_90357feca5a42c2b5eee,e2bv2_e01f8d4e8519f79c8b87,deepseek_formal,C1,expanded_system,global_distance_optimum_lp_integral,157.89483684210526,0.0,0,4,True,189.55449544010926,0.01873733298270963,battery_action_and_mode_correction,0.0
F1,v2e2_90357feca5a42c2b5eee,e2bv2_e01f8d4e8519f79c8b87,deepseek_formal,C2,battery_only,global_distance_optimum_lp_integral,157.89483684210526,0.0,0,4,True,189.55449544010926,0.018599084025481716,battery_action_and_mode_correction,0.0
F1,v2e2_90357feca5a42c2b5eee,e2bv2_e01f8d4e8519f79c8b87,deepseek_formal,C2,expanded_system,global_distance_optimum_lp_integral,157.89483684210526,0.0,0,4,True,189.55449544010926,0.01873733298270963,battery_action_and_mode_correction,0.0
F1,v2e2_90357feca5a42c2b5eee,e2bv2_e01f8d4e8519f79c8b87,deepseek_formal,S1,battery_only,global_distance_optimum_lp_integral,157.89483684210526,0.0,0,4,True,189.55449544010926,0.018599084025481716,battery_action_and_mode_correction,0.0
F1,v2e2_90357feca5a42c2b5eee,e2bv2_e01f8d4e8519f79c8b87,deepseek_formal,S1,expanded_system,global_distance_optimum_lp_integral,157.89483684210526,0.0,0,4,True,189.55449544010926,0.01873733298270963,battery_action_and_mode_correction,0.0
F1,v2e2_90357feca5a42c2b5eee,e2bv2_e01f8d4e8519f79c8b87,deepseek_formal,S2,battery_only,global_distance_optimum_lp_integral,157.89483684210526,0.0,0,4,True,189.55449544010926,0.018599084025481716,battery_action_and_mode_correction,0.0
F1,v2e2_90357feca5a42c2b5eee,e2bv2_e01f8d4e8519f79c8b87,deepseek_formal,S2,expanded_system,global_distance_optimum_lp_integral,157.89483684210526,0.0,0,4,True,189.55449544010926,0.01873733298270963,battery_action_and_mode_correction,0.0
F1,v2e2_a015340abe1151fa1614,e2bv2_994a383269924f806ecb,deepseek_formal,C1,battery_only,global_distance_optimum_lp_integral,157.89483684210526,0.0,0,4,True,213.47971397619935,0.016807250009151176,battery_action_and_mode_correction,0.0
F1,v2e2_a015340abe1151fa1614,e2bv2_994a383269924f806ecb,deepseek_formal,C1,expanded_system,global_distance_optimum_lp_integral,157.89483684210526,0.0,0,4,True,213.47971397619935,0.017150958999991417,battery_action_and_mode_correction,0.0
F1,v2e2_a015340abe1151fa1614,e2bv2_994a383269924f806ecb,deepseek_formal,C2,battery_only,global_distance_optimum_lp_integral,157.89483684210526,0.0,0,4,True,213.47971397619935,0.016807250009151176,battery_action_and_mode_correction,0.0
F1,v2e2_a015340abe1151fa1614,e2bv2_994a383269924f806ecb,deepseek_formal,C2,expanded_system,global_distance_optimum_lp_integral,157.89483684210526,0.0,0,4,True,213.47971397619935,0.017150958999991417,battery_action_and_mode_correction,0.0
F1,v2e2_a015340abe1151fa1614,e2bv2_994a383269924f806ecb,deepseek_formal,S1,battery_only,global_distance_optimum_lp_integral,157.89483684210526,0.0,0,4,True,213.47971397619935,0.016807250009151176,battery_action_and_mode_correction,0.0
F1,v2e2_a015340abe1151fa1614,e2bv2_994a383269924f806ecb,deepseek_formal,S1,expanded_system,global_distance_optimum_lp_integral,157.89483684210526,0.0,0,4,True,213.47971397619935,0.017150958999991417,battery_action_and_mode_correction,0.0
F1,v2e2_a015340abe1151fa1614,e2bv2_994a383269924f806ecb,deepseek_formal,S2,battery_only,global_distance_optimum_lp_integral,157.89483684210526,0.0,0,4,True,213.47971397619935,0.016807250009151176,battery_action_and_mode_correction,0.0
F1,v2e2_a015340abe1151fa1614,e2bv2_994a383269924f806ecb,deepseek_formal,S2,expanded_system,global_distance_optimum_lp_integral,157.89483684210526,0.0,0,4,True,213.47971397619935,0.017150958999991417,battery_action_and_mode_correction,0.0
F1,v2e2_a26fd019af93d45104b8,e2bv2_17ed2261ecd19dec6230,deepseek_formal,C1,battery_only,global_distance_optimum_lp_integral,26.315889473684212,0.0,0,2,True,160.39321665585229,0.01817341599962674,battery_action_and_mode_correction,0.0
F1,v2e2_a26fd019af93d45104b8,e2bv2_17ed2261ecd19dec6230,deepseek_formal,C1,expanded_system,global_distance_optimum_lp_integral,26.315889473684212,0.0,0,2,True,160.39321665585229,0.018037125002592802,battery_action_and_mode_correction,0.0
F1,v2e2_a26fd019af93d45104b8,e2bv2_17ed2261ecd19dec6230,deepseek_formal,C2,battery_only,global_distance_optimum_lp_integral,26.315889473684212,0.0,0,2,True,160.39321665585229,0.01817341599962674,battery_action_and_mode_correction,0.0
F1,v2e2_a26fd019af93d45104b8,e2bv2_17ed2261ecd19dec6230,deepseek_formal,C2,expanded_system,global_distance_optimum_lp_integral,26.315889473684212,0.0,0,2,True,160.39321665585229,0.018037125002592802,battery_action_and_mode_correction,0.0
F1,v2e2_a26fd019af93d45104b8,e2bv2_17ed2261ecd19dec6230,deepseek_formal,S1,battery_only,global_distance_optimum_lp_integral,26.315889473684212,0.0,0,2,True,160.39321665585229,0.01817341599962674,battery_action_and_mode_correction,0.0
F1,v2e2_a26fd019af93d45104b8,e2bv2_17ed2261ecd19dec6230,deepseek_formal,S1,expanded_system,global_distance_optimum_lp_integral,26.315889473684212,0.0,0,2,True,160.39321665585229,0.018037125002592802,battery_action_and_mode_correction,0.0
F1,v2e2_a26fd019af93d45104b8,e2bv2_17ed2261ecd19dec6230,deepseek_formal,S2,battery_only,global_distance_optimum_lp_integral,26.315889473684212,0.0,0,2,True,160.39321665585229,0.01817341599962674,battery_action_and_mode_correction,0.0
F1,v2e2_a26fd019af93d45104b8,e2bv2_17ed2261ecd19dec6230,deepseek_formal,S2,expanded_system,global_distance_optimum_lp_integral,26.315889473684212,0.0,0,2,True,160.39321665585229,0.018037125002592802,battery_action_and_mode_correction,0.0
F1,v2e2_a49aba98f0f44c8c6622,e2bv2_096aba26d125a00ae3fa,deepseek_formal,C1,battery_only,global_distance_optimum_lp_integral,26.315889473684212,0.0,0,2,True,273.00577504848263,0.017619374993955716,battery_action_and_mode_correction,0.0
F1,v2e2_a49aba98f0f44c8c6622,e2bv2_096aba26d125a00ae3fa,deepseek_formal,C1,expanded_system,global_distance_optimum_lp_integral,26.315889473684212,0.0,0,2,True,273.0057750484825,0.01670424998155795,battery_action_and_mode_correction,0.0
F1,v2e2_a49aba98f0f44c8c6622,e2bv2_096aba26d125a00ae3fa,deepseek_formal,C2,battery_only,global_distance_optimum_lp_integral,26.315889473684212,0.0,0,2,True,273.00577504848263,0.017619374993955716,battery_action_and_mode_correction,0.0
F1,v2e2_a49aba98f0f44c8c6622,e2bv2_096aba26d125a00ae3fa,deepseek_formal,C2,expanded_system,global_distance_optimum_lp_integral,26.315889473684212,0.0,0,2,True,273.0057750484825,0.01670424998155795,battery_action_and_mode_correction,0.0
F1,v2e2_a49aba98f0f44c8c6622,e2bv2_096aba26d125a00ae3fa,deepseek_formal,S1,battery_only,global_distance_optimum_lp_integral,26.315889473684212,0.0,0,2,True,273.00577504848263,0.017619374993955716,battery_action_and_mode_correction,0.0
F1,v2e2_a49aba98f0f44c8c6622,e2bv2_096aba26d125a00ae3fa,deepseek_formal,S1,expanded_system,global_distance_optimum_lp_integral,26.315889473684212,0.0,0,2,True,273.0057750484825,0.01670424998155795,battery_action_and_mode_correction,0.0
F1,v2e2_a49aba98f0f44c8c6622,e2bv2_096aba26d125a00ae3fa,deepseek_formal,S2,battery_only,global_distance_optimum_lp_integral,26.315889473684212,0.0,0,2,True,273.00577504848263,0.017619374993955716,battery_action_and_mode_correction,0.0
F1,v2e2_a49aba98f0f44c8c6622,e2bv2_096aba26d125a00ae3fa,deepseek_formal,S2,expanded_system,global_distance_optimum_lp_integral,26.315889473684212,0.0,0,2,True,273.0057750484825,0.01670424998155795,battery_action_and_mode_correction,0.0
F1,v2e2_a614c009acc530c12890,e2bv2_13bd328dd30210a825ec,deepseek_formal,C1,battery_only,global_distance_optimum_lp_integral,26.315889473684212,0.0,0,2,True,353.1935845793822,0.019074291980359703,battery_action_and_mode_correction,0.0
F1,v2e2_a614c009acc530c12890,e2bv2_13bd328dd30210a825ec,deepseek_formal,C1,expanded_system,global_distance_optimum_lp_integral,26.315889473684212,0.0,0,2,True,353.1935845793822,0.019977582996943966,battery_action_and_mode_correction,0.0
F1,v2e2_a614c009acc530c12890,e2bv2_13bd328dd30210a825ec,deepseek_formal,C2,battery_only,global_distance_optimum_lp_integral,26.315889473684212,0.0,0,2,True,353.1935845793822,0.019074291980359703,battery_action_and_mode_correction,0.0
F1,v2e2_a614c009acc530c12890,e2bv2_13bd328dd30210a825ec,deepseek_formal,C2,expanded_system,global_distance_optimum_lp_integral,26.315889473684212,0.0,0,2,True,353.1935845793822,0.019977582996943966,battery_action_and_mode_correction,0.0
F1,v2e2_a614c009acc530c12890,e2bv2_13bd328dd30210a825ec,deepseek_formal,S1,battery_only,global_distance_optimum_lp_integral,26.315889473684212,0.0,0,2,True,353.1935845793822,0.019074291980359703,battery_action_and_mode_correction,0.0
F1,v2e2_a614c009acc530c12890,e2bv2_13bd328dd30210a825ec,deepseek_formal,S1,expanded_system,global_distance_optimum_lp_integral,26.315889473684212,0.0,0,2,True,353.1935845793822,0.019977582996943966,battery_action_and_mode_correction,0.0
F1,v2e2_a614c009acc530c12890,e2bv2_13bd328dd30210a825ec,deepseek_formal,S2,battery_only,global_distance_optimum_lp_integral,26.315889473684212,0.0,0,2,True,353.1935845793822,0.019074291980359703,battery_action_and_mode_correction,0.0
F1,v2e2_a614c009acc530c12890,e2bv2_13bd328dd30210a825ec,deepseek_formal,S2,expanded_system,global_distance_optimum_lp_integral,26.315889473684212,0.0,0,2,True,353.1935845793822,0.019977582996943966,battery_action_and_mode_correction,0.0
F1,v2e2_a66e250328b3cef2064f,e2bv2_7963de2a76bbaaef9416,deepseek_formal,C1,battery_only,feasible_mode_library_upper_bound,23.7501,0.0,0,2,True,189.06612372392263,0.023410666995914653,battery_action_and_mode_correction,0.0
F1,v2e2_a66e250328b3cef2064f,e2bv2_7963de2a76bbaaef9416,deepseek_formal,C1,expanded_system,feasible_mode_library_upper_bound,23.7501,0.0,0,2,True,189.06612372392263,0.02388120800605975,battery_action_and_mode_correction,0.0
F1,v2e2_a66e250328b3cef2064f,e2bv2_7963de2a76bbaaef9416,deepseek_formal,C2,battery_only,feasible_mode_library_upper_bound,23.7501,0.0,0,2,True,189.06612372392263,0.023410666995914653,battery_action_and_mode_correction,0.0
F1,v2e2_a66e250328b3cef2064f,e2bv2_7963de2a76bbaaef9416,deepseek_formal,C2,expanded_system,feasible_mode_library_upper_bound,23.7501,0.0,0,2,True,189.06612372392263,0.02388120800605975,battery_action_and_mode_correction,0.0
F1,v2e2_a66e250328b3cef2064f,e2bv2_7963de2a76bbaaef9416,deepseek_formal,S1,battery_only,feasible_mode_library_upper_bound,23.7501,0.0,0,2,True,189.06612372392263,0.023410666995914653,battery_action_and_mode_correction,0.0
F1,v2e2_a66e250328b3cef2064f,e2bv2_7963de2a76bbaaef9416,deepseek_formal,S1,expanded_system,feasible_mode_library_upper_bound,23.7501,0.0,0,2,True,189.06612372392263,0.02388120800605975,battery_action_and_mode_correction,0.0
F1,v2e2_a66e250328b3cef2064f,e2bv2_7963de2a76bbaaef9416,deepseek_formal,S2,battery_only,feasible_mode_library_upper_bound,23.7501,0.0,0,2,True,189.06612372392263,0.023410666995914653,battery_action_and_mode_correction,0.0
F1,v2e2_a66e250328b3cef2064f,e2bv2_7963de2a76bbaaef9416,deepseek_formal,S2,expanded_system,feasible_mode_library_upper_bound,23.7501,0.0,0,2,True,189.06612372392263,0.02388120800605975,battery_action_and_mode_correction,0.0
F1,v2e2_a7c71f5aa3db3e32fdd1,e2bv2_cd25d067696014e32388,deepseek_formal,C1,battery_only,feasible_mode_library_upper_bound,23.7501,0.0,0,2,True,372.0494829294436,0.02181575002032332,battery_action_and_mode_correction,0.0
F1,v2e2_a7c71f5aa3db3e32fdd1,e2bv2_cd25d067696014e32388,deepseek_formal,C1,expanded_system,feasible_mode_library_upper_bound,23.7501,0.0,0,2,True,372.0494829294436,0.04567695801961236,battery_action_and_mode_correction,0.0
F1,v2e2_a7c71f5aa3db3e32fdd1,e2bv2_cd25d067696014e32388,deepseek_formal,C2,battery_only,feasible_mode_library_upper_bound,23.7501,0.0,0,2,True,372.0494829294436,0.02181575002032332,battery_action_and_mode_correction,0.0
F1,v2e2_a7c71f5aa3db3e32fdd1,e2bv2_cd25d067696014e32388,deepseek_formal,C2,expanded_system,feasible_mode_library_upper_bound,23.7501,0.0,0,2,True,372.0494829294436,0.04567695801961236,battery_action_and_mode_correction,0.0
F1,v2e2_a7c71f5aa3db3e32fdd1,e2bv2_cd25d067696014e32388,deepseek_formal,S1,battery_only,feasible_mode_library_upper_bound,23.7501,0.0,0,2,True,372.0494829294436,0.02181575002032332,battery_action_and_mode_correction,0.0
F1,v2e2_a7c71f5aa3db3e32fdd1,e2bv2_cd25d067696014e32388,deepseek_formal,S1,expanded_system,feasible_mode_library_upper_bound,23.7501,0.0,0,2,True,372.0494829294436,0.04567695801961236,battery_action_and_mode_correction,0.0
F1,v2e2_a7c71f5aa3db3e32fdd1,e2bv2_cd25d067696014e32388,deepseek_formal,S2,battery_only,feasible_mode_library_upper_bound,23.7501,0.0,0,2,True,372.0494829294436,0.02181575002032332,battery_action_and_mode_correction,0.0
F1,v2e2_a7c71f5aa3db3e32fdd1,e2bv2_cd25d067696014e32388,deepseek_formal,S2,expanded_system,feasible_mode_library_upper_bound,23.7501,0.0,0,2,True,372.0494829294436,0.04567695801961236,battery_action_and_mode_correction,0.0
F1,v2e2_aa86ae40329fa58392a5,e2bv2_23fc96e4a29a7c7a9cd1,deepseek_formal,C1,battery_only,feasible_mode_library_upper_bound,23.7501,0.0,0,2,True,247.94247925661818,0.019853790989145637,battery_action_and_mode_correction,0.0
F1,v2e2_aa86ae40329fa58392a5,e2bv2_23fc96e4a29a7c7a9cd1,deepseek_formal,C1,expanded_system,feasible_mode_library_upper_bound,23.7501,0.0,0,2,True,247.94247925661818,0.019678292010212317,battery_action_and_mode_correction,0.0
F1,v2e2_aa86ae40329fa58392a5,e2bv2_23fc96e4a29a7c7a9cd1,deepseek_formal,C2,battery_only,feasible_mode_library_upper_bound,23.7501,0.0,0,2,True,247.94247925661818,0.019853790989145637,battery_action_and_mode_correction,0.0
F1,v2e2_aa86ae40329fa58392a5,e2bv2_23fc96e4a29a7c7a9cd1,deepseek_formal,C2,expanded_system,feasible_mode_library_upper_bound,23.7501,0.0,0,2,True,247.94247925661818,0.019678292010212317,battery_action_and_mode_correction,0.0
F1,v2e2_aa86ae40329fa58392a5,e2bv2_23fc96e4a29a7c7a9cd1,deepseek_formal,S1,battery_only,feasible_mode_library_upper_bound,23.7501,0.0,0,2,True,247.94247925661818,0.019853790989145637,battery_action_and_mode_correction,0.0
F1,v2e2_aa86ae40329fa58392a5,e2bv2_23fc96e4a29a7c7a9cd1,deepseek_formal,S1,expanded_system,feasible_mode_library_upper_bound,23.7501,0.0,0,2,True,247.94247925661818,0.019678292010212317,battery_action_and_mode_correction,0.0
F1,v2e2_aa86ae40329fa58392a5,e2bv2_23fc96e4a29a7c7a9cd1,deepseek_formal,S2,battery_only,feasible_mode_library_upper_bound,23.7501,0.0,0,2,True,247.94247925661818,0.019853790989145637,battery_action_and_mode_correction,0.0
F1,v2e2_aa86ae40329fa58392a5,e2bv2_23fc96e4a29a7c7a9cd1,deepseek_formal,S2,expanded_system,feasible_mode_library_upper_bound,23.7501,0.0,0,2,True,247.94247925661818,0.019678292010212317,battery_action_and_mode_correction,0.0
F1,v2e2_ac2a6bbea5f71d8219ff,e2bv2_c96bd416b4a37d66b6eb,deepseek_formal,C1,battery_only,global_distance_optimum_lp_integral,157.89483684210526,0.0,0,4,True,186.69113556353238,0.01833220897242427,battery_action_and_mode_correction,0.0
F1,v2e2_ac2a6bbea5f71d8219ff,e2bv2_c96bd416b4a37d66b6eb,deepseek_formal,C1,expanded_system,global_distance_optimum_lp_integral,157.89483684210526,0.0,0,4,True,186.69113556353238,0.018022709002252668,battery_action_and_mode_correction,0.0
F1,v2e2_ac2a6bbea5f71d8219ff,e2bv2_c96bd416b4a37d66b6eb,deepseek_formal,C2,battery_only,global_distance_optimum_lp_integral,157.89483684210526,0.0,0,4,True,186.69113556353238,0.01833220897242427,battery_action_and_mode_correction,0.0
F1,v2e2_ac2a6bbea5f71d8219ff,e2bv2_c96bd416b4a37d66b6eb,deepseek_formal,C2,expanded_system,global_distance_optimum_lp_integral,157.89483684210526,0.0,0,4,True,186.69113556353238,0.018022709002252668,battery_action_and_mode_correction,0.0
F1,v2e2_ac2a6bbea5f71d8219ff,e2bv2_c96bd416b4a37d66b6eb,deepseek_formal,S1,battery_only,global_distance_optimum_lp_integral,157.89483684210526,0.0,0,4,True,186.69113556353238,0.01833220897242427,battery_action_and_mode_correction,0.0
F1,v2e2_ac2a6bbea5f71d8219ff,e2bv2_c96bd416b4a37d66b6eb,deepseek_formal,S1,expanded_system,global_distance_optimum_lp_integral,157.89483684210526,0.0,0,4,True,186.69113556353238,0.018022709002252668,battery_action_and_mode_correction,0.0
F1,v2e2_ac2a6bbea5f71d8219ff,e2bv2_c96bd416b4a37d66b6eb,deepseek_formal,S2,battery_only,global_distance_optimum_lp_integral,157.89483684210526,0.0,0,4,True,186.69113556353238,0.01833220897242427,battery_action_and_mode_correction,0.0
F1,v2e2_ac2a6bbea5f71d8219ff,e2bv2_c96bd416b4a37d66b6eb,deepseek_formal,S2,expanded_system,global_distance_optimum_lp_integral,157.89483684210526,0.0,0,4,True,186.69113556353238,0.018022709002252668,battery_action_and_mode_correction,0.0
F1,v2e2_ade91af586194aa1b583,e2bv2_9db3f8fa84244a39ebdd,deepseek_formal,C1,battery_only,global_distance_optimum_lp_integral,26.315889473684212,0.0,0,2,True,464.6453994734668,0.019508124998537824,battery_action_and_mode_correction,0.0
F1,v2e2_ade91af586194aa1b583,e2bv2_9db3f8fa84244a39ebdd,deepseek_formal,C1,expanded_system,global_distance_optimum_lp_integral,26.315889473684212,0.0,0,2,True,464.6453994734668,0.019819292007014155,battery_action_and_mode_correction,0.0
F1,v2e2_ade91af586194aa1b583,e2bv2_9db3f8fa84244a39ebdd,deepseek_formal,C2,battery_only,global_distance_optimum_lp_integral,26.315889473684212,0.0,0,2,True,464.6453994734668,0.019508124998537824,battery_action_and_mode_correction,0.0
F1,v2e2_ade91af586194aa1b583,e2bv2_9db3f8fa84244a39ebdd,deepseek_formal,C2,expanded_system,global_distance_optimum_lp_integral,26.315889473684212,0.0,0,2,True,464.6453994734668,0.019819292007014155,battery_action_and_mode_correction,0.0
F1,v2e2_ade91af586194aa1b583,e2bv2_9db3f8fa84244a39ebdd,deepseek_formal,S1,battery_only,global_distance_optimum_lp_integral,26.315889473684212,0.0,0,2,True,464.6453994734668,0.019508124998537824,battery_action_and_mode_correction,0.0
F1,v2e2_ade91af586194aa1b583,e2bv2_9db3f8fa84244a39ebdd,deepseek_formal,S1,expanded_system,global_distance_optimum_lp_integral,26.315889473684212,0.0,0,2,True,464.6453994734668,0.019819292007014155,battery_action_and_mode_correction,0.0
F1,v2e2_ade91af586194aa1b583,e2bv2_9db3f8fa84244a39ebdd,deepseek_formal,S2,battery_only,global_distance_optimum_lp_integral,26.315889473684212,0.0,0,2,True,464.6453994734668,0.019508124998537824,battery_action_and_mode_correction,0.0
F1,v2e2_ade91af586194aa1b583,e2bv2_9db3f8fa84244a39ebdd,deepseek_formal,S2,expanded_system,global_distance_optimum_lp_integral,26.315889473684212,0.0,0,2,True,464.6453994734668,0.019819292007014155,battery_action_and_mode_correction,0.0
F1,v2e2_b7e962716394d888d563,e2bv2_d59d4b99214e88058150,deepseek_formal,C1,battery_only,global_distance_optimum_lp_integral,184.21062631578948,0.0,0,4,True,505.9621301297628,0.01917949999915436,battery_action_and_mode_correction,0.0
F1,v2e2_b7e962716394d888d563,e2bv2_d59d4b99214e88058150,deepseek_formal,C1,expanded_system,global_distance_optimum_lp_integral,184.21062631578948,0.0,0,4,True,505.9621301297628,0.018065917014610022,battery_action_and_mode_correction,0.0
F1,v2e2_b7e962716394d888d563,e2bv2_d59d4b99214e88058150,deepseek_formal,C2,battery_only,global_distance_optimum_lp_integral,184.21062631578948,0.0,0,4,True,505.9621301297628,0.01917949999915436,battery_action_and_mode_correction,0.0
F1,v2e2_b7e962716394d888d563,e2bv2_d59d4b99214e88058150,deepseek_formal,C2,expanded_system,global_distance_optimum_lp_integral,184.21062631578948,0.0,0,4,True,505.9621301297628,0.018065917014610022,battery_action_and_mode_correction,0.0
F1,v2e2_b7e962716394d888d563,e2bv2_d59d4b99214e88058150,deepseek_formal,S1,battery_only,global_distance_optimum_lp_integral,184.21062631578948,0.0,0,4,True,505.9621301297628,0.01917949999915436,battery_action_and_mode_correction,0.0
F1,v2e2_b7e962716394d888d563,e2bv2_d59d4b99214e88058150,deepseek_formal,S1,expanded_system,global_distance_optimum_lp_integral,184.21062631578948,0.0,0,4,True,505.9621301297628,0.018065917014610022,battery_action_and_mode_correction,0.0
F1,v2e2_b7e962716394d888d563,e2bv2_d59d4b99214e88058150,deepseek_formal,S2,battery_only,global_distance_optimum_lp_integral,184.21062631578948,0.0,0,4,True,505.9621301297628,0.01917949999915436,battery_action_and_mode_correction,0.0
F1,v2e2_b7e962716394d888d563,e2bv2_d59d4b99214e88058150,deepseek_formal,S2,expanded_system,global_distance_optimum_lp_integral,184.21062631578948,0.0,0,4,True,505.9621301297628,0.018065917014610022,battery_action_and_mode_correction,0.0
F1,v2e2_babe8da2420b974ae448,e2bv2_16cf0baa917b3889276e,deepseek_formal,C1,battery_only,global_distance_optimum_lp_integral,131.57904736842104,0.0,0,4,True,229.2084075683478,0.01931000000331551,battery_action_and_mode_correction,0.0
F1,v2e2_babe8da2420b974ae448,e2bv2_16cf0baa917b3889276e,deepseek_formal,C1,expanded_system,global_distance_optimum_lp_integral,131.57904736842104,0.0,0,4,True,229.2084075683478,0.018342333991313353,battery_action_and_mode_correction,0.0
F1,v2e2_babe8da2420b974ae448,e2bv2_16cf0baa917b3889276e,deepseek_formal,C2,battery_only,global_distance_optimum_lp_integral,131.57904736842104,0.0,0,4,True,229.2084075683478,0.01931000000331551,battery_action_and_mode_correction,0.0
F1,v2e2_babe8da2420b974ae448,e2bv2_16cf0baa917b3889276e,deepseek_formal,C2,expanded_system,global_distance_optimum_lp_integral,131.57904736842104,0.0,0,4,True,229.2084075683478,0.018342333991313353,battery_action_and_mode_correction,0.0
F1,v2e2_babe8da2420b974ae448,e2bv2_16cf0baa917b3889276e,deepseek_formal,S1,battery_only,global_distance_optimum_lp_integral,131.57904736842104,0.0,0,4,True,229.2084075683478,0.01931000000331551,battery_action_and_mode_correction,0.0
F1,v2e2_babe8da2420b974ae448,e2bv2_16cf0baa917b3889276e,deepseek_formal,S1,expanded_system,global_distance_optimum_lp_integral,131.57904736842104,0.0,0,4,True,229.2084075683478,0.018342333991313353,battery_action_and_mode_correction,0.0
F1,v2e2_babe8da2420b974ae448,e2bv2_16cf0baa917b3889276e,deepseek_formal,S2,battery_only,global_distance_optimum_lp_integral,131.57904736842104,0.0,0,4,True,229.2084075683478,0.01931000000331551,battery_action_and_mode_correction,0.0
F1,v2e2_babe8da2420b974ae448,e2bv2_16cf0baa917b3889276e,deepseek_formal,S2,expanded_system,global_distance_optimum_lp_integral,131.57904736842104,0.0,0,4,True,229.2084075683478,0.018342333991313353,battery_action_and_mode_correction,0.0
F1,v2e2_be357ad7fa505f6b8f35,e2bv2_9bf3f6a59ac5bc9e510a,deepseek_formal,C1,battery_only,global_distance_optimum_lp_integral,131.57904736842104,0.0,0,4,True,339.3230573058648,0.01807162500335835,battery_action_and_mode_correction,0.0
F1,v2e2_be357ad7fa505f6b8f35,e2bv2_9bf3f6a59ac5bc9e510a,deepseek_formal,C1,expanded_system,global_distance_optimum_lp_integral,131.57904736842104,0.0,0,4,True,339.3230573058648,0.018044083000859246,battery_action_and_mode_correction,0.0
F1,v2e2_be357ad7fa505f6b8f35,e2bv2_9bf3f6a59ac5bc9e510a,deepseek_formal,C2,battery_only,global_distance_optimum_lp_integral,131.57904736842104,0.0,0,4,True,339.3230573058648,0.01807162500335835,battery_action_and_mode_correction,0.0
F1,v2e2_be357ad7fa505f6b8f35,e2bv2_9bf3f6a59ac5bc9e510a,deepseek_formal,C2,expanded_system,global_distance_optimum_lp_integral,131.57904736842104,0.0,0,4,True,339.3230573058648,0.018044083000859246,battery_action_and_mode_correction,0.0
F1,v2e2_be357ad7fa505f6b8f35,e2bv2_9bf3f6a59ac5bc9e510a,deepseek_formal,S1,battery_only,global_distance_optimum_lp_integral,131.57904736842104,0.0,0,4,True,339.3230573058648,0.01807162500335835,battery_action_and_mode_correction,0.0
F1,v2e2_be357ad7fa505f6b8f35,e2bv2_9bf3f6a59ac5bc9e510a,deepseek_formal,S1,expanded_system,global_distance_optimum_lp_integral,131.57904736842104,0.0,0,4,True,339.3230573058648,0.018044083000859246,battery_action_and_mode_correction,0.0
F1,v2e2_be357ad7fa505f6b8f35,e2bv2_9bf3f6a59ac5bc9e510a,deepseek_formal,S2,battery_only,global_distance_optimum_lp_integral,131.57904736842104,0.0,0,4,True,339.3230573058648,0.01807162500335835,battery_action_and_mode_correction,0.0
F1,v2e2_be357ad7fa505f6b8f35,e2bv2_9bf3f6a59ac5bc9e510a,deepseek_formal,S2,expanded_system,global_distance_optimum_lp_integral,131.57904736842104,0.0,0,4,True,339.3230573058648,0.018044083000859246,battery_action_and_mode_correction,0.0
F1,v2e2_c049d4bc657bdc82a484,e2bv2_a85aaf939683e1aca7e7,deepseek_formal,C1,battery_only,global_distance_optimum_lp_integral,26.315889473684212,0.0,0,2,True,464.6453994734668,0.019573834026232362,battery_action_and_mode_correction,0.0
F1,v2e2_c049d4bc657bdc82a484,e2bv2_a85aaf939683e1aca7e7,deepseek_formal,C1,expanded_system,global_distance_optimum_lp_integral,26.315889473684212,0.0,0,2,True,464.6453994734668,0.018042541021713987,battery_action_and_mode_correction,0.0
F1,v2e2_c049d4bc657bdc82a484,e2bv2_a85aaf939683e1aca7e7,deepseek_formal,C2,battery_only,global_distance_optimum_lp_integral,26.315889473684212,0.0,0,2,True,464.6453994734668,0.019573834026232362,battery_action_and_mode_correction,0.0
F1,v2e2_c049d4bc657bdc82a484,e2bv2_a85aaf939683e1aca7e7,deepseek_formal,C2,expanded_system,global_distance_optimum_lp_integral,26.315889473684212,0.0,0,2,True,464.6453994734668,0.018042541021713987,battery_action_and_mode_correction,0.0
F1,v2e2_c049d4bc657bdc82a484,e2bv2_a85aaf939683e1aca7e7,deepseek_formal,S1,battery_only,global_distance_optimum_lp_integral,26.315889473684212,0.0,0,2,True,464.6453994734668,0.019573834026232362,battery_action_and_mode_correction,0.0
F1,v2e2_c049d4bc657bdc82a484,e2bv2_a85aaf939683e1aca7e7,deepseek_formal,S1,expanded_system,global_distance_optimum_lp_integral,26.315889473684212,0.0,0,2,True,464.6453994734668,0.018042541021713987,battery_action_and_mode_correction,0.0
F1,v2e2_c049d4bc657bdc82a484,e2bv2_a85aaf939683e1aca7e7,deepseek_formal,S2,battery_only,global_distance_optimum_lp_integral,26.315889473684212,0.0,0,2,True,464.6453994734668,0.019573834026232362,battery_action_and_mode_correction,0.0
F1,v2e2_c049d4bc657bdc82a484,e2bv2_a85aaf939683e1aca7e7,deepseek_formal,S2,expanded_system,global_distance_optimum_lp_integral,26.315889473684212,0.0,0,2,True,464.6453994734668,0.018042541021713987,battery_action_and_mode_correction,0.0
F1,v2e2_c4d42554da4b1f44862b,e2bv2_1627c6ac82f892173eaf,deepseek_formal,C1,battery_only,feasible_mode_library_upper_bound,23.7501,0.0,0,2,True,666.4082828710965,0.022739042004104704,battery_action_and_mode_correction,0.0
F1,v2e2_c4d42554da4b1f44862b,e2bv2_1627c6ac82f892173eaf,deepseek_formal,C1,expanded_system,feasible_mode_library_upper_bound,23.7501,0.0,0,2,True,666.4082828710965,0.02305504199466668,battery_action_and_mode_correction,0.0
F1,v2e2_c4d42554da4b1f44862b,e2bv2_1627c6ac82f892173eaf,deepseek_formal,C2,battery_only,feasible_mode_library_upper_bound,23.7501,0.0,0,2,True,666.4082828710965,0.022739042004104704,battery_action_and_mode_correction,0.0
F1,v2e2_c4d42554da4b1f44862b,e2bv2_1627c6ac82f892173eaf,deepseek_formal,C2,expanded_system,feasible_mode_library_upper_bound,23.7501,0.0,0,2,True,666.4082828710965,0.02305504199466668,battery_action_and_mode_correction,0.0
F1,v2e2_c4d42554da4b1f44862b,e2bv2_1627c6ac82f892173eaf,deepseek_formal,S1,battery_only,feasible_mode_library_upper_bound,23.7501,0.0,0,2,True,666.4082828710965,0.021706542000174522,battery_action_and_mode_correction,0.0
F1,v2e2_c4d42554da4b1f44862b,e2bv2_1627c6ac82f892173eaf,deepseek_formal,S1,expanded_system,feasible_mode_library_upper_bound,23.7501,0.0,0,2,True,666.4082828710965,0.023067458998411894,battery_action_and_mode_correction,0.0
F1,v2e2_c4d42554da4b1f44862b,e2bv2_1627c6ac82f892173eaf,deepseek_formal,S2,battery_only,feasible_mode_library_upper_bound,23.7501,0.0,0,2,True,666.4082828710965,0.021706542000174522,battery_action_and_mode_correction,0.0
F1,v2e2_c4d42554da4b1f44862b,e2bv2_1627c6ac82f892173eaf,deepseek_formal,S2,expanded_system,feasible_mode_library_upper_bound,23.7501,0.0,0,2,True,666.4082828710965,0.023067458998411894,battery_action_and_mode_correction,0.0
F1,v2e2_c577765fa5c45c1fea7a,e2bv2_72aa2e644478ad3fe46c,deepseek_formal,C1,battery_only,global_distance_optimum_lp_integral,131.57904736842104,0.0,0,4,True,306.6074692801484,0.01731162497890182,battery_action_and_mode_correction,0.0
F1,v2e2_c577765fa5c45c1fea7a,e2bv2_72aa2e644478ad3fe46c,deepseek_formal,C1,expanded_system,global_distance_optimum_lp_integral,131.57904736842104,0.0,0,4,True,306.6074692801484,0.01831312500871718,battery_action_and_mode_correction,0.0
F1,v2e2_c577765fa5c45c1fea7a,e2bv2_72aa2e644478ad3fe46c,deepseek_formal,C2,battery_only,global_distance_optimum_lp_integral,131.57904736842104,0.0,0,4,True,306.6074692801484,0.01731162497890182,battery_action_and_mode_correction,0.0
F1,v2e2_c577765fa5c45c1fea7a,e2bv2_72aa2e644478ad3fe46c,deepseek_formal,C2,expanded_system,global_distance_optimum_lp_integral,131.57904736842104,0.0,0,4,True,306.6074692801484,0.01831312500871718,battery_action_and_mode_correction,0.0
F1,v2e2_c577765fa5c45c1fea7a,e2bv2_72aa2e644478ad3fe46c,deepseek_formal,S1,battery_only,global_distance_optimum_lp_integral,131.57904736842104,0.0,0,4,True,306.6074692801484,0.01731162497890182,battery_action_and_mode_correction,0.0
F1,v2e2_c577765fa5c45c1fea7a,e2bv2_72aa2e644478ad3fe46c,deepseek_formal,S1,expanded_system,global_distance_optimum_lp_integral,131.57904736842104,0.0,0,4,True,306.6074692801484,0.01831312500871718,battery_action_and_mode_correction,0.0
F1,v2e2_c577765fa5c45c1fea7a,e2bv2_72aa2e644478ad3fe46c,deepseek_formal,S2,battery_only,global_distance_optimum_lp_integral,131.57904736842104,0.0,0,4,True,306.6074692801484,0.01731162497890182,battery_action_and_mode_correction,0.0
F1,v2e2_c577765fa5c45c1fea7a,e2bv2_72aa2e644478ad3fe46c,deepseek_formal,S2,expanded_system,global_distance_optimum_lp_integral,131.57904736842104,0.0,0,4,True,306.6074692801484,0.01831312500871718,battery_action_and_mode_correction,0.0
F1,v2e2_c9b994f593c92dd9efa9,e2bv2_d7645df22cbc33d958b7,deepseek_formal,C1,battery_only,global_distance_optimum_lp_integral,131.57904736842104,0.0,0,5,True,353.12580095120376,0.01804095899569802,battery_action_and_mode_correction,0.0
F1,v2e2_c9b994f593c92dd9efa9,e2bv2_d7645df22cbc33d958b7,deepseek_formal,C1,expanded_system,global_distance_optimum_lp_integral,131.57904736842104,0.0,0,5,True,353.12580095120376,0.01908304198877886,battery_action_and_mode_correction,0.0
F1,v2e2_c9b994f593c92dd9efa9,e2bv2_d7645df22cbc33d958b7,deepseek_formal,C2,battery_only,global_distance_optimum_lp_integral,131.57904736842104,0.0,0,5,True,353.12580095120376,0.01804095899569802,battery_action_and_mode_correction,0.0
F1,v2e2_c9b994f593c92dd9efa9,e2bv2_d7645df22cbc33d958b7,deepseek_formal,C2,expanded_system,global_distance_optimum_lp_integral,131.57904736842104,0.0,0,5,True,353.12580095120376,0.01908304198877886,battery_action_and_mode_correction,0.0
F1,v2e2_c9b994f593c92dd9efa9,e2bv2_d7645df22cbc33d958b7,deepseek_formal,S1,battery_only,global_distance_optimum_lp_integral,131.57904736842104,0.0,0,5,True,353.12580095120376,0.01804095899569802,battery_action_and_mode_correction,0.0
F1,v2e2_c9b994f593c92dd9efa9,e2bv2_d7645df22cbc33d958b7,deepseek_formal,S1,expanded_system,global_distance_optimum_lp_integral,131.57904736842104,0.0,0,5,True,353.12580095120376,0.01908304198877886,battery_action_and_mode_correction,0.0
F1,v2e2_c9b994f593c92dd9efa9,e2bv2_d7645df22cbc33d958b7,deepseek_formal,S2,battery_only,global_distance_optimum_lp_integral,131.57904736842104,0.0,0,5,True,353.12580095120376,0.01804095899569802,battery_action_and_mode_correction,0.0
F1,v2e2_c9b994f593c92dd9efa9,e2bv2_d7645df22cbc33d958b7,deepseek_formal,S2,expanded_system,global_distance_optimum_lp_integral,131.57904736842104,0.0,0,5,True,353.12580095120376,0.01908304198877886,battery_action_and_mode_correction,0.0
F1,v2e2_cd47662d04581b339960,e2bv2_cda454721173d31dd1af,deepseek_formal,C1,battery_only,global_distance_optimum_lp_integral,131.57904736842104,0.0,0,4,True,284.83725125532,0.018232832982903346,expanded_curtailment_used_without_distance_reduction,0.0
F1,v2e2_cd47662d04581b339960,e2bv2_cda454721173d31dd1af,deepseek_formal,C1,expanded_system,global_distance_optimum_lp_integral,131.57904736842104,369.16248325000004,0,4,True,283.0689629605525,0.01886412498424761,expanded_curtailment_used_without_distance_reduction,0.0
F1,v2e2_cd47662d04581b339960,e2bv2_cda454721173d31dd1af,deepseek_formal,C2,battery_only,global_distance_optimum_lp_integral,131.57904736842104,0.0,0,4,True,284.83725125532,0.018232832982903346,expanded_curtailment_used_without_distance_reduction,0.0
F1,v2e2_cd47662d04581b339960,e2bv2_cda454721173d31dd1af,deepseek_formal,C2,expanded_system,global_distance_optimum_lp_integral,131.57904736842104,369.16248325000004,0,4,True,283.0689629605525,0.01886412498424761,expanded_curtailment_used_without_distance_reduction,0.0
F1,v2e2_cd47662d04581b339960,e2bv2_cda454721173d31dd1af,deepseek_formal,S1,battery_only,global_distance_optimum_lp_integral,131.57904736842104,0.0,0,4,True,284.83725125532,0.018232832982903346,expanded_curtailment_used_without_distance_reduction,0.0
F1,v2e2_cd47662d04581b339960,e2bv2_cda454721173d31dd1af,deepseek_formal,S1,expanded_system,global_distance_optimum_lp_integral,131.57904736842104,369.16248325000004,0,4,True,283.0689629605525,0.01886412498424761,expanded_curtailment_used_without_distance_reduction,0.0
F1,v2e2_cd47662d04581b339960,e2bv2_cda454721173d31dd1af,deepseek_formal,S2,battery_only,global_distance_optimum_lp_integral,131.57904736842104,0.0,0,4,True,284.83725125532,0.018232832982903346,expanded_curtailment_used_without_distance_reduction,0.0
F1,v2e2_cd47662d04581b339960,e2bv2_cda454721173d31dd1af,deepseek_formal,S2,expanded_system,global_distance_optimum_lp_integral,131.57904736842104,369.16248325000004,0,4,True,283.0689629605525,0.01886412498424761,expanded_curtailment_used_without_distance_reduction,0.0
F1,v2e2_d00d3a4d54f973fa24ac,e2bv2_e54f249d180de8a55671,deepseek_formal,C1,battery_only,global_distance_optimum_lp_integral,157.89483684210526,0.0,0,4,True,580.1289322320442,0.018871416978072375,battery_action_and_mode_correction,0.0
F1,v2e2_d00d3a4d54f973fa24ac,e2bv2_e54f249d180de8a55671,deepseek_formal,C1,expanded_system,global_distance_optimum_lp_integral,157.89483684210526,0.0,0,4,True,580.1289322320442,0.019183166994480416,battery_action_and_mode_correction,0.0
F1,v2e2_d00d3a4d54f973fa24ac,e2bv2_e54f249d180de8a55671,deepseek_formal,C2,battery_only,global_distance_optimum_lp_integral,157.89483684210526,0.0,0,4,True,580.1289322320442,0.018871416978072375,battery_action_and_mode_correction,0.0
F1,v2e2_d00d3a4d54f973fa24ac,e2bv2_e54f249d180de8a55671,deepseek_formal,C2,expanded_system,global_distance_optimum_lp_integral,157.89483684210526,0.0,0,4,True,580.1289322320442,0.019183166994480416,battery_action_and_mode_correction,0.0
F1,v2e2_d00d3a4d54f973fa24ac,e2bv2_e54f249d180de8a55671,deepseek_formal,S1,battery_only,global_distance_optimum_lp_integral,157.89483684210526,0.0,0,4,True,580.1289322320442,0.018871416978072375,battery_action_and_mode_correction,0.0
F1,v2e2_d00d3a4d54f973fa24ac,e2bv2_e54f249d180de8a55671,deepseek_formal,S1,expanded_system,global_distance_optimum_lp_integral,157.89483684210526,0.0,0,4,True,580.1289322320442,0.019183166994480416,battery_action_and_mode_correction,0.0
F1,v2e2_d00d3a4d54f973fa24ac,e2bv2_e54f249d180de8a55671,deepseek_formal,S2,battery_only,global_distance_optimum_lp_integral,157.89483684210526,0.0,0,4,True,580.1289322320442,0.018871416978072375,battery_action_and_mode_correction,0.0
F1,v2e2_d00d3a4d54f973fa24ac,e2bv2_e54f249d180de8a55671,deepseek_formal,S2,expanded_system,global_distance_optimum_lp_integral,157.89483684210526,0.0,0,4,True,580.1289322320442,0.019183166994480416,battery_action_and_mode_correction,0.0
F1,v2e2_d2a42e359dd264f920da,e2bv2_7fe27f5daf58c1b88056,deepseek_formal,C1,battery_only,global_distance_optimum_lp_integral,157.89483684210526,0.0,0,5,True,471.603538947151,0.018128708004951477,battery_action_and_mode_correction,0.0
F1,v2e2_d2a42e359dd264f920da,e2bv2_7fe27f5daf58c1b88056,deepseek_formal,C1,expanded_system,global_distance_optimum_lp_integral,157.89483684210526,0.0,0,5,True,471.603538947151,0.018352041981415823,battery_action_and_mode_correction,0.0
F1,v2e2_d2a42e359dd264f920da,e2bv2_7fe27f5daf58c1b88056,deepseek_formal,C2,battery_only,global_distance_optimum_lp_integral,157.89483684210526,0.0,0,5,True,471.603538947151,0.018128708004951477,battery_action_and_mode_correction,0.0
F1,v2e2_d2a42e359dd264f920da,e2bv2_7fe27f5daf58c1b88056,deepseek_formal,C2,expanded_system,global_distance_optimum_lp_integral,157.89483684210526,0.0,0,5,True,471.603538947151,0.018352041981415823,battery_action_and_mode_correction,0.0
F1,v2e2_d2a42e359dd264f920da,e2bv2_7fe27f5daf58c1b88056,deepseek_formal,S1,battery_only,global_distance_optimum_lp_integral,157.89483684210526,0.0,0,5,True,471.603538947151,0.018128708004951477,battery_action_and_mode_correction,0.0
F1,v2e2_d2a42e359dd264f920da,e2bv2_7fe27f5daf58c1b88056,deepseek_formal,S1,expanded_system,global_distance_optimum_lp_integral,157.89483684210526,0.0,0,5,True,471.603538947151,0.018352041981415823,battery_action_and_mode_correction,0.0
F1,v2e2_d2a42e359dd264f920da,e2bv2_7fe27f5daf58c1b88056,deepseek_formal,S2,battery_only,global_distance_optimum_lp_integral,157.89483684210526,0.0,0,5,True,471.603538947151,0.018128708004951477,battery_action_and_mode_correction,0.0
F1,v2e2_d2a42e359dd264f920da,e2bv2_7fe27f5daf58c1b88056,deepseek_formal,S2,expanded_system,global_distance_optimum_lp_integral,157.89483684210526,0.0,0,5,True,471.603538947151,0.018352041981415823,battery_action_and_mode_correction,0.0
F1,v2e2_d6701d548a93409fed9a,e2bv2_2c6257569fb5f1aff24d,deepseek_formal,C1,battery_only,global_distance_optimum_lp_integral,131.57904736842104,0.0,0,4,True,404.76762376142113,0.018827083986252546,battery_action_and_mode_correction,0.0
F1,v2e2_d6701d548a93409fed9a,e2bv2_2c6257569fb5f1aff24d,deepseek_formal,C1,expanded_system,global_distance_optimum_lp_integral,131.57904736842104,0.0,0,4,True,404.76762376142113,0.01884279100340791,battery_action_and_mode_correction,0.0
F1,v2e2_d6701d548a93409fed9a,e2bv2_2c6257569fb5f1aff24d,deepseek_formal,C2,battery_only,global_distance_optimum_lp_integral,131.57904736842104,0.0,0,4,True,404.76762376142113,0.018827083986252546,battery_action_and_mode_correction,0.0
F1,v2e2_d6701d548a93409fed9a,e2bv2_2c6257569fb5f1aff24d,deepseek_formal,C2,expanded_system,global_distance_optimum_lp_integral,131.57904736842104,0.0,0,4,True,404.76762376142113,0.01884279100340791,battery_action_and_mode_correction,0.0
F1,v2e2_d6701d548a93409fed9a,e2bv2_2c6257569fb5f1aff24d,deepseek_formal,S1,battery_only,global_distance_optimum_lp_integral,131.57904736842104,0.0,0,4,True,404.76762376142113,0.018827083986252546,battery_action_and_mode_correction,0.0
F1,v2e2_d6701d548a93409fed9a,e2bv2_2c6257569fb5f1aff24d,deepseek_formal,S1,expanded_system,global_distance_optimum_lp_integral,131.57904736842104,0.0,0,4,True,404.76762376142113,0.01884279100340791,battery_action_and_mode_correction,0.0
F1,v2e2_d6701d548a93409fed9a,e2bv2_2c6257569fb5f1aff24d,deepseek_formal,S2,battery_only,global_distance_optimum_lp_integral,131.57904736842104,0.0,0,4,True,404.76762376142113,0.018827083986252546,battery_action_and_mode_correction,0.0
F1,v2e2_d6701d548a93409fed9a,e2bv2_2c6257569fb5f1aff24d,deepseek_formal,S2,expanded_system,global_distance_optimum_lp_integral,131.57904736842104,0.0,0,4,True,404.76762376142113,0.01884279100340791,battery_action_and_mode_correction,0.0
F1,v2e2_d6ba00286f170447ebbf,e2bv2_70e92887d1d87307d2b7,deepseek_formal,C1,battery_only,feasible_mode_library_upper_bound,5540.46885,0.0,9,0,True,393.4320972597802,0.014498375006951392,battery_action_and_mode_correction,0.0
F1,v2e2_d6ba00286f170447ebbf,e2bv2_70e92887d1d87307d2b7,deepseek_formal,C1,expanded_system,feasible_mode_library_upper_bound,5540.46885,0.0,9,0,True,393.4320972597802,0.014501792000373825,battery_action_and_mode_correction,0.0
F1,v2e2_d6ba00286f170447ebbf,e2bv2_70e92887d1d87307d2b7,deepseek_formal,C2,battery_only,feasible_mode_library_upper_bound,5540.46885,0.0,9,0,True,393.4320972597802,0.014498375006951392,battery_action_and_mode_correction,0.0
F1,v2e2_d6ba00286f170447ebbf,e2bv2_70e92887d1d87307d2b7,deepseek_formal,C2,expanded_system,feasible_mode_library_upper_bound,5540.46885,0.0,9,0,True,393.4320972597802,0.014501792000373825,battery_action_and_mode_correction,0.0
F1,v2e2_d6ba00286f170447ebbf,e2bv2_70e92887d1d87307d2b7,deepseek_formal,S1,battery_only,global_distance_optimum_lp_integral,5907.894741966941,0.0,3,0,True,404.4870479844754,0.021416957984911278,battery_action_and_mode_correction,0.0
F1,v2e2_d6ba00286f170447ebbf,e2bv2_70e92887d1d87307d2b7,deepseek_formal,S1,expanded_system,global_distance_optimum_lp_integral,5907.894741966941,0.0,3,0,True,404.4870479844754,0.022030082996934652,battery_action_and_mode_correction,0.0
F1,v2e2_d6ba00286f170447ebbf,e2bv2_70e92887d1d87307d2b7,deepseek_formal,S2,battery_only,global_distance_optimum_lp_integral,5907.894741966941,0.0,3,0,True,404.4870479844754,0.021416957984911278,battery_action_and_mode_correction,0.0
F1,v2e2_d6ba00286f170447ebbf,e2bv2_70e92887d1d87307d2b7,deepseek_formal,S2,expanded_system,global_distance_optimum_lp_integral,5907.894741966941,0.0,3,0,True,404.4870479844754,0.022030082996934652,battery_action_and_mode_correction,0.0
F1,v2e2_e6c8a896df3972a400a6,e2bv2_6aa925a62084087965a0,deepseek_formal,C1,battery_only,feasible_mode_library_upper_bound,5546.5626,0.0,8,0,True,398.60086981641035,0.01492295801290311,battery_action_and_mode_correction,0.0
F1,v2e2_e6c8a896df3972a400a6,e2bv2_6aa925a62084087965a0,deepseek_formal,C1,expanded_system,feasible_mode_library_upper_bound,5546.5626,0.0,8,0,True,398.60086981641035,0.01370662500266917,battery_action_and_mode_correction,0.0
F1,v2e2_e6c8a896df3972a400a6,e2bv2_6aa925a62084087965a0,deepseek_formal,C2,battery_only,feasible_mode_library_upper_bound,5546.5626,0.0,8,0,True,398.60086981641035,0.01492295801290311,battery_action_and_mode_correction,0.0
F1,v2e2_e6c8a896df3972a400a6,e2bv2_6aa925a62084087965a0,deepseek_formal,C2,expanded_system,feasible_mode_library_upper_bound,5546.5626,0.0,8,0,True,398.60086981641035,0.01370662500266917,battery_action_and_mode_correction,0.0
F1,v2e2_e6c8a896df3972a400a6,e2bv2_6aa925a62084087965a0,deepseek_formal,S1,battery_only,global_distance_optimum_lp_integral,157.89483684210526,0.0,0,4,True,404.37682015464577,0.019141165976179764,battery_action_and_mode_correction,0.0
F1,v2e2_e6c8a896df3972a400a6,e2bv2_6aa925a62084087965a0,deepseek_formal,S1,expanded_system,global_distance_optimum_lp_integral,157.89483684210526,0.0,0,4,True,404.37682015464577,0.019105708983261138,battery_action_and_mode_correction,0.0
F1,v2e2_e6c8a896df3972a400a6,e2bv2_6aa925a62084087965a0,deepseek_formal,S2,battery_only,global_distance_optimum_lp_integral,157.89483684210526,0.0,0,4,True,404.37682015464577,0.019141165976179764,battery_action_and_mode_correction,0.0
F1,v2e2_e6c8a896df3972a400a6,e2bv2_6aa925a62084087965a0,deepseek_formal,S2,expanded_system,global_distance_optimum_lp_integral,157.89483684210526,0.0,0,4,True,404.37682015464577,0.019105708983261138,battery_action_and_mode_correction,0.0
F1,v2e2_e87de31d325befcf7b51,e2bv2_e020d22055ecf31d0818,deepseek_formal,C1,battery_only,global_distance_optimum_lp_integral,26.315889473684212,0.0,0,2,True,377.0637943405262,0.018939166999189183,battery_action_and_mode_correction,0.0
F1,v2e2_e87de31d325befcf7b51,e2bv2_e020d22055ecf31d0818,deepseek_formal,C1,expanded_system,global_distance_optimum_lp_integral,26.315889473684212,0.0,0,2,True,377.0637943405262,0.018730791023699567,battery_action_and_mode_correction,0.0
F1,v2e2_e87de31d325befcf7b51,e2bv2_e020d22055ecf31d0818,deepseek_formal,C2,battery_only,global_distance_optimum_lp_integral,26.315889473684212,0.0,0,2,True,377.0637943405262,0.018939166999189183,battery_action_and_mode_correction,0.0
F1,v2e2_e87de31d325befcf7b51,e2bv2_e020d22055ecf31d0818,deepseek_formal,C2,expanded_system,global_distance_optimum_lp_integral,26.315889473684212,0.0,0,2,True,377.0637943405262,0.018730791023699567,battery_action_and_mode_correction,0.0
F1,v2e2_e87de31d325befcf7b51,e2bv2_e020d22055ecf31d0818,deepseek_formal,S1,battery_only,global_distance_optimum_lp_integral,26.315889473684212,0.0,0,2,True,377.0637943405262,0.018939166999189183,battery_action_and_mode_correction,0.0
F1,v2e2_e87de31d325befcf7b51,e2bv2_e020d22055ecf31d0818,deepseek_formal,S1,expanded_system,global_distance_optimum_lp_integral,26.315889473684212,0.0,0,2,True,377.0637943405262,0.018730791023699567,battery_action_and_mode_correction,0.0
F1,v2e2_e87de31d325befcf7b51,e2bv2_e020d22055ecf31d0818,deepseek_formal,S2,battery_only,global_distance_optimum_lp_integral,26.315889473684212,0.0,0,2,True,377.0637943405262,0.018939166999189183,battery_action_and_mode_correction,0.0
F1,v2e2_e87de31d325befcf7b51,e2bv2_e020d22055ecf31d0818,deepseek_formal,S2,expanded_system,global_distance_optimum_lp_integral,26.315889473684212,0.0,0,2,True,377.0637943405262,0.018730791023699567,battery_action_and_mode_correction,0.0
F1,v2e2_e9230cb9c5afdd6582ec,e2bv2_5abcf05f2df5d05495d2,deepseek_formal,C1,battery_only,global_distance_optimum_lp_integral,184.21062631578948,0.0,0,6,True,488.9265086439131,0.018809708999469876,battery_action_and_mode_correction,0.0
F1,v2e2_e9230cb9c5afdd6582ec,e2bv2_5abcf05f2df5d05495d2,deepseek_formal,C1,expanded_system,global_distance_optimum_lp_integral,184.21062631578948,0.0,0,6,True,488.9265086439131,0.018119167012628168,battery_action_and_mode_correction,0.0
F1,v2e2_e9230cb9c5afdd6582ec,e2bv2_5abcf05f2df5d05495d2,deepseek_formal,C2,battery_only,global_distance_optimum_lp_integral,184.21062631578948,0.0,0,6,True,488.9265086439131,0.018809708999469876,battery_action_and_mode_correction,0.0
F1,v2e2_e9230cb9c5afdd6582ec,e2bv2_5abcf05f2df5d05495d2,deepseek_formal,C2,expanded_system,global_distance_optimum_lp_integral,184.21062631578948,0.0,0,6,True,488.9265086439131,0.018119167012628168,battery_action_and_mode_correction,0.0
F1,v2e2_e9230cb9c5afdd6582ec,e2bv2_5abcf05f2df5d05495d2,deepseek_formal,S1,battery_only,global_distance_optimum_lp_integral,184.21062631578948,0.0,0,6,True,488.9265086439131,0.018809708999469876,battery_action_and_mode_correction,0.0
F1,v2e2_e9230cb9c5afdd6582ec,e2bv2_5abcf05f2df5d05495d2,deepseek_formal,S1,expanded_system,global_distance_optimum_lp_integral,184.21062631578948,0.0,0,6,True,488.9265086439131,0.018119167012628168,battery_action_and_mode_correction,0.0
F1,v2e2_e9230cb9c5afdd6582ec,e2bv2_5abcf05f2df5d05495d2,deepseek_formal,S2,battery_only,global_distance_optimum_lp_integral,184.21062631578948,0.0,0,6,True,488.9265086439131,0.018809708999469876,battery_action_and_mode_correction,0.0
F1,v2e2_e9230cb9c5afdd6582ec,e2bv2_5abcf05f2df5d05495d2,deepseek_formal,S2,expanded_system,global_distance_optimum_lp_integral,184.21062631578948,0.0,0,6,True,488.9265086439131,0.018119167012628168,battery_action_and_mode_correction,0.0
F1,v2e2_ea69a5744fe4489919e6,e2bv2_1cf79f85c896ff137766,deepseek_formal,C1,battery_only,feasible_mode_library_upper_bound,23.7501,0.0,0,2,True,332.964765656805,0.02033854101318866,battery_action_and_mode_correction,0.0
F1,v2e2_ea69a5744fe4489919e6,e2bv2_1cf79f85c896ff137766,deepseek_formal,C1,expanded_system,feasible_mode_library_upper_bound,23.7501,0.0,0,2,True,332.964765656805,0.019874959019944072,battery_action_and_mode_correction,0.0
F1,v2e2_ea69a5744fe4489919e6,e2bv2_1cf79f85c896ff137766,deepseek_formal,C2,battery_only,feasible_mode_library_upper_bound,23.7501,0.0,0,2,True,332.964765656805,0.020213790994603187,battery_action_and_mode_correction,0.0
F1,v2e2_ea69a5744fe4489919e6,e2bv2_1cf79f85c896ff137766,deepseek_formal,C2,expanded_system,feasible_mode_library_upper_bound,23.7501,0.0,0,2,True,332.964765656805,0.01995129100396298,battery_action_and_mode_correction,0.0
F1,v2e2_ea69a5744fe4489919e6,e2bv2_1cf79f85c896ff137766,deepseek_formal,S1,battery_only,feasible_mode_library_upper_bound,23.7501,0.0,0,2,True,332.964765656805,0.020213790994603187,battery_action_and_mode_correction,0.0
F1,v2e2_ea69a5744fe4489919e6,e2bv2_1cf79f85c896ff137766,deepseek_formal,S1,expanded_system,feasible_mode_library_upper_bound,23.7501,0.0,0,2,True,332.964765656805,0.01995129100396298,battery_action_and_mode_correction,0.0
F1,v2e2_ea69a5744fe4489919e6,e2bv2_1cf79f85c896ff137766,deepseek_formal,S2,battery_only,feasible_mode_library_upper_bound,23.7501,0.0,0,2,True,332.964765656805,0.020213790994603187,battery_action_and_mode_correction,0.0
F1,v2e2_ea69a5744fe4489919e6,e2bv2_1cf79f85c896ff137766,deepseek_formal,S2,expanded_system,feasible_mode_library_upper_bound,23.7501,0.0,0,2,True,332.964765656805,0.01995129100396298,battery_action_and_mode_correction,0.0
F1,v2e2_eabe3c90461f173e872b,e2bv2_bc3027bd46ee5949bf79,deepseek_formal,C1,battery_only,global_distance_optimum_lp_integral,184.21062631578948,0.0,0,4,True,301.72470665360186,0.019075291987974197,battery_action_and_mode_correction,0.0
F1,v2e2_eabe3c90461f173e872b,e2bv2_bc3027bd46ee5949bf79,deepseek_formal,C1,expanded_system,global_distance_optimum_lp_integral,184.21062631578948,0.0,0,4,True,301.72470665360186,0.018168750015320256,battery_action_and_mode_correction,0.0
F1,v2e2_eabe3c90461f173e872b,e2bv2_bc3027bd46ee5949bf79,deepseek_formal,C2,battery_only,global_distance_optimum_lp_integral,184.21062631578948,0.0,0,4,True,301.72470665360186,0.019075291987974197,battery_action_and_mode_correction,0.0
F1,v2e2_eabe3c90461f173e872b,e2bv2_bc3027bd46ee5949bf79,deepseek_formal,C2,expanded_system,global_distance_optimum_lp_integral,184.21062631578948,0.0,0,4,True,301.72470665360186,0.018168750015320256,battery_action_and_mode_correction,0.0
F1,v2e2_eabe3c90461f173e872b,e2bv2_bc3027bd46ee5949bf79,deepseek_formal,S1,battery_only,global_distance_optimum_lp_integral,184.21062631578948,0.0,0,4,True,301.72470665360186,0.019075291987974197,battery_action_and_mode_correction,0.0
F1,v2e2_eabe3c90461f173e872b,e2bv2_bc3027bd46ee5949bf79,deepseek_formal,S1,expanded_system,global_distance_optimum_lp_integral,184.21062631578948,0.0,0,4,True,301.72470665360186,0.018168750015320256,battery_action_and_mode_correction,0.0
F1,v2e2_eabe3c90461f173e872b,e2bv2_bc3027bd46ee5949bf79,deepseek_formal,S2,battery_only,global_distance_optimum_lp_integral,184.21062631578948,0.0,0,4,True,301.72470665360186,0.019075291987974197,battery_action_and_mode_correction,0.0
F1,v2e2_eabe3c90461f173e872b,e2bv2_bc3027bd46ee5949bf79,deepseek_formal,S2,expanded_system,global_distance_optimum_lp_integral,184.21062631578948,0.0,0,4,True,301.72470665360186,0.018168750015320256,battery_action_and_mode_correction,0.0
F1,v2e2_eeaa2f40bad66efc8c57,e2bv2_b9a034cfca44742fe81f,deepseek_formal,C1,battery_only,global_distance_optimum_lp_integral,184.21052631578948,0.0,0,4,True,316.78808647676533,0.017840333021013066,battery_action_and_mode_correction,0.0
F1,v2e2_eeaa2f40bad66efc8c57,e2bv2_b9a034cfca44742fe81f,deepseek_formal,C1,expanded_system,global_distance_optimum_lp_integral,184.21052631578948,0.0,0,4,True,316.78808647676533,0.01784462499199435,battery_action_and_mode_correction,0.0
F1,v2e2_eeaa2f40bad66efc8c57,e2bv2_b9a034cfca44742fe81f,deepseek_formal,C2,battery_only,global_distance_optimum_lp_integral,184.21052631578948,0.0,0,4,True,316.78808647676533,0.017840333021013066,battery_action_and_mode_correction,0.0
F1,v2e2_eeaa2f40bad66efc8c57,e2bv2_b9a034cfca44742fe81f,deepseek_formal,C2,expanded_system,global_distance_optimum_lp_integral,184.21052631578948,0.0,0,4,True,316.78808647676533,0.01784462499199435,battery_action_and_mode_correction,0.0
F1,v2e2_eeaa2f40bad66efc8c57,e2bv2_b9a034cfca44742fe81f,deepseek_formal,S1,battery_only,global_distance_optimum_lp_integral,184.21052631578948,0.0,0,4,True,316.78808647676533,0.017840333021013066,battery_action_and_mode_correction,0.0
F1,v2e2_eeaa2f40bad66efc8c57,e2bv2_b9a034cfca44742fe81f,deepseek_formal,S1,expanded_system,global_distance_optimum_lp_integral,184.21052631578948,0.0,0,4,True,316.78808647676533,0.01784462499199435,battery_action_and_mode_correction,0.0
F1,v2e2_eeaa2f40bad66efc8c57,e2bv2_b9a034cfca44742fe81f,deepseek_formal,S2,battery_only,global_distance_optimum_lp_integral,184.21052631578948,0.0,0,4,True,316.78808647676533,0.017840333021013066,battery_action_and_mode_correction,0.0
F1,v2e2_eeaa2f40bad66efc8c57,e2bv2_b9a034cfca44742fe81f,deepseek_formal,S2,expanded_system,global_distance_optimum_lp_integral,184.21052631578948,0.0,0,4,True,316.78808647676533,0.01784462499199435,battery_action_and_mode_correction,0.0
F1,v2e2_eefa2a6aa00281c6d0de,e2bv2_d66afb532081a4b42cb0,deepseek_formal,C1,battery_only,global_distance_optimum_lp_integral,26.315889473684212,0.0,0,2,True,647.9590759134833,0.018087541975546628,battery_action_and_mode_correction,0.0
F1,v2e2_eefa2a6aa00281c6d0de,e2bv2_d66afb532081a4b42cb0,deepseek_formal,C1,expanded_system,global_distance_optimum_lp_integral,26.315889473684212,0.0,0,2,True,647.9590759134833,0.019680249999510124,battery_action_and_mode_correction,0.0
F1,v2e2_eefa2a6aa00281c6d0de,e2bv2_d66afb532081a4b42cb0,deepseek_formal,C2,battery_only,global_distance_optimum_lp_integral,26.315889473684212,0.0,0,2,True,647.9590759134833,0.018087541975546628,battery_action_and_mode_correction,0.0
F1,v2e2_eefa2a6aa00281c6d0de,e2bv2_d66afb532081a4b42cb0,deepseek_formal,C2,expanded_system,global_distance_optimum_lp_integral,26.315889473684212,0.0,0,2,True,647.9590759134833,0.019680249999510124,battery_action_and_mode_correction,0.0
F1,v2e2_eefa2a6aa00281c6d0de,e2bv2_d66afb532081a4b42cb0,deepseek_formal,S1,battery_only,global_distance_optimum_lp_integral,5651.31579459852,0.0,1,0,True,647.9590759134833,0.02214908300084062,battery_action_and_mode_correction,0.0
F1,v2e2_eefa2a6aa00281c6d0de,e2bv2_d66afb532081a4b42cb0,deepseek_formal,S1,expanded_system,global_distance_optimum_lp_integral,5651.31579459852,0.0,1,0,True,647.9590759134833,0.021347208006773144,battery_action_and_mode_correction,0.0
F1,v2e2_eefa2a6aa00281c6d0de,e2bv2_d66afb532081a4b42cb0,deepseek_formal,S2,battery_only,global_distance_optimum_lp_integral,5651.31579459852,0.0,1,0,True,647.9590759134833,0.02214908300084062,battery_action_and_mode_correction,0.0
F1,v2e2_eefa2a6aa00281c6d0de,e2bv2_d66afb532081a4b42cb0,deepseek_formal,S2,expanded_system,global_distance_optimum_lp_integral,5651.31579459852,0.0,1,0,True,647.9590759134833,0.021347208006773144,battery_action_and_mode_correction,0.0
F1,v2e2_f5ed58c9117bb14967a8,e2bv2_6064b98f998842591327,deepseek_formal,C1,battery_only,global_distance_optimum_lp_integral,184.21062631578948,0.0,0,5,True,366.6098611590923,0.017949082975974306,battery_action_and_mode_correction,0.0
F1,v2e2_f5ed58c9117bb14967a8,e2bv2_6064b98f998842591327,deepseek_formal,C1,expanded_system,global_distance_optimum_lp_integral,184.21062631578948,0.0,0,5,True,366.6098611590923,0.01894708300824277,battery_action_and_mode_correction,0.0
F1,v2e2_f5ed58c9117bb14967a8,e2bv2_6064b98f998842591327,deepseek_formal,C2,battery_only,global_distance_optimum_lp_integral,184.21062631578948,0.0,0,5,True,366.6098611590923,0.017949082975974306,battery_action_and_mode_correction,0.0
F1,v2e2_f5ed58c9117bb14967a8,e2bv2_6064b98f998842591327,deepseek_formal,C2,expanded_system,global_distance_optimum_lp_integral,184.21062631578948,0.0,0,5,True,366.6098611590923,0.01894708300824277,battery_action_and_mode_correction,0.0
F1,v2e2_f5ed58c9117bb14967a8,e2bv2_6064b98f998842591327,deepseek_formal,S1,battery_only,global_distance_optimum_lp_integral,184.21062631578948,0.0,0,5,True,366.6098611590923,0.017949082975974306,battery_action_and_mode_correction,0.0
F1,v2e2_f5ed58c9117bb14967a8,e2bv2_6064b98f998842591327,deepseek_formal,S1,expanded_system,global_distance_optimum_lp_integral,184.21062631578948,0.0,0,5,True,366.6098611590923,0.01894708300824277,battery_action_and_mode_correction,0.0
F1,v2e2_f5ed58c9117bb14967a8,e2bv2_6064b98f998842591327,deepseek_formal,S2,battery_only,global_distance_optimum_lp_integral,184.21062631578948,0.0,0,5,True,366.6098611590923,0.017949082975974306,battery_action_and_mode_correction,0.0
F1,v2e2_f5ed58c9117bb14967a8,e2bv2_6064b98f998842591327,deepseek_formal,S2,expanded_system,global_distance_optimum_lp_integral,184.21062631578948,0.0,0,5,True,366.6098611590923,0.01894708300824277,battery_action_and_mode_correction,0.0
F1,v2e2_f60d5d4b26a4ec302fa4,e2bv2_4dfc1feffc9c52490cff,deepseek_formal,C1,battery_only,global_distance_optimum_lp_integral,157.89483684210526,0.0,0,4,True,229.36579975374272,0.018367250013398007,battery_action_and_mode_correction,0.0
F1,v2e2_f60d5d4b26a4ec302fa4,e2bv2_4dfc1feffc9c52490cff,deepseek_formal,C1,expanded_system,global_distance_optimum_lp_integral,157.89483684210526,0.0,0,4,True,229.36579975374272,0.01821929099969566,battery_action_and_mode_correction,0.0
F1,v2e2_f60d5d4b26a4ec302fa4,e2bv2_4dfc1feffc9c52490cff,deepseek_formal,C2,battery_only,global_distance_optimum_lp_integral,157.89483684210526,0.0,0,4,True,229.36579975374272,0.018367250013398007,battery_action_and_mode_correction,0.0
F1,v2e2_f60d5d4b26a4ec302fa4,e2bv2_4dfc1feffc9c52490cff,deepseek_formal,C2,expanded_system,global_distance_optimum_lp_integral,157.89483684210526,0.0,0,4,True,229.36579975374272,0.01821929099969566,battery_action_and_mode_correction,0.0
F1,v2e2_f60d5d4b26a4ec302fa4,e2bv2_4dfc1feffc9c52490cff,deepseek_formal,S1,battery_only,global_distance_optimum_lp_integral,157.89483684210526,0.0,0,4,True,229.36579975374272,0.018367250013398007,battery_action_and_mode_correction,0.0
F1,v2e2_f60d5d4b26a4ec302fa4,e2bv2_4dfc1feffc9c52490cff,deepseek_formal,S1,expanded_system,global_distance_optimum_lp_integral,157.89483684210526,0.0,0,4,True,229.36579975374272,0.01821929099969566,battery_action_and_mode_correction,0.0
F1,v2e2_f60d5d4b26a4ec302fa4,e2bv2_4dfc1feffc9c52490cff,deepseek_formal,S2,battery_only,global_distance_optimum_lp_integral,157.89483684210526,0.0,0,4,True,229.36579975374272,0.018367250013398007,battery_action_and_mode_correction,0.0
F1,v2e2_f60d5d4b26a4ec302fa4,e2bv2_4dfc1feffc9c52490cff,deepseek_formal,S2,expanded_system,global_distance_optimum_lp_integral,157.89483684210526,0.0,0,4,True,229.36579975374272,0.01821929099969566,battery_action_and_mode_correction,0.0
F1,v2e2_ff7d4d179a2e6d483137,e2bv2_ed7aafb6b6bf57083afc,deepseek_formal,C1,battery_only,feasible_mode_library_upper_bound,17.50009999999761,0.0,0,0,True,634.121706350321,0.015733874985016882,battery_magnitude_or_timing_correction,0.0
F1,v2e2_ff7d4d179a2e6d483137,e2bv2_ed7aafb6b6bf57083afc,deepseek_formal,C1,expanded_system,feasible_mode_library_upper_bound,17.50009999999761,0.0,0,0,True,634.121706350321,0.015762791997985914,battery_magnitude_or_timing_correction,0.0
F1,v2e2_ff7d4d179a2e6d483137,e2bv2_ed7aafb6b6bf57083afc,deepseek_formal,C2,battery_only,feasible_mode_library_upper_bound,17.50009999999761,0.0,0,0,True,634.121706350321,0.015733874985016882,battery_magnitude_or_timing_correction,0.0
F1,v2e2_ff7d4d179a2e6d483137,e2bv2_ed7aafb6b6bf57083afc,deepseek_formal,C2,expanded_system,feasible_mode_library_upper_bound,17.50009999999761,0.0,0,0,True,634.121706350321,0.015762791997985914,battery_magnitude_or_timing_correction,0.0
F1,v2e2_ff7d4d179a2e6d483137,e2bv2_ed7aafb6b6bf57083afc,deepseek_formal,S1,battery_only,feasible_mode_library_upper_bound,23.7501,0.0,0,2,True,634.0075492734704,0.022386333002941683,battery_action_and_mode_correction,0.0
F1,v2e2_ff7d4d179a2e6d483137,e2bv2_ed7aafb6b6bf57083afc,deepseek_formal,S1,expanded_system,feasible_mode_library_upper_bound,23.7501,0.0,0,2,True,634.0075492734704,0.022757874976377934,battery_action_and_mode_correction,0.0
F1,v2e2_ff7d4d179a2e6d483137,e2bv2_ed7aafb6b6bf57083afc,deepseek_formal,S2,battery_only,feasible_mode_library_upper_bound,23.7501,0.0,0,2,True,634.0075492734704,0.022386333002941683,battery_action_and_mode_correction,0.0
F1,v2e2_ff7d4d179a2e6d483137,e2bv2_ed7aafb6b6bf57083afc,deepseek_formal,S2,expanded_system,feasible_mode_library_upper_bound,23.7501,0.0,0,2,True,634.0075492734704,0.022757874976377934,battery_action_and_mode_correction,0.0
F1,v2e2_01647af4ab413aad9430,e2bv2_96ac3ec6cf72f05980c7,qwen_flash,C1,battery_only,global_distance_optimum_lp_integral,3684.144741966941,0.0,5,0,True,707.9860530022526,0.02280033301212825,battery_action_and_mode_correction,0.0
F1,v2e2_01647af4ab413aad9430,e2bv2_96ac3ec6cf72f05980c7,qwen_flash,C1,expanded_system,global_distance_optimum_lp_integral,3684.144741966941,0.0,5,0,True,707.9860530022526,0.02204275000258349,battery_action_and_mode_correction,0.0
F1,v2e2_01647af4ab413aad9430,e2bv2_96ac3ec6cf72f05980c7,qwen_flash,C2,battery_only,global_distance_optimum_lp_integral,3684.144741966941,0.0,5,0,True,707.9860530022526,0.02280033301212825,battery_action_and_mode_correction,0.0
F1,v2e2_01647af4ab413aad9430,e2bv2_96ac3ec6cf72f05980c7,qwen_flash,C2,expanded_system,global_distance_optimum_lp_integral,3684.144741966941,0.0,5,0,True,707.9860530022526,0.02204275000258349,battery_action_and_mode_correction,0.0
F1,v2e2_01647af4ab413aad9430,e2bv2_96ac3ec6cf72f05980c7,qwen_flash,S1,battery_only,global_distance_optimum_lp_integral,3684.144741966941,0.0,5,0,True,707.9860530022526,0.02280033301212825,battery_action_and_mode_correction,0.0
F1,v2e2_01647af4ab413aad9430,e2bv2_96ac3ec6cf72f05980c7,qwen_flash,S1,expanded_system,global_distance_optimum_lp_integral,3684.144741966941,0.0,5,0,True,707.9860530022526,0.02204275000258349,battery_action_and_mode_correction,0.0
F1,v2e2_01647af4ab413aad9430,e2bv2_96ac3ec6cf72f05980c7,qwen_flash,S2,battery_only,global_distance_optimum_lp_integral,3684.144741966941,0.0,5,0,True,707.9860530022526,0.02280033301212825,battery_action_and_mode_correction,0.0
F1,v2e2_01647af4ab413aad9430,e2bv2_96ac3ec6cf72f05980c7,qwen_flash,S2,expanded_system,global_distance_optimum_lp_integral,3684.144741966941,0.0,5,0,True,707.9860530022526,0.02204275000258349,battery_action_and_mode_correction,0.0
F1,v2e2_07ecea8c63a586f9fa3b,e2bv2_cab59d28fc0a8167afa4,qwen_flash,C1,battery_only,global_distance_optimum_lp_integral,5413.750005124835,0.0,1,0,True,474.93622386981934,0.021415958006400615,battery_action_and_mode_correction,0.0
F1,v2e2_07ecea8c63a586f9fa3b,e2bv2_cab59d28fc0a8167afa4,qwen_flash,C1,expanded_system,global_distance_optimum_lp_integral,5413.750005124835,0.0,1,0,True,474.93622386981934,0.021462167002027854,battery_action_and_mode_correction,0.0
F1,v2e2_07ecea8c63a586f9fa3b,e2bv2_cab59d28fc0a8167afa4,qwen_flash,C2,battery_only,global_distance_optimum_lp_integral,5413.750005124835,0.0,1,0,True,474.93622386981934,0.021415958006400615,battery_action_and_mode_correction,0.0
F1,v2e2_07ecea8c63a586f9fa3b,e2bv2_cab59d28fc0a8167afa4,qwen_flash,C2,expanded_system,global_distance_optimum_lp_integral,5413.750005124835,0.0,1,0,True,474.93622386981934,0.021462167002027854,battery_action_and_mode_correction,0.0
F1,v2e2_07ecea8c63a586f9fa3b,e2bv2_cab59d28fc0a8167afa4,qwen_flash,S1,battery_only,global_distance_optimum_lp_integral,5413.750005124835,0.0,1,0,True,474.93622386981934,0.021415958006400615,battery_action_and_mode_correction,0.0
F1,v2e2_07ecea8c63a586f9fa3b,e2bv2_cab59d28fc0a8167afa4,qwen_flash,S1,expanded_system,global_distance_optimum_lp_integral,5413.750005124835,0.0,1,0,True,474.93622386981934,0.021462167002027854,battery_action_and_mode_correction,0.0
F1,v2e2_07ecea8c63a586f9fa3b,e2bv2_cab59d28fc0a8167afa4,qwen_flash,S2,battery_only,global_distance_optimum_lp_integral,5413.750005124835,0.0,1,0,True,474.93622386981934,0.021415958006400615,battery_action_and_mode_correction,0.0
F1,v2e2_07ecea8c63a586f9fa3b,e2bv2_cab59d28fc0a8167afa4,qwen_flash,S2,expanded_system,global_distance_optimum_lp_integral,5413.750005124835,0.0,1,0,True,474.93622386981934,0.021462167002027854,battery_action_and_mode_correction,0.0
F1,v2e2_12b72852882928644d40,e2bv2_cd8a18111aa5daa36f7f,qwen_flash,C1,battery_only,global_distance_optimum_lp_integral,5401.31579459852,0.0,1,0,True,239.97742193624376,0.020692499994765967,battery_action_and_mode_correction,0.0
F1,v2e2_12b72852882928644d40,e2bv2_cd8a18111aa5daa36f7f,qwen_flash,C1,expanded_system,global_distance_optimum_lp_integral,5401.31579459852,0.0,1,0,True,239.97742193624376,0.0200927919941023,battery_action_and_mode_correction,0.0
F1,v2e2_12b72852882928644d40,e2bv2_cd8a18111aa5daa36f7f,qwen_flash,C2,battery_only,global_distance_optimum_lp_integral,5401.31579459852,0.0,1,0,True,239.97742193624376,0.020692499994765967,battery_action_and_mode_correction,0.0
F1,v2e2_12b72852882928644d40,e2bv2_cd8a18111aa5daa36f7f,qwen_flash,C2,expanded_system,global_distance_optimum_lp_integral,5401.31579459852,0.0,1,0,True,239.97742193624376,0.0200927919941023,battery_action_and_mode_correction,0.0
F1,v2e2_12b72852882928644d40,e2bv2_cd8a18111aa5daa36f7f,qwen_flash,S1,battery_only,global_distance_optimum_lp_integral,5401.31579459852,0.0,1,0,True,239.97742193624376,0.020692499994765967,battery_action_and_mode_correction,0.0
F1,v2e2_12b72852882928644d40,e2bv2_cd8a18111aa5daa36f7f,qwen_flash,S1,expanded_system,global_distance_optimum_lp_integral,5401.31579459852,0.0,1,0,True,239.97742193624376,0.0200927919941023,battery_action_and_mode_correction,0.0
F1,v2e2_12b72852882928644d40,e2bv2_cd8a18111aa5daa36f7f,qwen_flash,S2,battery_only,global_distance_optimum_lp_integral,5401.31579459852,0.0,1,0,True,239.97742193624376,0.020692499994765967,battery_action_and_mode_correction,0.0
F1,v2e2_12b72852882928644d40,e2bv2_cd8a18111aa5daa36f7f,qwen_flash,S2,expanded_system,global_distance_optimum_lp_integral,5401.31579459852,0.0,1,0,True,239.97742193624376,0.0200927919941023,battery_action_and_mode_correction,0.0
F1,v2e2_16b5f26ad506f7afac02,e2bv2_18157d185d442405c6ee,qwen_flash,C1,battery_only,global_distance_optimum_lp_integral,5220.394741966941,0.0,3,0,True,236.0449239679488,0.01852912502363324,battery_action_and_mode_correction,0.0
F1,v2e2_16b5f26ad506f7afac02,e2bv2_18157d185d442405c6ee,qwen_flash,C1,expanded_system,global_distance_optimum_lp_integral,5220.394741966941,0.0,3,0,True,236.0449239679488,0.01930245800758712,battery_action_and_mode_correction,0.0
F1,v2e2_16b5f26ad506f7afac02,e2bv2_18157d185d442405c6ee,qwen_flash,C2,battery_only,global_distance_optimum_lp_integral,5220.394741966941,0.0,3,0,True,236.0449239679488,0.01852912502363324,battery_action_and_mode_correction,0.0
F1,v2e2_16b5f26ad506f7afac02,e2bv2_18157d185d442405c6ee,qwen_flash,C2,expanded_system,global_distance_optimum_lp_integral,5220.394741966941,0.0,3,0,True,236.0449239679488,0.01930245800758712,battery_action_and_mode_correction,0.0
F1,v2e2_16b5f26ad506f7afac02,e2bv2_18157d185d442405c6ee,qwen_flash,S1,battery_only,global_distance_optimum_lp_integral,5220.394741966941,0.0,3,0,True,236.0449239679488,0.01852912502363324,battery_action_and_mode_correction,0.0
F1,v2e2_16b5f26ad506f7afac02,e2bv2_18157d185d442405c6ee,qwen_flash,S1,expanded_system,global_distance_optimum_lp_integral,5220.394741966941,0.0,3,0,True,236.0449239679488,0.01930245800758712,battery_action_and_mode_correction,0.0
F1,v2e2_16b5f26ad506f7afac02,e2bv2_18157d185d442405c6ee,qwen_flash,S2,battery_only,global_distance_optimum_lp_integral,5220.394741966941,0.0,3,0,True,236.0449239679488,0.01852912502363324,battery_action_and_mode_correction,0.0
F1,v2e2_16b5f26ad506f7afac02,e2bv2_18157d185d442405c6ee,qwen_flash,S2,expanded_system,global_distance_optimum_lp_integral,5220.394741966941,0.0,3,0,True,236.0449239679488,0.01930245800758712,battery_action_and_mode_correction,0.0
F1,v2e2_16c288d882ac6a326385,e2bv2_b24c0acf9fe87fa8ba9d,qwen_flash,C1,battery_only,global_distance_optimum_lp_integral,3581.578952493257,0.0,3,0,True,408.929348319955,0.015091292007127777,battery_action_and_mode_correction,0.0
F1,v2e2_16c288d882ac6a326385,e2bv2_b24c0acf9fe87fa8ba9d,qwen_flash,C1,expanded_system,global_distance_optimum_lp_integral,3581.578952493257,0.0,3,0,True,408.929348319955,0.015036709024570882,battery_action_and_mode_correction,0.0
F1,v2e2_16c288d882ac6a326385,e2bv2_b24c0acf9fe87fa8ba9d,qwen_flash,C2,battery_only,global_distance_optimum_lp_integral,3581.578952493257,0.0,3,0,True,408.929348319955,0.015091292007127777,battery_action_and_mode_correction,0.0
F1,v2e2_16c288d882ac6a326385,e2bv2_b24c0acf9fe87fa8ba9d,qwen_flash,C2,expanded_system,global_distance_optimum_lp_integral,3581.578952493257,0.0,3,0,True,408.929348319955,0.015036709024570882,battery_action_and_mode_correction,0.0
F1,v2e2_16c288d882ac6a326385,e2bv2_b24c0acf9fe87fa8ba9d,qwen_flash,S1,battery_only,global_distance_optimum_lp_integral,3581.578952493257,0.0,3,0,True,408.929348319955,0.015091292007127777,battery_action_and_mode_correction,0.0
F1,v2e2_16c288d882ac6a326385,e2bv2_b24c0acf9fe87fa8ba9d,qwen_flash,S1,expanded_system,global_distance_optimum_lp_integral,3581.578952493257,0.0,3,0,True,408.929348319955,0.015036709024570882,battery_action_and_mode_correction,0.0
F1,v2e2_16c288d882ac6a326385,e2bv2_b24c0acf9fe87fa8ba9d,qwen_flash,S2,battery_only,global_distance_optimum_lp_integral,3581.578952493257,0.0,3,0,True,408.929348319955,0.015091292007127777,battery_action_and_mode_correction,0.0
F1,v2e2_16c288d882ac6a326385,e2bv2_b24c0acf9fe87fa8ba9d,qwen_flash,S2,expanded_system,global_distance_optimum_lp_integral,3581.578952493257,0.0,3,0,True,408.929348319955,0.015036709024570882,battery_action_and_mode_correction,0.0
F1,v2e2_1a991ca6b21c0ed79241,e2bv2_398c1bf0d35d9c1f454a,qwen_flash,C1,battery_only,global_distance_optimum_lp_integral,3101.3157945985204,0.0,1,0,True,358.3422228887643,0.013289666996570304,battery_action_and_mode_correction,0.0
F1,v2e2_1a991ca6b21c0ed79241,e2bv2_398c1bf0d35d9c1f454a,qwen_flash,C1,expanded_system,global_distance_optimum_lp_integral,3101.3157945985204,0.0,1,0,True,358.3422228887643,0.013761000009253621,battery_action_and_mode_correction,0.0
F1,v2e2_1a991ca6b21c0ed79241,e2bv2_398c1bf0d35d9c1f454a,qwen_flash,C2,battery_only,global_distance_optimum_lp_integral,3101.3157945985204,0.0,1,0,True,358.3422228887643,0.013289666996570304,battery_action_and_mode_correction,0.0
F1,v2e2_1a991ca6b21c0ed79241,e2bv2_398c1bf0d35d9c1f454a,qwen_flash,C2,expanded_system,global_distance_optimum_lp_integral,3101.3157945985204,0.0,1,0,True,358.3422228887643,0.013761000009253621,battery_action_and_mode_correction,0.0
F1,v2e2_1a991ca6b21c0ed79241,e2bv2_398c1bf0d35d9c1f454a,qwen_flash,S1,battery_only,global_distance_optimum_lp_integral,5151.31579459852,0.0,1,0,True,358.3422228887643,0.019699833006598055,battery_action_and_mode_correction,0.0
F1,v2e2_1a991ca6b21c0ed79241,e2bv2_398c1bf0d35d9c1f454a,qwen_flash,S1,expanded_system,global_distance_optimum_lp_integral,5151.31579459852,0.0,1,0,True,358.3422228887643,0.020503333013039082,battery_action_and_mode_correction,0.0
F1,v2e2_1a991ca6b21c0ed79241,e2bv2_398c1bf0d35d9c1f454a,qwen_flash,S2,battery_only,global_distance_optimum_lp_integral,3101.3157945985204,0.0,1,0,True,358.3422228887643,0.013289666996570304,battery_action_and_mode_correction,0.0
F1,v2e2_1a991ca6b21c0ed79241,e2bv2_398c1bf0d35d9c1f454a,qwen_flash,S2,expanded_system,global_distance_optimum_lp_integral,3101.3157945985204,0.0,1,0,True,358.3422228887643,0.013761000009253621,battery_action_and_mode_correction,0.0
F1,v2e2_1fd8536d13787e44dc17,e2bv2_ccd2f73e977e0f60938a,qwen_flash,C1,battery_only,global_distance_optimum_lp_integral,5601.250005124835,0.0,1,0,True,285.2203958101474,0.021947708999505267,expanded_curtailment_used_without_distance_reduction,0.0
F1,v2e2_1fd8536d13787e44dc17,e2bv2_ccd2f73e977e0f60938a,qwen_flash,C1,expanded_system,global_distance_optimum_lp_integral,5601.250005124835,367.38582175,1,0,True,283.46061772396496,0.020929999998770654,expanded_curtailment_used_without_distance_reduction,0.0
F1,v2e2_1fd8536d13787e44dc17,e2bv2_ccd2f73e977e0f60938a,qwen_flash,C2,battery_only,global_distance_optimum_lp_integral,5601.250005124835,0.0,1,0,True,285.2203958101474,0.021947708999505267,expanded_curtailment_used_without_distance_reduction,0.0
F1,v2e2_1fd8536d13787e44dc17,e2bv2_ccd2f73e977e0f60938a,qwen_flash,C2,expanded_system,global_distance_optimum_lp_integral,5601.250005124835,367.38582175,1,0,True,283.46061772396496,0.020929999998770654,expanded_curtailment_used_without_distance_reduction,0.0
F1,v2e2_1fd8536d13787e44dc17,e2bv2_ccd2f73e977e0f60938a,qwen_flash,S1,battery_only,global_distance_optimum_lp_integral,5601.250005124835,0.0,1,0,True,285.2203958101474,0.021947708999505267,expanded_curtailment_used_without_distance_reduction,0.0
F1,v2e2_1fd8536d13787e44dc17,e2bv2_ccd2f73e977e0f60938a,qwen_flash,S1,expanded_system,global_distance_optimum_lp_integral,5601.250005124835,367.38582175,1,0,True,283.46061772396496,0.020929999998770654,expanded_curtailment_used_without_distance_reduction,0.0
F1,v2e2_1fd8536d13787e44dc17,e2bv2_ccd2f73e977e0f60938a,qwen_flash,S2,battery_only,global_distance_optimum_lp_integral,5601.250005124835,0.0,1,0,True,285.2203958101474,0.021947708999505267,expanded_curtailment_used_without_distance_reduction,0.0
F1,v2e2_1fd8536d13787e44dc17,e2bv2_ccd2f73e977e0f60938a,qwen_flash,S2,expanded_system,global_distance_optimum_lp_integral,5601.250005124835,367.38582175,1,0,True,283.46061772396496,0.020929999998770654,expanded_curtailment_used_without_distance_reduction,0.0
F1,v2e2_20534de655a33fde87ca,e2bv2_385ceed2777d1604128f,qwen_flash,C1,battery_only,global_distance_optimum_lp_integral,3634.2105314406253,0.0,3,0,True,299.270759815251,0.01589283300563693,battery_action_and_mode_correction,0.0
F1,v2e2_20534de655a33fde87ca,e2bv2_385ceed2777d1604128f,qwen_flash,C1,expanded_system,global_distance_optimum_lp_integral,3634.2105314406253,0.0,3,0,True,299.270759815251,0.015329708025092259,battery_action_and_mode_correction,0.0
F1,v2e2_20534de655a33fde87ca,e2bv2_385ceed2777d1604128f,qwen_flash,C2,battery_only,global_distance_optimum_lp_integral,3634.2105314406253,0.0,3,0,True,299.270759815251,0.01589283300563693,battery_action_and_mode_correction,0.0
F1,v2e2_20534de655a33fde87ca,e2bv2_385ceed2777d1604128f,qwen_flash,C2,expanded_system,global_distance_optimum_lp_integral,3634.2105314406253,0.0,3,0,True,299.270759815251,0.015329708025092259,battery_action_and_mode_correction,0.0
F1,v2e2_20534de655a33fde87ca,e2bv2_385ceed2777d1604128f,qwen_flash,S1,battery_only,global_distance_optimum_lp_integral,3358.2105314406253,0.0,3,0,True,299.270759815251,0.016060833993833512,battery_action_and_mode_correction,0.0
F1,v2e2_20534de655a33fde87ca,e2bv2_385ceed2777d1604128f,qwen_flash,S1,expanded_system,global_distance_optimum_lp_integral,3358.2105314406253,0.0,3,0,True,299.270759815251,0.014605791016947478,battery_action_and_mode_correction,0.0
F1,v2e2_20534de655a33fde87ca,e2bv2_385ceed2777d1604128f,qwen_flash,S2,battery_only,global_distance_optimum_lp_integral,3358.2105314406253,0.0,3,0,True,299.270759815251,0.016060833993833512,battery_action_and_mode_correction,0.0
F1,v2e2_20534de655a33fde87ca,e2bv2_385ceed2777d1604128f,qwen_flash,S2,expanded_system,global_distance_optimum_lp_integral,3358.2105314406253,0.0,3,0,True,299.270759815251,0.014605791016947478,battery_action_and_mode_correction,0.0
F1,v2e2_25e030e6613f44a39649,e2bv2_93a98b647864d0934ec6,qwen_flash,C1,battery_only,global_distance_optimum_lp_integral,5720.394741966941,0.0,3,0,True,193.75000024148463,0.020627624995540828,battery_action_and_mode_correction,0.0
F1,v2e2_25e030e6613f44a39649,e2bv2_93a98b647864d0934ec6,qwen_flash,C1,expanded_system,global_distance_optimum_lp_integral,5720.394741966941,0.0,3,0,True,193.75000024148463,0.02170625000144355,battery_action_and_mode_correction,0.0
F1,v2e2_25e030e6613f44a39649,e2bv2_93a98b647864d0934ec6,qwen_flash,C2,battery_only,global_distance_optimum_lp_integral,5720.394741966941,0.0,3,0,True,193.75000024148463,0.020627624995540828,battery_action_and_mode_correction,0.0
F1,v2e2_25e030e6613f44a39649,e2bv2_93a98b647864d0934ec6,qwen_flash,C2,expanded_system,global_distance_optimum_lp_integral,5720.394741966941,0.0,3,0,True,193.75000024148463,0.02170625000144355,battery_action_and_mode_correction,0.0
F1,v2e2_25e030e6613f44a39649,e2bv2_93a98b647864d0934ec6,qwen_flash,S1,battery_only,global_distance_optimum_lp_integral,5720.394741966941,0.0,3,0,True,193.75000024148463,0.020627624995540828,battery_action_and_mode_correction,0.0
F1,v2e2_25e030e6613f44a39649,e2bv2_93a98b647864d0934ec6,qwen_flash,S1,expanded_system,global_distance_optimum_lp_integral,5720.394741966941,0.0,3,0,True,193.75000024148463,0.02170625000144355,battery_action_and_mode_correction,0.0
F1,v2e2_25e030e6613f44a39649,e2bv2_93a98b647864d0934ec6,qwen_flash,S2,battery_only,global_distance_optimum_lp_integral,5720.394741966941,0.0,3,0,True,193.75000024148463,0.020627624995540828,battery_action_and_mode_correction,0.0
F1,v2e2_25e030e6613f44a39649,e2bv2_93a98b647864d0934ec6,qwen_flash,S2,expanded_system,global_distance_optimum_lp_integral,5720.394741966941,0.0,3,0,True,193.75000024148463,0.02170625000144355,battery_action_and_mode_correction,0.0
F1,v2e2_28d9724eea09520d5cd7,e2bv2_074dcbf2a80e3ff78303,qwen_flash,C1,battery_only,global_distance_optimum_lp_integral,5782.894741966941,0.0,3,0,True,259.9080659282582,0.020792875002371147,battery_action_and_mode_correction,0.0
F1,v2e2_28d9724eea09520d5cd7,e2bv2_074dcbf2a80e3ff78303,qwen_flash,C1,expanded_system,global_distance_optimum_lp_integral,5782.894741966941,0.0,3,0,True,259.9080659282582,0.022960041998885572,battery_action_and_mode_correction,0.0
F1,v2e2_28d9724eea09520d5cd7,e2bv2_074dcbf2a80e3ff78303,qwen_flash,C2,battery_only,global_distance_optimum_lp_integral,5782.894741966941,0.0,3,0,True,259.9080659282582,0.020792875002371147,battery_action_and_mode_correction,0.0
F1,v2e2_28d9724eea09520d5cd7,e2bv2_074dcbf2a80e3ff78303,qwen_flash,C2,expanded_system,global_distance_optimum_lp_integral,5782.894741966941,0.0,3,0,True,259.9080659282582,0.022960041998885572,battery_action_and_mode_correction,0.0
F1,v2e2_28d9724eea09520d5cd7,e2bv2_074dcbf2a80e3ff78303,qwen_flash,S1,battery_only,global_distance_optimum_lp_integral,5782.894741966941,0.0,3,0,True,259.9080659282582,0.020792875002371147,battery_action_and_mode_correction,0.0
F1,v2e2_28d9724eea09520d5cd7,e2bv2_074dcbf2a80e3ff78303,qwen_flash,S1,expanded_system,global_distance_optimum_lp_integral,5782.894741966941,0.0,3,0,True,259.9080659282582,0.022960041998885572,battery_action_and_mode_correction,0.0
F1,v2e2_28d9724eea09520d5cd7,e2bv2_074dcbf2a80e3ff78303,qwen_flash,S2,battery_only,global_distance_optimum_lp_integral,5782.894741966941,0.0,3,0,True,259.9080659282582,0.020792875002371147,battery_action_and_mode_correction,0.0
F1,v2e2_28d9724eea09520d5cd7,e2bv2_074dcbf2a80e3ff78303,qwen_flash,S2,expanded_system,global_distance_optimum_lp_integral,5782.894741966941,0.0,3,0,True,259.9080659282582,0.022960041998885572,battery_action_and_mode_correction,0.0
F1,v2e2_31906e8fff0262a0bd53,e2bv2_de38e57ab0f0657ef6d2,qwen_flash,C1,battery_only,global_distance_optimum_lp_integral,192.394741966941,0.0,4,0,True,363.3996630452206,0.01654262500233017,battery_action_and_mode_correction,0.0
F1,v2e2_31906e8fff0262a0bd53,e2bv2_de38e57ab0f0657ef6d2,qwen_flash,C1,expanded_system,global_distance_optimum_lp_integral,192.394741966941,0.0,4,0,True,363.3996630452206,0.01574554099352099,battery_action_and_mode_correction,0.0
F1,v2e2_31906e8fff0262a0bd53,e2bv2_de38e57ab0f0657ef6d2,qwen_flash,C2,battery_only,global_distance_optimum_lp_integral,3607.894741966941,0.0,4,0,True,363.3996630452206,0.016171875002328306,battery_action_and_mode_correction,0.0
F1,v2e2_31906e8fff0262a0bd53,e2bv2_de38e57ab0f0657ef6d2,qwen_flash,C2,expanded_system,global_distance_optimum_lp_integral,3607.894741966941,0.0,4,0,True,363.3996630452206,0.015875707991654053,battery_action_and_mode_correction,0.0
F1,v2e2_31906e8fff0262a0bd53,e2bv2_de38e57ab0f0657ef6d2,qwen_flash,S1,battery_only,global_distance_optimum_lp_integral,3607.894741966941,0.0,4,0,True,363.3996630452206,0.016171875002328306,battery_action_and_mode_correction,0.0
F1,v2e2_31906e8fff0262a0bd53,e2bv2_de38e57ab0f0657ef6d2,qwen_flash,S1,expanded_system,global_distance_optimum_lp_integral,3607.894741966941,0.0,4,0,True,363.3996630452206,0.015875707991654053,battery_action_and_mode_correction,0.0
F1,v2e2_31906e8fff0262a0bd53,e2bv2_de38e57ab0f0657ef6d2,qwen_flash,S2,battery_only,global_distance_optimum_lp_integral,3607.894741966941,0.0,4,0,True,363.3996630452206,0.016171875002328306,battery_action_and_mode_correction,0.0
F1,v2e2_31906e8fff0262a0bd53,e2bv2_de38e57ab0f0657ef6d2,qwen_flash,S2,expanded_system,global_distance_optimum_lp_integral,3607.894741966941,0.0,4,0,True,363.3996630452206,0.015875707991654053,battery_action_and_mode_correction,0.0
F1,v2e2_394e89f7d166924e9409,e2bv2_857ed212cb3ade75decf,qwen_flash,C1,battery_only,global_distance_optimum_lp_integral,5845.394741966941,0.0,3,0,True,681.4630366131712,0.022526916000060737,battery_action_and_mode_correction,0.0
F1,v2e2_394e89f7d166924e9409,e2bv2_857ed212cb3ade75decf,qwen_flash,C1,expanded_system,global_distance_optimum_lp_integral,5845.394741966941,0.0,3,0,True,681.4630366131712,0.021928624977590516,battery_action_and_mode_correction,0.0
F1,v2e2_394e89f7d166924e9409,e2bv2_857ed212cb3ade75decf,qwen_flash,C2,battery_only,global_distance_optimum_lp_integral,5845.394741966941,0.0,3,0,True,681.4630366131712,0.022526916000060737,battery_action_and_mode_correction,0.0
F1,v2e2_394e89f7d166924e9409,e2bv2_857ed212cb3ade75decf,qwen_flash,C2,expanded_system,global_distance_optimum_lp_integral,5845.394741966941,0.0,3,0,True,681.4630366131712,0.021928624977590516,battery_action_and_mode_correction,0.0
F1,v2e2_394e89f7d166924e9409,e2bv2_857ed212cb3ade75decf,qwen_flash,S1,battery_only,global_distance_optimum_lp_integral,5845.394741966941,0.0,3,0,True,681.4630366131712,0.022526916000060737,battery_action_and_mode_correction,0.0
F1,v2e2_394e89f7d166924e9409,e2bv2_857ed212cb3ade75decf,qwen_flash,S1,expanded_system,global_distance_optimum_lp_integral,5845.394741966941,0.0,3,0,True,681.4630366131712,0.021928624977590516,battery_action_and_mode_correction,0.0
F1,v2e2_394e89f7d166924e9409,e2bv2_857ed212cb3ade75decf,qwen_flash,S2,battery_only,global_distance_optimum_lp_integral,5845.394741966941,0.0,3,0,True,681.4630366131712,0.022526916000060737,battery_action_and_mode_correction,0.0
F1,v2e2_394e89f7d166924e9409,e2bv2_857ed212cb3ade75decf,qwen_flash,S2,expanded_system,global_distance_optimum_lp_integral,5845.394741966941,0.0,3,0,True,681.4630366131712,0.021928624977590516,battery_action_and_mode_correction,0.0
F1,v2e2_4029a98e7ae402335d31,e2bv2_6afd7a98da797934f948,qwen_flash,C1,battery_only,global_distance_optimum_lp_integral,4182.894741966941,0.0,3,0,True,200.7400702003913,0.01633379200939089,battery_action_and_mode_correction,0.0
F1,v2e2_4029a98e7ae402335d31,e2bv2_6afd7a98da797934f948,qwen_flash,C1,expanded_system,global_distance_optimum_lp_integral,4182.894741966941,0.0,3,0,True,200.7400702003913,0.01588745799381286,battery_action_and_mode_correction,0.0
F1,v2e2_4029a98e7ae402335d31,e2bv2_6afd7a98da797934f948,qwen_flash,C2,battery_only,global_distance_optimum_lp_integral,4182.894741966941,0.0,3,0,True,200.7400702003913,0.01633379200939089,battery_action_and_mode_correction,0.0
F1,v2e2_4029a98e7ae402335d31,e2bv2_6afd7a98da797934f948,qwen_flash,C2,expanded_system,global_distance_optimum_lp_integral,4182.894741966941,0.0,3,0,True,200.7400702003913,0.01588745799381286,battery_action_and_mode_correction,0.0
F1,v2e2_4029a98e7ae402335d31,e2bv2_6afd7a98da797934f948,qwen_flash,S1,battery_only,global_distance_optimum_lp_integral,2917.894741966941,0.0,3,0,True,200.7400702003913,0.01506741699995473,battery_action_and_mode_correction,0.0
F1,v2e2_4029a98e7ae402335d31,e2bv2_6afd7a98da797934f948,qwen_flash,S1,expanded_system,global_distance_optimum_lp_integral,2917.894741966941,0.0,3,0,True,200.7400702003913,0.015565290988888592,battery_action_and_mode_correction,0.0
F1,v2e2_4029a98e7ae402335d31,e2bv2_6afd7a98da797934f948,qwen_flash,S2,battery_only,global_distance_optimum_lp_integral,2917.894741966941,0.0,3,0,True,200.7400702003913,0.01506741699995473,battery_action_and_mode_correction,0.0
F1,v2e2_4029a98e7ae402335d31,e2bv2_6afd7a98da797934f948,qwen_flash,S2,expanded_system,global_distance_optimum_lp_integral,2917.894741966941,0.0,3,0,True,200.7400702003913,0.015565290988888592,battery_action_and_mode_correction,0.0
F1,v2e2_47a354a03084871e0ca3,e2bv2_982df10d9f7cdfe9b8af,qwen_flash,C1,battery_only,global_distance_optimum_lp_integral,5756.578952493257,0.0,3,0,True,239.1766429154197,0.020680499990703538,battery_action_and_mode_correction,0.0
F1,v2e2_47a354a03084871e0ca3,e2bv2_982df10d9f7cdfe9b8af,qwen_flash,C1,expanded_system,global_distance_optimum_lp_integral,5756.578952493257,0.0,3,0,True,239.1766429154197,0.02267845900496468,battery_action_and_mode_correction,0.0
F1,v2e2_47a354a03084871e0ca3,e2bv2_982df10d9f7cdfe9b8af,qwen_flash,C2,battery_only,global_distance_optimum_lp_integral,5756.578952493257,0.0,3,0,True,239.1766429154197,0.020680499990703538,battery_action_and_mode_correction,0.0
F1,v2e2_47a354a03084871e0ca3,e2bv2_982df10d9f7cdfe9b8af,qwen_flash,C2,expanded_system,global_distance_optimum_lp_integral,5756.578952493257,0.0,3,0,True,239.1766429154197,0.02267845900496468,battery_action_and_mode_correction,0.0
F1,v2e2_47a354a03084871e0ca3,e2bv2_982df10d9f7cdfe9b8af,qwen_flash,S1,battery_only,global_distance_optimum_lp_integral,5756.578952493257,0.0,3,0,True,239.1766429154197,0.020680499990703538,battery_action_and_mode_correction,0.0
F1,v2e2_47a354a03084871e0ca3,e2bv2_982df10d9f7cdfe9b8af,qwen_flash,S1,expanded_system,global_distance_optimum_lp_integral,5756.578952493257,0.0,3,0,True,239.1766429154197,0.02267845900496468,battery_action_and_mode_correction,0.0
F1,v2e2_47a354a03084871e0ca3,e2bv2_982df10d9f7cdfe9b8af,qwen_flash,S2,battery_only,global_distance_optimum_lp_integral,5756.578952493257,0.0,3,0,True,239.1766429154197,0.020680499990703538,battery_action_and_mode_correction,0.0
F1,v2e2_47a354a03084871e0ca3,e2bv2_982df10d9f7cdfe9b8af,qwen_flash,S2,expanded_system,global_distance_optimum_lp_integral,5756.578952493257,0.0,3,0,True,239.1766429154197,0.02267845900496468,battery_action_and_mode_correction,0.0
F1,v2e2_4bc783ae8ece976241af,e2bv2_fcedc993c5aeb0f830da,qwen_flash,C1,battery_only,global_distance_optimum_lp_integral,5476.250005124835,0.0,1,0,True,270.18164150795224,0.020910416991682723,battery_action_and_mode_correction,0.0
F1,v2e2_4bc783ae8ece976241af,e2bv2_fcedc993c5aeb0f830da,qwen_flash,C1,expanded_system,global_distance_optimum_lp_integral,5476.250005124835,0.0,1,0,True,270.18164150795224,0.021593791985651478,battery_action_and_mode_correction,0.0
F1,v2e2_4bc783ae8ece976241af,e2bv2_fcedc993c5aeb0f830da,qwen_flash,C2,battery_only,global_distance_optimum_lp_integral,5476.250005124835,0.0,1,0,True,270.18164150795224,0.020910416991682723,battery_action_and_mode_correction,0.0
F1,v2e2_4bc783ae8ece976241af,e2bv2_fcedc993c5aeb0f830da,qwen_flash,C2,expanded_system,global_distance_optimum_lp_integral,5476.250005124835,0.0,1,0,True,270.18164150795224,0.021593791985651478,battery_action_and_mode_correction,0.0
F1,v2e2_4bc783ae8ece976241af,e2bv2_fcedc993c5aeb0f830da,qwen_flash,S1,battery_only,global_distance_optimum_lp_integral,5476.250005124835,0.0,1,0,True,270.18164150795224,0.020910416991682723,battery_action_and_mode_correction,0.0
F1,v2e2_4bc783ae8ece976241af,e2bv2_fcedc993c5aeb0f830da,qwen_flash,S1,expanded_system,global_distance_optimum_lp_integral,5476.250005124835,0.0,1,0,True,270.18164150795224,0.021593791985651478,battery_action_and_mode_correction,0.0
F1,v2e2_4bc783ae8ece976241af,e2bv2_fcedc993c5aeb0f830da,qwen_flash,S2,battery_only,global_distance_optimum_lp_integral,5476.250005124835,0.0,1,0,True,270.18164150795224,0.020910416991682723,battery_action_and_mode_correction,0.0
F1,v2e2_4bc783ae8ece976241af,e2bv2_fcedc993c5aeb0f830da,qwen_flash,S2,expanded_system,global_distance_optimum_lp_integral,5476.250005124835,0.0,1,0,True,270.18164150795224,0.021593791985651478,battery_action_and_mode_correction,0.0
F1,v2e2_579d7046347071a2967e,e2bv2_e14c27fb7f54083cbbf5,qwen_flash,C1,battery_only,global_distance_optimum_lp_integral,5538.750005124835,0.0,1,0,True,482.513364399259,0.021386499982327223,battery_action_and_mode_correction,0.0
F1,v2e2_579d7046347071a2967e,e2bv2_e14c27fb7f54083cbbf5,qwen_flash,C1,expanded_system,global_distance_optimum_lp_integral,5538.750005124835,0.0,1,0,True,482.513364399259,0.021009166026487947,battery_action_and_mode_correction,0.0
F1,v2e2_579d7046347071a2967e,e2bv2_e14c27fb7f54083cbbf5,qwen_flash,C2,battery_only,global_distance_optimum_lp_integral,5538.750005124835,0.0,1,0,True,482.513364399259,0.021386499982327223,battery_action_and_mode_correction,0.0
F1,v2e2_579d7046347071a2967e,e2bv2_e14c27fb7f54083cbbf5,qwen_flash,C2,expanded_system,global_distance_optimum_lp_integral,5538.750005124835,0.0,1,0,True,482.513364399259,0.021009166026487947,battery_action_and_mode_correction,0.0
F1,v2e2_579d7046347071a2967e,e2bv2_e14c27fb7f54083cbbf5,qwen_flash,S1,battery_only,global_distance_optimum_lp_integral,5538.750005124835,0.0,1,0,True,482.513364399259,0.021386499982327223,battery_action_and_mode_correction,0.0
F1,v2e2_579d7046347071a2967e,e2bv2_e14c27fb7f54083cbbf5,qwen_flash,S1,expanded_system,global_distance_optimum_lp_integral,5538.750005124835,0.0,1,0,True,482.513364399259,0.021009166026487947,battery_action_and_mode_correction,0.0
F1,v2e2_579d7046347071a2967e,e2bv2_e14c27fb7f54083cbbf5,qwen_flash,S2,battery_only,global_distance_optimum_lp_integral,5538.750005124835,0.0,1,0,True,482.513364399259,0.021386499982327223,battery_action_and_mode_correction,0.0
F1,v2e2_579d7046347071a2967e,e2bv2_e14c27fb7f54083cbbf5,qwen_flash,S2,expanded_system,global_distance_optimum_lp_integral,5538.750005124835,0.0,1,0,True,482.513364399259,0.021009166026487947,battery_action_and_mode_correction,0.0
F1,v2e2_57ed2833756fcc2a81f4,e2bv2_e1ab2801ffc994cf90f9,qwen_flash,C1,battery_only,global_distance_optimum_lp_integral,5746.710531440625,0.0,3,0,True,1089.5692407348706,0.020952832972398028,battery_action_and_mode_correction,0.0
F1,v2e2_57ed2833756fcc2a81f4,e2bv2_e1ab2801ffc994cf90f9,qwen_flash,C1,expanded_system,global_distance_optimum_lp_integral,5746.710531440625,0.0,3,0,True,1089.5692407348706,0.022387832985259593,battery_action_and_mode_correction,0.0
F1,v2e2_57ed2833756fcc2a81f4,e2bv2_e1ab2801ffc994cf90f9,qwen_flash,C2,battery_only,global_distance_optimum_lp_integral,5746.710531440625,0.0,3,0,True,1089.5692407348706,0.020952832972398028,battery_action_and_mode_correction,0.0
F1,v2e2_57ed2833756fcc2a81f4,e2bv2_e1ab2801ffc994cf90f9,qwen_flash,C2,expanded_system,global_distance_optimum_lp_integral,5746.710531440625,0.0,3,0,True,1089.5692407348706,0.022387832985259593,battery_action_and_mode_correction,0.0
F1,v2e2_57ed2833756fcc2a81f4,e2bv2_e1ab2801ffc994cf90f9,qwen_flash,S1,battery_only,global_distance_optimum_lp_integral,5746.710531440625,0.0,3,0,True,1089.5692407348706,0.020952832972398028,battery_action_and_mode_correction,0.0
F1,v2e2_57ed2833756fcc2a81f4,e2bv2_e1ab2801ffc994cf90f9,qwen_flash,S1,expanded_system,global_distance_optimum_lp_integral,5746.710531440625,0.0,3,0,True,1089.5692407348706,0.022387832985259593,battery_action_and_mode_correction,0.0
F1,v2e2_57ed2833756fcc2a81f4,e2bv2_e1ab2801ffc994cf90f9,qwen_flash,S2,battery_only,feasible_mode_library_upper_bound,5223.28135,0.0,1,0,True,1080.3581077759438,0.01494049999746494,battery_action_and_mode_correction,0.0
F1,v2e2_57ed2833756fcc2a81f4,e2bv2_e1ab2801ffc994cf90f9,qwen_flash,S2,expanded_system,feasible_mode_library_upper_bound,5223.28135,0.0,1,0,True,1080.3581077759438,0.015482332993997261,battery_action_and_mode_correction,0.0
F1,v2e2_581afa30a65d6a5d08a5,e2bv2_81797772a8e01dbc87ef,qwen_flash,C1,battery_only,global_distance_optimum_lp_integral,5601.250005124836,0.0,1,0,True,259.8925550768931,0.02156570801162161,battery_action_and_mode_correction,0.0
F1,v2e2_581afa30a65d6a5d08a5,e2bv2_81797772a8e01dbc87ef,qwen_flash,C1,expanded_system,global_distance_optimum_lp_integral,5601.250005124836,0.0,1,0,True,259.8925550768931,0.021126125007867813,battery_action_and_mode_correction,0.0
F1,v2e2_581afa30a65d6a5d08a5,e2bv2_81797772a8e01dbc87ef,qwen_flash,C2,battery_only,global_distance_optimum_lp_integral,5601.250005124836,0.0,1,0,True,259.8925550768931,0.02156570801162161,battery_action_and_mode_correction,0.0
F1,v2e2_581afa30a65d6a5d08a5,e2bv2_81797772a8e01dbc87ef,qwen_flash,C2,expanded_system,global_distance_optimum_lp_integral,5601.250005124836,0.0,1,0,True,259.8925550768931,0.021126125007867813,battery_action_and_mode_correction,0.0
F1,v2e2_581afa30a65d6a5d08a5,e2bv2_81797772a8e01dbc87ef,qwen_flash,S1,battery_only,global_distance_optimum_lp_integral,5601.250005124836,0.0,1,0,True,259.8925550768931,0.02156570801162161,battery_action_and_mode_correction,0.0
F1,v2e2_581afa30a65d6a5d08a5,e2bv2_81797772a8e01dbc87ef,qwen_flash,S1,expanded_system,global_distance_optimum_lp_integral,5601.250005124836,0.0,1,0,True,259.8925550768931,0.021126125007867813,battery_action_and_mode_correction,0.0
F1,v2e2_581afa30a65d6a5d08a5,e2bv2_81797772a8e01dbc87ef,qwen_flash,S2,battery_only,global_distance_optimum_lp_integral,5601.250005124836,0.0,1,0,True,259.8925550768931,0.02156570801162161,battery_action_and_mode_correction,0.0
F1,v2e2_581afa30a65d6a5d08a5,e2bv2_81797772a8e01dbc87ef,qwen_flash,S2,expanded_system,global_distance_optimum_lp_integral,5601.250005124836,0.0,1,0,True,259.8925550768931,0.021126125007867813,battery_action_and_mode_correction,0.0
F1,v2e2_599ab783e7af2d598059,e2bv2_a24bcd647a4e8fc6506e,qwen_flash,C1,battery_only,global_distance_optimum_lp_integral,5713.81579459852,0.0,1,0,True,332.5212610196547,0.02241725000203587,battery_action_and_mode_correction,0.0
F1,v2e2_599ab783e7af2d598059,e2bv2_a24bcd647a4e8fc6506e,qwen_flash,C1,expanded_system,global_distance_optimum_lp_integral,5713.81579459852,0.0,1,0,True,332.5212610196547,0.022827832988696173,battery_action_and_mode_correction,0.0
F1,v2e2_599ab783e7af2d598059,e2bv2_a24bcd647a4e8fc6506e,qwen_flash,C2,battery_only,global_distance_optimum_lp_integral,5713.81579459852,0.0,1,0,True,332.5212610196547,0.02241725000203587,battery_action_and_mode_correction,0.0
F1,v2e2_599ab783e7af2d598059,e2bv2_a24bcd647a4e8fc6506e,qwen_flash,C2,expanded_system,global_distance_optimum_lp_integral,5713.81579459852,0.0,1,0,True,332.5212610196547,0.022827832988696173,battery_action_and_mode_correction,0.0
F1,v2e2_599ab783e7af2d598059,e2bv2_a24bcd647a4e8fc6506e,qwen_flash,S1,battery_only,global_distance_optimum_lp_integral,5713.81579459852,0.0,1,0,True,332.5212610196547,0.02241725000203587,battery_action_and_mode_correction,0.0
F1,v2e2_599ab783e7af2d598059,e2bv2_a24bcd647a4e8fc6506e,qwen_flash,S1,expanded_system,global_distance_optimum_lp_integral,5713.81579459852,0.0,1,0,True,332.5212610196547,0.022827832988696173,battery_action_and_mode_correction,0.0
F1,v2e2_599ab783e7af2d598059,e2bv2_a24bcd647a4e8fc6506e,qwen_flash,S2,battery_only,global_distance_optimum_lp_integral,5713.81579459852,0.0,1,0,True,332.5212610196547,0.02241725000203587,battery_action_and_mode_correction,0.0
F1,v2e2_599ab783e7af2d598059,e2bv2_a24bcd647a4e8fc6506e,qwen_flash,S2,expanded_system,global_distance_optimum_lp_integral,5713.81579459852,0.0,1,0,True,332.5212610196547,0.022827832988696173,battery_action_and_mode_correction,0.0
F1,v2e2_6044c2cf8efb739eb457,e2bv2_4d1e188bc7400748c353,qwen_flash,C1,battery_only,global_distance_optimum_lp_integral,5663.750005124835,0.0,1,0,True,707.4051783332858,0.022235874988837168,battery_action_and_mode_correction,0.0
F1,v2e2_6044c2cf8efb739eb457,e2bv2_4d1e188bc7400748c353,qwen_flash,C1,expanded_system,global_distance_optimum_lp_integral,5663.750005124835,0.0,1,0,True,707.4051783332858,0.02118845799122937,battery_action_and_mode_correction,0.0
F1,v2e2_6044c2cf8efb739eb457,e2bv2_4d1e188bc7400748c353,qwen_flash,C2,battery_only,global_distance_optimum_lp_integral,5663.750005124835,0.0,1,0,True,707.4051783332858,0.022235874988837168,battery_action_and_mode_correction,0.0
F1,v2e2_6044c2cf8efb739eb457,e2bv2_4d1e188bc7400748c353,qwen_flash,C2,expanded_system,global_distance_optimum_lp_integral,5663.750005124835,0.0,1,0,True,707.4051783332858,0.02118845799122937,battery_action_and_mode_correction,0.0
F1,v2e2_6044c2cf8efb739eb457,e2bv2_4d1e188bc7400748c353,qwen_flash,S1,battery_only,global_distance_optimum_lp_integral,5663.750005124835,0.0,1,0,True,707.4051783332858,0.022235874988837168,battery_action_and_mode_correction,0.0
F1,v2e2_6044c2cf8efb739eb457,e2bv2_4d1e188bc7400748c353,qwen_flash,S1,expanded_system,global_distance_optimum_lp_integral,5663.750005124835,0.0,1,0,True,707.4051783332858,0.02118845799122937,battery_action_and_mode_correction,0.0
F1,v2e2_6044c2cf8efb739eb457,e2bv2_4d1e188bc7400748c353,qwen_flash,S2,battery_only,global_distance_optimum_lp_integral,5663.750005124835,0.0,1,0,True,707.4051783332858,0.022235874988837168,battery_action_and_mode_correction,0.0
F1,v2e2_6044c2cf8efb739eb457,e2bv2_4d1e188bc7400748c353,qwen_flash,S2,expanded_system,global_distance_optimum_lp_integral,5663.750005124835,0.0,1,0,True,707.4051783332858,0.02118845799122937,battery_action_and_mode_correction,0.0
F1,v2e2_689fd81bd1f3eec1e27d,e2bv2_0787415782c7e9d8edc2,qwen_flash,C1,battery_only,global_distance_optimum_lp_integral,3232.894741966941,0.0,3,0,True,369.4788048450823,0.01335187497898005,battery_action_and_mode_correction,0.0
F1,v2e2_689fd81bd1f3eec1e27d,e2bv2_0787415782c7e9d8edc2,qwen_flash,C1,expanded_system,global_distance_optimum_lp_integral,3232.894741966941,0.0,3,0,True,369.4788048450823,0.01556933400570415,battery_action_and_mode_correction,0.0
F1,v2e2_689fd81bd1f3eec1e27d,e2bv2_0787415782c7e9d8edc2,qwen_flash,C2,battery_only,global_distance_optimum_lp_integral,3232.894741966941,0.0,3,0,True,369.4788048450823,0.01335187497898005,battery_action_and_mode_correction,0.0
F1,v2e2_689fd81bd1f3eec1e27d,e2bv2_0787415782c7e9d8edc2,qwen_flash,C2,expanded_system,global_distance_optimum_lp_integral,3232.894741966941,0.0,3,0,True,369.4788048450823,0.01556933400570415,battery_action_and_mode_correction,0.0
F1,v2e2_689fd81bd1f3eec1e27d,e2bv2_0787415782c7e9d8edc2,qwen_flash,S1,battery_only,global_distance_optimum_lp_integral,3232.894741966941,0.0,3,0,True,369.4788048450823,0.01335187497898005,battery_action_and_mode_correction,0.0
F1,v2e2_689fd81bd1f3eec1e27d,e2bv2_0787415782c7e9d8edc2,qwen_flash,S1,expanded_system,global_distance_optimum_lp_integral,3232.894741966941,0.0,3,0,True,369.4788048450823,0.01556933400570415,battery_action_and_mode_correction,0.0
F1,v2e2_689fd81bd1f3eec1e27d,e2bv2_0787415782c7e9d8edc2,qwen_flash,S2,battery_only,global_distance_optimum_lp_integral,3232.894741966941,0.0,3,0,True,369.4788048450823,0.01335187497898005,battery_action_and_mode_correction,0.0
F1,v2e2_689fd81bd1f3eec1e27d,e2bv2_0787415782c7e9d8edc2,qwen_flash,S2,expanded_system,global_distance_optimum_lp_integral,3232.894741966941,0.0,3,0,True,369.4788048450823,0.01556933400570415,battery_action_and_mode_correction,0.0
F1,v2e2_68ad1227a66cd68252f6,e2bv2_824b8d60fb00d509e601,qwen_flash,C1,battery_only,global_distance_optimum_lp_integral,3607.894736842105,0.0,3,0,True,489.48749045991536,0.015290417009964585,battery_action_and_mode_correction,0.0
F1,v2e2_68ad1227a66cd68252f6,e2bv2_824b8d60fb00d509e601,qwen_flash,C1,expanded_system,global_distance_optimum_lp_integral,3607.894736842105,0.0,3,0,True,489.48749045991536,0.016112082987092435,battery_action_and_mode_correction,0.0
F1,v2e2_68ad1227a66cd68252f6,e2bv2_824b8d60fb00d509e601,qwen_flash,C2,battery_only,global_distance_optimum_lp_integral,3607.894736842105,0.0,3,0,True,489.48749045991536,0.015290417009964585,battery_action_and_mode_correction,0.0
F1,v2e2_68ad1227a66cd68252f6,e2bv2_824b8d60fb00d509e601,qwen_flash,C2,expanded_system,global_distance_optimum_lp_integral,3607.894736842105,0.0,3,0,True,489.48749045991536,0.016112082987092435,battery_action_and_mode_correction,0.0
F1,v2e2_68ad1227a66cd68252f6,e2bv2_824b8d60fb00d509e601,qwen_flash,S1,battery_only,global_distance_optimum_lp_integral,3607.894736842105,0.0,3,0,True,489.48749045991536,0.015290417009964585,battery_action_and_mode_correction,0.0
F1,v2e2_68ad1227a66cd68252f6,e2bv2_824b8d60fb00d509e601,qwen_flash,S1,expanded_system,global_distance_optimum_lp_integral,3607.894736842105,0.0,3,0,True,489.48749045991536,0.016112082987092435,battery_action_and_mode_correction,0.0
F1,v2e2_68ad1227a66cd68252f6,e2bv2_824b8d60fb00d509e601,qwen_flash,S2,battery_only,global_distance_optimum_lp_integral,3607.894736842105,0.0,3,0,True,489.48749045991536,0.015290417009964585,battery_action_and_mode_correction,0.0
F1,v2e2_68ad1227a66cd68252f6,e2bv2_824b8d60fb00d509e601,qwen_flash,S2,expanded_system,global_distance_optimum_lp_integral,3607.894736842105,0.0,3,0,True,489.48749045991536,0.016112082987092435,battery_action_and_mode_correction,0.0
F1,v2e2_729fd4e9cb1879f64d23,e2bv2_ddf16423183fa6d22495,qwen_flash,C1,battery_only,global_distance_optimum_lp_integral,3206.578952493257,0.0,3,0,True,506.3481567904443,0.014107666997006163,battery_action_and_mode_correction,0.0
F1,v2e2_729fd4e9cb1879f64d23,e2bv2_ddf16423183fa6d22495,qwen_flash,C1,expanded_system,global_distance_optimum_lp_integral,3206.578952493257,0.0,3,0,True,506.3481567904443,0.01496329199289903,battery_action_and_mode_correction,0.0
F1,v2e2_729fd4e9cb1879f64d23,e2bv2_ddf16423183fa6d22495,qwen_flash,C2,battery_only,global_distance_optimum_lp_integral,3206.578952493257,0.0,3,0,True,506.3481567904443,0.014107666997006163,battery_action_and_mode_correction,0.0
F1,v2e2_729fd4e9cb1879f64d23,e2bv2_ddf16423183fa6d22495,qwen_flash,C2,expanded_system,global_distance_optimum_lp_integral,3206.578952493257,0.0,3,0,True,506.3481567904443,0.01496329199289903,battery_action_and_mode_correction,0.0
F1,v2e2_729fd4e9cb1879f64d23,e2bv2_ddf16423183fa6d22495,qwen_flash,S1,battery_only,global_distance_optimum_lp_integral,3206.578952493257,0.0,3,0,True,506.3481567904443,0.014107666997006163,battery_action_and_mode_correction,0.0
F1,v2e2_729fd4e9cb1879f64d23,e2bv2_ddf16423183fa6d22495,qwen_flash,S1,expanded_system,global_distance_optimum_lp_integral,3206.578952493257,0.0,3,0,True,506.3481567904443,0.01496329199289903,battery_action_and_mode_correction,0.0
F1,v2e2_729fd4e9cb1879f64d23,e2bv2_ddf16423183fa6d22495,qwen_flash,S2,battery_only,global_distance_optimum_lp_integral,5256.578952493257,0.0,3,0,True,506.3481567904443,0.019540124980267137,battery_action_and_mode_correction,0.0
F1,v2e2_729fd4e9cb1879f64d23,e2bv2_ddf16423183fa6d22495,qwen_flash,S2,expanded_system,global_distance_optimum_lp_integral,5256.578952493257,0.0,3,0,True,506.3481567904443,0.01826416701078415,battery_action_and_mode_correction,0.0
F1,v2e2_7778cc641046e1b0a2cd,e2bv2_55198653b0763541ca2b,qwen_flash,C1,battery_only,global_distance_optimum_lp_integral,3232.894741966941,0.0,3,0,True,424.8554287375644,0.014278124988777563,battery_action_and_mode_correction,0.0
F1,v2e2_7778cc641046e1b0a2cd,e2bv2_55198653b0763541ca2b,qwen_flash,C1,expanded_system,global_distance_optimum_lp_integral,3232.894741966941,0.0,3,0,True,424.8554287375644,0.01496258398401551,battery_action_and_mode_correction,0.0
F1,v2e2_7778cc641046e1b0a2cd,e2bv2_55198653b0763541ca2b,qwen_flash,C2,battery_only,global_distance_optimum_lp_integral,3232.894741966941,0.0,3,0,True,424.8554287375644,0.014278124988777563,battery_action_and_mode_correction,0.0
F1,v2e2_7778cc641046e1b0a2cd,e2bv2_55198653b0763541ca2b,qwen_flash,C2,expanded_system,global_distance_optimum_lp_integral,3232.894741966941,0.0,3,0,True,424.8554287375644,0.01496258398401551,battery_action_and_mode_correction,0.0
F1,v2e2_7778cc641046e1b0a2cd,e2bv2_55198653b0763541ca2b,qwen_flash,S1,battery_only,global_distance_optimum_lp_integral,3232.894741966941,0.0,3,0,True,424.8554287375644,0.014278124988777563,battery_action_and_mode_correction,0.0
F1,v2e2_7778cc641046e1b0a2cd,e2bv2_55198653b0763541ca2b,qwen_flash,S1,expanded_system,global_distance_optimum_lp_integral,3232.894741966941,0.0,3,0,True,424.8554287375644,0.01496258398401551,battery_action_and_mode_correction,0.0
F1,v2e2_7778cc641046e1b0a2cd,e2bv2_55198653b0763541ca2b,qwen_flash,S2,battery_only,global_distance_optimum_lp_integral,3232.894741966941,0.0,3,0,True,424.8554287375644,0.014278124988777563,battery_action_and_mode_correction,0.0
F1,v2e2_7778cc641046e1b0a2cd,e2bv2_55198653b0763541ca2b,qwen_flash,S2,expanded_system,global_distance_optimum_lp_integral,3232.894741966941,0.0,3,0,True,424.8554287375644,0.01496258398401551,battery_action_and_mode_correction,0.0
F1,v2e2_7b2e0628b0d7b7a4badd,e2bv2_473314a8a15ab0e70264,qwen_flash,C1,battery_only,global_distance_optimum_lp_integral,3426.2500051248358,0.0,1,0,True,291.8389621003977,0.015070916997501627,battery_action_and_mode_correction,0.0
F1,v2e2_7b2e0628b0d7b7a4badd,e2bv2_473314a8a15ab0e70264,qwen_flash,C1,expanded_system,global_distance_optimum_lp_integral,3426.2500051248358,0.0,1,0,True,291.8389621003977,0.01656841699150391,battery_action_and_mode_correction,0.0
F1,v2e2_7b2e0628b0d7b7a4badd,e2bv2_473314a8a15ab0e70264,qwen_flash,C2,battery_only,global_distance_optimum_lp_integral,3426.2500051248358,0.0,1,0,True,291.8389621003977,0.015070916997501627,battery_action_and_mode_correction,0.0
F1,v2e2_7b2e0628b0d7b7a4badd,e2bv2_473314a8a15ab0e70264,qwen_flash,C2,expanded_system,global_distance_optimum_lp_integral,3426.2500051248358,0.0,1,0,True,291.8389621003977,0.01656841699150391,battery_action_and_mode_correction,0.0
F1,v2e2_7b2e0628b0d7b7a4badd,e2bv2_473314a8a15ab0e70264,qwen_flash,S1,battery_only,global_distance_optimum_lp_integral,3426.2500051248358,0.0,1,0,True,291.8389621003977,0.015070916997501627,battery_action_and_mode_correction,0.0
F1,v2e2_7b2e0628b0d7b7a4badd,e2bv2_473314a8a15ab0e70264,qwen_flash,S1,expanded_system,global_distance_optimum_lp_integral,3426.2500051248358,0.0,1,0,True,291.8389621003977,0.01656841699150391,battery_action_and_mode_correction,0.0
F1,v2e2_7b2e0628b0d7b7a4badd,e2bv2_473314a8a15ab0e70264,qwen_flash,S2,battery_only,global_distance_optimum_lp_integral,3426.2500051248358,0.0,1,0,True,291.8389621003977,0.015070916997501627,battery_action_and_mode_correction,0.0
F1,v2e2_7b2e0628b0d7b7a4badd,e2bv2_473314a8a15ab0e70264,qwen_flash,S2,expanded_system,global_distance_optimum_lp_integral,3426.2500051248358,0.0,1,0,True,291.8389621003977,0.01656841699150391,battery_action_and_mode_correction,0.0
F1,v2e2_7e727667efa4e288ccd0,e2bv2_9d2cf788ff84007a5859,qwen_flash,C1,battery_only,global_distance_optimum_lp_integral,444.3789524932567,0.0,3,0,True,468.1601546569039,0.016022333002183586,battery_action_and_mode_correction,0.0
F1,v2e2_7e727667efa4e288ccd0,e2bv2_9d2cf788ff84007a5859,qwen_flash,C1,expanded_system,global_distance_optimum_lp_integral,444.3789524932567,0.0,3,0,True,468.1601546569039,0.01629195801797323,battery_action_and_mode_correction,0.0
F1,v2e2_7e727667efa4e288ccd0,e2bv2_9d2cf788ff84007a5859,qwen_flash,C2,battery_only,global_distance_optimum_lp_integral,3581.578952493257,0.0,3,0,True,468.16015465690396,0.015058582997880876,battery_action_and_mode_correction,0.0
F1,v2e2_7e727667efa4e288ccd0,e2bv2_9d2cf788ff84007a5859,qwen_flash,C2,expanded_system,global_distance_optimum_lp_integral,3581.578952493257,0.0,3,0,True,468.16015465690396,0.015785957977641374,battery_action_and_mode_correction,0.0
F1,v2e2_7e727667efa4e288ccd0,e2bv2_9d2cf788ff84007a5859,qwen_flash,S1,battery_only,global_distance_optimum_lp_integral,3581.578952493257,0.0,3,0,True,468.16015465690396,0.015058582997880876,battery_action_and_mode_correction,0.0
F1,v2e2_7e727667efa4e288ccd0,e2bv2_9d2cf788ff84007a5859,qwen_flash,S1,expanded_system,global_distance_optimum_lp_integral,3581.578952493257,0.0,3,0,True,468.16015465690396,0.015785957977641374,battery_action_and_mode_correction,0.0
F1,v2e2_7e727667efa4e288ccd0,e2bv2_9d2cf788ff84007a5859,qwen_flash,S2,battery_only,global_distance_optimum_lp_integral,476.5789524932568,0.0,3,0,True,468.1601546569039,0.015288041991880164,battery_action_and_mode_correction,0.0
F1,v2e2_7e727667efa4e288ccd0,e2bv2_9d2cf788ff84007a5859,qwen_flash,S2,expanded_system,global_distance_optimum_lp_integral,476.5789524932568,0.0,3,0,True,468.1601546569039,0.01581045801867731,battery_action_and_mode_correction,0.0
F1,v2e2_7f938d120000eec26457,e2bv2_50fd1b478910d5944f98,qwen_flash,C1,battery_only,global_distance_optimum_lp_integral,5657.894741966941,0.0,3,0,True,276.242228825597,0.0202045000041835,battery_action_and_mode_correction,0.0
F1,v2e2_7f938d120000eec26457,e2bv2_50fd1b478910d5944f98,qwen_flash,C1,expanded_system,global_distance_optimum_lp_integral,5657.894741966941,0.0,3,0,True,276.242228825597,0.021767208992969245,battery_action_and_mode_correction,0.0
F1,v2e2_7f938d120000eec26457,e2bv2_50fd1b478910d5944f98,qwen_flash,C2,battery_only,global_distance_optimum_lp_integral,5657.894741966941,0.0,3,0,True,276.242228825597,0.0202045000041835,battery_action_and_mode_correction,0.0
F1,v2e2_7f938d120000eec26457,e2bv2_50fd1b478910d5944f98,qwen_flash,C2,expanded_system,global_distance_optimum_lp_integral,5657.894741966941,0.0,3,0,True,276.242228825597,0.021767208992969245,battery_action_and_mode_correction,0.0
F1,v2e2_7f938d120000eec26457,e2bv2_50fd1b478910d5944f98,qwen_flash,S1,battery_only,feasible_mode_library_upper_bound,4871.486942105264,0.0,0,0,True,273.0470854026768,0.018095792009262368,battery_magnitude_or_timing_correction,0.0
F1,v2e2_7f938d120000eec26457,e2bv2_50fd1b478910d5944f98,qwen_flash,S1,expanded_system,feasible_mode_library_upper_bound,4871.486942105264,0.0,0,0,True,273.0470854026768,0.020720958011224866,battery_magnitude_or_timing_correction,0.0
F1,v2e2_7f938d120000eec26457,e2bv2_50fd1b478910d5944f98,qwen_flash,S2,battery_only,global_distance_optimum_lp_integral,5657.894741966941,0.0,3,0,True,276.242228825597,0.0202045000041835,battery_action_and_mode_correction,0.0
F1,v2e2_7f938d120000eec26457,e2bv2_50fd1b478910d5944f98,qwen_flash,S2,expanded_system,global_distance_optimum_lp_integral,5657.894741966941,0.0,3,0,True,276.242228825597,0.021767208992969245,battery_action_and_mode_correction,0.0
F1,v2e2_8e9a9550f230c7b3cff3,e2bv2_f483b1e570bed21999a2,qwen_flash,C1,battery_only,global_distance_optimum_lp_integral,3607.894741966941,0.0,3,0,True,299.3494776292558,0.016117457998916507,battery_action_and_mode_correction,0.0
F1,v2e2_8e9a9550f230c7b3cff3,e2bv2_f483b1e570bed21999a2,qwen_flash,C1,expanded_system,global_distance_optimum_lp_integral,3607.894741966941,0.0,3,0,True,299.3494776292558,0.01497225000639446,battery_action_and_mode_correction,0.0
F1,v2e2_8e9a9550f230c7b3cff3,e2bv2_f483b1e570bed21999a2,qwen_flash,C2,battery_only,global_distance_optimum_lp_integral,3607.894741966941,0.0,3,0,True,299.3494776292558,0.016117457998916507,battery_action_and_mode_correction,0.0
F1,v2e2_8e9a9550f230c7b3cff3,e2bv2_f483b1e570bed21999a2,qwen_flash,C2,expanded_system,global_distance_optimum_lp_integral,3607.894741966941,0.0,3,0,True,299.3494776292558,0.01497225000639446,battery_action_and_mode_correction,0.0
F1,v2e2_8e9a9550f230c7b3cff3,e2bv2_f483b1e570bed21999a2,qwen_flash,S1,battery_only,global_distance_optimum_lp_integral,3607.894741966941,0.0,3,0,True,299.3494776292558,0.016117457998916507,battery_action_and_mode_correction,0.0
F1,v2e2_8e9a9550f230c7b3cff3,e2bv2_f483b1e570bed21999a2,qwen_flash,S1,expanded_system,global_distance_optimum_lp_integral,3607.894741966941,0.0,3,0,True,299.3494776292558,0.01497225000639446,battery_action_and_mode_correction,0.0
F1,v2e2_8e9a9550f230c7b3cff3,e2bv2_f483b1e570bed21999a2,qwen_flash,S2,battery_only,global_distance_optimum_lp_integral,3607.894741966941,0.0,3,0,True,299.3494776292558,0.016117457998916507,battery_action_and_mode_correction,0.0
F1,v2e2_8e9a9550f230c7b3cff3,e2bv2_f483b1e570bed21999a2,qwen_flash,S2,expanded_system,global_distance_optimum_lp_integral,3607.894741966941,0.0,3,0,True,299.3494776292558,0.01497225000639446,battery_action_and_mode_correction,0.0
F1,v2e2_90357feca5a42c2b5eee,e2bv2_65cf1d41a33763ed48d9,qwen_flash,C1,battery_only,global_distance_optimum_lp_integral,5782.894741966941,0.0,3,0,True,189.55449544010926,0.021452957997098565,battery_action_and_mode_correction,0.0
F1,v2e2_90357feca5a42c2b5eee,e2bv2_65cf1d41a33763ed48d9,qwen_flash,C1,expanded_system,global_distance_optimum_lp_integral,5782.894741966941,0.0,3,0,True,189.55449544010926,0.022161125001730397,battery_action_and_mode_correction,0.0
F1,v2e2_90357feca5a42c2b5eee,e2bv2_65cf1d41a33763ed48d9,qwen_flash,C2,battery_only,global_distance_optimum_lp_integral,5782.894741966941,0.0,3,0,True,189.55449544010926,0.021452957997098565,battery_action_and_mode_correction,0.0
F1,v2e2_90357feca5a42c2b5eee,e2bv2_65cf1d41a33763ed48d9,qwen_flash,C2,expanded_system,global_distance_optimum_lp_integral,5782.894741966941,0.0,3,0,True,189.55449544010926,0.022161125001730397,battery_action_and_mode_correction,0.0
F1,v2e2_90357feca5a42c2b5eee,e2bv2_65cf1d41a33763ed48d9,qwen_flash,S1,battery_only,global_distance_optimum_lp_integral,5782.894741966941,0.0,3,0,True,189.55449544010926,0.021452957997098565,battery_action_and_mode_correction,0.0
F1,v2e2_90357feca5a42c2b5eee,e2bv2_65cf1d41a33763ed48d9,qwen_flash,S1,expanded_system,global_distance_optimum_lp_integral,5782.894741966941,0.0,3,0,True,189.55449544010926,0.022161125001730397,battery_action_and_mode_correction,0.0
F1,v2e2_90357feca5a42c2b5eee,e2bv2_65cf1d41a33763ed48d9,qwen_flash,S2,battery_only,global_distance_optimum_lp_integral,5782.894741966941,0.0,3,0,True,189.55449544010926,0.021452957997098565,battery_action_and_mode_correction,0.0
F1,v2e2_90357feca5a42c2b5eee,e2bv2_65cf1d41a33763ed48d9,qwen_flash,S2,expanded_system,global_distance_optimum_lp_integral,5782.894741966941,0.0,3,0,True,189.55449544010926,0.022161125001730397,battery_action_and_mode_correction,0.0
F1,v2e2_a015340abe1151fa1614,e2bv2_e6d3415e03136200f34b,qwen_flash,C1,battery_only,global_distance_optimum_lp_integral,3745.394741966941,0.0,3,0,True,213.47971397619935,0.014647083007730544,battery_action_and_mode_correction,0.0
F1,v2e2_a015340abe1151fa1614,e2bv2_e6d3415e03136200f34b,qwen_flash,C1,expanded_system,global_distance_optimum_lp_integral,3745.394741966941,0.0,3,0,True,213.47971397619935,0.014385207992745563,battery_action_and_mode_correction,0.0
F1,v2e2_a015340abe1151fa1614,e2bv2_e6d3415e03136200f34b,qwen_flash,C2,battery_only,global_distance_optimum_lp_integral,3232.894741966941,0.0,3,0,True,213.47971397619935,0.014255791989853606,battery_action_and_mode_correction,0.0
F1,v2e2_a015340abe1151fa1614,e2bv2_e6d3415e03136200f34b,qwen_flash,C2,expanded_system,global_distance_optimum_lp_integral,3232.894741966941,0.0,3,0,True,213.47971397619935,0.014273540989961475,battery_action_and_mode_correction,0.0
F1,v2e2_a015340abe1151fa1614,e2bv2_e6d3415e03136200f34b,qwen_flash,S1,battery_only,global_distance_optimum_lp_integral,3232.894741966941,0.0,3,0,True,213.47971397619935,0.014255791989853606,battery_action_and_mode_correction,0.0
F1,v2e2_a015340abe1151fa1614,e2bv2_e6d3415e03136200f34b,qwen_flash,S1,expanded_system,global_distance_optimum_lp_integral,3232.894741966941,0.0,3,0,True,213.47971397619935,0.014273540989961475,battery_action_and_mode_correction,0.0
F1,v2e2_a015340abe1151fa1614,e2bv2_e6d3415e03136200f34b,qwen_flash,S2,battery_only,global_distance_optimum_lp_integral,3232.894741966941,0.0,3,0,True,213.47971397619935,0.014255791989853606,battery_action_and_mode_correction,0.0
F1,v2e2_a015340abe1151fa1614,e2bv2_e6d3415e03136200f34b,qwen_flash,S2,expanded_system,global_distance_optimum_lp_integral,3232.894741966941,0.0,3,0,True,213.47971397619935,0.014273540989961475,battery_action_and_mode_correction,0.0
F1,v2e2_a26fd019af93d45104b8,e2bv2_42d0ed676d84fe8872c3,qwen_flash,C1,battery_only,global_distance_optimum_lp_integral,5213.81579459852,0.0,1,0,True,160.39321665585229,0.018348542012972757,battery_action_and_mode_correction,0.0
F1,v2e2_a26fd019af93d45104b8,e2bv2_42d0ed676d84fe8872c3,qwen_flash,C1,expanded_system,global_distance_optimum_lp_integral,5213.81579459852,0.0,1,0,True,160.39321665585229,0.020112291997065768,battery_action_and_mode_correction,0.0
F1,v2e2_a26fd019af93d45104b8,e2bv2_42d0ed676d84fe8872c3,qwen_flash,C2,battery_only,global_distance_optimum_lp_integral,5213.81579459852,0.0,1,0,True,160.39321665585229,0.018348542012972757,battery_action_and_mode_correction,0.0
F1,v2e2_a26fd019af93d45104b8,e2bv2_42d0ed676d84fe8872c3,qwen_flash,C2,expanded_system,global_distance_optimum_lp_integral,5213.81579459852,0.0,1,0,True,160.39321665585229,0.020112291997065768,battery_action_and_mode_correction,0.0
F1,v2e2_a26fd019af93d45104b8,e2bv2_42d0ed676d84fe8872c3,qwen_flash,S1,battery_only,global_distance_optimum_lp_integral,5213.81579459852,0.0,1,0,True,160.39321665585229,0.018348542012972757,battery_action_and_mode_correction,0.0
F1,v2e2_a26fd019af93d45104b8,e2bv2_42d0ed676d84fe8872c3,qwen_flash,S1,expanded_system,global_distance_optimum_lp_integral,5213.81579459852,0.0,1,0,True,160.39321665585229,0.020112291997065768,battery_action_and_mode_correction,0.0
F1,v2e2_a26fd019af93d45104b8,e2bv2_42d0ed676d84fe8872c3,qwen_flash,S2,battery_only,global_distance_optimum_lp_integral,5213.81579459852,0.0,1,0,True,160.39321665585229,0.018348542012972757,battery_action_and_mode_correction,0.0
F1,v2e2_a26fd019af93d45104b8,e2bv2_42d0ed676d84fe8872c3,qwen_flash,S2,expanded_system,global_distance_optimum_lp_integral,5213.81579459852,0.0,1,0,True,160.39321665585229,0.020112291997065768,battery_action_and_mode_correction,0.0
F1,v2e2_a49aba98f0f44c8c6622,e2bv2_102ef74ca08fac905cd5,qwen_flash,C1,battery_only,global_distance_optimum_lp_integral,5088.81579459852,0.0,1,0,True,273.00577504848263,0.018350540980463848,battery_action_and_mode_correction,0.0
F1,v2e2_a49aba98f0f44c8c6622,e2bv2_102ef74ca08fac905cd5,qwen_flash,C1,expanded_system,global_distance_optimum_lp_integral,5088.81579459852,0.0,1,0,True,273.0057750484825,0.01848245901055634,battery_action_and_mode_correction,0.0
F1,v2e2_a49aba98f0f44c8c6622,e2bv2_102ef74ca08fac905cd5,qwen_flash,C2,battery_only,global_distance_optimum_lp_integral,5088.81579459852,0.0,1,0,True,273.00577504848263,0.018350540980463848,battery_action_and_mode_correction,0.0
F1,v2e2_a49aba98f0f44c8c6622,e2bv2_102ef74ca08fac905cd5,qwen_flash,C2,expanded_system,global_distance_optimum_lp_integral,5088.81579459852,0.0,1,0,True,273.0057750484825,0.01848245901055634,battery_action_and_mode_correction,0.0
F1,v2e2_a49aba98f0f44c8c6622,e2bv2_102ef74ca08fac905cd5,qwen_flash,S1,battery_only,global_distance_optimum_lp_integral,5088.81579459852,0.0,1,0,True,273.00577504848263,0.018350540980463848,battery_action_and_mode_correction,0.0
F1,v2e2_a49aba98f0f44c8c6622,e2bv2_102ef74ca08fac905cd5,qwen_flash,S1,expanded_system,global_distance_optimum_lp_integral,5088.81579459852,0.0,1,0,True,273.0057750484825,0.01848245901055634,battery_action_and_mode_correction,0.0
F1,v2e2_a49aba98f0f44c8c6622,e2bv2_102ef74ca08fac905cd5,qwen_flash,S2,battery_only,global_distance_optimum_lp_integral,5088.81579459852,0.0,1,0,True,273.00577504848263,0.018350540980463848,battery_action_and_mode_correction,0.0
F1,v2e2_a49aba98f0f44c8c6622,e2bv2_102ef74ca08fac905cd5,qwen_flash,S2,expanded_system,global_distance_optimum_lp_integral,5088.81579459852,0.0,1,0,True,273.0057750484825,0.01848245901055634,battery_action_and_mode_correction,0.0
F1,v2e2_a614c009acc530c12890,e2bv2_2f0883e2ab2a12912abc,qwen_flash,C1,battery_only,global_distance_optimum_lp_integral,5713.81579459852,0.0,1,0,True,353.1935845793822,0.020883208024315536,battery_action_and_mode_correction,0.0
F1,v2e2_a614c009acc530c12890,e2bv2_2f0883e2ab2a12912abc,qwen_flash,C1,expanded_system,global_distance_optimum_lp_integral,5713.81579459852,0.0,1,0,True,353.1935845793822,0.020815958007005975,battery_action_and_mode_correction,0.0
F1,v2e2_a614c009acc530c12890,e2bv2_2f0883e2ab2a12912abc,qwen_flash,C2,battery_only,global_distance_optimum_lp_integral,5713.81579459852,0.0,1,0,True,353.1935845793822,0.020883208024315536,battery_action_and_mode_correction,0.0
F1,v2e2_a614c009acc530c12890,e2bv2_2f0883e2ab2a12912abc,qwen_flash,C2,expanded_system,global_distance_optimum_lp_integral,5713.81579459852,0.0,1,0,True,353.1935845793822,0.020815958007005975,battery_action_and_mode_correction,0.0
F1,v2e2_a614c009acc530c12890,e2bv2_2f0883e2ab2a12912abc,qwen_flash,S1,battery_only,global_distance_optimum_lp_integral,5713.81579459852,0.0,1,0,True,353.1935845793822,0.020883208024315536,battery_action_and_mode_correction,0.0
F1,v2e2_a614c009acc530c12890,e2bv2_2f0883e2ab2a12912abc,qwen_flash,S1,expanded_system,global_distance_optimum_lp_integral,5713.81579459852,0.0,1,0,True,353.1935845793822,0.020815958007005975,battery_action_and_mode_correction,0.0
F1,v2e2_a614c009acc530c12890,e2bv2_2f0883e2ab2a12912abc,qwen_flash,S2,battery_only,global_distance_optimum_lp_integral,5713.81579459852,0.0,1,0,True,353.1935845793822,0.020883208024315536,battery_action_and_mode_correction,0.0
F1,v2e2_a614c009acc530c12890,e2bv2_2f0883e2ab2a12912abc,qwen_flash,S2,expanded_system,global_distance_optimum_lp_integral,5713.81579459852,0.0,1,0,True,353.1935845793822,0.020815958007005975,battery_action_and_mode_correction,0.0
F1,v2e2_a66e250328b3cef2064f,e2bv2_b68636258896ed3a0c91,qwen_flash,C1,battery_only,global_distance_optimum_lp_integral,5663.750005124836,0.0,1,0,True,189.06612372392263,0.02184379199752584,battery_action_and_mode_correction,0.0
F1,v2e2_a66e250328b3cef2064f,e2bv2_b68636258896ed3a0c91,qwen_flash,C1,expanded_system,global_distance_optimum_lp_integral,5663.750005124836,0.0,1,0,True,189.06612372392263,0.021969333000015467,battery_action_and_mode_correction,0.0
F1,v2e2_a66e250328b3cef2064f,e2bv2_b68636258896ed3a0c91,qwen_flash,C2,battery_only,global_distance_optimum_lp_integral,5663.750005124836,0.0,1,0,True,189.06612372392263,0.02184379199752584,battery_action_and_mode_correction,0.0
F1,v2e2_a66e250328b3cef2064f,e2bv2_b68636258896ed3a0c91,qwen_flash,C2,expanded_system,global_distance_optimum_lp_integral,5663.750005124836,0.0,1,0,True,189.06612372392263,0.021969333000015467,battery_action_and_mode_correction,0.0
F1,v2e2_a66e250328b3cef2064f,e2bv2_b68636258896ed3a0c91,qwen_flash,S1,battery_only,global_distance_optimum_lp_integral,5663.750005124836,0.0,1,0,True,189.06612372392263,0.02184379199752584,battery_action_and_mode_correction,0.0
F1,v2e2_a66e250328b3cef2064f,e2bv2_b68636258896ed3a0c91,qwen_flash,S1,expanded_system,global_distance_optimum_lp_integral,5663.750005124836,0.0,1,0,True,189.06612372392263,0.021969333000015467,battery_action_and_mode_correction,0.0
F1,v2e2_a66e250328b3cef2064f,e2bv2_b68636258896ed3a0c91,qwen_flash,S2,battery_only,global_distance_optimum_lp_integral,5663.750005124836,0.0,1,0,True,189.06612372392263,0.02184379199752584,battery_action_and_mode_correction,0.0
F1,v2e2_a66e250328b3cef2064f,e2bv2_b68636258896ed3a0c91,qwen_flash,S2,expanded_system,global_distance_optimum_lp_integral,5663.750005124836,0.0,1,0,True,189.06612372392263,0.021969333000015467,battery_action_and_mode_correction,0.0
F1,v2e2_a7c71f5aa3db3e32fdd1,e2bv2_02f8e9930d0e0232bdbc,qwen_flash,C1,battery_only,global_distance_optimum_lp_integral,3541.2500051248358,0.0,1,0,True,372.0494829294436,0.022509583010105416,battery_action_and_mode_correction,0.0
F1,v2e2_a7c71f5aa3db3e32fdd1,e2bv2_02f8e9930d0e0232bdbc,qwen_flash,C1,expanded_system,global_distance_optimum_lp_integral,3541.2500051248358,0.0,1,0,True,372.0494829294436,0.023085583990905434,battery_action_and_mode_correction,0.0
F1,v2e2_a7c71f5aa3db3e32fdd1,e2bv2_02f8e9930d0e0232bdbc,qwen_flash,C2,battery_only,global_distance_optimum_lp_integral,3541.2500051248358,0.0,1,0,True,372.0494829294436,0.022509583010105416,battery_action_and_mode_correction,0.0
F1,v2e2_a7c71f5aa3db3e32fdd1,e2bv2_02f8e9930d0e0232bdbc,qwen_flash,C2,expanded_system,global_distance_optimum_lp_integral,3541.2500051248358,0.0,1,0,True,372.0494829294436,0.023085583990905434,battery_action_and_mode_correction,0.0
F1,v2e2_a7c71f5aa3db3e32fdd1,e2bv2_02f8e9930d0e0232bdbc,qwen_flash,S1,battery_only,global_distance_optimum_lp_integral,3541.2500051248358,0.0,1,0,True,372.0494829294436,0.022509583010105416,battery_action_and_mode_correction,0.0
F1,v2e2_a7c71f5aa3db3e32fdd1,e2bv2_02f8e9930d0e0232bdbc,qwen_flash,S1,expanded_system,global_distance_optimum_lp_integral,3541.2500051248358,0.0,1,0,True,372.0494829294436,0.023085583990905434,battery_action_and_mode_correction,0.0
F1,v2e2_a7c71f5aa3db3e32fdd1,e2bv2_02f8e9930d0e0232bdbc,qwen_flash,S2,battery_only,global_distance_optimum_lp_integral,3541.2500051248358,0.0,1,0,True,372.0494829294436,0.022509583010105416,battery_action_and_mode_correction,0.0
F1,v2e2_a7c71f5aa3db3e32fdd1,e2bv2_02f8e9930d0e0232bdbc,qwen_flash,S2,expanded_system,global_distance_optimum_lp_integral,3541.2500051248358,0.0,1,0,True,372.0494829294436,0.023085583990905434,battery_action_and_mode_correction,0.0
F1,v2e2_aa86ae40329fa58392a5,e2bv2_1982c6e473319f2a8a6b,qwen_flash,C1,battery_only,global_distance_optimum_lp_integral,5163.750005124835,0.0,1,0,True,247.94247925661818,0.01963000002433546,battery_action_and_mode_correction,0.0
F1,v2e2_aa86ae40329fa58392a5,e2bv2_1982c6e473319f2a8a6b,qwen_flash,C1,expanded_system,global_distance_optimum_lp_integral,5163.750005124835,0.0,1,0,True,247.94247925661818,0.0188830420083832,battery_action_and_mode_correction,0.0
F1,v2e2_aa86ae40329fa58392a5,e2bv2_1982c6e473319f2a8a6b,qwen_flash,C2,battery_only,global_distance_optimum_lp_integral,5163.750005124835,0.0,1,0,True,247.94247925661818,0.01963000002433546,battery_action_and_mode_correction,0.0
F1,v2e2_aa86ae40329fa58392a5,e2bv2_1982c6e473319f2a8a6b,qwen_flash,C2,expanded_system,global_distance_optimum_lp_integral,5163.750005124835,0.0,1,0,True,247.94247925661818,0.0188830420083832,battery_action_and_mode_correction,0.0
F1,v2e2_aa86ae40329fa58392a5,e2bv2_1982c6e473319f2a8a6b,qwen_flash,S1,battery_only,global_distance_optimum_lp_integral,5163.750005124835,0.0,1,0,True,247.94247925661818,0.01963000002433546,battery_action_and_mode_correction,0.0
F1,v2e2_aa86ae40329fa58392a5,e2bv2_1982c6e473319f2a8a6b,qwen_flash,S1,expanded_system,global_distance_optimum_lp_integral,5163.750005124835,0.0,1,0,True,247.94247925661818,0.0188830420083832,battery_action_and_mode_correction,0.0
F1,v2e2_aa86ae40329fa58392a5,e2bv2_1982c6e473319f2a8a6b,qwen_flash,S2,battery_only,global_distance_optimum_lp_integral,5163.750005124835,0.0,1,0,True,247.94247925661818,0.01963000002433546,battery_action_and_mode_correction,0.0
F1,v2e2_aa86ae40329fa58392a5,e2bv2_1982c6e473319f2a8a6b,qwen_flash,S2,expanded_system,global_distance_optimum_lp_integral,5163.750005124835,0.0,1,0,True,247.94247925661818,0.0188830420083832,battery_action_and_mode_correction,0.0
F1,v2e2_ac2a6bbea5f71d8219ff,e2bv2_dd2cd3100ef3af0b0976,qwen_flash,C1,battery_only,global_distance_optimum_lp_integral,5720.394741966941,0.0,3,0,True,186.69113556353238,0.021599500003503636,battery_action_and_mode_correction,0.0
F1,v2e2_ac2a6bbea5f71d8219ff,e2bv2_dd2cd3100ef3af0b0976,qwen_flash,C1,expanded_system,global_distance_optimum_lp_integral,5720.394741966941,0.0,3,0,True,186.69113556353238,0.021031957992818207,battery_action_and_mode_correction,0.0
F1,v2e2_ac2a6bbea5f71d8219ff,e2bv2_dd2cd3100ef3af0b0976,qwen_flash,C2,battery_only,global_distance_optimum_lp_integral,5720.394741966941,0.0,3,0,True,186.69113556353238,0.021599500003503636,battery_action_and_mode_correction,0.0
F1,v2e2_ac2a6bbea5f71d8219ff,e2bv2_dd2cd3100ef3af0b0976,qwen_flash,C2,expanded_system,global_distance_optimum_lp_integral,5720.394741966941,0.0,3,0,True,186.69113556353238,0.021031957992818207,battery_action_and_mode_correction,0.0
F1,v2e2_ac2a6bbea5f71d8219ff,e2bv2_dd2cd3100ef3af0b0976,qwen_flash,S1,battery_only,global_distance_optimum_lp_integral,5720.394741966941,0.0,3,0,True,186.69113556353238,0.021599500003503636,battery_action_and_mode_correction,0.0
F1,v2e2_ac2a6bbea5f71d8219ff,e2bv2_dd2cd3100ef3af0b0976,qwen_flash,S1,expanded_system,global_distance_optimum_lp_integral,5720.394741966941,0.0,3,0,True,186.69113556353238,0.021031957992818207,battery_action_and_mode_correction,0.0
F1,v2e2_ac2a6bbea5f71d8219ff,e2bv2_dd2cd3100ef3af0b0976,qwen_flash,S2,battery_only,global_distance_optimum_lp_integral,5720.394741966941,0.0,3,0,True,186.69113556353238,0.021599500003503636,battery_action_and_mode_correction,0.0
F1,v2e2_ac2a6bbea5f71d8219ff,e2bv2_dd2cd3100ef3af0b0976,qwen_flash,S2,expanded_system,global_distance_optimum_lp_integral,5720.394741966941,0.0,3,0,True,186.69113556353238,0.021031957992818207,battery_action_and_mode_correction,0.0
F1,v2e2_ade91af586194aa1b583,e2bv2_08881e1bb8b31d73283a,qwen_flash,C1,battery_only,global_distance_optimum_lp_integral,5713.81579459852,0.0,1,0,True,464.6453994734668,0.021588749979855493,battery_action_and_mode_correction,0.0
F1,v2e2_ade91af586194aa1b583,e2bv2_08881e1bb8b31d73283a,qwen_flash,C1,expanded_system,global_distance_optimum_lp_integral,5713.81579459852,0.0,1,0,True,464.6453994734668,0.022747165989130735,battery_action_and_mode_correction,0.0
F1,v2e2_ade91af586194aa1b583,e2bv2_08881e1bb8b31d73283a,qwen_flash,C2,battery_only,global_distance_optimum_lp_integral,5713.81579459852,0.0,1,0,True,464.6453994734668,0.021588749979855493,battery_action_and_mode_correction,0.0
F1,v2e2_ade91af586194aa1b583,e2bv2_08881e1bb8b31d73283a,qwen_flash,C2,expanded_system,global_distance_optimum_lp_integral,5713.81579459852,0.0,1,0,True,464.6453994734668,0.022747165989130735,battery_action_and_mode_correction,0.0
F1,v2e2_ade91af586194aa1b583,e2bv2_08881e1bb8b31d73283a,qwen_flash,S1,battery_only,global_distance_optimum_lp_integral,5713.81579459852,0.0,1,0,True,464.6453994734668,0.021588749979855493,battery_action_and_mode_correction,0.0
F1,v2e2_ade91af586194aa1b583,e2bv2_08881e1bb8b31d73283a,qwen_flash,S1,expanded_system,global_distance_optimum_lp_integral,5713.81579459852,0.0,1,0,True,464.6453994734668,0.022747165989130735,battery_action_and_mode_correction,0.0
F1,v2e2_ade91af586194aa1b583,e2bv2_08881e1bb8b31d73283a,qwen_flash,S2,battery_only,global_distance_optimum_lp_integral,5713.81579459852,0.0,1,0,True,464.6453994734668,0.021588749979855493,battery_action_and_mode_correction,0.0
F1,v2e2_ade91af586194aa1b583,e2bv2_08881e1bb8b31d73283a,qwen_flash,S2,expanded_system,global_distance_optimum_lp_integral,5713.81579459852,0.0,1,0,True,464.6453994734668,0.022747165989130735,battery_action_and_mode_correction,0.0
F1,v2e2_b7e962716394d888d563,e2bv2_ba453444ee63f6532431,qwen_flash,C1,battery_only,global_distance_optimum_lp_integral,5871.710531440625,0.0,3,0,True,505.9621301297628,0.02275062500848435,battery_action_and_mode_correction,0.0
F1,v2e2_b7e962716394d888d563,e2bv2_ba453444ee63f6532431,qwen_flash,C1,expanded_system,global_distance_optimum_lp_integral,5871.710531440625,0.0,3,0,True,505.9621301297628,0.021958290977636352,battery_action_and_mode_correction,0.0
F1,v2e2_b7e962716394d888d563,e2bv2_ba453444ee63f6532431,qwen_flash,C2,battery_only,global_distance_optimum_lp_integral,5871.710531440625,0.0,3,0,True,505.9621301297628,0.02275062500848435,battery_action_and_mode_correction,0.0
F1,v2e2_b7e962716394d888d563,e2bv2_ba453444ee63f6532431,qwen_flash,C2,expanded_system,global_distance_optimum_lp_integral,5871.710531440625,0.0,3,0,True,505.9621301297628,0.021958290977636352,battery_action_and_mode_correction,0.0
F1,v2e2_b7e962716394d888d563,e2bv2_ba453444ee63f6532431,qwen_flash,S1,battery_only,global_distance_optimum_lp_integral,5871.710531440625,0.0,3,0,True,505.9621301297628,0.02275062500848435,battery_action_and_mode_correction,0.0
F1,v2e2_b7e962716394d888d563,e2bv2_ba453444ee63f6532431,qwen_flash,S1,expanded_system,global_distance_optimum_lp_integral,5871.710531440625,0.0,3,0,True,505.9621301297628,0.021958290977636352,battery_action_and_mode_correction,0.0
F1,v2e2_b7e962716394d888d563,e2bv2_ba453444ee63f6532431,qwen_flash,S2,battery_only,global_distance_optimum_lp_integral,5871.710531440625,0.0,3,0,True,505.9621301297628,0.02275062500848435,battery_action_and_mode_correction,0.0
F1,v2e2_b7e962716394d888d563,e2bv2_ba453444ee63f6532431,qwen_flash,S2,expanded_system,global_distance_optimum_lp_integral,5871.710531440625,0.0,3,0,True,505.9621301297628,0.021958290977636352,battery_action_and_mode_correction,0.0
F1,v2e2_babe8da2420b974ae448,e2bv2_66a3cad8f45f6f9319e2,qwen_flash,C1,battery_only,global_distance_optimum_lp_integral,5756.578952493257,0.0,3,0,True,229.2084075683478,0.021046083013061434,battery_action_and_mode_correction,0.0
F1,v2e2_babe8da2420b974ae448,e2bv2_66a3cad8f45f6f9319e2,qwen_flash,C1,expanded_system,global_distance_optimum_lp_integral,5756.578952493257,0.0,3,0,True,229.2084075683478,0.022692291997373104,battery_action_and_mode_correction,0.0
F1,v2e2_babe8da2420b974ae448,e2bv2_66a3cad8f45f6f9319e2,qwen_flash,C2,battery_only,global_distance_optimum_lp_integral,5756.578952493257,0.0,3,0,True,229.2084075683478,0.021046083013061434,battery_action_and_mode_correction,0.0
F1,v2e2_babe8da2420b974ae448,e2bv2_66a3cad8f45f6f9319e2,qwen_flash,C2,expanded_system,global_distance_optimum_lp_integral,5756.578952493257,0.0,3,0,True,229.2084075683478,0.022692291997373104,battery_action_and_mode_correction,0.0
F1,v2e2_babe8da2420b974ae448,e2bv2_66a3cad8f45f6f9319e2,qwen_flash,S1,battery_only,global_distance_optimum_lp_integral,5756.578952493257,0.0,3,0,True,229.2084075683478,0.021046083013061434,battery_action_and_mode_correction,0.0
F1,v2e2_babe8da2420b974ae448,e2bv2_66a3cad8f45f6f9319e2,qwen_flash,S1,expanded_system,global_distance_optimum_lp_integral,5756.578952493257,0.0,3,0,True,229.2084075683478,0.022692291997373104,battery_action_and_mode_correction,0.0
F1,v2e2_babe8da2420b974ae448,e2bv2_66a3cad8f45f6f9319e2,qwen_flash,S2,battery_only,global_distance_optimum_lp_integral,5756.578952493257,0.0,3,0,True,229.2084075683478,0.021046083013061434,battery_action_and_mode_correction,0.0
F1,v2e2_babe8da2420b974ae448,e2bv2_66a3cad8f45f6f9319e2,qwen_flash,S2,expanded_system,global_distance_optimum_lp_integral,5756.578952493257,0.0,3,0,True,229.2084075683478,0.022692291997373104,battery_action_and_mode_correction,0.0
F1,v2e2_be357ad7fa505f6b8f35,e2bv2_fdc7fce540f74c3efcc1,qwen_flash,C1,battery_only,global_distance_optimum_lp_integral,5631.578952493257,0.0,3,0,True,339.3230573058648,0.02104870800394565,battery_action_and_mode_correction,0.0
F1,v2e2_be357ad7fa505f6b8f35,e2bv2_fdc7fce540f74c3efcc1,qwen_flash,C1,expanded_system,global_distance_optimum_lp_integral,5631.578952493257,0.0,3,0,True,339.3230573058648,0.021444415993755683,battery_action_and_mode_correction,0.0
F1,v2e2_be357ad7fa505f6b8f35,e2bv2_fdc7fce540f74c3efcc1,qwen_flash,C2,battery_only,global_distance_optimum_lp_integral,5631.578952493257,0.0,3,0,True,339.3230573058648,0.02104870800394565,battery_action_and_mode_correction,0.0
F1,v2e2_be357ad7fa505f6b8f35,e2bv2_fdc7fce540f74c3efcc1,qwen_flash,C2,expanded_system,global_distance_optimum_lp_integral,5631.578952493257,0.0,3,0,True,339.3230573058648,0.021444415993755683,battery_action_and_mode_correction,0.0
F1,v2e2_be357ad7fa505f6b8f35,e2bv2_fdc7fce540f74c3efcc1,qwen_flash,S1,battery_only,global_distance_optimum_lp_integral,5631.578952493257,0.0,3,0,True,339.3230573058648,0.02104870800394565,battery_action_and_mode_correction,0.0
F1,v2e2_be357ad7fa505f6b8f35,e2bv2_fdc7fce540f74c3efcc1,qwen_flash,S1,expanded_system,global_distance_optimum_lp_integral,5631.578952493257,0.0,3,0,True,339.3230573058648,0.021444415993755683,battery_action_and_mode_correction,0.0
F1,v2e2_be357ad7fa505f6b8f35,e2bv2_fdc7fce540f74c3efcc1,qwen_flash,S2,battery_only,global_distance_optimum_lp_integral,5631.578952493257,0.0,3,0,True,339.3230573058648,0.02104870800394565,battery_action_and_mode_correction,0.0
F1,v2e2_be357ad7fa505f6b8f35,e2bv2_fdc7fce540f74c3efcc1,qwen_flash,S2,expanded_system,global_distance_optimum_lp_integral,5631.578952493257,0.0,3,0,True,339.3230573058648,0.021444415993755683,battery_action_and_mode_correction,0.0
F1,v2e2_c049d4bc657bdc82a484,e2bv2_4765d96a6c9ce28ab185,qwen_flash,C1,battery_only,global_distance_optimum_lp_integral,5713.81579459852,0.0,1,0,True,464.6453994734668,0.02208295901073143,battery_action_and_mode_correction,0.0
F1,v2e2_c049d4bc657bdc82a484,e2bv2_4765d96a6c9ce28ab185,qwen_flash,C1,expanded_system,global_distance_optimum_lp_integral,5713.81579459852,0.0,1,0,True,464.6453994734668,0.021449583990033716,battery_action_and_mode_correction,0.0
F1,v2e2_c049d4bc657bdc82a484,e2bv2_4765d96a6c9ce28ab185,qwen_flash,C2,battery_only,global_distance_optimum_lp_integral,5713.81579459852,0.0,1,0,True,464.6453994734668,0.02208295901073143,battery_action_and_mode_correction,0.0
F1,v2e2_c049d4bc657bdc82a484,e2bv2_4765d96a6c9ce28ab185,qwen_flash,C2,expanded_system,global_distance_optimum_lp_integral,5713.81579459852,0.0,1,0,True,464.6453994734668,0.021449583990033716,battery_action_and_mode_correction,0.0
F1,v2e2_c049d4bc657bdc82a484,e2bv2_4765d96a6c9ce28ab185,qwen_flash,S1,battery_only,global_distance_optimum_lp_integral,5713.81579459852,0.0,1,0,True,464.6453994734668,0.02208295901073143,battery_action_and_mode_correction,0.0
F1,v2e2_c049d4bc657bdc82a484,e2bv2_4765d96a6c9ce28ab185,qwen_flash,S1,expanded_system,global_distance_optimum_lp_integral,5713.81579459852,0.0,1,0,True,464.6453994734668,0.021449583990033716,battery_action_and_mode_correction,0.0
F1,v2e2_c049d4bc657bdc82a484,e2bv2_4765d96a6c9ce28ab185,qwen_flash,S2,battery_only,global_distance_optimum_lp_integral,5713.81579459852,0.0,1,0,True,464.6453994734668,0.02208295901073143,battery_action_and_mode_correction,0.0
F1,v2e2_c049d4bc657bdc82a484,e2bv2_4765d96a6c9ce28ab185,qwen_flash,S2,expanded_system,global_distance_optimum_lp_integral,5713.81579459852,0.0,1,0,True,464.6453994734668,0.021449583990033716,battery_action_and_mode_correction,0.0
F1,v2e2_c4d42554da4b1f44862b,e2bv2_0bd240f8d29b9618cf8b,qwen_flash,C1,battery_only,global_distance_optimum_lp_integral,3502.5000051248358,0.0,1,0,True,666.4082828710965,0.022983333008596674,battery_action_and_mode_correction,0.0
F1,v2e2_c4d42554da4b1f44862b,e2bv2_0bd240f8d29b9618cf8b,qwen_flash,C1,expanded_system,global_distance_optimum_lp_integral,3502.5000051248358,0.0,1,0,True,666.4082828710965,0.02221562500926666,battery_action_and_mode_correction,0.0
F1,v2e2_c4d42554da4b1f44862b,e2bv2_0bd240f8d29b9618cf8b,qwen_flash,C2,battery_only,global_distance_optimum_lp_integral,3502.5000051248358,0.0,1,0,True,666.4082828710965,0.022983333008596674,battery_action_and_mode_correction,0.0
F1,v2e2_c4d42554da4b1f44862b,e2bv2_0bd240f8d29b9618cf8b,qwen_flash,C2,expanded_system,global_distance_optimum_lp_integral,3502.5000051248358,0.0,1,0,True,666.4082828710965,0.02221562500926666,battery_action_and_mode_correction,0.0
F1,v2e2_c4d42554da4b1f44862b,e2bv2_0bd240f8d29b9618cf8b,qwen_flash,S1,battery_only,global_distance_optimum_lp_integral,3502.5000051248358,0.0,1,0,True,666.4082828710965,0.022983333008596674,battery_action_and_mode_correction,0.0
F1,v2e2_c4d42554da4b1f44862b,e2bv2_0bd240f8d29b9618cf8b,qwen_flash,S1,expanded_system,global_distance_optimum_lp_integral,3502.5000051248358,0.0,1,0,True,666.4082828710965,0.02221562500926666,battery_action_and_mode_correction,0.0
F1,v2e2_c4d42554da4b1f44862b,e2bv2_0bd240f8d29b9618cf8b,qwen_flash,S2,battery_only,global_distance_optimum_lp_integral,3502.5000051248358,0.0,1,0,True,666.4082828710965,0.022983333008596674,battery_action_and_mode_correction,0.0
F1,v2e2_c4d42554da4b1f44862b,e2bv2_0bd240f8d29b9618cf8b,qwen_flash,S2,expanded_system,global_distance_optimum_lp_integral,3502.5000051248358,0.0,1,0,True,666.4082828710965,0.02221562500926666,battery_action_and_mode_correction,0.0
F1,v2e2_c577765fa5c45c1fea7a,e2bv2_24e2ae5e5c519929b6c8,qwen_flash,C1,battery_only,global_distance_optimum_lp_integral,5631.578952493257,0.0,3,0,True,306.6074692801484,0.02198462499654852,battery_action_and_mode_correction,0.0
F1,v2e2_c577765fa5c45c1fea7a,e2bv2_24e2ae5e5c519929b6c8,qwen_flash,C1,expanded_system,global_distance_optimum_lp_integral,5631.578952493257,0.0,3,0,True,306.6074692801484,0.021703791979234666,battery_action_and_mode_correction,0.0
F1,v2e2_c577765fa5c45c1fea7a,e2bv2_24e2ae5e5c519929b6c8,qwen_flash,C2,battery_only,global_distance_optimum_lp_integral,5631.578952493257,0.0,3,0,True,306.6074692801484,0.02198462499654852,battery_action_and_mode_correction,0.0
F1,v2e2_c577765fa5c45c1fea7a,e2bv2_24e2ae5e5c519929b6c8,qwen_flash,C2,expanded_system,global_distance_optimum_lp_integral,5631.578952493257,0.0,3,0,True,306.6074692801484,0.021703791979234666,battery_action_and_mode_correction,0.0
F1,v2e2_c577765fa5c45c1fea7a,e2bv2_24e2ae5e5c519929b6c8,qwen_flash,S1,battery_only,feasible_mode_library_upper_bound,5350.78135,0.0,3,0,True,305.60286291529553,0.013547667011152953,battery_action_and_mode_correction,1.9412222991686576
F1,v2e2_c577765fa5c45c1fea7a,e2bv2_24e2ae5e5c519929b6c8,qwen_flash,S1,expanded_system,feasible_mode_library_upper_bound,5348.8401277008315,0.0,4,0,True,305.88305024237536,0.015581707993987948,battery_action_and_mode_correction,1.9412222991686576
F1,v2e2_c577765fa5c45c1fea7a,e2bv2_24e2ae5e5c519929b6c8,qwen_flash,S2,battery_only,global_distance_optimum_lp_integral,5631.578952493257,0.0,3,0,True,306.6074692801484,0.02198462499654852,battery_action_and_mode_correction,0.0
F1,v2e2_c577765fa5c45c1fea7a,e2bv2_24e2ae5e5c519929b6c8,qwen_flash,S2,expanded_system,global_distance_optimum_lp_integral,5631.578952493257,0.0,3,0,True,306.6074692801484,0.021703791979234666,battery_action_and_mode_correction,0.0
F1,v2e2_c9b994f593c92dd9efa9,e2bv2_3da8226505438a5134d6,qwen_flash,C1,battery_only,global_distance_optimum_lp_integral,3657.828952493257,0.0,4,0,True,353.12580095120376,0.021435167000163347,battery_action_and_mode_correction,0.0
F1,v2e2_c9b994f593c92dd9efa9,e2bv2_3da8226505438a5134d6,qwen_flash,C1,expanded_system,global_distance_optimum_lp_integral,3657.828952493257,0.0,4,0,True,353.12580095120376,0.02120229200227186,battery_action_and_mode_correction,0.0
F1,v2e2_c9b994f593c92dd9efa9,e2bv2_3da8226505438a5134d6,qwen_flash,C2,battery_only,global_distance_optimum_lp_integral,3657.828952493257,0.0,4,0,True,353.12580095120376,0.021435167000163347,battery_action_and_mode_correction,0.0
F1,v2e2_c9b994f593c92dd9efa9,e2bv2_3da8226505438a5134d6,qwen_flash,C2,expanded_system,global_distance_optimum_lp_integral,3657.828952493257,0.0,4,0,True,353.12580095120376,0.02120229200227186,battery_action_and_mode_correction,0.0
F1,v2e2_c9b994f593c92dd9efa9,e2bv2_3da8226505438a5134d6,qwen_flash,S1,battery_only,global_distance_optimum_lp_integral,3657.828952493257,0.0,4,0,True,353.12580095120376,0.021435167000163347,battery_action_and_mode_correction,0.0
F1,v2e2_c9b994f593c92dd9efa9,e2bv2_3da8226505438a5134d6,qwen_flash,S1,expanded_system,global_distance_optimum_lp_integral,3657.828952493257,0.0,4,0,True,353.12580095120376,0.02120229200227186,battery_action_and_mode_correction,0.0
F1,v2e2_c9b994f593c92dd9efa9,e2bv2_3da8226505438a5134d6,qwen_flash,S2,battery_only,global_distance_optimum_lp_integral,3657.828952493257,0.0,4,0,True,353.12580095120376,0.021435167000163347,battery_action_and_mode_correction,0.0
F1,v2e2_c9b994f593c92dd9efa9,e2bv2_3da8226505438a5134d6,qwen_flash,S2,expanded_system,global_distance_optimum_lp_integral,3657.828952493257,0.0,4,0,True,353.12580095120376,0.02120229200227186,battery_action_and_mode_correction,0.0
F1,v2e2_cd47662d04581b339960,e2bv2_32930730a64400f50094,qwen_flash,C1,battery_only,global_distance_optimum_lp_integral,3506.578952493257,0.0,3,0,True,284.83725125532,0.015774625004269183,expanded_curtailment_used_without_distance_reduction,0.0
F1,v2e2_cd47662d04581b339960,e2bv2_32930730a64400f50094,qwen_flash,C1,expanded_system,global_distance_optimum_lp_integral,3506.578952493257,369.16248325000004,3,0,True,283.0689629605525,0.015645750012481585,expanded_curtailment_used_without_distance_reduction,0.0
F1,v2e2_cd47662d04581b339960,e2bv2_32930730a64400f50094,qwen_flash,C2,battery_only,global_distance_optimum_lp_integral,4631.578952493257,0.0,3,0,True,284.83725125532,0.020625375007512048,expanded_curtailment_used_without_distance_reduction,0.0
F1,v2e2_cd47662d04581b339960,e2bv2_32930730a64400f50094,qwen_flash,C2,expanded_system,global_distance_optimum_lp_integral,4631.578952493257,369.16248325000004,3,0,True,283.0689629605525,0.02245220899931155,expanded_curtailment_used_without_distance_reduction,0.0
F1,v2e2_cd47662d04581b339960,e2bv2_32930730a64400f50094,qwen_flash,S1,battery_only,global_distance_optimum_lp_integral,3506.578952493257,0.0,3,0,True,284.83725125532,0.015774625004269183,expanded_curtailment_used_without_distance_reduction,0.0
F1,v2e2_cd47662d04581b339960,e2bv2_32930730a64400f50094,qwen_flash,S1,expanded_system,global_distance_optimum_lp_integral,3506.578952493257,369.16248325000004,3,0,True,283.0689629605525,0.015645750012481585,expanded_curtailment_used_without_distance_reduction,0.0
F1,v2e2_cd47662d04581b339960,e2bv2_32930730a64400f50094,qwen_flash,S2,battery_only,global_distance_optimum_lp_integral,3506.578952493257,0.0,3,0,True,284.83725125532,0.015774625004269183,expanded_curtailment_used_without_distance_reduction,0.0
F1,v2e2_cd47662d04581b339960,e2bv2_32930730a64400f50094,qwen_flash,S2,expanded_system,global_distance_optimum_lp_integral,3506.578952493257,369.16248325000004,3,0,True,283.0689629605525,0.015645750012481585,expanded_curtailment_used_without_distance_reduction,0.0
F1,v2e2_d00d3a4d54f973fa24ac,e2bv2_f81916a9751afb1e07b4,qwen_flash,C1,battery_only,global_distance_optimum_lp_integral,3607.894741966941,0.0,3,0,True,580.1289322320442,0.015542250010184944,battery_action_and_mode_correction,0.0
F1,v2e2_d00d3a4d54f973fa24ac,e2bv2_f81916a9751afb1e07b4,qwen_flash,C1,expanded_system,global_distance_optimum_lp_integral,3607.894741966941,0.0,3,0,True,580.1289322320442,0.016559209005208686,battery_action_and_mode_correction,0.0
F1,v2e2_d00d3a4d54f973fa24ac,e2bv2_f81916a9751afb1e07b4,qwen_flash,C2,battery_only,global_distance_optimum_lp_integral,4182.894741966941,0.0,3,0,True,580.1289322320442,0.01652616701903753,battery_action_and_mode_correction,0.0
F1,v2e2_d00d3a4d54f973fa24ac,e2bv2_f81916a9751afb1e07b4,qwen_flash,C2,expanded_system,global_distance_optimum_lp_integral,4182.894741966941,0.0,3,0,True,580.1289322320442,0.015741958981379867,battery_action_and_mode_correction,0.0
F1,v2e2_d00d3a4d54f973fa24ac,e2bv2_f81916a9751afb1e07b4,qwen_flash,S1,battery_only,global_distance_optimum_lp_integral,3607.894741966941,0.0,3,0,True,580.1289322320442,0.015542250010184944,battery_action_and_mode_correction,0.0
F1,v2e2_d00d3a4d54f973fa24ac,e2bv2_f81916a9751afb1e07b4,qwen_flash,S1,expanded_system,global_distance_optimum_lp_integral,3607.894741966941,0.0,3,0,True,580.1289322320442,0.016559209005208686,battery_action_and_mode_correction,0.0
F1,v2e2_d00d3a4d54f973fa24ac,e2bv2_f81916a9751afb1e07b4,qwen_flash,S2,battery_only,global_distance_optimum_lp_integral,3607.894741966941,0.0,3,0,True,580.1289322320442,0.015542250010184944,battery_action_and_mode_correction,0.0
F1,v2e2_d00d3a4d54f973fa24ac,e2bv2_f81916a9751afb1e07b4,qwen_flash,S2,expanded_system,global_distance_optimum_lp_integral,3607.894741966941,0.0,3,0,True,580.1289322320442,0.016559209005208686,battery_action_and_mode_correction,0.0
F1,v2e2_d2a42e359dd264f920da,e2bv2_a7a0be05e22e1bc02ab8,qwen_flash,C1,battery_only,global_distance_optimum_lp_integral,4707.894741966941,0.0,4,0,True,471.603538947151,0.022224499989533797,battery_action_and_mode_correction,0.0
F1,v2e2_d2a42e359dd264f920da,e2bv2_a7a0be05e22e1bc02ab8,qwen_flash,C1,expanded_system,global_distance_optimum_lp_integral,4707.894741966941,0.0,4,0,True,471.603538947151,0.02184158400632441,battery_action_and_mode_correction,0.0
F1,v2e2_d2a42e359dd264f920da,e2bv2_a7a0be05e22e1bc02ab8,qwen_flash,C2,battery_only,global_distance_optimum_lp_integral,4707.894741966941,0.0,4,0,True,471.603538947151,0.022224499989533797,battery_action_and_mode_correction,0.0
F1,v2e2_d2a42e359dd264f920da,e2bv2_a7a0be05e22e1bc02ab8,qwen_flash,C2,expanded_system,global_distance_optimum_lp_integral,4707.894741966941,0.0,4,0,True,471.603538947151,0.02184158400632441,battery_action_and_mode_correction,0.0
F1,v2e2_d2a42e359dd264f920da,e2bv2_a7a0be05e22e1bc02ab8,qwen_flash,S1,battery_only,global_distance_optimum_lp_integral,4707.894741966941,0.0,4,0,True,471.603538947151,0.022224499989533797,battery_action_and_mode_correction,0.0
F1,v2e2_d2a42e359dd264f920da,e2bv2_a7a0be05e22e1bc02ab8,qwen_flash,S1,expanded_system,global_distance_optimum_lp_integral,4707.894741966941,0.0,4,0,True,471.603538947151,0.02184158400632441,battery_action_and_mode_correction,0.0
F1,v2e2_d2a42e359dd264f920da,e2bv2_a7a0be05e22e1bc02ab8,qwen_flash,S2,battery_only,global_distance_optimum_lp_integral,4707.894741966941,0.0,4,0,True,471.603538947151,0.022224499989533797,battery_action_and_mode_correction,0.0
F1,v2e2_d2a42e359dd264f920da,e2bv2_a7a0be05e22e1bc02ab8,qwen_flash,S2,expanded_system,global_distance_optimum_lp_integral,4707.894741966941,0.0,4,0,True,471.603538947151,0.02184158400632441,battery_action_and_mode_correction,0.0
F1,v2e2_d6701d548a93409fed9a,e2bv2_706f6543b8c72f6485d0,qwen_flash,C1,battery_only,global_distance_optimum_lp_integral,3581.578952493257,0.0,3,0,True,404.76762376142113,0.01649133299360983,battery_action_and_mode_correction,0.0
F1,v2e2_d6701d548a93409fed9a,e2bv2_706f6543b8c72f6485d0,qwen_flash,C1,expanded_system,global_distance_optimum_lp_integral,3581.578952493257,0.0,3,0,True,404.76762376142113,0.015795207989867777,battery_action_and_mode_correction,0.0
F1,v2e2_d6701d548a93409fed9a,e2bv2_706f6543b8c72f6485d0,qwen_flash,C2,battery_only,global_distance_optimum_lp_integral,3581.578952493257,0.0,3,0,True,404.76762376142113,0.01649133299360983,battery_action_and_mode_correction,0.0
F1,v2e2_d6701d548a93409fed9a,e2bv2_706f6543b8c72f6485d0,qwen_flash,C2,expanded_system,global_distance_optimum_lp_integral,3581.578952493257,0.0,3,0,True,404.76762376142113,0.015795207989867777,battery_action_and_mode_correction,0.0
F1,v2e2_d6701d548a93409fed9a,e2bv2_706f6543b8c72f6485d0,qwen_flash,S1,battery_only,global_distance_optimum_lp_integral,3581.578952493257,0.0,3,0,True,404.76762376142113,0.01649133299360983,battery_action_and_mode_correction,0.0
F1,v2e2_d6701d548a93409fed9a,e2bv2_706f6543b8c72f6485d0,qwen_flash,S1,expanded_system,global_distance_optimum_lp_integral,3581.578952493257,0.0,3,0,True,404.76762376142113,0.015795207989867777,battery_action_and_mode_correction,0.0
F1,v2e2_d6701d548a93409fed9a,e2bv2_706f6543b8c72f6485d0,qwen_flash,S2,battery_only,global_distance_optimum_lp_integral,3581.578952493257,0.0,3,0,True,404.76762376142113,0.01649133299360983,battery_action_and_mode_correction,0.0
F1,v2e2_d6701d548a93409fed9a,e2bv2_706f6543b8c72f6485d0,qwen_flash,S2,expanded_system,global_distance_optimum_lp_integral,3581.578952493257,0.0,3,0,True,404.76762376142113,0.015795207989867777,battery_action_and_mode_correction,0.0
F1,v2e2_d6ba00286f170447ebbf,e2bv2_18a7375daa96cf6a350e,qwen_flash,C1,battery_only,global_distance_optimum_lp_integral,3607.894741966941,0.0,3,0,True,404.4870479844754,0.016543792007723823,battery_action_and_mode_correction,0.0
F1,v2e2_d6ba00286f170447ebbf,e2bv2_18a7375daa96cf6a350e,qwen_flash,C1,expanded_system,global_distance_optimum_lp_integral,3607.894741966941,0.0,3,0,True,404.4870479844754,0.015644416998839006,battery_action_and_mode_correction,0.0
F1,v2e2_d6ba00286f170447ebbf,e2bv2_18a7375daa96cf6a350e,qwen_flash,C2,battery_only,global_distance_optimum_lp_integral,3607.894741966941,0.0,3,0,True,404.4870479844754,0.016543792007723823,battery_action_and_mode_correction,0.0
F1,v2e2_d6ba00286f170447ebbf,e2bv2_18a7375daa96cf6a350e,qwen_flash,C2,expanded_system,global_distance_optimum_lp_integral,3607.894741966941,0.0,3,0,True,404.4870479844754,0.015644416998839006,battery_action_and_mode_correction,0.0
F1,v2e2_d6ba00286f170447ebbf,e2bv2_18a7375daa96cf6a350e,qwen_flash,S1,battery_only,global_distance_optimum_lp_integral,3607.894741966941,0.0,3,0,True,404.4870479844754,0.016543792007723823,battery_action_and_mode_correction,0.0
F1,v2e2_d6ba00286f170447ebbf,e2bv2_18a7375daa96cf6a350e,qwen_flash,S1,expanded_system,global_distance_optimum_lp_integral,3607.894741966941,0.0,3,0,True,404.4870479844754,0.015644416998839006,battery_action_and_mode_correction,0.0
F1,v2e2_d6ba00286f170447ebbf,e2bv2_18a7375daa96cf6a350e,qwen_flash,S2,battery_only,global_distance_optimum_lp_integral,3607.894741966941,0.0,3,0,True,404.4870479844754,0.016543792007723823,battery_action_and_mode_correction,0.0
F1,v2e2_d6ba00286f170447ebbf,e2bv2_18a7375daa96cf6a350e,qwen_flash,S2,expanded_system,global_distance_optimum_lp_integral,3607.894741966941,0.0,3,0,True,404.4870479844754,0.015644416998839006,battery_action_and_mode_correction,0.0
F1,v2e2_e6c8a896df3972a400a6,e2bv2_330204dda0af85f3081c,qwen_flash,C1,battery_only,global_distance_optimum_lp_integral,3607.894741966941,0.0,3,0,True,404.37682015464577,0.015743249998195097,battery_action_and_mode_correction,0.0
F1,v2e2_e6c8a896df3972a400a6,e2bv2_330204dda0af85f3081c,qwen_flash,C1,expanded_system,global_distance_optimum_lp_integral,3607.894741966941,0.0,3,0,True,404.37682015464577,0.015875999990385026,battery_action_and_mode_correction,0.0
F1,v2e2_e6c8a896df3972a400a6,e2bv2_330204dda0af85f3081c,qwen_flash,C2,battery_only,global_distance_optimum_lp_integral,3607.894741966941,0.0,3,0,True,404.37682015464577,0.015743249998195097,battery_action_and_mode_correction,0.0
F1,v2e2_e6c8a896df3972a400a6,e2bv2_330204dda0af85f3081c,qwen_flash,C2,expanded_system,global_distance_optimum_lp_integral,3607.894741966941,0.0,3,0,True,404.37682015464577,0.015875999990385026,battery_action_and_mode_correction,0.0
F1,v2e2_e6c8a896df3972a400a6,e2bv2_330204dda0af85f3081c,qwen_flash,S1,battery_only,global_distance_optimum_lp_integral,3607.894741966941,0.0,3,0,True,404.37682015464577,0.015743249998195097,battery_action_and_mode_correction,0.0
F1,v2e2_e6c8a896df3972a400a6,e2bv2_330204dda0af85f3081c,qwen_flash,S1,expanded_system,global_distance_optimum_lp_integral,3607.894741966941,0.0,3,0,True,404.37682015464577,0.015875999990385026,battery_action_and_mode_correction,0.0
F1,v2e2_e6c8a896df3972a400a6,e2bv2_330204dda0af85f3081c,qwen_flash,S2,battery_only,feasible_mode_library_upper_bound,5542.4376,0.0,4,0,True,400.8760616664104,0.018140541011234745,battery_action_and_mode_correction,0.0
F1,v2e2_e6c8a896df3972a400a6,e2bv2_330204dda0af85f3081c,qwen_flash,S2,expanded_system,feasible_mode_library_upper_bound,5542.4376,0.0,4,0,True,400.8760616664104,0.01739854199695401,battery_action_and_mode_correction,0.0
F1,v2e2_e87de31d325befcf7b51,e2bv2_424b6f1c95155ed9ff19,qwen_flash,C1,battery_only,global_distance_optimum_lp_integral,5588.81579459852,0.0,1,0,True,377.0637943405262,0.02145854098489508,battery_action_and_mode_correction,0.0
F1,v2e2_e87de31d325befcf7b51,e2bv2_424b6f1c95155ed9ff19,qwen_flash,C1,expanded_system,global_distance_optimum_lp_integral,5588.81579459852,0.0,1,0,True,377.0637943405262,0.02270183397922665,battery_action_and_mode_correction,0.0
F1,v2e2_e87de31d325befcf7b51,e2bv2_424b6f1c95155ed9ff19,qwen_flash,C2,battery_only,global_distance_optimum_lp_integral,5588.81579459852,0.0,1,0,True,377.0637943405262,0.02145854098489508,battery_action_and_mode_correction,0.0
F1,v2e2_e87de31d325befcf7b51,e2bv2_424b6f1c95155ed9ff19,qwen_flash,C2,expanded_system,global_distance_optimum_lp_integral,5588.81579459852,0.0,1,0,True,377.0637943405262,0.02270183397922665,battery_action_and_mode_correction,0.0
F1,v2e2_e87de31d325befcf7b51,e2bv2_424b6f1c95155ed9ff19,qwen_flash,S1,battery_only,global_distance_optimum_lp_integral,5588.81579459852,0.0,1,0,True,377.0637943405262,0.02145854098489508,battery_action_and_mode_correction,0.0
F1,v2e2_e87de31d325befcf7b51,e2bv2_424b6f1c95155ed9ff19,qwen_flash,S1,expanded_system,global_distance_optimum_lp_integral,5588.81579459852,0.0,1,0,True,377.0637943405262,0.02270183397922665,battery_action_and_mode_correction,0.0
F1,v2e2_e87de31d325befcf7b51,e2bv2_424b6f1c95155ed9ff19,qwen_flash,S2,battery_only,global_distance_optimum_lp_integral,5588.81579459852,0.0,1,0,True,377.0637943405262,0.02145854098489508,battery_action_and_mode_correction,0.0
F1,v2e2_e87de31d325befcf7b51,e2bv2_424b6f1c95155ed9ff19,qwen_flash,S2,expanded_system,global_distance_optimum_lp_integral,5588.81579459852,0.0,1,0,True,377.0637943405262,0.02270183397922665,battery_action_and_mode_correction,0.0
F1,v2e2_e9230cb9c5afdd6582ec,e2bv2_4c2a7c6129663b4e8e86,qwen_flash,C1,battery_only,global_distance_optimum_lp_integral,3632.9605314406253,0.0,5,0,True,488.9265086439131,0.022401624999474734,battery_action_and_mode_correction,0.0
F1,v2e2_e9230cb9c5afdd6582ec,e2bv2_4c2a7c6129663b4e8e86,qwen_flash,C1,expanded_system,global_distance_optimum_lp_integral,3632.9605314406253,0.0,5,0,True,488.9265086439131,0.02130262498394586,battery_action_and_mode_correction,0.0
F1,v2e2_e9230cb9c5afdd6582ec,e2bv2_4c2a7c6129663b4e8e86,qwen_flash,C2,battery_only,global_distance_optimum_lp_integral,3632.9605314406253,0.0,5,0,True,488.9265086439131,0.022401624999474734,battery_action_and_mode_correction,0.0
F1,v2e2_e9230cb9c5afdd6582ec,e2bv2_4c2a7c6129663b4e8e86,qwen_flash,C2,expanded_system,global_distance_optimum_lp_integral,3632.9605314406253,0.0,5,0,True,488.9265086439131,0.02130262498394586,battery_action_and_mode_correction,0.0
F1,v2e2_e9230cb9c5afdd6582ec,e2bv2_4c2a7c6129663b4e8e86,qwen_flash,S1,battery_only,global_distance_optimum_lp_integral,3632.9605314406253,0.0,5,0,True,488.9265086439131,0.022401624999474734,battery_action_and_mode_correction,0.0
F1,v2e2_e9230cb9c5afdd6582ec,e2bv2_4c2a7c6129663b4e8e86,qwen_flash,S1,expanded_system,global_distance_optimum_lp_integral,3632.9605314406253,0.0,5,0,True,488.9265086439131,0.02130262498394586,battery_action_and_mode_correction,0.0
F1,v2e2_e9230cb9c5afdd6582ec,e2bv2_4c2a7c6129663b4e8e86,qwen_flash,S2,battery_only,global_distance_optimum_lp_integral,3632.9605314406253,0.0,5,0,True,488.9265086439131,0.022401624999474734,battery_action_and_mode_correction,0.0
F1,v2e2_e9230cb9c5afdd6582ec,e2bv2_4c2a7c6129663b4e8e86,qwen_flash,S2,expanded_system,global_distance_optimum_lp_integral,3632.9605314406253,0.0,5,0,True,488.9265086439131,0.02130262498394586,battery_action_and_mode_correction,0.0
F1,v2e2_ea69a5744fe4489919e6,e2bv2_ee50862513a4cdbf07e4,qwen_flash,C1,battery_only,global_distance_optimum_lp_integral,5163.750005124835,0.0,1,0,True,332.964765656805,0.019092625007033348,battery_action_and_mode_correction,0.0
F1,v2e2_ea69a5744fe4489919e6,e2bv2_ee50862513a4cdbf07e4,qwen_flash,C1,expanded_system,global_distance_optimum_lp_integral,5163.750005124835,0.0,1,0,True,332.964765656805,0.0184639579965733,battery_action_and_mode_correction,0.0
F1,v2e2_ea69a5744fe4489919e6,e2bv2_ee50862513a4cdbf07e4,qwen_flash,C2,battery_only,global_distance_optimum_lp_integral,5163.750005124835,0.0,1,0,True,332.964765656805,0.019092625007033348,battery_action_and_mode_correction,0.0
F1,v2e2_ea69a5744fe4489919e6,e2bv2_ee50862513a4cdbf07e4,qwen_flash,C2,expanded_system,global_distance_optimum_lp_integral,5163.750005124835,0.0,1,0,True,332.964765656805,0.0184639579965733,battery_action_and_mode_correction,0.0
F1,v2e2_ea69a5744fe4489919e6,e2bv2_ee50862513a4cdbf07e4,qwen_flash,S1,battery_only,feasible_mode_library_upper_bound,5162.5001,0.0,10,0,True,327.35317242890744,0.012875334010459483,battery_action_and_mode_correction,0.0
F1,v2e2_ea69a5744fe4489919e6,e2bv2_ee50862513a4cdbf07e4,qwen_flash,S1,expanded_system,feasible_mode_library_upper_bound,5162.5001,0.0,10,0,True,327.3531724289074,0.013022833009017631,battery_action_and_mode_correction,0.0
F1,v2e2_ea69a5744fe4489919e6,e2bv2_ee50862513a4cdbf07e4,qwen_flash,S2,battery_only,feasible_mode_library_upper_bound,5162.5001,0.0,10,0,True,327.35317242890744,0.012875334010459483,battery_action_and_mode_correction,0.0
F1,v2e2_ea69a5744fe4489919e6,e2bv2_ee50862513a4cdbf07e4,qwen_flash,S2,expanded_system,feasible_mode_library_upper_bound,5162.5001,0.0,10,0,True,327.3531724289074,0.013022833009017631,battery_action_and_mode_correction,0.0
F1,v2e2_eabe3c90461f173e872b,e2bv2_6f189c0a63425c25daf9,qwen_flash,C1,battery_only,global_distance_optimum_lp_integral,5809.210531440625,0.0,3,0,True,301.72470665360186,0.021286958013661206,battery_action_and_mode_correction,0.0
F1,v2e2_eabe3c90461f173e872b,e2bv2_6f189c0a63425c25daf9,qwen_flash,C1,expanded_system,global_distance_optimum_lp_integral,5809.210531440625,0.0,3,0,True,301.72470665360186,0.021781667019240558,battery_action_and_mode_correction,0.0
F1,v2e2_eabe3c90461f173e872b,e2bv2_6f189c0a63425c25daf9,qwen_flash,C2,battery_only,global_distance_optimum_lp_integral,5809.210531440625,0.0,3,0,True,301.72470665360186,0.021286958013661206,battery_action_and_mode_correction,0.0
F1,v2e2_eabe3c90461f173e872b,e2bv2_6f189c0a63425c25daf9,qwen_flash,C2,expanded_system,global_distance_optimum_lp_integral,5809.210531440625,0.0,3,0,True,301.72470665360186,0.021781667019240558,battery_action_and_mode_correction,0.0
F1,v2e2_eabe3c90461f173e872b,e2bv2_6f189c0a63425c25daf9,qwen_flash,S1,battery_only,global_distance_optimum_lp_integral,5809.210531440625,0.0,3,0,True,301.72470665360186,0.021286958013661206,battery_action_and_mode_correction,0.0
F1,v2e2_eabe3c90461f173e872b,e2bv2_6f189c0a63425c25daf9,qwen_flash,S1,expanded_system,global_distance_optimum_lp_integral,5809.210531440625,0.0,3,0,True,301.72470665360186,0.021781667019240558,battery_action_and_mode_correction,0.0
F1,v2e2_eabe3c90461f173e872b,e2bv2_6f189c0a63425c25daf9,qwen_flash,S2,battery_only,global_distance_optimum_lp_integral,5809.210531440625,0.0,3,0,True,301.72470665360186,0.021286958013661206,battery_action_and_mode_correction,0.0
F1,v2e2_eabe3c90461f173e872b,e2bv2_6f189c0a63425c25daf9,qwen_flash,S2,expanded_system,global_distance_optimum_lp_integral,5809.210531440625,0.0,3,0,True,301.72470665360186,0.021781667019240558,battery_action_and_mode_correction,0.0
F1,v2e2_eeaa2f40bad66efc8c57,e2bv2_97f971894961663ca81d,qwen_flash,C1,battery_only,global_distance_optimum_lp_integral,5416.71052631579,0.0,4,0,True,316.78808647676533,0.02143583301221952,battery_action_and_mode_correction,0.0
F1,v2e2_eeaa2f40bad66efc8c57,e2bv2_97f971894961663ca81d,qwen_flash,C1,expanded_system,global_distance_optimum_lp_integral,5416.71052631579,0.0,4,0,True,316.78808647676533,0.02274458299507387,battery_action_and_mode_correction,0.0
F1,v2e2_eeaa2f40bad66efc8c57,e2bv2_97f971894961663ca81d,qwen_flash,C2,battery_only,global_distance_optimum_lp_integral,5416.71052631579,0.0,4,0,True,316.78808647676533,0.02143583301221952,battery_action_and_mode_correction,0.0
F1,v2e2_eeaa2f40bad66efc8c57,e2bv2_97f971894961663ca81d,qwen_flash,C2,expanded_system,global_distance_optimum_lp_integral,5416.71052631579,0.0,4,0,True,316.78808647676533,0.02274458299507387,battery_action_and_mode_correction,0.0
F1,v2e2_eeaa2f40bad66efc8c57,e2bv2_97f971894961663ca81d,qwen_flash,S1,battery_only,global_distance_optimum_lp_integral,5416.71052631579,0.0,4,0,True,316.78808647676533,0.02143583301221952,battery_action_and_mode_correction,0.0
F1,v2e2_eeaa2f40bad66efc8c57,e2bv2_97f971894961663ca81d,qwen_flash,S1,expanded_system,global_distance_optimum_lp_integral,5416.71052631579,0.0,4,0,True,316.78808647676533,0.02274458299507387,battery_action_and_mode_correction,0.0
F1,v2e2_eeaa2f40bad66efc8c57,e2bv2_97f971894961663ca81d,qwen_flash,S2,battery_only,global_distance_optimum_lp_integral,5416.71052631579,0.0,4,0,True,316.78808647676533,0.02143583301221952,battery_action_and_mode_correction,0.0
F1,v2e2_eeaa2f40bad66efc8c57,e2bv2_97f971894961663ca81d,qwen_flash,S2,expanded_system,global_distance_optimum_lp_integral,5416.71052631579,0.0,4,0,True,316.78808647676533,0.02274458299507387,battery_action_and_mode_correction,0.0
F1,v2e2_eefa2a6aa00281c6d0de,e2bv2_655a350b899a51313c0b,qwen_flash,C1,battery_only,global_distance_optimum_lp_integral,5651.31579459852,0.0,1,0,True,647.9590759134833,0.02214908300084062,battery_action_and_mode_correction,0.0
F1,v2e2_eefa2a6aa00281c6d0de,e2bv2_655a350b899a51313c0b,qwen_flash,C1,expanded_system,global_distance_optimum_lp_integral,5651.31579459852,0.0,1,0,True,647.9590759134833,0.021347208006773144,battery_action_and_mode_correction,0.0
F1,v2e2_eefa2a6aa00281c6d0de,e2bv2_655a350b899a51313c0b,qwen_flash,C2,battery_only,global_distance_optimum_lp_integral,5651.31579459852,0.0,1,0,True,647.9590759134833,0.02214908300084062,battery_action_and_mode_correction,0.0
F1,v2e2_eefa2a6aa00281c6d0de,e2bv2_655a350b899a51313c0b,qwen_flash,C2,expanded_system,global_distance_optimum_lp_integral,5651.31579459852,0.0,1,0,True,647.9590759134833,0.021347208006773144,battery_action_and_mode_correction,0.0
F1,v2e2_eefa2a6aa00281c6d0de,e2bv2_655a350b899a51313c0b,qwen_flash,S1,battery_only,global_distance_optimum_lp_integral,5651.31579459852,0.0,1,0,True,647.9590759134833,0.02214908300084062,battery_action_and_mode_correction,0.0
F1,v2e2_eefa2a6aa00281c6d0de,e2bv2_655a350b899a51313c0b,qwen_flash,S1,expanded_system,global_distance_optimum_lp_integral,5651.31579459852,0.0,1,0,True,647.9590759134833,0.021347208006773144,battery_action_and_mode_correction,0.0
F1,v2e2_eefa2a6aa00281c6d0de,e2bv2_655a350b899a51313c0b,qwen_flash,S2,battery_only,global_distance_optimum_lp_integral,5651.31579459852,0.0,1,0,True,647.9590759134833,0.02214908300084062,battery_action_and_mode_correction,0.0
F1,v2e2_eefa2a6aa00281c6d0de,e2bv2_655a350b899a51313c0b,qwen_flash,S2,expanded_system,global_distance_optimum_lp_integral,5651.31579459852,0.0,1,0,True,647.9590759134833,0.021347208006773144,battery_action_and_mode_correction,0.0
F1,v2e2_f5ed58c9117bb14967a8,e2bv2_9c4060405a974598b4e7,qwen_flash,C1,battery_only,global_distance_optimum_lp_integral,4734.210531440625,0.0,4,0,True,366.6098611590923,0.021360749989980832,battery_action_and_mode_correction,0.0
F1,v2e2_f5ed58c9117bb14967a8,e2bv2_9c4060405a974598b4e7,qwen_flash,C1,expanded_system,global_distance_optimum_lp_integral,4734.210531440625,0.0,4,0,True,366.6098611590923,0.02281500000390224,battery_action_and_mode_correction,0.0
F1,v2e2_f5ed58c9117bb14967a8,e2bv2_9c4060405a974598b4e7,qwen_flash,C2,battery_only,feasible_mode_library_upper_bound,4354.5001,0.0,3,0,True,365.93510727649436,0.01441299999714829,battery_action_and_mode_correction,0.0
F1,v2e2_f5ed58c9117bb14967a8,e2bv2_9c4060405a974598b4e7,qwen_flash,C2,expanded_system,feasible_mode_library_upper_bound,4354.5001,0.0,3,0,True,365.93510727649436,0.013424750010017306,battery_action_and_mode_correction,0.0
F1,v2e2_f5ed58c9117bb14967a8,e2bv2_9c4060405a974598b4e7,qwen_flash,S1,battery_only,global_distance_optimum_lp_integral,4734.210531440625,0.0,4,0,True,366.6098611590923,0.021360749989980832,battery_action_and_mode_correction,0.0
F1,v2e2_f5ed58c9117bb14967a8,e2bv2_9c4060405a974598b4e7,qwen_flash,S1,expanded_system,global_distance_optimum_lp_integral,4734.210531440625,0.0,4,0,True,366.6098611590923,0.02281500000390224,battery_action_and_mode_correction,0.0
F1,v2e2_f5ed58c9117bb14967a8,e2bv2_9c4060405a974598b4e7,qwen_flash,S2,battery_only,global_distance_optimum_lp_integral,4734.210531440625,0.0,4,0,True,366.6098611590923,0.021360749989980832,battery_action_and_mode_correction,0.0
F1,v2e2_f5ed58c9117bb14967a8,e2bv2_9c4060405a974598b4e7,qwen_flash,S2,expanded_system,global_distance_optimum_lp_integral,4734.210531440625,0.0,4,0,True,366.6098611590923,0.02281500000390224,battery_action_and_mode_correction,0.0
F1,v2e2_f60d5d4b26a4ec302fa4,e2bv2_90ca24d952905ebcbd31,qwen_flash,C1,battery_only,global_distance_optimum_lp_integral,5720.394741966941,0.0,3,0,True,229.36579975374272,0.021307666989741847,battery_action_and_mode_correction,0.0
F1,v2e2_f60d5d4b26a4ec302fa4,e2bv2_90ca24d952905ebcbd31,qwen_flash,C1,expanded_system,global_distance_optimum_lp_integral,5720.394741966941,0.0,3,0,True,229.36579975374272,0.021270958008244634,battery_action_and_mode_correction,0.0
F1,v2e2_f60d5d4b26a4ec302fa4,e2bv2_90ca24d952905ebcbd31,qwen_flash,C2,battery_only,global_distance_optimum_lp_integral,5720.394741966941,0.0,3,0,True,229.36579975374272,0.021307666989741847,battery_action_and_mode_correction,0.0
F1,v2e2_f60d5d4b26a4ec302fa4,e2bv2_90ca24d952905ebcbd31,qwen_flash,C2,expanded_system,global_distance_optimum_lp_integral,5720.394741966941,0.0,3,0,True,229.36579975374272,0.021270958008244634,battery_action_and_mode_correction,0.0
F1,v2e2_f60d5d4b26a4ec302fa4,e2bv2_90ca24d952905ebcbd31,qwen_flash,S1,battery_only,feasible_mode_library_upper_bound,3949.53135,0.0,1,0,True,228.0058362880665,0.016014791995985433,battery_action_and_mode_correction,0.0
F1,v2e2_f60d5d4b26a4ec302fa4,e2bv2_90ca24d952905ebcbd31,qwen_flash,S1,expanded_system,feasible_mode_library_upper_bound,3949.53135,0.0,1,0,True,228.00583628806652,0.014552583015756682,battery_action_and_mode_correction,0.0
F1,v2e2_f60d5d4b26a4ec302fa4,e2bv2_90ca24d952905ebcbd31,qwen_flash,S2,battery_only,global_distance_optimum_lp_integral,5720.394741966941,0.0,3,0,True,229.36579975374272,0.021307666989741847,battery_action_and_mode_correction,0.0
F1,v2e2_f60d5d4b26a4ec302fa4,e2bv2_90ca24d952905ebcbd31,qwen_flash,S2,expanded_system,global_distance_optimum_lp_integral,5720.394741966941,0.0,3,0,True,229.36579975374272,0.021270958008244634,battery_action_and_mode_correction,0.0
F1,v2e2_ff7d4d179a2e6d483137,e2bv2_0a17bfd746dc8ad8a01e,qwen_flash,C1,battery_only,global_distance_optimum_lp_integral,5663.750005124835,0.0,1,0,True,634.0075492734704,0.02237191700260155,battery_action_and_mode_correction,0.0
F1,v2e2_ff7d4d179a2e6d483137,e2bv2_0a17bfd746dc8ad8a01e,qwen_flash,C1,expanded_system,global_distance_optimum_lp_integral,5663.750005124835,0.0,1,0,True,634.0075492734704,0.02263895800570026,battery_action_and_mode_correction,0.0
F1,v2e2_ff7d4d179a2e6d483137,e2bv2_0a17bfd746dc8ad8a01e,qwen_flash,C2,battery_only,global_distance_optimum_lp_integral,5663.750005124835,0.0,1,0,True,634.0075492734704,0.02237191700260155,battery_action_and_mode_correction,0.0
F1,v2e2_ff7d4d179a2e6d483137,e2bv2_0a17bfd746dc8ad8a01e,qwen_flash,C2,expanded_system,global_distance_optimum_lp_integral,5663.750005124835,0.0,1,0,True,634.0075492734704,0.02263895800570026,battery_action_and_mode_correction,0.0
F1,v2e2_ff7d4d179a2e6d483137,e2bv2_0a17bfd746dc8ad8a01e,qwen_flash,S1,battery_only,global_distance_optimum_lp_integral,5663.750005124835,0.0,1,0,True,634.0075492734704,0.02237191700260155,battery_action_and_mode_correction,0.0
F1,v2e2_ff7d4d179a2e6d483137,e2bv2_0a17bfd746dc8ad8a01e,qwen_flash,S1,expanded_system,global_distance_optimum_lp_integral,5663.750005124835,0.0,1,0,True,634.0075492734704,0.02263895800570026,battery_action_and_mode_correction,0.0
F1,v2e2_ff7d4d179a2e6d483137,e2bv2_0a17bfd746dc8ad8a01e,qwen_flash,S2,battery_only,global_distance_optimum_lp_integral,5663.750005124835,0.0,1,0,True,634.0075492734704,0.02237191700260155,battery_action_and_mode_correction,0.0
F1,v2e2_ff7d4d179a2e6d483137,e2bv2_0a17bfd746dc8ad8a01e,qwen_flash,S2,expanded_system,global_distance_optimum_lp_integral,5663.750005124835,0.0,1,0,True,634.0075492734704,0.02263895800570026,battery_action_and_mode_correction,0.0
F0,v2e2_01647af4ab413aad9430,qwen37f0_1ce6e32bc06aa7dc6f53,qwen37_plus_direct,C1,battery_only,global_distance_optimum_lp_integral,112.3948368421058,0.0,0,0,True,709.1442132303749,0.017339499987429008,battery_magnitude_or_timing_correction,0.0
F0,v2e2_01647af4ab413aad9430,qwen37f0_1ce6e32bc06aa7dc6f53,qwen37_plus_direct,C1,expanded_system,global_distance_optimum_lp_integral,112.3948368421058,0.0,0,0,True,709.1442132303749,0.017695957998512313,battery_magnitude_or_timing_correction,0.0
F0,v2e2_01647af4ab413aad9430,qwen37f0_1ce6e32bc06aa7dc6f53,qwen37_plus_direct,C2,battery_only,global_distance_optimum_lp_integral,112.3948368421058,0.0,0,0,True,709.1442132303749,0.017339499987429008,battery_magnitude_or_timing_correction,0.0
F0,v2e2_01647af4ab413aad9430,qwen37f0_1ce6e32bc06aa7dc6f53,qwen37_plus_direct,C2,expanded_system,global_distance_optimum_lp_integral,112.3948368421058,0.0,0,0,True,709.1442132303749,0.017695957998512313,battery_magnitude_or_timing_correction,0.0
F0,v2e2_01647af4ab413aad9430,qwen37f0_1ce6e32bc06aa7dc6f53,qwen37_plus_direct,S1,battery_only,global_distance_optimum_lp_integral,83.50233684210566,0.0,0,0,True,709.8804162855249,0.017411916982382536,battery_magnitude_or_timing_correction,0.0
F0,v2e2_01647af4ab413aad9430,qwen37f0_1ce6e32bc06aa7dc6f53,qwen37_plus_direct,S1,expanded_system,global_distance_optimum_lp_integral,83.50233684210566,0.0,0,0,True,709.8804162855249,0.016669541015289724,battery_magnitude_or_timing_correction,0.0
F0,v2e2_01647af4ab413aad9430,qwen37f0_1ce6e32bc06aa7dc6f53,qwen37_plus_direct,S2,battery_only,feasible_mode_library_upper_bound,563.3445529085867,0.0,9,0,True,709.9669899441355,0.01586633297847584,battery_action_and_mode_correction,0.0
F0,v2e2_01647af4ab413aad9430,qwen37f0_1ce6e32bc06aa7dc6f53,qwen37_plus_direct,S2,expanded_system,feasible_mode_library_upper_bound,563.3445529085867,0.0,9,0,True,709.9669899441355,0.014662625006167218,battery_action_and_mode_correction,0.0
F1,v2e2_01647af4ab413aad9430,qwen37f1_e67624d3f156005e407e,qwen37_plus_direct,C1,battery_only,feasible_mode_library_upper_bound,179.1690750692521,0.0,1,0,True,711.2403978276915,0.016238082986092195,battery_action_and_mode_correction,0.0
F1,v2e2_01647af4ab413aad9430,qwen37f1_e67624d3f156005e407e,qwen37_plus_direct,C1,expanded_system,feasible_mode_library_upper_bound,179.1690750692521,0.0,1,0,True,711.2403978276915,0.015689749998273328,battery_action_and_mode_correction,0.0
F1,v2e2_01647af4ab413aad9430,qwen37f1_e67624d3f156005e407e,qwen37_plus_direct,C2,battery_only,global_distance_optimum_lp_integral,112.3948368421058,0.0,0,0,True,709.1442132303749,0.017339499987429008,battery_magnitude_or_timing_correction,0.0
F1,v2e2_01647af4ab413aad9430,qwen37f1_e67624d3f156005e407e,qwen37_plus_direct,C2,expanded_system,global_distance_optimum_lp_integral,112.3948368421058,0.0,0,0,True,709.1442132303749,0.017695957998512313,battery_magnitude_or_timing_correction,0.0
F1,v2e2_01647af4ab413aad9430,qwen37f1_e67624d3f156005e407e,qwen37_plus_direct,S1,battery_only,global_distance_optimum_lp_integral,93.05733684210568,0.0,0,0,True,709.6369475586248,0.017724083008943126,battery_magnitude_or_timing_correction,0.0
F1,v2e2_01647af4ab413aad9430,qwen37f1_e67624d3f156005e407e,qwen37_plus_direct,S1,expanded_system,global_distance_optimum_lp_integral,93.05733684210568,0.0,0,0,True,709.6369475586248,0.01761795798665844,battery_magnitude_or_timing_correction,0.0
F1,v2e2_01647af4ab413aad9430,qwen37f1_e67624d3f156005e407e,qwen37_plus_direct,S2,battery_only,global_distance_optimum_lp_integral,83.50233684210566,0.0,0,0,True,709.8804162855249,0.017411916982382536,battery_magnitude_or_timing_correction,0.0
F1,v2e2_01647af4ab413aad9430,qwen37f1_e67624d3f156005e407e,qwen37_plus_direct,S2,expanded_system,global_distance_optimum_lp_integral,83.50233684210566,0.0,0,0,True,709.8804162855249,0.016669541015289724,battery_magnitude_or_timing_correction,0.0
F0,v2e2_07ecea8c63a586f9fa3b,qwen37f0_fd885bbff4141c9825da,qwen37_plus_direct,C1,battery_only,global_distance_optimum_lp_integral,226.15759999999983,0.0,0,0,True,474.9560873099409,0.015116499998839572,battery_magnitude_or_timing_correction,0.0
F0,v2e2_07ecea8c63a586f9fa3b,qwen37f0_fd885bbff4141c9825da,qwen37_plus_direct,C1,expanded_system,global_distance_optimum_lp_integral,226.15759999999983,0.0,0,0,True,474.9560873099409,0.014989165996666998,battery_magnitude_or_timing_correction,0.0
F0,v2e2_07ecea8c63a586f9fa3b,qwen37f0_fd885bbff4141c9825da,qwen37_plus_direct,C2,battery_only,global_distance_optimum_lp_integral,237.25009999999983,0.0,1,0,True,474.9549554848194,0.014399042003788054,battery_action_and_mode_correction,0.0
F0,v2e2_07ecea8c63a586f9fa3b,qwen37f0_fd885bbff4141c9825da,qwen37_plus_direct,C2,expanded_system,global_distance_optimum_lp_integral,237.25009999999983,0.0,1,0,True,474.9549554848194,0.015348332992289215,battery_action_and_mode_correction,0.0
F0,v2e2_07ecea8c63a586f9fa3b,qwen37f0_fd885bbff4141c9825da,qwen37_plus_direct,S1,battery_only,feasible_mode_library_upper_bound,558.4172052631579,0.0,2,0,True,475.4795528233494,0.013356499985093251,battery_action_and_mode_correction,0.0
F0,v2e2_07ecea8c63a586f9fa3b,qwen37f0_fd885bbff4141c9825da,qwen37_plus_direct,S1,expanded_system,feasible_mode_library_upper_bound,558.4172052631579,0.0,2,0,True,475.4795528233494,0.013917583011789247,battery_action_and_mode_correction,0.0
F0,v2e2_07ecea8c63a586f9fa3b,qwen37f0_fd885bbff4141c9825da,qwen37_plus_direct,S2,battery_only,feasible_mode_library_upper_bound,558.4172052631579,0.0,2,0,True,475.4795528233494,0.013356499985093251,battery_action_and_mode_correction,0.0
F0,v2e2_07ecea8c63a586f9fa3b,qwen37f0_fd885bbff4141c9825da,qwen37_plus_direct,S2,expanded_system,feasible_mode_library_upper_bound,558.4172052631579,0.0,2,0,True,475.4795528233494,0.013917583011789247,battery_action_and_mode_correction,0.0
F1,v2e2_07ecea8c63a586f9fa3b,qwen37f1_49f6c905ac62acd4334f,qwen37_plus_direct,C1,battery_only,global_distance_optimum_lp_integral,520.0001,0.0,1,0,True,474.93622386981934,0.015219499997328967,battery_action_and_mode_correction,0.0
F1,v2e2_07ecea8c63a586f9fa3b,qwen37f1_49f6c905ac62acd4334f,qwen37_plus_direct,C1,expanded_system,global_distance_optimum_lp_integral,520.0001,0.0,1,0,True,474.93622386981934,0.014905084011843428,battery_action_and_mode_correction,0.0
F1,v2e2_07ecea8c63a586f9fa3b,qwen37f1_49f6c905ac62acd4334f,qwen37_plus_direct,C2,battery_only,global_distance_optimum_lp_integral,237.25009999999983,0.0,1,0,True,474.9549554848194,0.014399042003788054,battery_action_and_mode_correction,0.0
F1,v2e2_07ecea8c63a586f9fa3b,qwen37f1_49f6c905ac62acd4334f,qwen37_plus_direct,C2,expanded_system,global_distance_optimum_lp_integral,237.25009999999983,0.0,1,0,True,474.9549554848194,0.015348332992289215,battery_action_and_mode_correction,0.0
F1,v2e2_07ecea8c63a586f9fa3b,qwen37f1_49f6c905ac62acd4334f,qwen37_plus_direct,S1,battery_only,feasible_mode_library_upper_bound,558.4172052631579,0.0,2,0,True,475.4795528233494,0.013356499985093251,battery_action_and_mode_correction,0.0
F1,v2e2_07ecea8c63a586f9fa3b,qwen37f1_49f6c905ac62acd4334f,qwen37_plus_direct,S1,expanded_system,feasible_mode_library_upper_bound,558.4172052631579,0.0,2,0,True,475.4795528233494,0.013917583011789247,battery_action_and_mode_correction,0.0
F1,v2e2_07ecea8c63a586f9fa3b,qwen37f1_49f6c905ac62acd4334f,qwen37_plus_direct,S2,battery_only,feasible_mode_library_upper_bound,5442.96885,0.0,4,0,True,474.747740656803,0.013475375017151237,battery_action_and_mode_correction,0.0
F1,v2e2_07ecea8c63a586f9fa3b,qwen37f1_49f6c905ac62acd4334f,qwen37_plus_direct,S2,expanded_system,feasible_mode_library_upper_bound,5442.96885,0.0,4,0,True,474.747740656803,0.013999832997797057,battery_action_and_mode_correction,0.0
F0,v2e2_12b72852882928644d40,qwen37f0_3dc0af9594d02e1dc109,qwen37_plus_direct,C1,battery_only,feasible_mode_library_upper_bound,487.4828302631579,0.0,4,0,True,241.09575356810984,0.01352704199962318,battery_action_and_mode_correction,-0.609375
F0,v2e2_12b72852882928644d40,qwen37f0_3dc0af9594d02e1dc109,qwen37_plus_direct,C1,expanded_system,feasible_mode_library_upper_bound,488.0922052631579,0.0,4,0,True,241.64425333013278,0.013611417001811787,battery_action_and_mode_correction,-0.609375
F0,v2e2_12b72852882928644d40,qwen37f0_3dc0af9594d02e1dc109,qwen37_plus_direct,C2,battery_only,global_distance_optimum_lp_integral,4.815889473683194,0.0,0,0,True,240.35618269667617,0.01656079202075489,battery_magnitude_or_timing_correction,0.0
F0,v2e2_12b72852882928644d40,qwen37f0_3dc0af9594d02e1dc109,qwen37_plus_direct,C2,expanded_system,global_distance_optimum_lp_integral,4.815889473683194,0.0,0,0,True,240.35618269667617,0.017577791993971914,battery_magnitude_or_timing_correction,0.0
F0,v2e2_12b72852882928644d40,qwen37f0_3dc0af9594d02e1dc109,qwen37_plus_direct,S1,battery_only,feasible_mode_library_upper_bound,336.43015540166203,0.0,2,0,True,241.57193457575866,0.013921000005211681,battery_action_and_mode_correction,5.684341886080802e-14
F0,v2e2_12b72852882928644d40,qwen37f0_3dc0af9594d02e1dc109,qwen37_plus_direct,S1,expanded_system,feasible_mode_library_upper_bound,336.430155401662,0.0,2,0,True,241.33232652658359,0.013494917016942054,battery_action_and_mode_correction,5.684341886080802e-14
F0,v2e2_12b72852882928644d40,qwen37f0_3dc0af9594d02e1dc109,qwen37_plus_direct,S2,battery_only,feasible_mode_library_upper_bound,336.43015540166203,0.0,2,0,True,241.57193457575866,0.013921000005211681,battery_action_and_mode_correction,5.684341886080802e-14
F0,v2e2_12b72852882928644d40,qwen37f0_3dc0af9594d02e1dc109,qwen37_plus_direct,S2,expanded_system,feasible_mode_library_upper_bound,336.430155401662,0.0,2,0,True,241.33232652658359,0.013494917016942054,battery_action_and_mode_correction,5.684341886080802e-14
F1,v2e2_12b72852882928644d40,qwen37f1_f89f6500a768ca00cca8,qwen37_plus_direct,C1,battery_only,feasible_mode_library_upper_bound,487.4828302631579,0.0,4,0,True,241.09575356810984,0.01352704199962318,battery_action_and_mode_correction,-0.609375
F1,v2e2_12b72852882928644d40,qwen37f1_f89f6500a768ca00cca8,qwen37_plus_direct,C1,expanded_system,feasible_mode_library_upper_bound,488.0922052631579,0.0,4,0,True,241.64425333013278,0.013611417001811787,battery_action_and_mode_correction,-0.609375
F1,v2e2_12b72852882928644d40,qwen37f1_f89f6500a768ca00cca8,qwen37_plus_direct,C2,battery_only,feasible_mode_library_upper_bound,36.67931052631579,0.0,0,0,True,240.37664473313978,0.015147042024182156,battery_magnitude_or_timing_correction,0.0
F1,v2e2_12b72852882928644d40,qwen37f1_f89f6500a768ca00cca8,qwen37_plus_direct,C2,expanded_system,feasible_mode_library_upper_bound,36.67931052631579,0.0,0,0,True,240.37664473313978,0.014660040993476287,battery_magnitude_or_timing_correction,0.0
F1,v2e2_12b72852882928644d40,qwen37f1_f89f6500a768ca00cca8,qwen37_plus_direct,S1,battery_only,feasible_mode_library_upper_bound,336.43015540166203,0.0,2,0,True,241.57193457575866,0.013921000005211681,battery_action_and_mode_correction,5.684341886080802e-14
F1,v2e2_12b72852882928644d40,qwen37f1_f89f6500a768ca00cca8,qwen37_plus_direct,S1,expanded_system,feasible_mode_library_upper_bound,336.430155401662,0.0,2,0,True,241.33232652658359,0.013494917016942054,battery_action_and_mode_correction,5.684341886080802e-14
F1,v2e2_12b72852882928644d40,qwen37f1_f89f6500a768ca00cca8,qwen37_plus_direct,S2,battery_only,feasible_mode_library_upper_bound,336.43015540166203,0.0,2,0,True,241.57193457575866,0.013921000005211681,battery_action_and_mode_correction,5.684341886080802e-14
F1,v2e2_12b72852882928644d40,qwen37f1_f89f6500a768ca00cca8,qwen37_plus_direct,S2,expanded_system,feasible_mode_library_upper_bound,336.430155401662,0.0,2,0,True,241.33232652658359,0.013494917016942054,battery_action_and_mode_correction,5.684341886080802e-14
F0,v2e2_16b5f26ad506f7afac02,qwen37f0_af0e8b5712f44d5eec65,qwen37_plus_direct,C1,battery_only,feasible_mode_library_upper_bound,338.0922052631579,0.0,2,0,True,237.1948287568572,0.013537167018512264,battery_action_and_mode_correction,0.0
F0,v2e2_16b5f26ad506f7afac02,qwen37f0_af0e8b5712f44d5eec65,qwen37_plus_direct,C1,expanded_system,feasible_mode_library_upper_bound,338.0922052631579,0.0,2,0,True,237.1948287568572,0.013592499977676198,battery_action_and_mode_correction,0.0
F0,v2e2_16b5f26ad506f7afac02,qwen37f0_af0e8b5712f44d5eec65,qwen37_plus_direct,C2,battery_only,feasible_mode_library_upper_bound,338.0922052631579,0.0,2,0,True,237.1948287568572,0.013537167018512264,battery_action_and_mode_correction,0.0
F0,v2e2_16b5f26ad506f7afac02,qwen37f0_af0e8b5712f44d5eec65,qwen37_plus_direct,C2,expanded_system,feasible_mode_library_upper_bound,338.0922052631579,0.0,2,0,True,237.1948287568572,0.013592499977676198,battery_action_and_mode_correction,0.0
F0,v2e2_16b5f26ad506f7afac02,qwen37f0_af0e8b5712f44d5eec65,qwen37_plus_direct,S1,battery_only,feasible_mode_library_upper_bound,344.3413552631577,0.0,3,0,True,236.97822951748407,0.014051792008103803,battery_action_and_mode_correction,0.0
F0,v2e2_16b5f26ad506f7afac02,qwen37f0_af0e8b5712f44d5eec65,qwen37_plus_direct,S1,expanded_system,feasible_mode_library_upper_bound,344.3413552631577,0.0,3,0,True,236.97822951748407,0.013954207999631763,battery_action_and_mode_correction,0.0
F0,v2e2_16b5f26ad506f7afac02,qwen37f0_af0e8b5712f44d5eec65,qwen37_plus_direct,S2,battery_only,feasible_mode_library_upper_bound,685.715127700831,0.0,4,0,True,236.44752883535824,0.014307708013802767,battery_action_and_mode_correction,6.752077562326804
F0,v2e2_16b5f26ad506f7afac02,qwen37f0_af0e8b5712f44d5eec65,qwen37_plus_direct,S2,expanded_system,feasible_mode_library_upper_bound,678.9630501385042,0.0,5,0,True,237.8915548250879,0.013805875001708046,battery_action_and_mode_correction,6.752077562326804
F1,v2e2_16b5f26ad506f7afac02,qwen37f1_3e0c5f963e869ad9b952,qwen37_plus_direct,C1,battery_only,feasible_mode_library_upper_bound,344.3413552631577,0.0,3,0,True,236.97822951748407,0.014051792008103803,battery_action_and_mode_correction,0.0
F1,v2e2_16b5f26ad506f7afac02,qwen37f1_3e0c5f963e869ad9b952,qwen37_plus_direct,C1,expanded_system,feasible_mode_library_upper_bound,344.3413552631577,0.0,3,0,True,236.97822951748407,0.013954207999631763,battery_action_and_mode_correction,0.0
F1,v2e2_16b5f26ad506f7afac02,qwen37f1_3e0c5f963e869ad9b952,qwen37_plus_direct,C2,battery_only,feasible_mode_library_upper_bound,338.0922052631579,0.0,2,0,True,237.1948287568572,0.013537167018512264,battery_action_and_mode_correction,0.0
F1,v2e2_16b5f26ad506f7afac02,qwen37f1_3e0c5f963e869ad9b952,qwen37_plus_direct,C2,expanded_system,feasible_mode_library_upper_bound,338.0922052631579,0.0,2,0,True,237.1948287568572,0.013592499977676198,battery_action_and_mode_correction,0.0
F1,v2e2_16b5f26ad506f7afac02,qwen37f1_3e0c5f963e869ad9b952,qwen37_plus_direct,S1,battery_only,global_distance_optimum_lp_integral,72.84483684210508,0.0,0,0,True,237.06625776780004,0.015382082987343892,battery_magnitude_or_timing_correction,0.0
F1,v2e2_16b5f26ad506f7afac02,qwen37f1_3e0c5f963e869ad9b952,qwen37_plus_direct,S1,expanded_system,global_distance_optimum_lp_integral,72.84483684210508,0.0,0,0,True,237.06625776780004,0.016317666973918676,battery_magnitude_or_timing_correction,0.0
F1,v2e2_16b5f26ad506f7afac02,qwen37f1_3e0c5f963e869ad9b952,qwen37_plus_direct,S2,battery_only,feasible_mode_library_upper_bound,338.0922052631579,0.0,2,0,True,237.1948287568572,0.013537167018512264,battery_action_and_mode_correction,0.0
F1,v2e2_16b5f26ad506f7afac02,qwen37f1_3e0c5f963e869ad9b952,qwen37_plus_direct,S2,expanded_system,feasible_mode_library_upper_bound,338.0922052631579,0.0,2,0,True,237.1948287568572,0.013592499977676198,battery_action_and_mode_correction,0.0
F0,v2e2_16c288d882ac6a326385,qwen37f0_790d8a3bd0010dd2deb7,qwen37_plus_direct,C1,battery_only,feasible_mode_library_upper_bound,178.92115263157942,0.0,0,0,True,410.69534430369515,0.015853165998123586,battery_magnitude_or_timing_correction,0.0
F0,v2e2_16c288d882ac6a326385,qwen37f0_790d8a3bd0010dd2deb7,qwen37_plus_direct,C1,expanded_system,feasible_mode_library_upper_bound,178.92115263157942,0.0,0,0,True,410.69534430369515,0.015720374998636544,battery_magnitude_or_timing_correction,0.0
F0,v2e2_16c288d882ac6a326385,qwen37f0_790d8a3bd0010dd2deb7,qwen37_plus_direct,C2,battery_only,feasible_mode_library_upper_bound,178.92115263157942,0.0,0,0,True,410.69534430369515,0.015853165998123586,battery_magnitude_or_timing_correction,0.0
F0,v2e2_16c288d882ac6a326385,qwen37f0_790d8a3bd0010dd2deb7,qwen37_plus_direct,C2,expanded_system,feasible_mode_library_upper_bound,178.92115263157942,0.0,0,0,True,410.69534430369515,0.015720374998636544,battery_magnitude_or_timing_correction,0.0
F0,v2e2_16c288d882ac6a326385,qwen37f0_790d8a3bd0010dd2deb7,qwen37_plus_direct,S1,battery_only,feasible_mode_library_upper_bound,243.32115263157874,0.0,0,0,True,410.56989544921197,0.016238292009802535,battery_magnitude_or_timing_correction,0.0
F0,v2e2_16c288d882ac6a326385,qwen37f0_790d8a3bd0010dd2deb7,qwen37_plus_direct,S1,expanded_system,feasible_mode_library_upper_bound,243.32115263157874,0.0,0,0,True,410.56989544921197,0.015531957993516698,battery_magnitude_or_timing_correction,0.0
F0,v2e2_16c288d882ac6a326385,qwen37f0_790d8a3bd0010dd2deb7,qwen37_plus_direct,S2,battery_only,feasible_mode_library_upper_bound,243.32115263157874,0.0,0,0,True,410.56989544921197,0.016238292009802535,battery_magnitude_or_timing_correction,0.0
F0,v2e2_16c288d882ac6a326385,qwen37f0_790d8a3bd0010dd2deb7,qwen37_plus_direct,S2,expanded_system,feasible_mode_library_upper_bound,243.32115263157874,0.0,0,0,True,410.56989544921197,0.015531957993516698,battery_magnitude_or_timing_correction,0.0
F1,v2e2_16c288d882ac6a326385,qwen37f1_cb0b4a938591b59e7598,qwen37_plus_direct,C1,battery_only,feasible_mode_library_upper_bound,178.92115263157942,0.0,0,0,True,410.69534430369515,0.015853165998123586,battery_magnitude_or_timing_correction,0.0
F1,v2e2_16c288d882ac6a326385,qwen37f1_cb0b4a938591b59e7598,qwen37_plus_direct,C1,expanded_system,feasible_mode_library_upper_bound,178.92115263157942,0.0,0,0,True,410.69534430369515,0.015720374998636544,battery_magnitude_or_timing_correction,0.0
F1,v2e2_16c288d882ac6a326385,qwen37f1_cb0b4a938591b59e7598,qwen37_plus_direct,C2,battery_only,feasible_mode_library_upper_bound,178.92115263157942,0.0,0,0,True,410.69534430369515,0.015853165998123586,battery_magnitude_or_timing_correction,0.0
F1,v2e2_16c288d882ac6a326385,qwen37f1_cb0b4a938591b59e7598,qwen37_plus_direct,C2,expanded_system,feasible_mode_library_upper_bound,178.92115263157942,0.0,0,0,True,410.69534430369515,0.015720374998636544,battery_magnitude_or_timing_correction,0.0
F1,v2e2_16c288d882ac6a326385,qwen37f1_cb0b4a938591b59e7598,qwen37_plus_direct,S1,battery_only,feasible_mode_library_upper_bound,243.32115263157874,0.0,0,0,True,410.56989544921197,0.016238292009802535,battery_magnitude_or_timing_correction,0.0
F1,v2e2_16c288d882ac6a326385,qwen37f1_cb0b4a938591b59e7598,qwen37_plus_direct,S1,expanded_system,feasible_mode_library_upper_bound,243.32115263157874,0.0,0,0,True,410.56989544921197,0.015531957993516698,battery_magnitude_or_timing_correction,0.0
F1,v2e2_16c288d882ac6a326385,qwen37f1_cb0b4a938591b59e7598,qwen37_plus_direct,S2,battery_only,global_distance_optimum_lp_integral,94.08904736842129,0.0,0,0,True,409.53351464490044,0.017995208007050678,battery_magnitude_or_timing_correction,5.684341886080802e-14
F1,v2e2_16c288d882ac6a326385,qwen37f1_cb0b4a938591b59e7598,qwen37_plus_direct,S2,expanded_system,global_distance_optimum_lp_integral,94.08904736842123,0.0,0,0,True,409.53351464490044,0.01731516601284966,battery_magnitude_or_timing_correction,5.684341886080802e-14
F1,v2e2_1a991ca6b21c0ed79241,qwen37f1_a41f3c6598a3f69c732d,qwen37_plus_direct,C1,battery_only,feasible_mode_library_upper_bound,1.1543105263139601,0.0,0,0,True,358.81211163553655,0.014036209002370015,battery_magnitude_or_timing_correction,0.0
F1,v2e2_1a991ca6b21c0ed79241,qwen37f1_a41f3c6598a3f69c732d,qwen37_plus_direct,C1,expanded_system,feasible_mode_library_upper_bound,1.1543105263139601,0.0,0,0,True,358.81211163553655,0.014788667001994327,battery_magnitude_or_timing_correction,0.0
F1,v2e2_1a991ca6b21c0ed79241,qwen37f1_a41f3c6598a3f69c732d,qwen37_plus_direct,C2,battery_only,feasible_mode_library_upper_bound,5.049310526317157,0.0,0,0,True,358.80444610226147,0.015262417000485584,battery_magnitude_or_timing_correction,0.0
F1,v2e2_1a991ca6b21c0ed79241,qwen37f1_a41f3c6598a3f69c732d,qwen37_plus_direct,C2,expanded_system,feasible_mode_library_upper_bound,5.049310526317157,0.0,0,0,True,358.80444610226147,0.014701749983942136,battery_magnitude_or_timing_correction,0.0
F1,v2e2_1a991ca6b21c0ed79241,qwen37f1_a41f3c6598a3f69c732d,qwen37_plus_direct,S1,battery_only,feasible_mode_library_upper_bound,161.25931052631634,0.0,0,0,True,358.57275716996713,0.012988000002223998,battery_magnitude_or_timing_correction,0.0
F1,v2e2_1a991ca6b21c0ed79241,qwen37f1_a41f3c6598a3f69c732d,qwen37_plus_direct,S1,expanded_system,feasible_mode_library_upper_bound,161.25931052631634,0.0,0,0,True,358.57275716996713,0.01361304201418534,battery_magnitude_or_timing_correction,0.0
F1,v2e2_1a991ca6b21c0ed79241,qwen37f1_a41f3c6598a3f69c732d,qwen37_plus_direct,S2,battery_only,feasible_mode_library_upper_bound,5.049310526317157,0.0,0,0,True,358.80444610226147,0.015262417000485584,battery_magnitude_or_timing_correction,0.0
F1,v2e2_1a991ca6b21c0ed79241,qwen37f1_a41f3c6598a3f69c732d,qwen37_plus_direct,S2,expanded_system,feasible_mode_library_upper_bound,5.049310526317157,0.0,0,0,True,358.80444610226147,0.014701749983942136,battery_magnitude_or_timing_correction,0.0
F0,v2e2_1fd8536d13787e44dc17,qwen37f0_435de2ad5ee8eee720d3,qwen37_plus_direct,C1,battery_only,global_distance_optimum_lp_integral,538.7500051248358,0.0,1,0,True,285.2203958101474,0.015412124979775399,expanded_curtailment_used_without_distance_reduction,0.0
F0,v2e2_1fd8536d13787e44dc17,qwen37f0_435de2ad5ee8eee720d3,qwen37_plus_direct,C1,expanded_system,global_distance_optimum_lp_integral,538.7500051248358,367.38582175,1,0,True,283.4606177239649,0.015434415981872007,expanded_curtailment_used_without_distance_reduction,0.0
F0,v2e2_1fd8536d13787e44dc17,qwen37f0_435de2ad5ee8eee720d3,qwen37_plus_direct,C2,battery_only,global_distance_optimum_lp_integral,538.7500051248358,0.0,1,0,True,285.2203958101474,0.015412124979775399,expanded_curtailment_used_without_distance_reduction,0.0
F0,v2e2_1fd8536d13787e44dc17,qwen37f0_435de2ad5ee8eee720d3,qwen37_plus_direct,C2,expanded_system,global_distance_optimum_lp_integral,538.7500051248358,367.38582175,1,0,True,283.4606177239649,0.015434415981872007,expanded_curtailment_used_without_distance_reduction,0.0
F0,v2e2_1fd8536d13787e44dc17,qwen37f0_435de2ad5ee8eee720d3,qwen37_plus_direct,S1,battery_only,feasible_mode_library_upper_bound,560.5922052631579,0.0,5,0,True,285.0736027209782,0.015025417000288144,expanded_curtailment_reduces_battery_correction,0.609375
F0,v2e2_1fd8536d13787e44dc17,qwen37f0_435de2ad5ee8eee720d3,qwen37_plus_direct,S1,expanded_system,feasible_mode_library_upper_bound,559.9828302631579,367.38582175,6,0,True,282.25848377928924,0.014986124995630234,expanded_curtailment_reduces_battery_correction,0.609375
F0,v2e2_1fd8536d13787e44dc17,qwen37f0_435de2ad5ee8eee720d3,qwen37_plus_direct,S2,battery_only,feasible_mode_library_upper_bound,560.5922052631579,0.0,5,0,True,285.0736027209782,0.015025417000288144,expanded_curtailment_reduces_battery_correction,0.609375
F0,v2e2_1fd8536d13787e44dc17,qwen37f0_435de2ad5ee8eee720d3,qwen37_plus_direct,S2,expanded_system,feasible_mode_library_upper_bound,559.9828302631579,367.38582175,6,0,True,282.25848377928924,0.014986124995630234,expanded_curtailment_reduces_battery_correction,0.609375
F1,v2e2_1fd8536d13787e44dc17,qwen37f1_69544ce973d15392cd7a,qwen37_plus_direct,C1,battery_only,global_distance_optimum_lp_integral,538.7500051248358,0.0,1,0,True,285.2203958101474,0.015412124979775399,expanded_curtailment_used_without_distance_reduction,0.0
F1,v2e2_1fd8536d13787e44dc17,qwen37f1_69544ce973d15392cd7a,qwen37_plus_direct,C1,expanded_system,global_distance_optimum_lp_integral,538.7500051248358,367.38582175,1,0,True,283.4606177239649,0.015434415981872007,expanded_curtailment_used_without_distance_reduction,0.0
F1,v2e2_1fd8536d13787e44dc17,qwen37f1_69544ce973d15392cd7a,qwen37_plus_direct,C2,battery_only,global_distance_optimum_lp_integral,538.7500051248358,0.0,1,0,True,285.2203958101474,0.015412124979775399,expanded_curtailment_used_without_distance_reduction,0.0
F1,v2e2_1fd8536d13787e44dc17,qwen37f1_69544ce973d15392cd7a,qwen37_plus_direct,C2,expanded_system,global_distance_optimum_lp_integral,538.7500051248358,367.38582175,1,0,True,283.4606177239649,0.015434415981872007,expanded_curtailment_used_without_distance_reduction,0.0
F1,v2e2_1fd8536d13787e44dc17,qwen37f1_69544ce973d15392cd7a,qwen37_plus_direct,S1,battery_only,feasible_mode_library_upper_bound,560.5922052631579,0.0,5,0,True,285.0736027209782,0.015025417000288144,expanded_curtailment_reduces_battery_correction,0.609375
F1,v2e2_1fd8536d13787e44dc17,qwen37f1_69544ce973d15392cd7a,qwen37_plus_direct,S1,expanded_system,feasible_mode_library_upper_bound,559.9828302631579,367.38582175,6,0,True,282.25848377928924,0.014986124995630234,expanded_curtailment_reduces_battery_correction,0.609375
F1,v2e2_1fd8536d13787e44dc17,qwen37f1_69544ce973d15392cd7a,qwen37_plus_direct,S2,battery_only,feasible_mode_library_upper_bound,953.0443936288113,0.0,5,0,True,283.870863355327,0.015003667009295896,expanded_curtailment_used_without_distance_reduction,0.0
F1,v2e2_1fd8536d13787e44dc17,qwen37f1_69544ce973d15392cd7a,qwen37_plus_direct,S2,expanded_system,feasible_mode_library_upper_bound,953.0443936288113,367.38582175,5,0,True,282.11108526914455,0.01577754199388437,expanded_curtailment_used_without_distance_reduction,0.0
F0,v2e2_20534de655a33fde87ca,qwen37f0_6a190c0d081e6b1e37f7,qwen37_plus_direct,C1,battery_only,global_distance_optimum_lp_integral,140.4011025062647,0.0,0,0,True,300.02750267488835,0.01772183401044458,battery_magnitude_or_timing_correction,0.0
F0,v2e2_20534de655a33fde87ca,qwen37f0_6a190c0d081e6b1e37f7,qwen37_plus_direct,C1,expanded_system,global_distance_optimum_lp_integral,140.4011025062647,0.0,0,0,True,300.02750267488835,0.018072125007165596,battery_magnitude_or_timing_correction,0.0
F0,v2e2_20534de655a33fde87ca,qwen37f0_6a190c0d081e6b1e37f7,qwen37_plus_direct,C2,battery_only,feasible_mode_library_upper_bound,252.78957368421007,0.0,1,0,True,301.0329073916983,0.015780916990479454,battery_action_and_mode_correction,0.0
F0,v2e2_20534de655a33fde87ca,qwen37f0_6a190c0d081e6b1e37f7,qwen37_plus_direct,C2,expanded_system,feasible_mode_library_upper_bound,252.78957368421007,0.0,1,0,True,301.0329073916983,0.015458125009899959,battery_action_and_mode_correction,0.0
F0,v2e2_20534de655a33fde87ca,qwen37f0_6a190c0d081e6b1e37f7,qwen37_plus_direct,S1,battery_only,global_distance_optimum_lp_integral,109.23062631578996,0.0,0,0,True,300.56592601733604,0.017076290998375043,battery_magnitude_or_timing_correction,0.0
F0,v2e2_20534de655a33fde87ca,qwen37f0_6a190c0d081e6b1e37f7,qwen37_plus_direct,S1,expanded_system,global_distance_optimum_lp_integral,109.23062631578996,0.0,0,0,True,300.56592601733604,0.01810950000071898,battery_magnitude_or_timing_correction,0.0
F0,v2e2_20534de655a33fde87ca,qwen37f0_6a190c0d081e6b1e37f7,qwen37_plus_direct,S2,battery_only,global_distance_optimum_lp_integral,146.7206263157897,0.0,0,0,True,299.91834235563607,0.03580104099819437,battery_magnitude_or_timing_correction,-5.684341886080802e-14
F0,v2e2_20534de655a33fde87ca,qwen37f0_6a190c0d081e6b1e37f7,qwen37_plus_direct,S2,expanded_system,global_distance_optimum_lp_integral,146.72062631578976,0.0,0,0,True,299.91834235563607,0.017586832982487977,battery_magnitude_or_timing_correction,-5.684341886080802e-14
F1,v2e2_20534de655a33fde87ca,qwen37f1_d559ea0106d370f9fb5f,qwen37_plus_direct,C1,battery_only,feasible_mode_library_upper_bound,252.78957368421007,0.0,1,0,True,301.0329073916983,0.015780916990479454,battery_action_and_mode_correction,0.0
F1,v2e2_20534de655a33fde87ca,qwen37f1_d559ea0106d370f9fb5f,qwen37_plus_direct,C1,expanded_system,feasible_mode_library_upper_bound,252.78957368421007,0.0,1,0,True,301.0329073916983,0.015458125009899959,battery_action_and_mode_correction,0.0
F1,v2e2_20534de655a33fde87ca,qwen37f1_d559ea0106d370f9fb5f,qwen37_plus_direct,C2,battery_only,global_distance_optimum_lp_integral,140.7406263157907,0.0,0,0,True,300.0216379090361,0.01816750000580214,battery_magnitude_or_timing_correction,0.0
F1,v2e2_20534de655a33fde87ca,qwen37f1_d559ea0106d370f9fb5f,qwen37_plus_direct,C2,expanded_system,global_distance_optimum_lp_integral,140.7406263157907,0.0,0,0,True,300.0216379090361,0.017009208007948473,battery_magnitude_or_timing_correction,0.0
F1,v2e2_20534de655a33fde87ca,qwen37f1_d559ea0106d370f9fb5f,qwen37_plus_direct,S1,battery_only,global_distance_optimum_lp_integral,146.7206263157897,0.0,0,0,True,299.91834235563607,0.03580104099819437,battery_magnitude_or_timing_correction,-5.684341886080802e-14
F1,v2e2_20534de655a33fde87ca,qwen37f1_d559ea0106d370f9fb5f,qwen37_plus_direct,S1,expanded_system,global_distance_optimum_lp_integral,146.72062631578976,0.0,0,0,True,299.91834235563607,0.017586832982487977,battery_magnitude_or_timing_correction,-5.684341886080802e-14
F1,v2e2_20534de655a33fde87ca,qwen37f1_d559ea0106d370f9fb5f,qwen37_plus_direct,S2,battery_only,global_distance_optimum_lp_integral,146.7206263157897,0.0,0,0,True,299.91834235563607,0.03580104099819437,battery_magnitude_or_timing_correction,-5.684341886080802e-14
F1,v2e2_20534de655a33fde87ca,qwen37f1_d559ea0106d370f9fb5f,qwen37_plus_direct,S2,expanded_system,global_distance_optimum_lp_integral,146.72062631578976,0.0,0,0,True,299.91834235563607,0.017586832982487977,battery_magnitude_or_timing_correction,-5.684341886080802e-14
F1,v2e2_25e030e6613f44a39649,qwen37f1_55c1de52ece5fb0ef642,qwen37_plus_direct,C1,battery_only,feasible_mode_library_upper_bound,220.35536315789503,0.0,0,0,True,196.92254749501862,0.015252208017045632,battery_magnitude_or_timing_correction,0.0
F1,v2e2_25e030e6613f44a39649,qwen37f1_55c1de52ece5fb0ef642,qwen37_plus_direct,C1,expanded_system,feasible_mode_library_upper_bound,220.35536315789503,0.0,0,0,True,196.92254749501862,0.01649899999029003,battery_magnitude_or_timing_correction,0.0
F1,v2e2_25e030e6613f44a39649,qwen37f1_55c1de52ece5fb0ef642,qwen37_plus_direct,C2,battery_only,feasible_mode_library_upper_bound,388.0922052631579,0.0,2,0,True,197.08846969377137,0.016275583009701222,battery_action_and_mode_correction,0.0
F1,v2e2_25e030e6613f44a39649,qwen37f1_55c1de52ece5fb0ef642,qwen37_plus_direct,C2,expanded_system,feasible_mode_library_upper_bound,388.0922052631579,0.0,2,0,True,197.08846969377137,0.014571042003808543,battery_action_and_mode_correction,0.0
F1,v2e2_25e030e6613f44a39649,qwen37f1_55c1de52ece5fb0ef642,qwen37_plus_direct,S1,battery_only,feasible_mode_library_upper_bound,64.60536315789474,0.0,0,0,True,197.03539133751863,0.015179374982835725,battery_magnitude_or_timing_correction,0.0
F1,v2e2_25e030e6613f44a39649,qwen37f1_55c1de52ece5fb0ef642,qwen37_plus_direct,S1,expanded_system,feasible_mode_library_upper_bound,64.60536315789474,0.0,0,0,True,197.03539133751863,0.01515862499945797,battery_magnitude_or_timing_correction,0.0
F1,v2e2_25e030e6613f44a39649,qwen37f1_55c1de52ece5fb0ef642,qwen37_plus_direct,S2,battery_only,feasible_mode_library_upper_bound,388.0922052631579,0.0,2,0,True,197.08846969377137,0.016275583009701222,battery_action_and_mode_correction,0.0
F1,v2e2_25e030e6613f44a39649,qwen37f1_55c1de52ece5fb0ef642,qwen37_plus_direct,S2,expanded_system,feasible_mode_library_upper_bound,388.0922052631579,0.0,2,0,True,197.08846969377137,0.014571042003808543,battery_action_and_mode_correction,0.0
F0,v2e2_28d9724eea09520d5cd7,qwen37f0_2af3869e046374defe64,qwen37_plus_direct,C1,battery_only,feasible_mode_library_upper_bound,3336.105363157895,0.0,1,0,True,266.87858592571433,0.018590332998428494,battery_action_and_mode_correction,0.0
F0,v2e2_28d9724eea09520d5cd7,qwen37f0_2af3869e046374defe64,qwen37_plus_direct,C1,expanded_system,feasible_mode_library_upper_bound,3336.105363157895,0.0,1,0,True,266.8785859257144,0.01945274998433888,battery_action_and_mode_correction,0.0
F0,v2e2_28d9724eea09520d5cd7,qwen37f0_2af3869e046374defe64,qwen37_plus_direct,C2,battery_only,global_distance_optimum_lp_integral,135.0948368421055,0.0,2,0,True,261.2339981580993,0.017594083008589223,battery_action_and_mode_correction,0.0
F0,v2e2_28d9724eea09520d5cd7,qwen37f0_2af3869e046374defe64,qwen37_plus_direct,C2,expanded_system,global_distance_optimum_lp_integral,135.0948368421055,0.0,2,0,True,261.2339981580993,0.017515957995783538,battery_action_and_mode_correction,0.0
F0,v2e2_28d9724eea09520d5cd7,qwen37f0_2af3869e046374defe64,qwen37_plus_direct,S1,battery_only,feasible_mode_library_upper_bound,1695.2346567867048,0.0,4,0,True,261.9622172638983,0.01436999998986721,battery_action_and_mode_correction,-1.317142624654025
F0,v2e2_28d9724eea09520d5cd7,qwen37f0_2af3869e046374defe64,qwen37_plus_direct,S1,expanded_system,feasible_mode_library_upper_bound,1696.5517994113588,0.0,4,0,True,260.81830442335666,0.0144055419950746,battery_action_and_mode_correction,-1.317142624654025
F0,v2e2_28d9724eea09520d5cd7,qwen37f0_2af3869e046374defe64,qwen37_plus_direct,S2,battery_only,feasible_mode_library_upper_bound,217.11286315789488,0.0,0,0,True,263.44660422692954,0.015527707990258932,battery_magnitude_or_timing_correction,0.0
F0,v2e2_28d9724eea09520d5cd7,qwen37f0_2af3869e046374defe64,qwen37_plus_direct,S2,expanded_system,feasible_mode_library_upper_bound,217.11286315789488,0.0,0,0,True,263.44660422692954,0.015390082990052179,battery_magnitude_or_timing_correction,0.0
F1,v2e2_28d9724eea09520d5cd7,qwen37f1_043c12b7330e60ca555b,qwen37_plus_direct,C1,battery_only,feasible_mode_library_upper_bound,3618.2357668749974,0.0,2,0,True,260.59590463041553,0.013619417004520074,battery_action_and_mode_correction,0.0
F1,v2e2_28d9724eea09520d5cd7,qwen37f1_043c12b7330e60ca555b,qwen37_plus_direct,C1,expanded_system,feasible_mode_library_upper_bound,3618.2357668749974,0.0,2,0,True,260.5959046304155,0.013274041994009167,battery_action_and_mode_correction,0.0
F1,v2e2_28d9724eea09520d5cd7,qwen37f1_043c12b7330e60ca555b,qwen37_plus_direct,C2,battery_only,feasible_mode_library_upper_bound,3618.2134374999996,0.0,2,0,True,260.59592596714555,0.01391412498196587,battery_action_and_mode_correction,0.0
F1,v2e2_28d9724eea09520d5cd7,qwen37f1_043c12b7330e60ca555b,qwen37_plus_direct,C2,expanded_system,feasible_mode_library_upper_bound,3618.2134374999996,0.0,2,0,True,260.59592596714555,0.013503042020602152,battery_action_and_mode_correction,0.0
F1,v2e2_28d9724eea09520d5cd7,qwen37f1_043c12b7330e60ca555b,qwen37_plus_direct,S1,battery_only,feasible_mode_library_upper_bound,221.05036315789513,0.0,0,0,True,263.4069954737421,0.015268874994944781,battery_magnitude_or_timing_correction,0.0
F1,v2e2_28d9724eea09520d5cd7,qwen37f1_043c12b7330e60ca555b,qwen37_plus_direct,S1,expanded_system,feasible_mode_library_upper_bound,221.05036315789513,0.0,0,0,True,263.4069954737421,0.01555400001234375,battery_magnitude_or_timing_correction,0.0
F1,v2e2_28d9724eea09520d5cd7,qwen37f1_043c12b7330e60ca555b,qwen37_plus_direct,S2,battery_only,feasible_mode_library_upper_bound,217.11286315789488,0.0,0,0,True,263.44660422692954,0.015527707990258932,battery_magnitude_or_timing_correction,0.0
F1,v2e2_28d9724eea09520d5cd7,qwen37f1_043c12b7330e60ca555b,qwen37_plus_direct,S2,expanded_system,feasible_mode_library_upper_bound,217.11286315789488,0.0,0,0,True,263.44660422692954,0.015390082990052179,battery_magnitude_or_timing_correction,0.0
F1,v2e2_31906e8fff0262a0bd53,qwen37f1_e441f463386f128f1075,qwen37_plus_direct,C1,battery_only,feasible_mode_library_upper_bound,217.00536315789446,0.0,1,0,True,364.3180425143654,0.016315958026098087,battery_action_and_mode_correction,0.0
F1,v2e2_31906e8fff0262a0bd53,qwen37f1_e441f463386f128f1075,qwen37_plus_direct,C1,expanded_system,feasible_mode_library_upper_bound,217.00536315789446,0.0,1,0,True,364.3180425143654,0.015780209010699764,battery_action_and_mode_correction,0.0
F1,v2e2_31906e8fff0262a0bd53,qwen37f1_e441f463386f128f1075,qwen37_plus_direct,C2,battery_only,feasible_mode_library_upper_bound,217.00536315789446,0.0,1,0,True,364.3180425143654,0.016315958026098087,battery_action_and_mode_correction,0.0
F1,v2e2_31906e8fff0262a0bd53,qwen37f1_e441f463386f128f1075,qwen37_plus_direct,C2,expanded_system,feasible_mode_library_upper_bound,217.00536315789446,0.0,1,0,True,364.3180425143654,0.015780209010699764,battery_action_and_mode_correction,0.0
F1,v2e2_31906e8fff0262a0bd53,qwen37f1_e441f463386f128f1075,qwen37_plus_direct,S1,battery_only,global_distance_optimum_lp_integral,120.40483684210548,0.0,0,0,True,363.9734332394058,0.017617875011637807,battery_magnitude_or_timing_correction,-5.684341886080802e-14
F1,v2e2_31906e8fff0262a0bd53,qwen37f1_e441f463386f128f1075,qwen37_plus_direct,S1,expanded_system,global_distance_optimum_lp_integral,120.40483684210554,0.0,0,0,True,363.9734332394058,0.018470042006811127,battery_magnitude_or_timing_correction,-5.684341886080802e-14
F1,v2e2_31906e8fff0262a0bd53,qwen37f1_e441f463386f128f1075,qwen37_plus_direct,S2,battery_only,global_distance_optimum_lp_integral,120.40483684210548,0.0,0,0,True,363.9734332394058,0.017617875011637807,battery_magnitude_or_timing_correction,-5.684341886080802e-14
F1,v2e2_31906e8fff0262a0bd53,qwen37f1_e441f463386f128f1075,qwen37_plus_direct,S2,expanded_system,global_distance_optimum_lp_integral,120.40483684210554,0.0,0,0,True,363.9734332394058,0.018470042006811127,battery_magnitude_or_timing_correction,-5.684341886080802e-14
F1,v2e2_394e89f7d166924e9409,qwen37f1_a308bdf50eab9a3e3f68,qwen37_plus_direct,C1,battery_only,global_distance_optimum_lp_integral,83.2748368421056,0.0,0,0,True,683.3644102087163,0.018280667020007968,battery_magnitude_or_timing_correction,0.0
F1,v2e2_394e89f7d166924e9409,qwen37f1_a308bdf50eab9a3e3f68,qwen37_plus_direct,C1,expanded_system,global_distance_optimum_lp_integral,83.2748368421056,0.0,0,0,True,683.3644102087163,0.01733137498376891,battery_magnitude_or_timing_correction,0.0
F1,v2e2_394e89f7d166924e9409,qwen37f1_a308bdf50eab9a3e3f68,qwen37_plus_direct,C2,battery_only,global_distance_optimum_lp_integral,83.2748368421056,0.0,0,0,True,683.3644102087163,0.018280667020007968,battery_magnitude_or_timing_correction,0.0
F1,v2e2_394e89f7d166924e9409,qwen37f1_a308bdf50eab9a3e3f68,qwen37_plus_direct,C2,expanded_system,global_distance_optimum_lp_integral,83.2748368421056,0.0,0,0,True,683.3644102087163,0.01733137498376891,battery_magnitude_or_timing_correction,0.0
F1,v2e2_394e89f7d166924e9409,qwen37f1_a308bdf50eab9a3e3f68,qwen37_plus_direct,S1,battery_only,feasible_mode_library_upper_bound,400.5922052631579,0.0,2,0,True,684.4171402163217,0.016368667013011873,battery_action_and_mode_correction,0.0
F1,v2e2_394e89f7d166924e9409,qwen37f1_a308bdf50eab9a3e3f68,qwen37_plus_direct,S1,expanded_system,feasible_mode_library_upper_bound,400.5922052631579,0.0,2,0,True,684.4171402163219,0.015500916983000934,battery_action_and_mode_correction,0.0
F1,v2e2_394e89f7d166924e9409,qwen37f1_a308bdf50eab9a3e3f68,qwen37_plus_direct,S2,battery_only,feasible_mode_library_upper_bound,400.5922052631579,0.0,2,0,True,684.4171402163217,0.016368667013011873,battery_action_and_mode_correction,0.0
F1,v2e2_394e89f7d166924e9409,qwen37f1_a308bdf50eab9a3e3f68,qwen37_plus_direct,S2,expanded_system,feasible_mode_library_upper_bound,400.5922052631579,0.0,2,0,True,684.4171402163219,0.015500916983000934,battery_action_and_mode_correction,0.0
F1,v2e2_4029a98e7ae402335d31,qwen37f1_011f732c105348b17496,qwen37_plus_direct,C1,battery_only,feasible_mode_library_upper_bound,217.0053631578945,0.0,0,0,True,202.39410360549053,0.01579345902428031,battery_magnitude_or_timing_correction,-2.842170943040401e-14
F1,v2e2_4029a98e7ae402335d31,qwen37f1_011f732c105348b17496,qwen37_plus_direct,C1,expanded_system,feasible_mode_library_upper_bound,217.00536315789452,0.0,0,0,True,202.39410360549053,0.014436083991313353,battery_magnitude_or_timing_correction,-2.842170943040401e-14
F1,v2e2_4029a98e7ae402335d31,qwen37f1_011f732c105348b17496,qwen37_plus_direct,C2,battery_only,feasible_mode_library_upper_bound,217.0053631578945,0.0,0,0,True,202.39410360549053,0.01579345902428031,battery_magnitude_or_timing_correction,-2.842170943040401e-14
F1,v2e2_4029a98e7ae402335d31,qwen37f1_011f732c105348b17496,qwen37_plus_direct,C2,expanded_system,feasible_mode_library_upper_bound,217.00536315789452,0.0,0,0,True,202.39410360549053,0.014436083991313353,battery_magnitude_or_timing_correction,-2.842170943040401e-14
F1,v2e2_4029a98e7ae402335d31,qwen37f1_011f732c105348b17496,qwen37_plus_direct,S1,battery_only,feasible_mode_library_upper_bound,217.1042631578946,0.0,0,0,True,202.39364560013883,0.01554570798180066,battery_magnitude_or_timing_correction,0.0
F1,v2e2_4029a98e7ae402335d31,qwen37f1_011f732c105348b17496,qwen37_plus_direct,S1,expanded_system,feasible_mode_library_upper_bound,217.1042631578946,0.0,0,0,True,202.3936456001388,0.01582333300029859,battery_magnitude_or_timing_correction,0.0
F1,v2e2_4029a98e7ae402335d31,qwen37f1_011f732c105348b17496,qwen37_plus_direct,S2,battery_only,feasible_mode_library_upper_bound,217.09736315789513,0.0,0,0,True,202.39367755400045,0.035472125018713996,battery_magnitude_or_timing_correction,0.0
F1,v2e2_4029a98e7ae402335d31,qwen37f1_011f732c105348b17496,qwen37_plus_direct,S2,expanded_system,feasible_mode_library_upper_bound,217.09736315789513,0.0,0,0,True,202.39367755400048,0.015505666990065947,battery_magnitude_or_timing_correction,0.0
F0,v2e2_47a354a03084871e0ca3,qwen37f0_fdb70a084a3a1a08d9eb,qwen37_plus_direct,C1,battery_only,feasible_mode_library_upper_bound,418.0922052631579,0.0,2,0,True,240.01413262892302,0.015443584008608013,battery_action_and_mode_correction,0.0
F0,v2e2_47a354a03084871e0ca3,qwen37f0_fdb70a084a3a1a08d9eb,qwen37_plus_direct,C1,expanded_system,feasible_mode_library_upper_bound,418.0922052631579,0.0,2,0,True,240.01413262892302,0.01612408400978893,battery_action_and_mode_correction,0.0
F0,v2e2_47a354a03084871e0ca3,qwen37f0_fdb70a084a3a1a08d9eb,qwen37_plus_direct,C2,battery_only,feasible_mode_library_upper_bound,5475.78135,0.0,3,0,True,238.0871094077604,0.013675875001354143,battery_action_and_mode_correction,0.0
F0,v2e2_47a354a03084871e0ca3,qwen37f0_fdb70a084a3a1a08d9eb,qwen37_plus_direct,C2,expanded_system,feasible_mode_library_upper_bound,5475.78135,0.0,3,0,True,238.0871094077604,0.014533707988448441,battery_action_and_mode_correction,0.0
F0,v2e2_47a354a03084871e0ca3,qwen37f0_fdb70a084a3a1a08d9eb,qwen37_plus_direct,S1,battery_only,feasible_mode_library_upper_bound,418.0922052631579,0.0,2,0,True,240.01413262892302,0.015443584008608013,battery_action_and_mode_correction,0.0
F0,v2e2_47a354a03084871e0ca3,qwen37f0_fdb70a084a3a1a08d9eb,qwen37_plus_direct,S1,expanded_system,feasible_mode_library_upper_bound,418.0922052631579,0.0,2,0,True,240.01413262892302,0.01612408400978893,battery_action_and_mode_correction,0.0
F0,v2e2_47a354a03084871e0ca3,qwen37f0_fdb70a084a3a1a08d9eb,qwen37_plus_direct,S2,battery_only,global_distance_optimum_lp_integral,52.60404736842056,0.0,0,0,True,240.06871965840824,0.018255666975164786,battery_magnitude_or_timing_correction,0.0
F0,v2e2_47a354a03084871e0ca3,qwen37f0_fdb70a084a3a1a08d9eb,qwen37_plus_direct,S2,expanded_system,global_distance_optimum_lp_integral,52.60404736842056,0.0,0,0,True,240.06871965840824,0.018052625004202127,battery_magnitude_or_timing_correction,0.0
F1,v2e2_47a354a03084871e0ca3,qwen37f1_63357aaa83e19fa548a0,qwen37_plus_direct,C1,battery_only,feasible_mode_library_upper_bound,180.92115263157828,0.0,0,0,True,240.42491248460985,0.014889958023559302,battery_magnitude_or_timing_correction,0.0
F1,v2e2_47a354a03084871e0ca3,qwen37f1_63357aaa83e19fa548a0,qwen37_plus_direct,C1,expanded_system,feasible_mode_library_upper_bound,180.92115263157828,0.0,0,0,True,240.42491248460985,0.015485541021917015,battery_magnitude_or_timing_correction,0.0
F1,v2e2_47a354a03084871e0ca3,qwen37f1_63357aaa83e19fa548a0,qwen37_plus_direct,C2,battery_only,feasible_mode_library_upper_bound,180.72115263157875,0.0,0,0,True,240.4266054710765,0.01478108300943859,battery_magnitude_or_timing_correction,2.842170943040401e-14
F1,v2e2_47a354a03084871e0ca3,qwen37f1_63357aaa83e19fa548a0,qwen37_plus_direct,C2,expanded_system,feasible_mode_library_upper_bound,180.72115263157872,0.0,0,0,True,240.4266054710765,0.015715124987764284,battery_magnitude_or_timing_correction,2.842170943040401e-14
F1,v2e2_47a354a03084871e0ca3,qwen37f1_63357aaa83e19fa548a0,qwen37_plus_direct,S1,battery_only,feasible_mode_library_upper_bound,243.42865263157898,0.0,0,0,True,240.34184833137797,0.015273708995664492,battery_magnitude_or_timing_correction,0.0
F1,v2e2_47a354a03084871e0ca3,qwen37f1_63357aaa83e19fa548a0,qwen37_plus_direct,S1,expanded_system,feasible_mode_library_upper_bound,243.42865263157898,0.0,0,0,True,240.34184833137797,0.01459395801066421,battery_magnitude_or_timing_correction,0.0
F1,v2e2_47a354a03084871e0ca3,qwen37f1_63357aaa83e19fa548a0,qwen37_plus_direct,S2,battery_only,feasible_mode_library_upper_bound,418.0922052631579,0.0,2,0,True,240.01413262892302,0.015443584008608013,battery_action_and_mode_correction,0.0
F1,v2e2_47a354a03084871e0ca3,qwen37f1_63357aaa83e19fa548a0,qwen37_plus_direct,S2,expanded_system,feasible_mode_library_upper_bound,418.0922052631579,0.0,2,0,True,240.01413262892302,0.01612408400978893,battery_action_and_mode_correction,0.0
F1,v2e2_4bc783ae8ece976241af,qwen37f1_d133068b1e8df25bb6a2,qwen37_plus_direct,C1,battery_only,global_distance_optimum_lp_integral,526.2500051248358,0.0,1,0,True,270.18164150795224,0.01580233301501721,battery_action_and_mode_correction,0.0
F1,v2e2_4bc783ae8ece976241af,qwen37f1_d133068b1e8df25bb6a2,qwen37_plus_direct,C1,expanded_system,global_distance_optimum_lp_integral,526.2500051248358,0.0,1,0,True,270.18164150795224,0.014827582985162735,battery_action_and_mode_correction,0.0
F1,v2e2_4bc783ae8ece976241af,qwen37f1_d133068b1e8df25bb6a2,qwen37_plus_direct,C2,battery_only,global_distance_optimum_lp_integral,526.2500051248358,0.0,1,0,True,270.18164150795224,0.01580233301501721,battery_action_and_mode_correction,0.0
F1,v2e2_4bc783ae8ece976241af,qwen37f1_d133068b1e8df25bb6a2,qwen37_plus_direct,C2,expanded_system,global_distance_optimum_lp_integral,526.2500051248358,0.0,1,0,True,270.18164150795224,0.014827582985162735,battery_action_and_mode_correction,0.0
F1,v2e2_4bc783ae8ece976241af,qwen37f1_d133068b1e8df25bb6a2,qwen37_plus_direct,S1,battery_only,feasible_mode_library_upper_bound,98.41571737516443,0.0,1,0,True,270.1115699673867,0.013406167010543868,battery_action_and_mode_correction,0.0
F1,v2e2_4bc783ae8ece976241af,qwen37f1_d133068b1e8df25bb6a2,qwen37_plus_direct,S1,expanded_system,feasible_mode_library_upper_bound,98.41571737516443,0.0,1,0,True,270.1115699673867,0.013910834008129314,battery_action_and_mode_correction,0.0
F1,v2e2_4bc783ae8ece976241af,qwen37f1_d133068b1e8df25bb6a2,qwen37_plus_direct,S2,battery_only,feasible_mode_library_upper_bound,98.41571737516443,0.0,1,0,True,270.1115699673867,0.013406167010543868,battery_action_and_mode_correction,0.0
F1,v2e2_4bc783ae8ece976241af,qwen37f1_d133068b1e8df25bb6a2,qwen37_plus_direct,S2,expanded_system,feasible_mode_library_upper_bound,98.41571737516443,0.0,1,0,True,270.1115699673867,0.013910834008129314,battery_action_and_mode_correction,0.0
F1,v2e2_579d7046347071a2967e,qwen37f1_383f613114221f16240a,qwen37_plus_direct,C1,battery_only,global_distance_optimum_lp_integral,532.5001,0.0,1,0,True,482.617570599259,0.015823708003154024,battery_action_and_mode_correction,0.0
F1,v2e2_579d7046347071a2967e,qwen37f1_383f613114221f16240a,qwen37_plus_direct,C1,expanded_system,global_distance_optimum_lp_integral,532.5001,0.0,1,0,True,482.617570599259,0.015755458996864036,battery_action_and_mode_correction,0.0
F1,v2e2_579d7046347071a2967e,qwen37f1_383f613114221f16240a,qwen37_plus_direct,C2,battery_only,global_distance_optimum_lp_integral,532.5001,0.0,1,0,True,482.617570599259,0.015823708003154024,battery_action_and_mode_correction,0.0
F1,v2e2_579d7046347071a2967e,qwen37f1_383f613114221f16240a,qwen37_plus_direct,C2,expanded_system,global_distance_optimum_lp_integral,532.5001,0.0,1,0,True,482.617570599259,0.015755458996864036,battery_action_and_mode_correction,0.0
F1,v2e2_579d7046347071a2967e,qwen37f1_383f613114221f16240a,qwen37_plus_direct,S1,battery_only,feasible_mode_library_upper_bound,554.3422052631579,0.0,5,0,True,483.38292410146505,0.014443708001635969,battery_action_and_mode_correction,0.0
F1,v2e2_579d7046347071a2967e,qwen37f1_383f613114221f16240a,qwen37_plus_direct,S1,expanded_system,feasible_mode_library_upper_bound,554.3422052631579,0.0,5,0,True,483.38292410146505,0.014893665997078642,battery_action_and_mode_correction,0.0
F1,v2e2_579d7046347071a2967e,qwen37f1_383f613114221f16240a,qwen37_plus_direct,S2,battery_only,feasible_mode_library_upper_bound,554.3422052631579,0.0,5,0,True,483.38292410146505,0.014443708001635969,battery_action_and_mode_correction,0.0
F1,v2e2_579d7046347071a2967e,qwen37f1_383f613114221f16240a,qwen37_plus_direct,S2,expanded_system,feasible_mode_library_upper_bound,554.3422052631579,0.0,5,0,True,483.38292410146505,0.014893665997078642,battery_action_and_mode_correction,0.0
F1,v2e2_57ed2833756fcc2a81f4,qwen37f1_9d240b5f2e3af4418515,qwen37_plus_direct,C1,battery_only,feasible_mode_library_upper_bound,5365.78135,0.0,3,0,True,1080.3581077759438,0.014228666987037286,battery_action_and_mode_correction,0.0
F1,v2e2_57ed2833756fcc2a81f4,qwen37f1_9d240b5f2e3af4418515,qwen37_plus_direct,C1,expanded_system,feasible_mode_library_upper_bound,5365.78135,0.0,3,0,True,1080.3581077759438,0.013659541989909485,battery_action_and_mode_correction,0.0
F1,v2e2_57ed2833756fcc2a81f4,qwen37f1_9d240b5f2e3af4418515,qwen37_plus_direct,C2,battery_only,feasible_mode_library_upper_bound,5365.78135,0.0,3,0,True,1080.3581077759438,0.014228666987037286,battery_action_and_mode_correction,0.0
F1,v2e2_57ed2833756fcc2a81f4,qwen37f1_9d240b5f2e3af4418515,qwen37_plus_direct,C2,expanded_system,feasible_mode_library_upper_bound,5365.78135,0.0,3,0,True,1080.3581077759438,0.013659541989909485,battery_action_and_mode_correction,0.0
F1,v2e2_57ed2833756fcc2a81f4,qwen37f1_9d240b5f2e3af4418515,qwen37_plus_direct,S1,battery_only,feasible_mode_library_upper_bound,364.3422052631579,0.0,2,0,True,1092.4442097474655,0.015024541004095227,battery_action_and_mode_correction,0.0
F1,v2e2_57ed2833756fcc2a81f4,qwen37f1_9d240b5f2e3af4418515,qwen37_plus_direct,S1,expanded_system,feasible_mode_library_upper_bound,364.3422052631579,0.0,2,0,True,1092.4442097474655,0.01551866700174287,battery_action_and_mode_correction,0.0
F1,v2e2_57ed2833756fcc2a81f4,qwen37f1_9d240b5f2e3af4418515,qwen37_plus_direct,S2,battery_only,feasible_mode_library_upper_bound,364.3422052631579,0.0,2,0,True,1092.4442097474655,0.015024541004095227,battery_action_and_mode_correction,0.0
F1,v2e2_57ed2833756fcc2a81f4,qwen37f1_9d240b5f2e3af4418515,qwen37_plus_direct,S2,expanded_system,feasible_mode_library_upper_bound,364.3422052631579,0.0,2,0,True,1092.4442097474655,0.01551866700174287,battery_action_and_mode_correction,0.0
F1,v2e2_581afa30a65d6a5d08a5,qwen37f1_ad373a37404f00160e88,qwen37_plus_direct,C1,battery_only,global_distance_optimum_lp_integral,288.55009999999976,0.0,1,0,True,259.8985516940931,0.015971000015269965,battery_action_and_mode_correction,0.0
F1,v2e2_581afa30a65d6a5d08a5,qwen37f1_ad373a37404f00160e88,qwen37_plus_direct,C1,expanded_system,global_distance_optimum_lp_integral,288.55009999999976,0.0,1,0,True,259.8985516940931,0.015464208991033956,battery_action_and_mode_correction,0.0
F1,v2e2_581afa30a65d6a5d08a5,qwen37f1_ad373a37404f00160e88,qwen37_plus_direct,C2,battery_only,global_distance_optimum_lp_integral,286.75010000000054,0.0,1,0,True,259.8986002988931,0.015679458010708913,battery_action_and_mode_correction,0.0
F1,v2e2_581afa30a65d6a5d08a5,qwen37f1_ad373a37404f00160e88,qwen37_plus_direct,C2,expanded_system,global_distance_optimum_lp_integral,286.75010000000054,0.0,1,0,True,259.8986002988931,0.014984750014264137,battery_action_and_mode_correction,0.0
F1,v2e2_581afa30a65d6a5d08a5,qwen37f1_ad373a37404f00160e88,qwen37_plus_direct,S1,battery_only,feasible_mode_library_upper_bound,101.7322875000001,0.0,1,0,True,259.7722412884048,0.01312400001916103,battery_action_and_mode_correction,0.0
F1,v2e2_581afa30a65d6a5d08a5,qwen37f1_ad373a37404f00160e88,qwen37_plus_direct,S1,expanded_system,feasible_mode_library_upper_bound,101.7322875000001,0.0,1,0,True,259.7722412884048,0.013236166996648535,battery_action_and_mode_correction,0.0
F1,v2e2_581afa30a65d6a5d08a5,qwen37f1_ad373a37404f00160e88,qwen37_plus_direct,S2,battery_only,feasible_mode_library_upper_bound,736.0922052631583,0.0,5,0,True,258.26737647936534,0.015657040989026427,battery_action_and_mode_correction,19.900155124654134
F1,v2e2_581afa30a65d6a5d08a5,qwen37f1_ad373a37404f00160e88,qwen37_plus_direct,S2,expanded_system,feasible_mode_library_upper_bound,716.1920501385042,0.0,8,0,True,258.2947077160629,0.0155879580124747,battery_action_and_mode_correction,19.900155124654134
F0,v2e2_599ab783e7af2d598059,qwen37f0_81b93e378ed685d77d0c,qwen37_plus_direct,C1,battery_only,feasible_mode_library_upper_bound,535.9172052631578,0.0,1,0,True,333.01520278457264,0.014454040996497497,battery_action_and_mode_correction,0.0
F0,v2e2_599ab783e7af2d598059,qwen37f0_81b93e378ed685d77d0c,qwen37_plus_direct,C1,expanded_system,feasible_mode_library_upper_bound,535.9172052631578,0.0,1,0,True,333.01520278457264,0.015147041995078325,battery_action_and_mode_correction,0.0
F0,v2e2_599ab783e7af2d598059,qwen37f0_81b93e378ed685d77d0c,qwen37_plus_direct,C2,battery_only,feasible_mode_library_upper_bound,535.9172052631578,0.0,1,0,True,333.01520278457264,0.014454040996497497,battery_action_and_mode_correction,0.0
F0,v2e2_599ab783e7af2d598059,qwen37f0_81b93e378ed685d77d0c,qwen37_plus_direct,C2,expanded_system,feasible_mode_library_upper_bound,535.9172052631578,0.0,1,0,True,333.01520278457264,0.015147041995078325,battery_action_and_mode_correction,0.0
F0,v2e2_599ab783e7af2d598059,qwen37f0_81b93e378ed685d77d0c,qwen37_plus_direct,S1,battery_only,feasible_mode_library_upper_bound,535.9172052631578,0.0,1,0,True,333.01520278457264,0.014454040996497497,battery_action_and_mode_correction,0.0
F0,v2e2_599ab783e7af2d598059,qwen37f0_81b93e378ed685d77d0c,qwen37_plus_direct,S1,expanded_system,feasible_mode_library_upper_bound,535.9172052631578,0.0,1,0,True,333.01520278457264,0.015147041995078325,battery_action_and_mode_correction,0.0
F0,v2e2_599ab783e7af2d598059,qwen37f0_81b93e378ed685d77d0c,qwen37_plus_direct,S2,battery_only,feasible_mode_library_upper_bound,535.9172052631578,0.0,1,0,True,333.01520278457264,0.014454040996497497,battery_action_and_mode_correction,0.0
F0,v2e2_599ab783e7af2d598059,qwen37f0_81b93e378ed685d77d0c,qwen37_plus_direct,S2,expanded_system,feasible_mode_library_upper_bound,535.9172052631578,0.0,1,0,True,333.01520278457264,0.015147041995078325,battery_action_and_mode_correction,0.0
F1,v2e2_599ab783e7af2d598059,qwen37f1_f6a01d8d47b6708952df,qwen37_plus_direct,C1,battery_only,feasible_mode_library_upper_bound,535.9172052631578,0.0,1,0,True,333.01520278457264,0.014454040996497497,battery_action_and_mode_correction,0.0
F1,v2e2_599ab783e7af2d598059,qwen37f1_f6a01d8d47b6708952df,qwen37_plus_direct,C1,expanded_system,feasible_mode_library_upper_bound,535.9172052631578,0.0,1,0,True,333.01520278457264,0.015147041995078325,battery_action_and_mode_correction,0.0
F1,v2e2_599ab783e7af2d598059,qwen37f1_f6a01d8d47b6708952df,qwen37_plus_direct,C2,battery_only,feasible_mode_library_upper_bound,535.9172052631578,0.0,1,0,True,333.01520278457264,0.014454040996497497,battery_action_and_mode_correction,0.0
F1,v2e2_599ab783e7af2d598059,qwen37f1_f6a01d8d47b6708952df,qwen37_plus_direct,C2,expanded_system,feasible_mode_library_upper_bound,535.9172052631578,0.0,1,0,True,333.01520278457264,0.015147041995078325,battery_action_and_mode_correction,0.0
F1,v2e2_599ab783e7af2d598059,qwen37f1_f6a01d8d47b6708952df,qwen37_plus_direct,S1,battery_only,feasible_mode_library_upper_bound,535.9172052631578,0.0,1,0,True,333.01520278457264,0.014454040996497497,battery_action_and_mode_correction,0.0
F1,v2e2_599ab783e7af2d598059,qwen37f1_f6a01d8d47b6708952df,qwen37_plus_direct,S1,expanded_system,feasible_mode_library_upper_bound,535.9172052631578,0.0,1,0,True,333.01520278457264,0.015147041995078325,battery_action_and_mode_correction,0.0
F1,v2e2_599ab783e7af2d598059,qwen37f1_f6a01d8d47b6708952df,qwen37_plus_direct,S2,battery_only,feasible_mode_library_upper_bound,5647.91512770083,0.0,3,0,True,332.59297715063906,0.017774499981896952,battery_action_and_mode_correction,-3.647472299169749
F1,v2e2_599ab783e7af2d598059,qwen37f1_f6a01d8d47b6708952df,qwen37_plus_direct,S2,expanded_system,feasible_mode_library_upper_bound,5651.5626,0.0,2,0,True,331.89822476737316,0.013260916981380433,battery_action_and_mode_correction,-3.647472299169749
F1,v2e2_6044c2cf8efb739eb457,qwen37f1_4377914064a64354900c,qwen37_plus_direct,C1,battery_only,global_distance_optimum_lp_integral,545.0001,0.0,1,0,True,707.4051783332858,0.015323458996135741,battery_action_and_mode_correction,0.0
F1,v2e2_6044c2cf8efb739eb457,qwen37f1_4377914064a64354900c,qwen37_plus_direct,C1,expanded_system,global_distance_optimum_lp_integral,545.0001,0.0,1,0,True,707.4051783332858,0.01568945898907259,battery_action_and_mode_correction,0.0
F1,v2e2_6044c2cf8efb739eb457,qwen37f1_4377914064a64354900c,qwen37_plus_direct,C2,battery_only,global_distance_optimum_lp_integral,545.0001,0.0,1,0,True,707.4051783332858,0.015323458996135741,battery_action_and_mode_correction,0.0
F1,v2e2_6044c2cf8efb739eb457,qwen37f1_4377914064a64354900c,qwen37_plus_direct,C2,expanded_system,global_distance_optimum_lp_integral,545.0001,0.0,1,0,True,707.4051783332858,0.01568945898907259,battery_action_and_mode_correction,0.0
F1,v2e2_6044c2cf8efb739eb457,qwen37f1_4377914064a64354900c,qwen37_plus_direct,S1,battery_only,feasible_mode_library_upper_bound,97.81045000000023,0.0,1,0,True,707.3677343011271,0.013493458012817428,battery_action_and_mode_correction,0.0
F1,v2e2_6044c2cf8efb739eb457,qwen37f1_4377914064a64354900c,qwen37_plus_direct,S1,expanded_system,feasible_mode_library_upper_bound,97.81045000000023,0.0,1,0,True,707.3677343011271,0.014188000001013279,battery_action_and_mode_correction,0.0
F1,v2e2_6044c2cf8efb739eb457,qwen37f1_4377914064a64354900c,qwen37_plus_direct,S2,battery_only,feasible_mode_library_upper_bound,570.3316789473685,0.0,5,0,True,706.5367860254667,0.01566649999585934,battery_action_and_mode_correction,0.0
F1,v2e2_6044c2cf8efb739eb457,qwen37f1_4377914064a64354900c,qwen37_plus_direct,S2,expanded_system,feasible_mode_library_upper_bound,570.3316789473685,0.0,5,0,True,706.5367860254667,0.015075250004883856,battery_action_and_mode_correction,0.0
F1,v2e2_689fd81bd1f3eec1e27d,qwen37f1_6b01671985e6ddfc0f52,qwen37_plus_direct,C1,battery_only,feasible_mode_library_upper_bound,221.35536315789514,0.0,0,0,True,371.4914282441019,0.014061875001061708,battery_magnitude_or_timing_correction,0.0
F1,v2e2_689fd81bd1f3eec1e27d,qwen37f1_6b01671985e6ddfc0f52,qwen37_plus_direct,C1,expanded_system,feasible_mode_library_upper_bound,221.35536315789514,0.0,0,0,True,371.4914282441019,0.013283166976179928,battery_magnitude_or_timing_correction,0.0
F1,v2e2_689fd81bd1f3eec1e27d,qwen37f1_6b01671985e6ddfc0f52,qwen37_plus_direct,C2,battery_only,feasible_mode_library_upper_bound,221.35536315789514,0.0,0,0,True,371.4914282441019,0.014061875001061708,battery_magnitude_or_timing_correction,0.0
F1,v2e2_689fd81bd1f3eec1e27d,qwen37f1_6b01671985e6ddfc0f52,qwen37_plus_direct,C2,expanded_system,feasible_mode_library_upper_bound,221.35536315789514,0.0,0,0,True,371.4914282441019,0.013283166976179928,battery_magnitude_or_timing_correction,0.0
F1,v2e2_689fd81bd1f3eec1e27d,qwen37f1_6b01671985e6ddfc0f52,qwen37_plus_direct,S1,battery_only,feasible_mode_library_upper_bound,29.604513157894786,0.0,0,0,True,371.5823281171896,0.01434812499792315,battery_magnitude_or_timing_correction,0.0
F1,v2e2_689fd81bd1f3eec1e27d,qwen37f1_6b01671985e6ddfc0f52,qwen37_plus_direct,S1,expanded_system,feasible_mode_library_upper_bound,29.604513157894786,0.0,0,0,True,371.5823281171896,0.01462870801333338,battery_magnitude_or_timing_correction,0.0
F1,v2e2_689fd81bd1f3eec1e27d,qwen37f1_6b01671985e6ddfc0f52,qwen37_plus_direct,S2,battery_only,feasible_mode_library_upper_bound,29.604513157894786,0.0,0,0,True,371.5823281171896,0.01434812499792315,battery_magnitude_or_timing_correction,0.0
F1,v2e2_689fd81bd1f3eec1e27d,qwen37f1_6b01671985e6ddfc0f52,qwen37_plus_direct,S2,expanded_system,feasible_mode_library_upper_bound,29.604513157894786,0.0,0,0,True,371.5823281171896,0.01462870801333338,battery_magnitude_or_timing_correction,0.0
F1,v2e2_68ad1227a66cd68252f6,qwen37f1_1b7a51c9d887d40ffd14,qwen37_plus_direct,C1,battery_only,feasible_mode_library_upper_bound,241.1553631578946,0.0,0,0,True,490.6379411691154,0.01556404199800454,battery_magnitude_or_timing_correction,0.0
F1,v2e2_68ad1227a66cd68252f6,qwen37f1_1b7a51c9d887d40ffd14,qwen37_plus_direct,C1,expanded_system,feasible_mode_library_upper_bound,241.1553631578946,0.0,0,0,True,490.6379411691154,0.015722666023066267,battery_magnitude_or_timing_correction,0.0
F1,v2e2_68ad1227a66cd68252f6,qwen37f1_1b7a51c9d887d40ffd14,qwen37_plus_direct,C2,battery_only,feasible_mode_library_upper_bound,241.1553631578946,0.0,0,0,True,490.6379411691154,0.01556404199800454,battery_magnitude_or_timing_correction,0.0
F1,v2e2_68ad1227a66cd68252f6,qwen37f1_1b7a51c9d887d40ffd14,qwen37_plus_direct,C2,expanded_system,feasible_mode_library_upper_bound,241.1553631578946,0.0,0,0,True,490.6379411691154,0.015722666023066267,battery_magnitude_or_timing_correction,0.0
F1,v2e2_68ad1227a66cd68252f6,qwen37f1_1b7a51c9d887d40ffd14,qwen37_plus_direct,S1,battery_only,global_distance_optimum_lp_integral,120.40483684210548,0.0,0,0,True,489.8035108833003,0.01647775000310503,battery_magnitude_or_timing_correction,0.0
F1,v2e2_68ad1227a66cd68252f6,qwen37f1_1b7a51c9d887d40ffd14,qwen37_plus_direct,S1,expanded_system,global_distance_optimum_lp_integral,120.40483684210548,0.0,0,0,True,489.8035108833003,0.018221458012703806,battery_magnitude_or_timing_correction,0.0
F1,v2e2_68ad1227a66cd68252f6,qwen37f1_1b7a51c9d887d40ffd14,qwen37_plus_direct,S2,battery_only,global_distance_optimum_lp_integral,120.40483684210548,0.0,0,0,True,489.8035108833003,0.01647775000310503,battery_magnitude_or_timing_correction,0.0
F1,v2e2_68ad1227a66cd68252f6,qwen37f1_1b7a51c9d887d40ffd14,qwen37_plus_direct,S2,expanded_system,global_distance_optimum_lp_integral,120.40483684210548,0.0,0,0,True,489.8035108833003,0.018221458012703806,battery_magnitude_or_timing_correction,0.0
F1,v2e2_729fd4e9cb1879f64d23,qwen37f1_143d4851945fe71e55d7,qwen37_plus_direct,C1,battery_only,feasible_mode_library_upper_bound,183.42107763157873,0.0,0,0,True,507.41771089786573,0.013776332983979955,battery_magnitude_or_timing_correction,0.0
F1,v2e2_729fd4e9cb1879f64d23,qwen37f1_143d4851945fe71e55d7,qwen37_plus_direct,C1,expanded_system,feasible_mode_library_upper_bound,183.42107763157873,0.0,0,0,True,507.41771089786573,0.014029207988642156,battery_magnitude_or_timing_correction,0.0
F1,v2e2_729fd4e9cb1879f64d23,qwen37f1_143d4851945fe71e55d7,qwen37_plus_direct,C2,battery_only,feasible_mode_library_upper_bound,183.30115263157919,0.0,0,0,True,507.4182904776068,0.014285458019003272,battery_magnitude_or_timing_correction,0.0
F1,v2e2_729fd4e9cb1879f64d23,qwen37f1_143d4851945fe71e55d7,qwen37_plus_direct,C2,expanded_system,feasible_mode_library_upper_bound,183.30115263157919,0.0,0,0,True,507.4182904776068,0.014056625019293278,battery_magnitude_or_timing_correction,0.0
F1,v2e2_729fd4e9cb1879f64d23,qwen37f1_143d4851945fe71e55d7,qwen37_plus_direct,S1,battery_only,feasible_mode_library_upper_bound,183.30115263157919,0.0,0,0,True,507.4182904776068,0.014285458019003272,battery_magnitude_or_timing_correction,0.0
F1,v2e2_729fd4e9cb1879f64d23,qwen37f1_143d4851945fe71e55d7,qwen37_plus_direct,S1,expanded_system,feasible_mode_library_upper_bound,183.30115263157919,0.0,0,0,True,507.4182904776068,0.014056625019293278,battery_magnitude_or_timing_correction,0.0
F1,v2e2_729fd4e9cb1879f64d23,qwen37f1_143d4851945fe71e55d7,qwen37_plus_direct,S2,battery_only,feasible_mode_library_upper_bound,73.42115263157895,0.0,0,0,True,507.57306574227835,0.01433449998148717,battery_magnitude_or_timing_correction,0.0
F1,v2e2_729fd4e9cb1879f64d23,qwen37f1_143d4851945fe71e55d7,qwen37_plus_direct,S2,expanded_system,feasible_mode_library_upper_bound,73.42115263157895,0.0,0,0,True,507.57306574227835,0.015186875010840595,battery_magnitude_or_timing_correction,0.0
F0,v2e2_7778cc641046e1b0a2cd,qwen37f0_01edd5e0d8aea97f864a,qwen37_plus_direct,C1,battery_only,feasible_mode_library_upper_bound,217.105303157895,0.0,0,0,True,426.15197217535575,0.014373999991221353,battery_magnitude_or_timing_correction,0.0
F0,v2e2_7778cc641046e1b0a2cd,qwen37f0_01edd5e0d8aea97f864a,qwen37_plus_direct,C1,expanded_system,feasible_mode_library_upper_bound,217.105303157895,0.0,0,0,True,426.15197217535575,0.014196916978107765,battery_magnitude_or_timing_correction,0.0
F0,v2e2_7778cc641046e1b0a2cd,qwen37f0_01edd5e0d8aea97f864a,qwen37_plus_direct,C2,battery_only,feasible_mode_library_upper_bound,217.105303157895,0.0,0,0,True,426.15197217535575,0.014373999991221353,battery_magnitude_or_timing_correction,0.0
F0,v2e2_7778cc641046e1b0a2cd,qwen37f0_01edd5e0d8aea97f864a,qwen37_plus_direct,C2,expanded_system,feasible_mode_library_upper_bound,217.105303157895,0.0,0,0,True,426.15197217535575,0.014196916978107765,battery_magnitude_or_timing_correction,0.0
F0,v2e2_7778cc641046e1b0a2cd,qwen37f0_01edd5e0d8aea97f864a,qwen37_plus_direct,S1,battery_only,feasible_mode_library_upper_bound,47.10536315789474,0.0,0,0,True,426.351994881837,0.014275290974183008,battery_magnitude_or_timing_correction,0.0
F0,v2e2_7778cc641046e1b0a2cd,qwen37f0_01edd5e0d8aea97f864a,qwen37_plus_direct,S1,expanded_system,feasible_mode_library_upper_bound,47.10536315789474,0.0,0,0,True,426.351994881837,0.015632166003342718,battery_magnitude_or_timing_correction,0.0
F0,v2e2_7778cc641046e1b0a2cd,qwen37f0_01edd5e0d8aea97f864a,qwen37_plus_direct,S2,battery_only,feasible_mode_library_upper_bound,47.10536315789474,0.0,0,0,True,426.351994881837,0.014275290974183008,battery_magnitude_or_timing_correction,0.0
F0,v2e2_7778cc641046e1b0a2cd,qwen37f0_01edd5e0d8aea97f864a,qwen37_plus_direct,S2,expanded_system,feasible_mode_library_upper_bound,47.10536315789474,0.0,0,0,True,426.351994881837,0.015632166003342718,battery_magnitude_or_timing_correction,0.0
F1,v2e2_7778cc641046e1b0a2cd,qwen37f1_cee9bb3db4379a0a2310,qwen37_plus_direct,C1,battery_only,feasible_mode_library_upper_bound,217.105303157895,0.0,0,0,True,426.15197217535575,0.014373999991221353,battery_magnitude_or_timing_correction,0.0
F1,v2e2_7778cc641046e1b0a2cd,qwen37f1_cee9bb3db4379a0a2310,qwen37_plus_direct,C1,expanded_system,feasible_mode_library_upper_bound,217.105303157895,0.0,0,0,True,426.15197217535575,0.014196916978107765,battery_magnitude_or_timing_correction,0.0
F1,v2e2_7778cc641046e1b0a2cd,qwen37f1_cee9bb3db4379a0a2310,qwen37_plus_direct,C2,battery_only,feasible_mode_library_upper_bound,218.28036315789413,0.0,0,0,True,426.1470122323358,0.01410512498114258,battery_magnitude_or_timing_correction,0.0
F1,v2e2_7778cc641046e1b0a2cd,qwen37f1_cee9bb3db4379a0a2310,qwen37_plus_direct,C2,expanded_system,feasible_mode_library_upper_bound,218.28036315789413,0.0,0,0,True,426.1470122323358,0.0137369169970043,battery_magnitude_or_timing_correction,0.0
F1,v2e2_7778cc641046e1b0a2cd,qwen37f1_cee9bb3db4379a0a2310,qwen37_plus_direct,S1,battery_only,global_distance_optimum_lp_integral,137.39483684210433,0.0,0,0,True,425.05093434694874,0.015748333011288196,battery_magnitude_or_timing_correction,0.0
F1,v2e2_7778cc641046e1b0a2cd,qwen37f1_cee9bb3db4379a0a2310,qwen37_plus_direct,S1,expanded_system,global_distance_optimum_lp_integral,137.39483684210433,0.0,0,0,True,425.05093434694874,0.016325290984241292,battery_magnitude_or_timing_correction,0.0
F1,v2e2_7778cc641046e1b0a2cd,qwen37f1_cee9bb3db4379a0a2310,qwen37_plus_direct,S2,battery_only,global_distance_optimum_lp_integral,137.39483684210433,0.0,0,0,True,425.05093434694874,0.015748333011288196,battery_magnitude_or_timing_correction,0.0
F1,v2e2_7778cc641046e1b0a2cd,qwen37f1_cee9bb3db4379a0a2310,qwen37_plus_direct,S2,expanded_system,global_distance_optimum_lp_integral,137.39483684210433,0.0,0,0,True,425.05093434694874,0.016325290984241292,battery_magnitude_or_timing_correction,0.0
F0,v2e2_7b2e0628b0d7b7a4badd,qwen37f0_d3d6a8152a742a59fa9f,qwen37_plus_direct,C1,battery_only,global_distance_optimum_lp_integral,286.7500999999998,0.0,1,0,True,291.8608599953977,0.01608987501822412,battery_action_and_mode_correction,0.0
F0,v2e2_7b2e0628b0d7b7a4badd,qwen37f0_d3d6a8152a742a59fa9f,qwen37_plus_direct,C1,expanded_system,global_distance_optimum_lp_integral,286.7500999999998,0.0,1,0,True,291.8608599953977,0.0164180830179248,battery_action_and_mode_correction,0.0
F0,v2e2_7b2e0628b0d7b7a4badd,qwen37f0_d3d6a8152a742a59fa9f,qwen37_plus_direct,C2,battery_only,global_distance_optimum_lp_integral,286.7500999999998,0.0,1,0,True,291.8608599953977,0.01608987501822412,battery_action_and_mode_correction,0.0
F0,v2e2_7b2e0628b0d7b7a4badd,qwen37f0_d3d6a8152a742a59fa9f,qwen37_plus_direct,C2,expanded_system,global_distance_optimum_lp_integral,286.7500999999998,0.0,1,0,True,291.8608599953977,0.0164180830179248,battery_action_and_mode_correction,0.0
F0,v2e2_7b2e0628b0d7b7a4badd,qwen37f0_d3d6a8152a742a59fa9f,qwen37_plus_direct,S1,battery_only,feasible_mode_library_upper_bound,385.01090332409973,0.0,3,0,True,288.01574605901016,0.015505542018217966,battery_action_and_mode_correction,0.0
F0,v2e2_7b2e0628b0d7b7a4badd,qwen37f0_d3d6a8152a742a59fa9f,qwen37_plus_direct,S1,expanded_system,feasible_mode_library_upper_bound,385.01090332409973,0.0,3,0,True,288.01574605901016,0.015395916998386383,battery_action_and_mode_correction,0.0
F0,v2e2_7b2e0628b0d7b7a4badd,qwen37f0_d3d6a8152a742a59fa9f,qwen37_plus_direct,S2,battery_only,feasible_mode_library_upper_bound,385.01090332409973,0.0,3,0,True,288.01574605901016,0.015505542018217966,battery_action_and_mode_correction,0.0
F0,v2e2_7b2e0628b0d7b7a4badd,qwen37f0_d3d6a8152a742a59fa9f,qwen37_plus_direct,S2,expanded_system,feasible_mode_library_upper_bound,385.01090332409973,0.0,3,0,True,288.01574605901016,0.015395916998386383,battery_action_and_mode_correction,0.0
F1,v2e2_7b2e0628b0d7b7a4badd,qwen37f1_89848d513923ab2382f4,qwen37_plus_direct,C1,battery_only,global_distance_optimum_lp_integral,286.7500999999998,0.0,1,0,True,291.8608599953977,0.01608987501822412,battery_action_and_mode_correction,0.0
F1,v2e2_7b2e0628b0d7b7a4badd,qwen37f1_89848d513923ab2382f4,qwen37_plus_direct,C1,expanded_system,global_distance_optimum_lp_integral,286.7500999999998,0.0,1,0,True,291.8608599953977,0.0164180830179248,battery_action_and_mode_correction,0.0
F1,v2e2_7b2e0628b0d7b7a4badd,qwen37f1_89848d513923ab2382f4,qwen37_plus_direct,C2,battery_only,global_distance_optimum_lp_integral,286.7500999999998,0.0,1,0,True,291.8608599953977,0.01608987501822412,battery_action_and_mode_correction,0.0
F1,v2e2_7b2e0628b0d7b7a4badd,qwen37f1_89848d513923ab2382f4,qwen37_plus_direct,C2,expanded_system,global_distance_optimum_lp_integral,286.7500999999998,0.0,1,0,True,291.8608599953977,0.0164180830179248,battery_action_and_mode_correction,0.0
F1,v2e2_7b2e0628b0d7b7a4badd,qwen37f1_89848d513923ab2382f4,qwen37_plus_direct,S1,battery_only,feasible_mode_library_upper_bound,385.1098033240996,0.0,3,0,True,288.0141439226552,0.015499875007662922,battery_action_and_mode_correction,0.0
F1,v2e2_7b2e0628b0d7b7a4badd,qwen37f1_89848d513923ab2382f4,qwen37_plus_direct,S1,expanded_system,feasible_mode_library_upper_bound,385.1098033240996,0.0,3,0,True,288.0141439226552,0.015096082992386073,battery_action_and_mode_correction,0.0
F1,v2e2_7b2e0628b0d7b7a4badd,qwen37f1_89848d513923ab2382f4,qwen37_plus_direct,S2,battery_only,feasible_mode_library_upper_bound,385.1098033240996,0.0,3,0,True,288.0141439226552,0.015499875007662922,battery_action_and_mode_correction,0.0
F1,v2e2_7b2e0628b0d7b7a4badd,qwen37f1_89848d513923ab2382f4,qwen37_plus_direct,S2,expanded_system,feasible_mode_library_upper_bound,385.1098033240996,0.0,3,0,True,288.0141439226552,0.015096082992386073,battery_action_and_mode_correction,0.0
F1,v2e2_7e727667efa4e288ccd0,qwen37f1_282080863cda4e420908,qwen37_plus_direct,C1,battery_only,feasible_mode_library_upper_bound,178.92115263157942,0.0,1,0,True,469.8102249193381,0.016442959022242576,battery_action_and_mode_correction,0.0
F1,v2e2_7e727667efa4e288ccd0,qwen37f1_282080863cda4e420908,qwen37_plus_direct,C1,expanded_system,feasible_mode_library_upper_bound,178.92115263157942,0.0,1,0,True,469.8102249193381,0.015754249994643033,battery_action_and_mode_correction,0.0
F1,v2e2_7e727667efa4e288ccd0,qwen37f1_282080863cda4e420908,qwen37_plus_direct,C2,battery_only,feasible_mode_library_upper_bound,178.92115263157942,0.0,1,0,True,469.8102249193381,0.016442959022242576,battery_action_and_mode_correction,0.0
F1,v2e2_7e727667efa4e288ccd0,qwen37f1_282080863cda4e420908,qwen37_plus_direct,C2,expanded_system,feasible_mode_library_upper_bound,178.92115263157942,0.0,1,0,True,469.8102249193381,0.015754249994643033,battery_action_and_mode_correction,0.0
F1,v2e2_7e727667efa4e288ccd0,qwen37f1_282080863cda4e420908,qwen37_plus_direct,S1,battery_only,feasible_mode_library_upper_bound,243.3211526315787,0.0,1,0,True,469.4261884559039,0.016052375023718923,battery_action_and_mode_correction,0.0
F1,v2e2_7e727667efa4e288ccd0,qwen37f1_282080863cda4e420908,qwen37_plus_direct,S1,expanded_system,feasible_mode_library_upper_bound,243.3211526315787,0.0,1,0,True,469.4261884559039,0.01624745799927041,battery_action_and_mode_correction,0.0
F1,v2e2_7e727667efa4e288ccd0,qwen37f1_282080863cda4e420908,qwen37_plus_direct,S2,battery_only,feasible_mode_library_upper_bound,243.3211526315787,0.0,1,0,True,469.4261884559039,0.016052375023718923,battery_action_and_mode_correction,0.0
F1,v2e2_7e727667efa4e288ccd0,qwen37f1_282080863cda4e420908,qwen37_plus_direct,S2,expanded_system,feasible_mode_library_upper_bound,243.3211526315787,0.0,1,0,True,469.4261884559039,0.01624745799927041,battery_action_and_mode_correction,0.0
F0,v2e2_7f938d120000eec26457,qwen37f0_6937c71adb8cfb278b77,qwen37_plus_direct,C1,battery_only,feasible_mode_library_upper_bound,221.38536315789455,0.0,1,0,True,277.71088032189704,0.01557449999381788,battery_action_and_mode_correction,0.0
F0,v2e2_7f938d120000eec26457,qwen37f0_6937c71adb8cfb278b77,qwen37_plus_direct,C1,expanded_system,feasible_mode_library_upper_bound,221.38536315789455,0.0,1,0,True,277.71088032189704,0.01560908299870789,battery_action_and_mode_correction,0.0
F0,v2e2_7f938d120000eec26457,qwen37f0_6937c71adb8cfb278b77,qwen37_plus_direct,C2,battery_only,feasible_mode_library_upper_bound,217.09536315789484,0.0,0,0,True,278.0103598614442,0.015546250011539087,battery_magnitude_or_timing_correction,0.0
F0,v2e2_7f938d120000eec26457,qwen37f0_6937c71adb8cfb278b77,qwen37_plus_direct,C2,expanded_system,feasible_mode_library_upper_bound,217.09536315789484,0.0,0,0,True,278.0103598614442,0.015531041979556903,battery_magnitude_or_timing_correction,0.0
F0,v2e2_7f938d120000eec26457,qwen37f0_6937c71adb8cfb278b77,qwen37_plus_direct,S1,battery_only,feasible_mode_library_upper_bound,217.09536315789484,0.0,0,0,True,278.0103598614442,0.015546250011539087,battery_magnitude_or_timing_correction,0.0
F0,v2e2_7f938d120000eec26457,qwen37f0_6937c71adb8cfb278b77,qwen37_plus_direct,S1,expanded_system,feasible_mode_library_upper_bound,217.09536315789484,0.0,0,0,True,278.0103598614442,0.015531041979556903,battery_magnitude_or_timing_correction,0.0
F0,v2e2_7f938d120000eec26457,qwen37f0_6937c71adb8cfb278b77,qwen37_plus_direct,S2,battery_only,global_distance_optimum_lp_integral,135.89483684210424,0.0,0,0,True,276.57995385141686,0.01666412499616854,battery_magnitude_or_timing_correction,0.0
F0,v2e2_7f938d120000eec26457,qwen37f0_6937c71adb8cfb278b77,qwen37_plus_direct,S2,expanded_system,global_distance_optimum_lp_integral,135.89483684210424,0.0,0,0,True,276.57995385141686,0.017373832990415394,battery_magnitude_or_timing_correction,0.0
F1,v2e2_7f938d120000eec26457,qwen37f1_5b84d1573b4ea848679e,qwen37_plus_direct,C1,battery_only,feasible_mode_library_upper_bound,217.09536315789484,0.0,0,0,True,278.0103598614442,0.015546250011539087,battery_magnitude_or_timing_correction,0.0
F1,v2e2_7f938d120000eec26457,qwen37f1_5b84d1573b4ea848679e,qwen37_plus_direct,C1,expanded_system,feasible_mode_library_upper_bound,217.09536315789484,0.0,0,0,True,278.0103598614442,0.015531041979556903,battery_magnitude_or_timing_correction,0.0
F1,v2e2_7f938d120000eec26457,qwen37f1_5b84d1573b4ea848679e,qwen37_plus_direct,C2,battery_only,feasible_mode_library_upper_bound,221.38536315789455,0.0,1,0,True,277.71088032189704,0.01557449999381788,battery_action_and_mode_correction,0.0
F1,v2e2_7f938d120000eec26457,qwen37f1_5b84d1573b4ea848679e,qwen37_plus_direct,C2,expanded_system,feasible_mode_library_upper_bound,221.38536315789455,0.0,1,0,True,277.71088032189704,0.01560908299870789,battery_action_and_mode_correction,0.0
F1,v2e2_7f938d120000eec26457,qwen37f1_5b84d1573b4ea848679e,qwen37_plus_direct,S1,battery_only,global_distance_optimum_lp_integral,135.89483684210424,0.0,0,0,True,276.57995385141686,0.01666412499616854,battery_magnitude_or_timing_correction,0.0
F1,v2e2_7f938d120000eec26457,qwen37f1_5b84d1573b4ea848679e,qwen37_plus_direct,S1,expanded_system,global_distance_optimum_lp_integral,135.89483684210424,0.0,0,0,True,276.57995385141686,0.017373832990415394,battery_magnitude_or_timing_correction,0.0
F1,v2e2_7f938d120000eec26457,qwen37f1_5b84d1573b4ea848679e,qwen37_plus_direct,S2,battery_only,feasible_mode_library_upper_bound,227.10536315789474,0.0,1,0,True,277.655713894347,0.015598291996866465,battery_action_and_mode_correction,0.0
F1,v2e2_7f938d120000eec26457,qwen37f1_5b84d1573b4ea848679e,qwen37_plus_direct,S2,expanded_system,feasible_mode_library_upper_bound,227.10536315789474,0.0,1,0,True,277.655713894347,0.015862458007177338,battery_action_and_mode_correction,0.0
F1,v2e2_8e9a9550f230c7b3cff3,qwen37f1_0f366cce0fb761f14bc8,qwen37_plus_direct,C1,battery_only,feasible_mode_library_upper_bound,221.6053631578943,0.0,1,0,True,300.7941502060322,0.01576399998157285,battery_action_and_mode_correction,0.0
F1,v2e2_8e9a9550f230c7b3cff3,qwen37f1_0f366cce0fb761f14bc8,qwen37_plus_direct,C1,expanded_system,feasible_mode_library_upper_bound,221.6053631578943,0.0,1,0,True,300.7941502060322,0.015152124979067594,battery_action_and_mode_correction,0.0
F1,v2e2_8e9a9550f230c7b3cff3,qwen37f1_0f366cce0fb761f14bc8,qwen37_plus_direct,C2,battery_only,feasible_mode_library_upper_bound,221.6053631578943,0.0,1,0,True,300.7941502060322,0.01576399998157285,battery_action_and_mode_correction,0.0
F1,v2e2_8e9a9550f230c7b3cff3,qwen37f1_0f366cce0fb761f14bc8,qwen37_plus_direct,C2,expanded_system,feasible_mode_library_upper_bound,221.6053631578943,0.0,1,0,True,300.7941502060322,0.015152124979067594,battery_action_and_mode_correction,0.0
F1,v2e2_8e9a9550f230c7b3cff3,qwen37f1_0f366cce0fb761f14bc8,qwen37_plus_direct,S1,battery_only,feasible_mode_library_upper_bound,221.6053631578943,0.0,1,0,True,300.7941502060322,0.01576399998157285,battery_action_and_mode_correction,0.0
F1,v2e2_8e9a9550f230c7b3cff3,qwen37f1_0f366cce0fb761f14bc8,qwen37_plus_direct,S1,expanded_system,feasible_mode_library_upper_bound,221.6053631578943,0.0,1,0,True,300.7941502060322,0.015152124979067594,battery_action_and_mode_correction,0.0
F1,v2e2_8e9a9550f230c7b3cff3,qwen37f1_0f366cce0fb761f14bc8,qwen37_plus_direct,S2,battery_only,feasible_mode_library_upper_bound,221.6053631578943,0.0,1,0,True,300.7941502060322,0.01576399998157285,battery_action_and_mode_correction,0.0
F1,v2e2_8e9a9550f230c7b3cff3,qwen37f1_0f366cce0fb761f14bc8,qwen37_plus_direct,S2,expanded_system,feasible_mode_library_upper_bound,221.6053631578943,0.0,1,0,True,300.7941502060322,0.015152124979067594,battery_action_and_mode_correction,0.0
F1,v2e2_90357feca5a42c2b5eee,qwen37f1_9cc27ff15b109646cfaf,qwen37_plus_direct,C1,battery_only,feasible_mode_library_upper_bound,221.23036315789452,0.0,0,0,True,190.87583946745656,0.015327750006690621,battery_magnitude_or_timing_correction,0.0
F1,v2e2_90357feca5a42c2b5eee,qwen37f1_9cc27ff15b109646cfaf,qwen37_plus_direct,C1,expanded_system,feasible_mode_library_upper_bound,221.23036315789452,0.0,0,0,True,190.8758394674566,0.014812208013609052,battery_magnitude_or_timing_correction,0.0
F1,v2e2_90357feca5a42c2b5eee,qwen37f1_9cc27ff15b109646cfaf,qwen37_plus_direct,C2,battery_only,feasible_mode_library_upper_bound,221.23036315789452,0.0,0,0,True,190.87583946745656,0.015327750006690621,battery_magnitude_or_timing_correction,0.0
F1,v2e2_90357feca5a42c2b5eee,qwen37f1_9cc27ff15b109646cfaf,qwen37_plus_direct,C2,expanded_system,feasible_mode_library_upper_bound,221.23036315789452,0.0,0,0,True,190.8758394674566,0.014812208013609052,battery_magnitude_or_timing_correction,0.0
F1,v2e2_90357feca5a42c2b5eee,qwen37f1_9cc27ff15b109646cfaf,qwen37_plus_direct,S1,battery_only,feasible_mode_library_upper_bound,394.3422052631579,0.0,2,0,True,190.4958449028682,0.015606375003699213,battery_action_and_mode_correction,0.0
F1,v2e2_90357feca5a42c2b5eee,qwen37f1_9cc27ff15b109646cfaf,qwen37_plus_direct,S1,expanded_system,feasible_mode_library_upper_bound,394.3422052631579,0.0,2,0,True,190.4958449028682,0.01484179199906066,battery_action_and_mode_correction,0.0
F1,v2e2_90357feca5a42c2b5eee,qwen37f1_9cc27ff15b109646cfaf,qwen37_plus_direct,S2,battery_only,global_distance_optimum_lp_integral,82.90233684210605,0.0,0,0,True,190.62020754541788,0.017587958980584517,battery_magnitude_or_timing_correction,0.0
F1,v2e2_90357feca5a42c2b5eee,qwen37f1_9cc27ff15b109646cfaf,qwen37_plus_direct,S2,expanded_system,global_distance_optimum_lp_integral,82.90233684210605,0.0,0,0,True,190.62020754541788,0.0177456249948591,battery_magnitude_or_timing_correction,0.0
F1,v2e2_a015340abe1151fa1614,qwen37f1_27567cea2021f9a1a948,qwen37_plus_direct,C1,battery_only,feasible_mode_library_upper_bound,241.85536315789497,0.0,1,0,True,215.07691449096282,0.014089583011809736,battery_action_and_mode_correction,0.0
F1,v2e2_a015340abe1151fa1614,qwen37f1_27567cea2021f9a1a948,qwen37_plus_direct,C1,expanded_system,feasible_mode_library_upper_bound,241.85536315789497,0.0,1,0,True,215.07691449096282,0.0144773340143729,battery_action_and_mode_correction,0.0
F1,v2e2_a015340abe1151fa1614,qwen37f1_27567cea2021f9a1a948,qwen37_plus_direct,C2,battery_only,feasible_mode_library_upper_bound,241.85536315789497,0.0,1,0,True,215.07691449096282,0.014089583011809736,battery_action_and_mode_correction,0.0
F1,v2e2_a015340abe1151fa1614,qwen37f1_27567cea2021f9a1a948,qwen37_plus_direct,C2,expanded_system,feasible_mode_library_upper_bound,241.85536315789497,0.0,1,0,True,215.07691449096282,0.0144773340143729,battery_action_and_mode_correction,0.0
F1,v2e2_a015340abe1151fa1614,qwen37f1_27567cea2021f9a1a948,qwen37_plus_direct,S1,battery_only,feasible_mode_library_upper_bound,32.755363157895395,0.0,0,0,True,215.73670921843868,0.014595250017009676,battery_magnitude_or_timing_correction,0.0
F1,v2e2_a015340abe1151fa1614,qwen37f1_27567cea2021f9a1a948,qwen37_plus_direct,S1,expanded_system,feasible_mode_library_upper_bound,32.755363157895395,0.0,0,0,True,215.73670921843868,0.013787832984235138,battery_magnitude_or_timing_correction,0.0
F1,v2e2_a015340abe1151fa1614,qwen37f1_27567cea2021f9a1a948,qwen37_plus_direct,S2,battery_only,feasible_mode_library_upper_bound,29.604513157894786,0.0,0,0,True,215.66280110084801,0.014128291979432106,battery_magnitude_or_timing_correction,0.0
F1,v2e2_a015340abe1151fa1614,qwen37f1_27567cea2021f9a1a948,qwen37_plus_direct,S2,expanded_system,feasible_mode_library_upper_bound,29.604513157894786,0.0,0,0,True,215.66280110084801,0.013704332988709211,battery_magnitude_or_timing_correction,0.0
F1,v2e2_a26fd019af93d45104b8,qwen37f1_6ed136996be36b88de0c,qwen37_plus_direct,C1,battery_only,global_distance_optimum_lp_integral,0.3783894736842105,0.0,0,0,True,160.95096385538247,0.017130916996393353,battery_magnitude_or_timing_correction,0.0
F1,v2e2_a26fd019af93d45104b8,qwen37f1_6ed136996be36b88de0c,qwen37_plus_direct,C1,expanded_system,global_distance_optimum_lp_integral,0.3783894736842105,0.0,0,0,True,160.95096385538247,0.015726667013950646,battery_magnitude_or_timing_correction,0.0
F1,v2e2_a26fd019af93d45104b8,qwen37f1_6ed136996be36b88de0c,qwen37_plus_direct,C2,battery_only,global_distance_optimum_lp_integral,5.565889473683229,0.0,0,0,True,160.83941422538248,0.017867207992821932,battery_magnitude_or_timing_correction,0.0
F1,v2e2_a26fd019af93d45104b8,qwen37f1_6ed136996be36b88de0c,qwen37_plus_direct,C2,expanded_system,global_distance_optimum_lp_integral,5.565889473683229,0.0,0,0,True,160.83941422538248,0.01638424998964183,battery_magnitude_or_timing_correction,0.0
F1,v2e2_a26fd019af93d45104b8,qwen37f1_6ed136996be36b88de0c,qwen37_plus_direct,S1,battery_only,feasible_mode_library_upper_bound,469.3422052631579,0.0,4,0,True,159.33252659437977,0.014318791014375165,battery_action_and_mode_correction,0.0
F1,v2e2_a26fd019af93d45104b8,qwen37f1_6ed136996be36b88de0c,qwen37_plus_direct,S1,expanded_system,feasible_mode_library_upper_bound,469.3422052631579,0.0,4,0,True,159.33252659437977,0.014504624996334314,battery_action_and_mode_correction,0.0
F1,v2e2_a26fd019af93d45104b8,qwen37f1_6ed136996be36b88de0c,qwen37_plus_direct,S2,battery_only,global_distance_optimum_lp_integral,5.565889473683229,0.0,0,0,True,160.83941422538248,0.017867207992821932,battery_magnitude_or_timing_correction,0.0
F1,v2e2_a26fd019af93d45104b8,qwen37f1_6ed136996be36b88de0c,qwen37_plus_direct,S2,expanded_system,global_distance_optimum_lp_integral,5.565889473683229,0.0,0,0,True,160.83941422538248,0.01638424998964183,battery_magnitude_or_timing_correction,0.0
F1,v2e2_a49aba98f0f44c8c6622,qwen37f1_1f77745ae5b9317d718c,qwen37_plus_direct,C1,battery_only,global_distance_optimum_lp_integral,1.0033894736842106,0.0,0,0,True,273.28421311696974,0.015716124995378777,battery_magnitude_or_timing_correction,0.0
F1,v2e2_a49aba98f0f44c8c6622,qwen37f1_1f77745ae5b9317d718c,qwen37_plus_direct,C1,expanded_system,global_distance_optimum_lp_integral,1.0033894736842106,0.0,0,0,True,273.28421311696974,0.01637941598892212,battery_magnitude_or_timing_correction,0.0
F1,v2e2_a49aba98f0f44c8c6622,qwen37f1_1f77745ae5b9317d718c,qwen37_plus_direct,C2,battery_only,global_distance_optimum_lp_integral,1.0033894736842106,0.0,0,0,True,273.28421311696974,0.015716124995378777,battery_magnitude_or_timing_correction,0.0
F1,v2e2_a49aba98f0f44c8c6622,qwen37f1_1f77745ae5b9317d718c,qwen37_plus_direct,C2,expanded_system,global_distance_optimum_lp_integral,1.0033894736842106,0.0,0,0,True,273.28421311696974,0.01637941598892212,battery_magnitude_or_timing_correction,0.0
F1,v2e2_a49aba98f0f44c8c6622,qwen37f1_1f77745ae5b9317d718c,qwen37_plus_direct,S1,battery_only,feasible_mode_library_upper_bound,479.66635526315736,0.0,1,0,True,270.8138089166065,0.013299624988576397,battery_action_and_mode_correction,0.0
F1,v2e2_a49aba98f0f44c8c6622,qwen37f1_1f77745ae5b9317d718c,qwen37_plus_direct,S1,expanded_system,feasible_mode_library_upper_bound,479.66635526315736,0.0,1,0,True,270.8138089166065,0.013412166998023167,battery_action_and_mode_correction,0.0
F1,v2e2_a49aba98f0f44c8c6622,qwen37f1_1f77745ae5b9317d718c,qwen37_plus_direct,S2,battery_only,feasible_mode_library_upper_bound,48.690310526316196,0.0,1,0,True,273.12979521138783,0.01417845900868997,battery_action_and_mode_correction,0.0
F1,v2e2_a49aba98f0f44c8c6622,qwen37f1_1f77745ae5b9317d718c,qwen37_plus_direct,S2,expanded_system,feasible_mode_library_upper_bound,48.690310526316196,0.0,1,0,True,273.12979521138783,0.014864958997350186,battery_action_and_mode_correction,0.0
F1,v2e2_a614c009acc530c12890,qwen37f1_3f5c48b910488a8d5a3c,qwen37_plus_direct,C1,battery_only,feasible_mode_library_upper_bound,36.1785605263168,0.0,1,0,True,353.3329555211699,0.015771708014653996,battery_action_and_mode_correction,0.0
F1,v2e2_a614c009acc530c12890,qwen37f1_3f5c48b910488a8d5a3c,qwen37_plus_direct,C1,expanded_system,feasible_mode_library_upper_bound,36.1785605263168,0.0,1,0,True,353.3329555211699,0.01681508298497647,battery_action_and_mode_correction,0.0
F1,v2e2_a614c009acc530c12890,qwen37f1_3f5c48b910488a8d5a3c,qwen37_plus_direct,C2,battery_only,feasible_mode_library_upper_bound,522.8316789473685,0.0,3,0,True,338.78160508427163,0.015146749996347353,battery_action_and_mode_correction,0.0
F1,v2e2_a614c009acc530c12890,qwen37f1_3f5c48b910488a8d5a3c,qwen37_plus_direct,C2,expanded_system,feasible_mode_library_upper_bound,522.8316789473685,0.0,3,0,True,338.78160508427163,0.014761291997274384,battery_action_and_mode_correction,0.0
F1,v2e2_a614c009acc530c12890,qwen37f1_3f5c48b910488a8d5a3c,qwen37_plus_direct,S1,battery_only,feasible_mode_library_upper_bound,522.8316789473685,0.0,3,0,True,338.78160508427163,0.015146749996347353,battery_action_and_mode_correction,0.0
F1,v2e2_a614c009acc530c12890,qwen37f1_3f5c48b910488a8d5a3c,qwen37_plus_direct,S1,expanded_system,feasible_mode_library_upper_bound,522.8316789473685,0.0,3,0,True,338.78160508427163,0.014761291997274384,battery_action_and_mode_correction,0.0
F1,v2e2_a614c009acc530c12890,qwen37f1_3f5c48b910488a8d5a3c,qwen37_plus_direct,S2,battery_only,feasible_mode_library_upper_bound,522.8316789473685,0.0,3,0,True,338.78160508427163,0.015146749996347353,battery_action_and_mode_correction,0.0
F1,v2e2_a614c009acc530c12890,qwen37f1_3f5c48b910488a8d5a3c,qwen37_plus_direct,S2,expanded_system,feasible_mode_library_upper_bound,522.8316789473685,0.0,3,0,True,338.78160508427163,0.014761291997274384,battery_action_and_mode_correction,0.0
F1,v2e2_a66e250328b3cef2064f,qwen37f1_f9e9536ccb06550366dd,qwen37_plus_direct,C1,battery_only,global_distance_optimum_lp_integral,545.0001,0.0,1,0,True,189.06612372392263,0.01629750002757646,battery_action_and_mode_correction,0.0
F1,v2e2_a66e250328b3cef2064f,qwen37f1_f9e9536ccb06550366dd,qwen37_plus_direct,C1,expanded_system,global_distance_optimum_lp_integral,545.0001,0.0,1,0,True,189.06612372392263,0.015729499980807304,battery_action_and_mode_correction,0.0
F1,v2e2_a66e250328b3cef2064f,qwen37f1_f9e9536ccb06550366dd,qwen37_plus_direct,C2,battery_only,global_distance_optimum_lp_integral,545.0001,0.0,1,0,True,189.06612372392263,0.01629750002757646,battery_action_and_mode_correction,0.0
F1,v2e2_a66e250328b3cef2064f,qwen37f1_f9e9536ccb06550366dd,qwen37_plus_direct,C2,expanded_system,global_distance_optimum_lp_integral,545.0001,0.0,1,0,True,189.06612372392263,0.015729499980807304,battery_action_and_mode_correction,0.0
F1,v2e2_a66e250328b3cef2064f,qwen37f1_f9e9536ccb06550366dd,qwen37_plus_direct,S1,battery_only,feasible_mode_library_upper_bound,728.6748119113573,0.0,8,0,True,192.1405329534318,0.01525545900221914,battery_action_and_mode_correction,-23.584844875346448
F1,v2e2_a66e250328b3cef2064f,qwen37f1_f9e9536ccb06550366dd,qwen37_plus_direct,S1,expanded_system,feasible_mode_library_upper_bound,752.2596567867038,0.0,4,0,True,188.048986193404,0.014139541977783665,battery_action_and_mode_correction,-23.584844875346448
F1,v2e2_a66e250328b3cef2064f,qwen37f1_f9e9536ccb06550366dd,qwen37_plus_direct,S2,battery_only,feasible_mode_library_upper_bound,98.1302500000003,0.0,1,0,True,189.0185461862442,0.014478957979008555,battery_action_and_mode_correction,1.4210854715202004e-14
F1,v2e2_a66e250328b3cef2064f,qwen37f1_f9e9536ccb06550366dd,qwen37_plus_direct,S2,expanded_system,feasible_mode_library_upper_bound,98.13025000000029,0.0,1,0,True,189.01854618624418,0.014091707998886704,battery_action_and_mode_correction,1.4210854715202004e-14
F1,v2e2_a7c71f5aa3db3e32fdd1,qwen37f1_9fa481f802e4a10b7994,qwen37_plus_direct,C1,battery_only,global_distance_optimum_lp_integral,3541.2500051248358,0.0,1,0,True,372.0494829294436,0.02181466601905413,battery_action_and_mode_correction,0.0
F1,v2e2_a7c71f5aa3db3e32fdd1,qwen37f1_9fa481f802e4a10b7994,qwen37_plus_direct,C1,expanded_system,global_distance_optimum_lp_integral,3541.2500051248358,0.0,1,0,True,372.0494829294436,0.023256624990608543,battery_action_and_mode_correction,0.0
F1,v2e2_a7c71f5aa3db3e32fdd1,qwen37f1_9fa481f802e4a10b7994,qwen37_plus_direct,C2,battery_only,global_distance_optimum_lp_integral,3541.2500051248358,0.0,1,0,True,372.0494829294436,0.02181466601905413,battery_action_and_mode_correction,0.0
F1,v2e2_a7c71f5aa3db3e32fdd1,qwen37f1_9fa481f802e4a10b7994,qwen37_plus_direct,C2,expanded_system,global_distance_optimum_lp_integral,3541.2500051248358,0.0,1,0,True,372.0494829294436,0.023256624990608543,battery_action_and_mode_correction,0.0
F1,v2e2_a7c71f5aa3db3e32fdd1,qwen37f1_9fa481f802e4a10b7994,qwen37_plus_direct,S1,battery_only,feasible_mode_library_upper_bound,60.961981250000235,0.0,1,0,True,372.02659883583385,0.013325000007171184,battery_action_and_mode_correction,0.0
F1,v2e2_a7c71f5aa3db3e32fdd1,qwen37f1_9fa481f802e4a10b7994,qwen37_plus_direct,S1,expanded_system,feasible_mode_library_upper_bound,60.961981250000235,0.0,1,0,True,372.02659883583385,0.013735000015003607,battery_action_and_mode_correction,0.0
F1,v2e2_a7c71f5aa3db3e32fdd1,qwen37f1_9fa481f802e4a10b7994,qwen37_plus_direct,S2,battery_only,feasible_mode_library_upper_bound,370.16444903047096,0.0,5,0,True,373.00946613211704,0.015522959001827985,battery_action_and_mode_correction,0.0
F1,v2e2_a7c71f5aa3db3e32fdd1,qwen37f1_9fa481f802e4a10b7994,qwen37_plus_direct,S2,expanded_system,feasible_mode_library_upper_bound,370.16444903047096,0.0,5,0,True,373.00946613211704,0.01518216700060293,battery_action_and_mode_correction,0.0
F1,v2e2_aa86ae40329fa58392a5,qwen37f1_1763a30013826fd5f5e2,qwen37_plus_direct,C1,battery_only,global_distance_optimum_lp_integral,235.62509999999995,0.0,1,0,True,247.99989476286822,0.014833124994765967,battery_action_and_mode_correction,0.0
F1,v2e2_aa86ae40329fa58392a5,qwen37f1_1763a30013826fd5f5e2,qwen37_plus_direct,C1,expanded_system,global_distance_optimum_lp_integral,235.62509999999995,0.0,1,0,True,247.99989476286822,0.014626832999056205,battery_action_and_mode_correction,0.0
F1,v2e2_aa86ae40329fa58392a5,qwen37f1_1763a30013826fd5f5e2,qwen37_plus_direct,C2,battery_only,global_distance_optimum_lp_integral,8.620099999999697,0.0,0,0,True,248.39655985500934,0.015023833984741941,battery_magnitude_or_timing_correction,0.0
F1,v2e2_aa86ae40329fa58392a5,qwen37f1_1763a30013826fd5f5e2,qwen37_plus_direct,C2,expanded_system,global_distance_optimum_lp_integral,8.620099999999697,0.0,0,0,True,248.39655985500934,0.01608387500164099,battery_magnitude_or_timing_correction,0.0
F1,v2e2_aa86ae40329fa58392a5,qwen37f1_1763a30013826fd5f5e2,qwen37_plus_direct,S1,battery_only,feasible_mode_library_upper_bound,44.37822500000006,0.0,1,0,True,247.904396928762,0.013325124979019165,battery_action_and_mode_correction,0.0
F1,v2e2_aa86ae40329fa58392a5,qwen37f1_1763a30013826fd5f5e2,qwen37_plus_direct,S1,expanded_system,feasible_mode_library_upper_bound,44.37822500000006,0.0,1,0,True,247.904396928762,0.012209916982101277,battery_action_and_mode_correction,0.0
F1,v2e2_aa86ae40329fa58392a5,qwen37f1_1763a30013826fd5f5e2,qwen37_plus_direct,S2,battery_only,feasible_mode_library_upper_bound,49.53525625,0.0,1,0,True,247.89486905316824,0.01296849999926053,battery_action_and_mode_correction,0.0
F1,v2e2_aa86ae40329fa58392a5,qwen37f1_1763a30013826fd5f5e2,qwen37_plus_direct,S2,expanded_system,feasible_mode_library_upper_bound,49.53525625,0.0,1,0,True,247.89486905316824,0.013230667012976483,battery_action_and_mode_correction,0.0
F1,v2e2_ac2a6bbea5f71d8219ff,qwen37f1_1fc5085e99faac2363ac,qwen37_plus_direct,C1,battery_only,feasible_mode_library_upper_bound,217.01786315789448,0.0,0,0,True,189.89537866494138,0.015639166987966746,battery_magnitude_or_timing_correction,0.0
F1,v2e2_ac2a6bbea5f71d8219ff,qwen37f1_1fc5085e99faac2363ac,qwen37_plus_direct,C1,expanded_system,feasible_mode_library_upper_bound,217.01786315789448,0.0,0,0,True,189.89537866494138,0.01588762499159202,battery_magnitude_or_timing_correction,0.0
F1,v2e2_ac2a6bbea5f71d8219ff,qwen37f1_1fc5085e99faac2363ac,qwen37_plus_direct,C2,battery_only,feasible_mode_library_upper_bound,231.48036315789474,0.0,0,0,True,189.76164702079237,0.015540334017714486,battery_magnitude_or_timing_correction,0.0
F1,v2e2_ac2a6bbea5f71d8219ff,qwen37f1_1fc5085e99faac2363ac,qwen37_plus_direct,C2,expanded_system,feasible_mode_library_upper_bound,231.48036315789474,0.0,0,0,True,189.76164702079237,0.01429824999650009,battery_magnitude_or_timing_correction,0.0
F1,v2e2_ac2a6bbea5f71d8219ff,qwen37f1_1fc5085e99faac2363ac,qwen37_plus_direct,S1,battery_only,feasible_mode_library_upper_bound,388.0922052631579,0.0,2,0,True,190.0296050158191,0.0159939999866765,battery_action_and_mode_correction,0.0
F1,v2e2_ac2a6bbea5f71d8219ff,qwen37f1_1fc5085e99faac2363ac,qwen37_plus_direct,S1,expanded_system,feasible_mode_library_upper_bound,388.0922052631579,0.0,2,0,True,190.0296050158191,0.015126791986403987,battery_action_and_mode_correction,0.0
F1,v2e2_ac2a6bbea5f71d8219ff,qwen37f1_1fc5085e99faac2363ac,qwen37_plus_direct,S2,battery_only,feasible_mode_library_upper_bound,388.0922052631579,0.0,2,0,True,190.0296050158191,0.0159939999866765,battery_action_and_mode_correction,0.0
F1,v2e2_ac2a6bbea5f71d8219ff,qwen37f1_1fc5085e99faac2363ac,qwen37_plus_direct,S2,expanded_system,feasible_mode_library_upper_bound,388.0922052631579,0.0,2,0,True,190.0296050158191,0.015126791986403987,battery_action_and_mode_correction,0.0
F1,v2e2_ade91af586194aa1b583,qwen37f1_8f159fe10d063d56228e,qwen37_plus_direct,C1,battery_only,feasible_mode_library_upper_bound,519.3422052631579,0.0,4,0,True,455.1689917933428,0.015214207989629358,battery_action_and_mode_correction,0.0
F1,v2e2_ade91af586194aa1b583,qwen37f1_8f159fe10d063d56228e,qwen37_plus_direct,C1,expanded_system,feasible_mode_library_upper_bound,519.3422052631579,0.0,4,0,True,455.1689917933428,0.014959792024455965,battery_action_and_mode_correction,0.0
F1,v2e2_ade91af586194aa1b583,qwen37f1_8f159fe10d063d56228e,qwen37_plus_direct,C2,battery_only,feasible_mode_library_upper_bound,519.3422052631579,0.0,4,0,True,455.1689917933428,0.015214207989629358,battery_action_and_mode_correction,0.0
F1,v2e2_ade91af586194aa1b583,qwen37f1_8f159fe10d063d56228e,qwen37_plus_direct,C2,expanded_system,feasible_mode_library_upper_bound,519.3422052631579,0.0,4,0,True,455.1689917933428,0.014959792024455965,battery_action_and_mode_correction,0.0
F1,v2e2_ade91af586194aa1b583,qwen37f1_8f159fe10d063d56228e,qwen37_plus_direct,S1,battery_only,feasible_mode_library_upper_bound,48.30431052631566,0.0,1,0,True,464.83778104894054,0.014648500015027821,battery_action_and_mode_correction,0.0
F1,v2e2_ade91af586194aa1b583,qwen37f1_8f159fe10d063d56228e,qwen37_plus_direct,S1,expanded_system,feasible_mode_library_upper_bound,48.30431052631566,0.0,1,0,True,464.83778104894054,0.015225207986077294,battery_action_and_mode_correction,0.0
F1,v2e2_ade91af586194aa1b583,qwen37f1_8f159fe10d063d56228e,qwen37_plus_direct,S2,battery_only,feasible_mode_library_upper_bound,48.30431052631566,0.0,1,0,True,464.83778104894054,0.014648500015027821,battery_action_and_mode_correction,0.0
F1,v2e2_ade91af586194aa1b583,qwen37f1_8f159fe10d063d56228e,qwen37_plus_direct,S2,expanded_system,feasible_mode_library_upper_bound,48.30431052631566,0.0,1,0,True,464.83778104894054,0.015225207986077294,battery_action_and_mode_correction,0.0
F0,v2e2_b7e962716394d888d563,qwen37f0_67ef0b505bfbf7ac9d4b,qwen37_plus_direct,C1,battery_only,feasible_mode_library_upper_bound,5490.78135,0.0,3,0,True,501.92996782084447,0.01434424999752082,battery_action_and_mode_correction,0.0
F0,v2e2_b7e962716394d888d563,qwen37f0_67ef0b505bfbf7ac9d4b,qwen37_plus_direct,C1,expanded_system,feasible_mode_library_upper_bound,5490.78135,0.0,3,0,True,501.92996782084447,0.014764666004339233,battery_action_and_mode_correction,0.0
F0,v2e2_b7e962716394d888d563,qwen37f0_67ef0b505bfbf7ac9d4b,qwen37_plus_direct,C2,battery_only,feasible_mode_library_upper_bound,376.8422052631579,0.0,2,0,True,503.66001786045575,0.015004999993834645,battery_action_and_mode_correction,0.0
F0,v2e2_b7e962716394d888d563,qwen37f0_67ef0b505bfbf7ac9d4b,qwen37_plus_direct,C2,expanded_system,feasible_mode_library_upper_bound,376.8422052631579,0.0,2,0,True,503.6600178604558,0.015233375015668571,battery_action_and_mode_correction,0.0
F0,v2e2_b7e962716394d888d563,qwen37f0_67ef0b505bfbf7ac9d4b,qwen37_plus_direct,S1,battery_only,global_distance_optimum_lp_integral,109.59062631578982,0.0,0,0,True,506.89402103014754,0.0180244589864742,battery_magnitude_or_timing_correction,0.0
F0,v2e2_b7e962716394d888d563,qwen37f0_67ef0b505bfbf7ac9d4b,qwen37_plus_direct,S1,expanded_system,global_distance_optimum_lp_integral,109.59062631578982,0.0,0,0,True,506.89402103014754,0.017607999994652346,battery_magnitude_or_timing_correction,0.0
F0,v2e2_b7e962716394d888d563,qwen37f0_67ef0b505bfbf7ac9d4b,qwen37_plus_direct,S2,battery_only,feasible_mode_library_upper_bound,540.7880501385044,0.0,6,0,True,505.84615011971005,0.01577795800403692,battery_action_and_mode_correction,0.0
F0,v2e2_b7e962716394d888d563,qwen37f0_67ef0b505bfbf7ac9d4b,qwen37_plus_direct,S2,expanded_system,feasible_mode_library_upper_bound,540.7880501385044,0.0,6,0,True,505.49217787781515,0.014443833992118016,battery_action_and_mode_correction,0.0
F1,v2e2_b7e962716394d888d563,qwen37f1_3c5aa7c5edca9c9b3591,qwen37_plus_direct,C1,battery_only,feasible_mode_library_upper_bound,5490.78135,0.0,3,0,True,501.92996782084447,0.01434424999752082,battery_action_and_mode_correction,0.0
F1,v2e2_b7e962716394d888d563,qwen37f1_3c5aa7c5edca9c9b3591,qwen37_plus_direct,C1,expanded_system,feasible_mode_library_upper_bound,5490.78135,0.0,3,0,True,501.92996782084447,0.014764666004339233,battery_action_and_mode_correction,0.0
F1,v2e2_b7e962716394d888d563,qwen37f1_3c5aa7c5edca9c9b3591,qwen37_plus_direct,C2,battery_only,feasible_mode_library_upper_bound,5490.78135,0.0,3,0,True,501.92996782084447,0.01434424999752082,battery_action_and_mode_correction,0.0
F1,v2e2_b7e962716394d888d563,qwen37f1_3c5aa7c5edca9c9b3591,qwen37_plus_direct,C2,expanded_system,feasible_mode_library_upper_bound,5490.78135,0.0,3,0,True,501.92996782084447,0.014764666004339233,battery_action_and_mode_correction,0.0
F1,v2e2_b7e962716394d888d563,qwen37f1_3c5aa7c5edca9c9b3591,qwen37_plus_direct,S1,battery_only,global_distance_optimum_lp_integral,109.59062631578982,0.0,0,0,True,506.89402103014754,0.0180244589864742,battery_magnitude_or_timing_correction,0.0
F1,v2e2_b7e962716394d888d563,qwen37f1_3c5aa7c5edca9c9b3591,qwen37_plus_direct,S1,expanded_system,global_distance_optimum_lp_integral,109.59062631578982,0.0,0,0,True,506.89402103014754,0.017607999994652346,battery_magnitude_or_timing_correction,0.0
F1,v2e2_b7e962716394d888d563,qwen37f1_3c5aa7c5edca9c9b3591,qwen37_plus_direct,S2,battery_only,feasible_mode_library_upper_bound,376.8422052631579,0.0,2,0,True,503.66001786045575,0.015004999993834645,battery_action_and_mode_correction,0.0
F1,v2e2_b7e962716394d888d563,qwen37f1_3c5aa7c5edca9c9b3591,qwen37_plus_direct,S2,expanded_system,feasible_mode_library_upper_bound,376.8422052631579,0.0,2,0,True,503.6600178604558,0.015233375015668571,battery_action_and_mode_correction,0.0
F1,v2e2_babe8da2420b974ae448,qwen37f1_b7348f05df4f34cefd1d,qwen37_plus_direct,C1,battery_only,feasible_mode_library_upper_bound,180.72115263157875,0.0,0,0,True,230.55901351820455,0.016077375010354444,battery_magnitude_or_timing_correction,0.0
F1,v2e2_babe8da2420b974ae448,qwen37f1_b7348f05df4f34cefd1d,qwen37_plus_direct,C1,expanded_system,feasible_mode_library_upper_bound,180.72115263157875,0.0,0,0,True,230.55901351820455,0.015627209009835497,battery_magnitude_or_timing_correction,0.0
F1,v2e2_babe8da2420b974ae448,qwen37f1_b7348f05df4f34cefd1d,qwen37_plus_direct,C2,battery_only,global_distance_optimum_lp_integral,6.569047368421761,0.0,0,0,True,230.62048178922632,0.017643625003984198,battery_magnitude_or_timing_correction,0.0
F1,v2e2_babe8da2420b974ae448,qwen37f1_b7348f05df4f34cefd1d,qwen37_plus_direct,C2,expanded_system,global_distance_optimum_lp_integral,6.569047368421761,0.0,0,0,True,230.62048178922632,0.01776170899393037,battery_magnitude_or_timing_correction,0.0
F1,v2e2_babe8da2420b974ae448,qwen37f1_b7348f05df4f34cefd1d,qwen37_plus_direct,S1,battery_only,global_distance_optimum_lp_integral,52.82904736841999,0.0,0,0,True,230.09794277918627,0.017570166994119063,battery_magnitude_or_timing_correction,0.0
F1,v2e2_babe8da2420b974ae448,qwen37f1_b7348f05df4f34cefd1d,qwen37_plus_direct,S1,expanded_system,global_distance_optimum_lp_integral,52.82904736841999,0.0,0,0,True,230.09794277918627,0.017850332980742678,battery_magnitude_or_timing_correction,0.0
F1,v2e2_babe8da2420b974ae448,qwen37f1_b7348f05df4f34cefd1d,qwen37_plus_direct,S2,battery_only,global_distance_optimum_lp_integral,56.65404736842051,0.0,0,0,True,230.0547367326361,0.018609249993460253,battery_magnitude_or_timing_correction,0.0
F1,v2e2_babe8da2420b974ae448,qwen37f1_b7348f05df4f34cefd1d,qwen37_plus_direct,S2,expanded_system,global_distance_optimum_lp_integral,56.65404736842051,0.0,0,0,True,230.0547367326361,0.017734666005708277,battery_magnitude_or_timing_correction,0.0
F1,v2e2_be357ad7fa505f6b8f35,qwen37f1_bfdc857df31666bf3d04,qwen37_plus_direct,C1,battery_only,feasible_mode_library_upper_bound,405.5922052631579,0.0,2,0,True,340.0556339472053,0.015162457973929122,battery_action_and_mode_correction,0.0
F1,v2e2_be357ad7fa505f6b8f35,qwen37f1_bfdc857df31666bf3d04,qwen37_plus_direct,C1,expanded_system,feasible_mode_library_upper_bound,405.5922052631579,0.0,2,0,True,340.0556339472053,0.015699124982347712,battery_action_and_mode_correction,0.0
F1,v2e2_be357ad7fa505f6b8f35,qwen37f1_bfdc857df31666bf3d04,qwen37_plus_direct,C2,battery_only,feasible_mode_library_upper_bound,405.5922052631579,0.0,2,0,True,340.0556339472053,0.015162457973929122,battery_action_and_mode_correction,0.0
F1,v2e2_be357ad7fa505f6b8f35,qwen37f1_bfdc857df31666bf3d04,qwen37_plus_direct,C2,expanded_system,feasible_mode_library_upper_bound,405.5922052631579,0.0,2,0,True,340.0556339472053,0.015699124982347712,battery_action_and_mode_correction,0.0
F1,v2e2_be357ad7fa505f6b8f35,qwen37f1_bfdc857df31666bf3d04,qwen37_plus_direct,S1,battery_only,global_distance_optimum_lp_integral,109.57904736842002,0.0,0,0,True,339.564205939952,0.015743916999781504,battery_magnitude_or_timing_correction,0.0
F1,v2e2_be357ad7fa505f6b8f35,qwen37f1_bfdc857df31666bf3d04,qwen37_plus_direct,S1,expanded_system,global_distance_optimum_lp_integral,109.57904736842002,0.0,0,0,True,339.564205939952,0.017435207992093638,battery_magnitude_or_timing_correction,0.0
F1,v2e2_be357ad7fa505f6b8f35,qwen37f1_bfdc857df31666bf3d04,qwen37_plus_direct,S2,battery_only,feasible_mode_library_upper_bound,405.5922052631579,0.0,2,0,True,340.0556339472053,0.015162457973929122,battery_action_and_mode_correction,0.0
F1,v2e2_be357ad7fa505f6b8f35,qwen37f1_bfdc857df31666bf3d04,qwen37_plus_direct,S2,expanded_system,feasible_mode_library_upper_bound,405.5922052631579,0.0,2,0,True,340.0556339472053,0.015699124982347712,battery_action_and_mode_correction,0.0
F1,v2e2_c049d4bc657bdc82a484,qwen37f1_31aac6d8f61d7eb15e22,qwen37_plus_direct,C1,battery_only,feasible_mode_library_upper_bound,535.9172052631578,0.0,1,0,True,461.86761097036464,0.014448667003307492,battery_action_and_mode_correction,0.0
F1,v2e2_c049d4bc657bdc82a484,qwen37f1_31aac6d8f61d7eb15e22,qwen37_plus_direct,C1,expanded_system,feasible_mode_library_upper_bound,535.9172052631578,0.0,1,0,True,461.86761097036464,0.014038791006896645,battery_action_and_mode_correction,0.0
F1,v2e2_c049d4bc657bdc82a484,qwen37f1_31aac6d8f61d7eb15e22,qwen37_plus_direct,C2,battery_only,feasible_mode_library_upper_bound,535.9172052631578,0.0,1,0,True,461.86761097036464,0.014448667003307492,battery_action_and_mode_correction,0.0
F1,v2e2_c049d4bc657bdc82a484,qwen37f1_31aac6d8f61d7eb15e22,qwen37_plus_direct,C2,expanded_system,feasible_mode_library_upper_bound,535.9172052631578,0.0,1,0,True,461.86761097036464,0.014038791006896645,battery_action_and_mode_correction,0.0
F1,v2e2_c049d4bc657bdc82a484,qwen37f1_31aac6d8f61d7eb15e22,qwen37_plus_direct,S1,battery_only,feasible_mode_library_upper_bound,5651.5626,0.0,2,0,True,461.21695610911723,0.01405433300533332,battery_action_and_mode_correction,0.0
F1,v2e2_c049d4bc657bdc82a484,qwen37f1_31aac6d8f61d7eb15e22,qwen37_plus_direct,S1,expanded_system,feasible_mode_library_upper_bound,5651.5626,0.0,2,0,True,461.21695610911723,0.01453279101406224,battery_action_and_mode_correction,0.0
F1,v2e2_c049d4bc657bdc82a484,qwen37f1_31aac6d8f61d7eb15e22,qwen37_plus_direct,S2,battery_only,feasible_mode_library_upper_bound,5651.5626,0.0,2,0,True,461.21695610911723,0.01405433300533332,battery_action_and_mode_correction,0.0
F1,v2e2_c049d4bc657bdc82a484,qwen37f1_31aac6d8f61d7eb15e22,qwen37_plus_direct,S2,expanded_system,feasible_mode_library_upper_bound,5651.5626,0.0,2,0,True,461.21695610911723,0.01453279101406224,battery_action_and_mode_correction,0.0
F1,v2e2_c4d42554da4b1f44862b,qwen37f1_df44c3059311d69be180,qwen37_plus_direct,C1,battery_only,global_distance_optimum_lp_integral,601.8750051248358,0.0,1,0,True,666.4082828710966,0.016256374976364896,battery_action_and_mode_correction,0.0
F1,v2e2_c4d42554da4b1f44862b,qwen37f1_df44c3059311d69be180,qwen37_plus_direct,C1,expanded_system,global_distance_optimum_lp_integral,601.8750051248358,0.0,1,0,True,666.4082828710966,0.015587083005812019,battery_action_and_mode_correction,0.0
F1,v2e2_c4d42554da4b1f44862b,qwen37f1_df44c3059311d69be180,qwen37_plus_direct,C2,battery_only,global_distance_optimum_lp_integral,601.8750051248358,0.0,1,0,True,666.4082828710966,0.016256374976364896,battery_action_and_mode_correction,0.0
F1,v2e2_c4d42554da4b1f44862b,qwen37f1_df44c3059311d69be180,qwen37_plus_direct,C2,expanded_system,global_distance_optimum_lp_integral,601.8750051248358,0.0,1,0,True,666.4082828710966,0.015587083005812019,battery_action_and_mode_correction,0.0
F1,v2e2_c4d42554da4b1f44862b,qwen37f1_df44c3059311d69be180,qwen37_plus_direct,S1,battery_only,feasible_mode_library_upper_bound,87.89291249999988,0.0,1,0,True,666.361090148154,0.014517958974465728,battery_action_and_mode_correction,0.0
F1,v2e2_c4d42554da4b1f44862b,qwen37f1_df44c3059311d69be180,qwen37_plus_direct,S1,expanded_system,feasible_mode_library_upper_bound,87.89291249999988,0.0,1,0,True,666.361090148154,0.013119874987751245,battery_action_and_mode_correction,0.0
F1,v2e2_c4d42554da4b1f44862b,qwen37f1_df44c3059311d69be180,qwen37_plus_direct,S2,battery_only,feasible_mode_library_upper_bound,69.43778749999998,0.0,1,0,True,666.374668772104,0.014277792011853307,battery_action_and_mode_correction,0.0
F1,v2e2_c4d42554da4b1f44862b,qwen37f1_df44c3059311d69be180,qwen37_plus_direct,S2,expanded_system,feasible_mode_library_upper_bound,69.43778749999998,0.0,1,0,True,666.374668772104,0.014091917022597045,battery_action_and_mode_correction,0.0
F1,v2e2_c577765fa5c45c1fea7a,qwen37f1_15b9580deeef7a90c854,qwen37_plus_direct,C1,battery_only,feasible_mode_library_upper_bound,2977.0880501385045,0.0,5,0,True,307.2260749324739,0.014169333997415379,battery_action_and_mode_correction,-13.504155124653607
F1,v2e2_c577765fa5c45c1fea7a,qwen37f1_15b9580deeef7a90c854,qwen37_plus_direct,C1,expanded_system,feasible_mode_library_upper_bound,2990.592205263158,0.0,2,0,True,306.753781521869,0.013584791973698884,battery_action_and_mode_correction,-13.504155124653607
F1,v2e2_c577765fa5c45c1fea7a,qwen37f1_15b9580deeef7a90c854,qwen37_plus_direct,C2,battery_only,feasible_mode_library_upper_bound,180.92015263157893,0.0,0,0,True,308.4738924127197,0.015444708027644083,battery_magnitude_or_timing_correction,0.0
F1,v2e2_c577765fa5c45c1fea7a,qwen37f1_15b9580deeef7a90c854,qwen37_plus_direct,C2,expanded_system,feasible_mode_library_upper_bound,180.92015263157893,0.0,0,0,True,308.4738924127197,0.014887166995322332,battery_magnitude_or_timing_correction,0.0
F1,v2e2_c577765fa5c45c1fea7a,qwen37f1_15b9580deeef7a90c854,qwen37_plus_direct,S1,battery_only,global_distance_optimum_lp_integral,55.67904736842091,0.0,0,0,True,307.84486842414515,0.017836582992458716,battery_magnitude_or_timing_correction,0.0
F1,v2e2_c577765fa5c45c1fea7a,qwen37f1_15b9580deeef7a90c854,qwen37_plus_direct,S1,expanded_system,global_distance_optimum_lp_integral,55.67904736842091,0.0,0,0,True,307.84486842414515,0.017641790997004136,battery_magnitude_or_timing_correction,0.0
F1,v2e2_c577765fa5c45c1fea7a,qwen37f1_15b9580deeef7a90c854,qwen37_plus_direct,S2,battery_only,global_distance_optimum_lp_integral,56.5590473684211,0.0,0,0,True,307.83052175614523,0.01711866701953113,battery_magnitude_or_timing_correction,0.0
F1,v2e2_c577765fa5c45c1fea7a,qwen37f1_15b9580deeef7a90c854,qwen37_plus_direct,S2,expanded_system,global_distance_optimum_lp_integral,56.5590473684211,0.0,0,0,True,307.83052175614523,0.017794416984543204,battery_magnitude_or_timing_correction,0.0
F0,v2e2_c9b994f593c92dd9efa9,qwen37f0_f13a18fccb1fbe2cf34b,qwen37_plus_direct,C1,battery_only,global_distance_optimum_lp_integral,6.579172368420417,0.0,0,0,True,355.2064529374101,0.018067458004225045,battery_magnitude_or_timing_correction,0.0
F0,v2e2_c9b994f593c92dd9efa9,qwen37f0_f13a18fccb1fbe2cf34b,qwen37_plus_direct,C1,expanded_system,global_distance_optimum_lp_integral,6.579172368420417,0.0,0,0,True,355.2064529374101,0.017308957991190255,battery_magnitude_or_timing_correction,0.0
F0,v2e2_c9b994f593c92dd9efa9,qwen37f0_f13a18fccb1fbe2cf34b,qwen37_plus_direct,C2,battery_only,global_distance_optimum_lp_integral,6.579172368420417,0.0,0,0,True,355.2064529374101,0.018067458004225045,battery_magnitude_or_timing_correction,0.0
F0,v2e2_c9b994f593c92dd9efa9,qwen37f0_f13a18fccb1fbe2cf34b,qwen37_plus_direct,C2,expanded_system,global_distance_optimum_lp_integral,6.579172368420417,0.0,0,0,True,355.2064529374101,0.017308957991190255,battery_magnitude_or_timing_correction,0.0
F0,v2e2_c9b994f593c92dd9efa9,qwen37f0_f13a18fccb1fbe2cf34b,qwen37_plus_direct,S1,battery_only,global_distance_optimum_lp_integral,66.7415473684215,0.0,0,0,True,354.2050355682278,0.01743666600668803,battery_magnitude_or_timing_correction,0.0
F0,v2e2_c9b994f593c92dd9efa9,qwen37f0_f13a18fccb1fbe2cf34b,qwen37_plus_direct,S1,expanded_system,global_distance_optimum_lp_integral,66.7415473684215,0.0,0,0,True,354.2050355682278,0.017053874995326623,battery_magnitude_or_timing_correction,0.0
F0,v2e2_c9b994f593c92dd9efa9,qwen37f0_f13a18fccb1fbe2cf34b,qwen37_plus_direct,S2,battery_only,global_distance_optimum_lp_integral,85.26004736842036,0.0,0,0,True,353.8967906302377,0.018115042010322213,battery_magnitude_or_timing_correction,2.842170943040401e-14
F0,v2e2_c9b994f593c92dd9efa9,qwen37f0_f13a18fccb1fbe2cf34b,qwen37_plus_direct,S2,expanded_system,global_distance_optimum_lp_integral,85.26004736842033,0.0,0,0,True,353.8967906302377,0.017433583008823916,battery_magnitude_or_timing_correction,2.842170943040401e-14
F1,v2e2_c9b994f593c92dd9efa9,qwen37f1_ec592705915514026f43,qwen37_plus_direct,C1,battery_only,global_distance_optimum_lp_integral,6.579172368420417,0.0,0,0,True,355.2064529374101,0.018067458004225045,battery_magnitude_or_timing_correction,0.0
F1,v2e2_c9b994f593c92dd9efa9,qwen37f1_ec592705915514026f43,qwen37_plus_direct,C1,expanded_system,global_distance_optimum_lp_integral,6.579172368420417,0.0,0,0,True,355.2064529374101,0.017308957991190255,battery_magnitude_or_timing_correction,0.0
F1,v2e2_c9b994f593c92dd9efa9,qwen37f1_ec592705915514026f43,qwen37_plus_direct,C2,battery_only,global_distance_optimum_lp_integral,6.579172368420417,0.0,0,0,True,355.2064529374101,0.018067458004225045,battery_magnitude_or_timing_correction,0.0
F1,v2e2_c9b994f593c92dd9efa9,qwen37f1_ec592705915514026f43,qwen37_plus_direct,C2,expanded_system,global_distance_optimum_lp_integral,6.579172368420417,0.0,0,0,True,355.2064529374101,0.017308957991190255,battery_magnitude_or_timing_correction,0.0
F1,v2e2_c9b994f593c92dd9efa9,qwen37f1_ec592705915514026f43,qwen37_plus_direct,S1,battery_only,feasible_mode_library_upper_bound,205.4848645429363,0.0,1,0,True,350.7433884626791,0.015815582999493927,battery_action_and_mode_correction,0.0
F1,v2e2_c9b994f593c92dd9efa9,qwen37f1_ec592705915514026f43,qwen37_plus_direct,S1,expanded_system,feasible_mode_library_upper_bound,205.4848645429363,0.0,1,0,True,350.7433884626791,0.036121000011917204,battery_action_and_mode_correction,0.0
F1,v2e2_c9b994f593c92dd9efa9,qwen37f1_ec592705915514026f43,qwen37_plus_direct,S2,battery_only,global_distance_optimum_lp_integral,86.07904736842158,0.0,0,0,True,353.8831581759776,0.01823237500502728,battery_magnitude_or_timing_correction,2.842170943040401e-14
F1,v2e2_c9b994f593c92dd9efa9,qwen37f1_ec592705915514026f43,qwen37_plus_direct,S2,expanded_system,global_distance_optimum_lp_integral,86.07904736842156,0.0,0,0,True,353.8831581759776,0.017762499977834523,battery_magnitude_or_timing_correction,2.842170943040401e-14
F1,v2e2_cd47662d04581b339960,qwen37f1_dedabb5c8f24a1a133ae,qwen37_plus_direct,C1,battery_only,feasible_mode_library_upper_bound,183.4211526315785,0.0,0,0,True,288.91042153495886,0.015505917021073401,expanded_curtailment_used_without_distance_reduction,0.0
F1,v2e2_cd47662d04581b339960,qwen37f1_dedabb5c8f24a1a133ae,qwen37_plus_direct,C1,expanded_system,feasible_mode_library_upper_bound,183.4211526315785,369.16248325000004,0,0,True,287.14213324019136,0.01438962499378249,expanded_curtailment_used_without_distance_reduction,0.0
F1,v2e2_cd47662d04581b339960,qwen37f1_dedabb5c8f24a1a133ae,qwen37_plus_direct,C2,battery_only,feasible_mode_library_upper_bound,465.70125276315787,0.0,6,0,True,288.76527168221673,0.014182665996486321,expanded_curtailment_used_without_distance_reduction,-8.14011295013853
F1,v2e2_cd47662d04581b339960,qwen37f1_dedabb5c8f24a1a133ae,qwen37_plus_direct,C2,expanded_system,feasible_mode_library_upper_bound,473.8413657132964,369.16248325000004,4,0,True,286.6608467112825,0.014844916004221886,expanded_curtailment_used_without_distance_reduction,-8.14011295013853
F1,v2e2_cd47662d04581b339960,qwen37f1_dedabb5c8f24a1a133ae,qwen37_plus_direct,S1,battery_only,global_distance_optimum_lp_integral,93.77904736842098,0.0,0,0,True,286.1726272768458,0.01778079100768082,expanded_curtailment_used_without_distance_reduction,0.0
F1,v2e2_cd47662d04581b339960,qwen37f1_dedabb5c8f24a1a133ae,qwen37_plus_direct,S1,expanded_system,global_distance_optimum_lp_integral,93.77904736842098,369.16248325000004,0,0,True,284.4043389820783,0.01785066700540483,expanded_curtailment_used_without_distance_reduction,0.0
F1,v2e2_cd47662d04581b339960,qwen37f1_dedabb5c8f24a1a133ae,qwen37_plus_direct,S2,battery_only,feasible_mode_library_upper_bound,93.42115263157895,0.0,0,0,True,289.22386780995885,0.014937750005628914,expanded_curtailment_used_without_distance_reduction,0.0
F1,v2e2_cd47662d04581b339960,qwen37f1_dedabb5c8f24a1a133ae,qwen37_plus_direct,S2,expanded_system,feasible_mode_library_upper_bound,93.42115263157895,369.16248325000004,0,0,True,287.45557951519135,0.01568087501800619,expanded_curtailment_used_without_distance_reduction,0.0
F1,v2e2_d00d3a4d54f973fa24ac,qwen37f1_27479db8834038d8e285,qwen37_plus_direct,C1,battery_only,feasible_mode_library_upper_bound,217.1042631578946,0.0,0,0,True,581.1861801254721,0.015532332996372133,battery_magnitude_or_timing_correction,0.0
F1,v2e2_d00d3a4d54f973fa24ac,qwen37f1_27479db8834038d8e285,qwen37_plus_direct,C1,expanded_system,feasible_mode_library_upper_bound,217.1042631578946,0.0,0,0,True,581.1861801254721,0.015099624986760318,battery_magnitude_or_timing_correction,0.0
F1,v2e2_d00d3a4d54f973fa24ac,qwen37f1_27479db8834038d8e285,qwen37_plus_direct,C2,battery_only,feasible_mode_library_upper_bound,217.0053631578945,0.0,0,0,True,581.1866955871659,0.015202334005152807,battery_magnitude_or_timing_correction,0.0
F1,v2e2_d00d3a4d54f973fa24ac,qwen37f1_27479db8834038d8e285,qwen37_plus_direct,C2,expanded_system,feasible_mode_library_upper_bound,217.0053631578945,0.0,0,0,True,581.1866955871659,0.01542720801080577,battery_magnitude_or_timing_correction,0.0
F1,v2e2_d00d3a4d54f973fa24ac,qwen37f1_27479db8834038d8e285,qwen37_plus_direct,S1,battery_only,global_distance_optimum_lp_integral,79.69483684210483,0.0,0,0,True,580.8054986703993,0.017658708995440975,battery_magnitude_or_timing_correction,0.0
F1,v2e2_d00d3a4d54f973fa24ac,qwen37f1_27479db8834038d8e285,qwen37_plus_direct,S1,expanded_system,global_distance_optimum_lp_integral,79.69483684210483,0.0,0,0,True,580.8054986703993,0.01758595899445936,battery_magnitude_or_timing_correction,0.0
F1,v2e2_d00d3a4d54f973fa24ac,qwen37f1_27479db8834038d8e285,qwen37_plus_direct,S2,battery_only,feasible_mode_library_upper_bound,217.1042631578946,0.0,0,0,True,581.1861801254721,0.015532332996372133,battery_magnitude_or_timing_correction,0.0
F1,v2e2_d00d3a4d54f973fa24ac,qwen37f1_27479db8834038d8e285,qwen37_plus_direct,S2,expanded_system,feasible_mode_library_upper_bound,217.1042631578946,0.0,0,0,True,581.1861801254721,0.015099624986760318,battery_magnitude_or_timing_correction,0.0
F1,v2e2_d2a42e359dd264f920da,qwen37f1_56d4cec0083088dc9871,qwen37_plus_direct,C1,battery_only,feasible_mode_library_upper_bound,4378.2501,0.0,3,0,True,466.21445630078205,0.014077500003622845,battery_action_and_mode_correction,0.0
F1,v2e2_d2a42e359dd264f920da,qwen37f1_56d4cec0083088dc9871,qwen37_plus_direct,C1,expanded_system,feasible_mode_library_upper_bound,4378.2501,0.0,3,0,True,466.21445630078205,0.013437207991955802,battery_action_and_mode_correction,0.0
F1,v2e2_d2a42e359dd264f920da,qwen37f1_56d4cec0083088dc9871,qwen37_plus_direct,C2,battery_only,feasible_mode_library_upper_bound,4378.2501,0.0,3,0,True,466.21445630078205,0.014077500003622845,battery_action_and_mode_correction,0.0
F1,v2e2_d2a42e359dd264f920da,qwen37f1_56d4cec0083088dc9871,qwen37_plus_direct,C2,expanded_system,feasible_mode_library_upper_bound,4378.2501,0.0,3,0,True,466.21445630078205,0.013437207991955802,battery_action_and_mode_correction,0.0
F1,v2e2_d2a42e359dd264f920da,qwen37f1_56d4cec0083088dc9871,qwen37_plus_direct,S1,battery_only,feasible_mode_library_upper_bound,4378.2501,0.0,3,0,True,466.21445630078205,0.014077500003622845,battery_action_and_mode_correction,0.0
F1,v2e2_d2a42e359dd264f920da,qwen37f1_56d4cec0083088dc9871,qwen37_plus_direct,S1,expanded_system,feasible_mode_library_upper_bound,4378.2501,0.0,3,0,True,466.21445630078205,0.013437207991955802,battery_action_and_mode_correction,0.0
F1,v2e2_d2a42e359dd264f920da,qwen37f1_56d4cec0083088dc9871,qwen37_plus_direct,S2,battery_only,feasible_mode_library_upper_bound,286.8422052631579,0.0,2,0,True,468.1058142188646,0.015306375018553808,battery_action_and_mode_correction,0.0
F1,v2e2_d2a42e359dd264f920da,qwen37f1_56d4cec0083088dc9871,qwen37_plus_direct,S2,expanded_system,feasible_mode_library_upper_bound,286.8422052631579,0.0,2,0,True,468.1058142188646,0.015388375002657995,battery_action_and_mode_correction,0.0
F1,v2e2_d6701d548a93409fed9a,qwen37f1_432cbcaad18dba17ba76,qwen37_plus_direct,C1,battery_only,feasible_mode_library_upper_bound,178.92115263157942,0.0,1,0,True,406.39101957378944,0.015722457988886163,battery_action_and_mode_correction,0.0
F1,v2e2_d6701d548a93409fed9a,qwen37f1_432cbcaad18dba17ba76,qwen37_plus_direct,C1,expanded_system,feasible_mode_library_upper_bound,178.92115263157942,0.0,1,0,True,406.39101957378944,0.015653290989575908,battery_action_and_mode_correction,0.0
F1,v2e2_d6701d548a93409fed9a,qwen37f1_432cbcaad18dba17ba76,qwen37_plus_direct,C2,battery_only,feasible_mode_library_upper_bound,2950.053225,0.0,5,0,True,393.6261913837278,0.013784332986688241,battery_action_and_mode_correction,0.0
F1,v2e2_d6701d548a93409fed9a,qwen37f1_432cbcaad18dba17ba76,qwen37_plus_direct,C2,expanded_system,feasible_mode_library_upper_bound,2950.053225,0.0,5,0,True,393.6261913837278,0.01309525000397116,battery_action_and_mode_correction,0.0
F1,v2e2_d6701d548a93409fed9a,qwen37f1_432cbcaad18dba17ba76,qwen37_plus_direct,S1,battery_only,global_distance_optimum_lp_integral,94.08904736842123,0.0,0,0,True,405.59391260465077,0.017002707987558097,battery_magnitude_or_timing_correction,0.0
F1,v2e2_d6701d548a93409fed9a,qwen37f1_432cbcaad18dba17ba76,qwen37_plus_direct,S1,expanded_system,global_distance_optimum_lp_integral,94.08904736842123,0.0,0,0,True,405.59391260465077,0.017965750012081116,battery_magnitude_or_timing_correction,0.0
F1,v2e2_d6701d548a93409fed9a,qwen37f1_432cbcaad18dba17ba76,qwen37_plus_direct,S2,battery_only,feasible_mode_library_upper_bound,243.3211526315787,0.0,1,0,True,405.9382873449869,0.016299374983645976,battery_action_and_mode_correction,0.0
F1,v2e2_d6701d548a93409fed9a,qwen37f1_432cbcaad18dba17ba76,qwen37_plus_direct,S2,expanded_system,feasible_mode_library_upper_bound,243.3211526315787,0.0,1,0,True,405.9382873449869,0.014498375006951392,battery_action_and_mode_correction,0.0
F1,v2e2_d6ba00286f170447ebbf,qwen37f1_ee7f0861126b4b76602e,qwen37_plus_direct,C1,battery_only,feasible_mode_library_upper_bound,217.0053631578945,0.0,1,0,True,406.4050271583175,0.014893124985974282,battery_action_and_mode_correction,0.0
F1,v2e2_d6ba00286f170447ebbf,qwen37f1_ee7f0861126b4b76602e,qwen37_plus_direct,C1,expanded_system,feasible_mode_library_upper_bound,217.0053631578945,0.0,1,0,True,406.4050271583175,0.015195916988886893,battery_action_and_mode_correction,0.0
F1,v2e2_d6ba00286f170447ebbf,qwen37f1_ee7f0861126b4b76602e,qwen37_plus_direct,C2,battery_only,feasible_mode_library_upper_bound,217.0053631578945,0.0,1,0,True,406.4050271583175,0.014893124985974282,battery_action_and_mode_correction,0.0
F1,v2e2_d6ba00286f170447ebbf,qwen37f1_ee7f0861126b4b76602e,qwen37_plus_direct,C2,expanded_system,feasible_mode_library_upper_bound,217.0053631578945,0.0,1,0,True,406.4050271583175,0.015195916988886893,battery_action_and_mode_correction,0.0
F1,v2e2_d6ba00286f170447ebbf,qwen37f1_ee7f0861126b4b76602e,qwen37_plus_direct,S1,battery_only,feasible_mode_library_upper_bound,221.6053631578943,0.0,1,0,True,406.3448355563175,0.015061415993841365,battery_action_and_mode_correction,0.0
F1,v2e2_d6ba00286f170447ebbf,qwen37f1_ee7f0861126b4b76602e,qwen37_plus_direct,S1,expanded_system,feasible_mode_library_upper_bound,221.6053631578943,0.0,1,0,True,406.3448355563175,0.01620841701515019,battery_action_and_mode_correction,0.0
F1,v2e2_d6ba00286f170447ebbf,qwen37f1_ee7f0861126b4b76602e,qwen37_plus_direct,S2,battery_only,feasible_mode_library_upper_bound,217.0053631578945,0.0,1,0,True,406.4050271583175,0.014893124985974282,battery_action_and_mode_correction,0.0
F1,v2e2_d6ba00286f170447ebbf,qwen37f1_ee7f0861126b4b76602e,qwen37_plus_direct,S2,expanded_system,feasible_mode_library_upper_bound,217.0053631578945,0.0,1,0,True,406.4050271583175,0.015195916988886893,battery_action_and_mode_correction,0.0
F1,v2e2_e6c8a896df3972a400a6,qwen37f1_86c207b5817e368dedb6,qwen37_plus_direct,C1,battery_only,feasible_mode_library_upper_bound,221.6053631578943,0.0,1,0,True,406.44038045313255,0.015924790990538895,battery_action_and_mode_correction,0.0
F1,v2e2_e6c8a896df3972a400a6,qwen37f1_86c207b5817e368dedb6,qwen37_plus_direct,C1,expanded_system,feasible_mode_library_upper_bound,221.6053631578943,0.0,1,0,True,406.44038045313255,0.015933999995468184,battery_action_and_mode_correction,0.0
F1,v2e2_e6c8a896df3972a400a6,qwen37f1_86c207b5817e368dedb6,qwen37_plus_direct,C2,battery_only,feasible_mode_library_upper_bound,217.1042631578946,0.0,1,0,True,406.54339334644084,0.015629375004209578,battery_action_and_mode_correction,0.0
F1,v2e2_e6c8a896df3972a400a6,qwen37f1_86c207b5817e368dedb6,qwen37_plus_direct,C2,expanded_system,feasible_mode_library_upper_bound,217.1042631578946,0.0,1,0,True,406.54339334644084,0.01538741699187085,battery_action_and_mode_correction,0.0
F1,v2e2_e6c8a896df3972a400a6,qwen37f1_86c207b5817e368dedb6,qwen37_plus_direct,S1,battery_only,feasible_mode_library_upper_bound,217.00536315789452,0.0,1,0,True,406.54565678763254,0.016325875010807067,battery_action_and_mode_correction,0.0
F1,v2e2_e6c8a896df3972a400a6,qwen37f1_86c207b5817e368dedb6,qwen37_plus_direct,S1,expanded_system,feasible_mode_library_upper_bound,217.00536315789452,0.0,1,0,True,406.54565678763254,0.015997375012375414,battery_action_and_mode_correction,0.0
F1,v2e2_e6c8a896df3972a400a6,qwen37f1_86c207b5817e368dedb6,qwen37_plus_direct,S2,battery_only,feasible_mode_library_upper_bound,229.42536315789516,0.0,1,0,True,406.4963690583825,0.016072041005827487,battery_action_and_mode_correction,0.0
F1,v2e2_e6c8a896df3972a400a6,qwen37f1_86c207b5817e368dedb6,qwen37_plus_direct,S2,expanded_system,feasible_mode_library_upper_bound,229.42536315789516,0.0,1,0,True,406.4963690583825,0.016323582996847108,battery_action_and_mode_correction,0.0
F1,v2e2_e87de31d325befcf7b51,qwen37f1_57f5366dedb07226c3a5,qwen37_plus_direct,C1,battery_only,feasible_mode_library_upper_bound,5508.28135,0.0,5,0,True,372.8738340555042,0.012968583003384992,battery_action_and_mode_correction,0.0
F1,v2e2_e87de31d325befcf7b51,qwen37f1_57f5366dedb07226c3a5,qwen37_plus_direct,C1,expanded_system,feasible_mode_library_upper_bound,5508.28135,0.0,5,0,True,372.8738340555042,0.013675374997546896,battery_action_and_mode_correction,0.0
F1,v2e2_e87de31d325befcf7b51,qwen37f1_57f5366dedb07226c3a5,qwen37_plus_direct,C2,battery_only,feasible_mode_library_upper_bound,506.8422052631579,0.0,4,0,True,374.2023830621637,0.015084832994034514,battery_action_and_mode_correction,0.0
F1,v2e2_e87de31d325befcf7b51,qwen37f1_57f5366dedb07226c3a5,qwen37_plus_direct,C2,expanded_system,feasible_mode_library_upper_bound,506.8422052631579,0.0,4,0,True,374.2023830621637,0.014988542010542005,battery_action_and_mode_correction,0.0
F1,v2e2_e87de31d325befcf7b51,qwen37f1_57f5366dedb07226c3a5,qwen37_plus_direct,S1,battery_only,feasible_mode_library_upper_bound,341.8447329639889,0.0,1,0,True,376.1527303105278,0.014456874981988221,battery_action_and_mode_correction,0.0
F1,v2e2_e87de31d325befcf7b51,qwen37f1_57f5366dedb07226c3a5,qwen37_plus_direct,S1,expanded_system,feasible_mode_library_upper_bound,341.8447329639889,0.0,1,0,True,376.1527303105278,0.013906042004236951,battery_action_and_mode_correction,0.0
F1,v2e2_e87de31d325befcf7b51,qwen37f1_57f5366dedb07226c3a5,qwen37_plus_direct,S2,battery_only,feasible_mode_library_upper_bound,11.06431052631585,0.0,0,0,True,377.2963115733677,0.016379374981625006,battery_magnitude_or_timing_correction,0.0
F1,v2e2_e87de31d325befcf7b51,qwen37f1_57f5366dedb07226c3a5,qwen37_plus_direct,S2,expanded_system,feasible_mode_library_upper_bound,11.06431052631585,0.0,0,0,True,377.2963115733677,0.016317625006195158,battery_magnitude_or_timing_correction,0.0
F1,v2e2_e9230cb9c5afdd6582ec,qwen37f1_ce6f722eecf69d0a2e4a,qwen37_plus_direct,C1,battery_only,feasible_mode_library_upper_bound,3256.0532250000006,0.0,3,0,True,488.7160478071814,0.013662207988090813,battery_action_and_mode_correction,0.0
F1,v2e2_e9230cb9c5afdd6582ec,qwen37f1_ce6f722eecf69d0a2e4a,qwen37_plus_direct,C1,expanded_system,feasible_mode_library_upper_bound,3256.0532250000006,0.0,3,0,True,488.7160478071814,0.013887374982004985,battery_action_and_mode_correction,0.0
F1,v2e2_e9230cb9c5afdd6582ec,qwen37f1_ce6f722eecf69d0a2e4a,qwen37_plus_direct,C2,battery_only,global_distance_optimum_lp_integral,137.4856263157894,0.0,0,0,True,489.25947362807204,0.015949958004057407,battery_magnitude_or_timing_correction,0.0
F1,v2e2_e9230cb9c5afdd6582ec,qwen37f1_ce6f722eecf69d0a2e4a,qwen37_plus_direct,C2,expanded_system,global_distance_optimum_lp_integral,137.4856263157894,0.0,0,0,True,489.25947362807204,0.01696758298203349,battery_magnitude_or_timing_correction,0.0
F1,v2e2_e9230cb9c5afdd6582ec,qwen37f1_ce6f722eecf69d0a2e4a,qwen37_plus_direct,S1,battery_only,feasible_mode_library_upper_bound,3256.0532250000006,0.0,3,0,True,488.7160478071814,0.013662207988090813,battery_action_and_mode_correction,0.0
F1,v2e2_e9230cb9c5afdd6582ec,qwen37f1_ce6f722eecf69d0a2e4a,qwen37_plus_direct,S1,expanded_system,feasible_mode_library_upper_bound,3256.0532250000006,0.0,3,0,True,488.7160478071814,0.013887374982004985,battery_action_and_mode_correction,0.0
F1,v2e2_e9230cb9c5afdd6582ec,qwen37f1_ce6f722eecf69d0a2e4a,qwen37_plus_direct,S2,battery_only,feasible_mode_library_upper_bound,3256.0532250000006,0.0,3,0,True,488.7160478071814,0.013662207988090813,battery_action_and_mode_correction,0.0
F1,v2e2_e9230cb9c5afdd6582ec,qwen37f1_ce6f722eecf69d0a2e4a,qwen37_plus_direct,S2,expanded_system,feasible_mode_library_upper_bound,3256.0532250000006,0.0,3,0,True,488.7160478071814,0.013887374982004985,battery_action_and_mode_correction,0.0
F1,v2e2_ea69a5744fe4489919e6,qwen37f1_3e3b5704ff481994ec3a,qwen37_plus_direct,C1,battery_only,global_distance_optimum_lp_integral,495.0001,0.0,1,0,True,333.055998456805,0.014079042011871934,battery_action_and_mode_correction,0.0
F1,v2e2_ea69a5744fe4489919e6,qwen37f1_3e3b5704ff481994ec3a,qwen37_plus_direct,C1,expanded_system,global_distance_optimum_lp_integral,495.0001,0.0,1,0,True,333.055998456805,0.014637915999628603,battery_action_and_mode_correction,0.0
F1,v2e2_ea69a5744fe4489919e6,qwen37f1_3e3b5704ff481994ec3a,qwen37_plus_direct,C2,battery_only,global_distance_optimum_lp_integral,495.0001,0.0,1,0,True,333.055998456805,0.014079042011871934,battery_action_and_mode_correction,0.0
F1,v2e2_ea69a5744fe4489919e6,qwen37f1_3e3b5704ff481994ec3a,qwen37_plus_direct,C2,expanded_system,global_distance_optimum_lp_integral,495.0001,0.0,1,0,True,333.055998456805,0.014637915999628603,battery_action_and_mode_correction,0.0
F1,v2e2_ea69a5744fe4489919e6,qwen37f1_3e3b5704ff481994ec3a,qwen37_plus_direct,S1,battery_only,feasible_mode_library_upper_bound,852.4651277008309,0.0,7,0,True,328.23747901583926,0.01398983399849385,battery_action_and_mode_correction,-1.1368683772161603e-13
F1,v2e2_ea69a5744fe4489919e6,qwen37f1_3e3b5704ff481994ec3a,qwen37_plus_direct,S1,expanded_system,feasible_mode_library_upper_bound,852.465127700831,0.0,7,0,True,328.14647662815304,0.013920041994424537,battery_action_and_mode_correction,-1.1368683772161603e-13
F1,v2e2_ea69a5744fe4489919e6,qwen37f1_3e3b5704ff481994ec3a,qwen37_plus_direct,S2,battery_only,feasible_mode_library_upper_bound,44.305100000000095,0.0,1,0,True,332.91117359653276,0.012457207980332896,battery_action_and_mode_correction,0.0
F1,v2e2_ea69a5744fe4489919e6,qwen37f1_3e3b5704ff481994ec3a,qwen37_plus_direct,S2,expanded_system,feasible_mode_library_upper_bound,44.305100000000095,0.0,1,0,True,332.91117359653276,0.013851750001776963,battery_action_and_mode_correction,0.0
F1,v2e2_eabe3c90461f173e872b,qwen37f1_818f412579461024d2b0,qwen37_plus_direct,C1,battery_only,feasible_mode_library_upper_bound,5403.90635,0.0,8,0,True,298.9341467547396,0.014182666986016557,battery_action_and_mode_correction,0.0
F1,v2e2_eabe3c90461f173e872b,qwen37f1_818f412579461024d2b0,qwen37_plus_direct,C1,expanded_system,feasible_mode_library_upper_bound,5403.90635,0.0,8,0,True,298.9341467547396,0.014260458992794156,battery_action_and_mode_correction,0.0
F1,v2e2_eabe3c90461f173e872b,qwen37f1_818f412579461024d2b0,qwen37_plus_direct,C2,battery_only,feasible_mode_library_upper_bound,5403.90635,0.0,8,0,True,298.9341467547396,0.014182666986016557,battery_action_and_mode_correction,0.0
F1,v2e2_eabe3c90461f173e872b,qwen37f1_818f412579461024d2b0,qwen37_plus_direct,C2,expanded_system,feasible_mode_library_upper_bound,5403.90635,0.0,8,0,True,298.9341467547396,0.014260458992794156,battery_action_and_mode_correction,0.0
F1,v2e2_eabe3c90461f173e872b,qwen37f1_818f412579461024d2b0,qwen37_plus_direct,S1,battery_only,feasible_mode_library_upper_bound,588.8401277008311,0.0,4,0,True,302.2435391951375,0.015397292008856311,battery_action_and_mode_correction,17.98854743767322
F1,v2e2_eabe3c90461f173e872b,qwen37f1_818f412579461024d2b0,qwen37_plus_direct,S1,expanded_system,feasible_mode_library_upper_bound,570.8515802631579,0.0,8,0,True,305.5521316567551,0.014984584006015211,battery_action_and_mode_correction,17.98854743767322
F1,v2e2_eabe3c90461f173e872b,qwen37f1_818f412579461024d2b0,qwen37_plus_direct,S2,battery_only,feasible_mode_library_upper_bound,370.5922052631579,0.0,2,0,True,302.37774223435514,0.01603716699173674,battery_action_and_mode_correction,0.0
F1,v2e2_eabe3c90461f173e872b,qwen37f1_818f412579461024d2b0,qwen37_plus_direct,S2,expanded_system,feasible_mode_library_upper_bound,370.5922052631579,0.0,2,0,True,302.3777422343551,0.014972000004490837,battery_action_and_mode_correction,0.0
F1,v2e2_eeaa2f40bad66efc8c57,qwen37f1_c4ab0367a5476cc4717d,qwen37_plus_direct,C1,battery_only,global_distance_optimum_lp_integral,79.56062631578938,0.0,0,0,True,317.8787471473023,0.017805499985115603,battery_magnitude_or_timing_correction,-2.842170943040401e-14
F1,v2e2_eeaa2f40bad66efc8c57,qwen37f1_c4ab0367a5476cc4717d,qwen37_plus_direct,C1,expanded_system,global_distance_optimum_lp_integral,79.5606263157894,0.0,0,0,True,317.8787471473023,0.018216540978755802,battery_magnitude_or_timing_correction,-2.842170943040401e-14
F1,v2e2_eeaa2f40bad66efc8c57,qwen37f1_c4ab0367a5476cc4717d,qwen37_plus_direct,C2,battery_only,feasible_mode_library_upper_bound,342.1443927631583,0.0,2,0,True,320.01612664320896,0.015940791985485703,battery_action_and_mode_correction,-0.5728124999999409
F1,v2e2_eeaa2f40bad66efc8c57,qwen37f1_c4ab0367a5476cc4717d,qwen37_plus_direct,C2,expanded_system,feasible_mode_library_upper_bound,342.71720526315823,0.0,2,0,True,319.8481461971308,0.015533249999862164,battery_action_and_mode_correction,-0.5728124999999409
F1,v2e2_eeaa2f40bad66efc8c57,qwen37f1_c4ab0367a5476cc4717d,qwen37_plus_direct,S1,battery_only,feasible_mode_library_upper_bound,342.1443927631583,0.0,2,0,True,320.01612664320896,0.015940791985485703,battery_action_and_mode_correction,-0.5728124999999409
F1,v2e2_eeaa2f40bad66efc8c57,qwen37f1_c4ab0367a5476cc4717d,qwen37_plus_direct,S1,expanded_system,feasible_mode_library_upper_bound,342.71720526315823,0.0,2,0,True,319.8481461971308,0.015533249999862164,battery_action_and_mode_correction,-0.5728124999999409
F1,v2e2_eeaa2f40bad66efc8c57,qwen37f1_c4ab0367a5476cc4717d,qwen37_plus_direct,S2,battery_only,feasible_mode_library_upper_bound,342.1443927631583,0.0,2,0,True,320.01612664320896,0.015940791985485703,battery_action_and_mode_correction,-0.5728124999999409
F1,v2e2_eeaa2f40bad66efc8c57,qwen37f1_c4ab0367a5476cc4717d,qwen37_plus_direct,S2,expanded_system,feasible_mode_library_upper_bound,342.71720526315823,0.0,2,0,True,319.8481461971308,0.015533249999862164,battery_action_and_mode_correction,-0.5728124999999409
F1,v2e2_eefa2a6aa00281c6d0de,qwen37f1_bb3b8eb274674eb04b38,qwen37_plus_direct,C1,battery_only,global_distance_optimum_lp_integral,588.8157945985199,0.0,1,0,True,647.9590759134833,0.015845749992877245,battery_action_and_mode_correction,0.0
F1,v2e2_eefa2a6aa00281c6d0de,qwen37f1_bb3b8eb274674eb04b38,qwen37_plus_direct,C1,expanded_system,global_distance_optimum_lp_integral,588.8157945985199,0.0,1,0,True,647.9590759134833,0.035941541980719194,battery_action_and_mode_correction,0.0
F1,v2e2_eefa2a6aa00281c6d0de,qwen37f1_bb3b8eb274674eb04b38,qwen37_plus_direct,C2,battery_only,global_distance_optimum_lp_integral,588.8157945985199,0.0,1,0,True,647.9590759134833,0.015845749992877245,battery_action_and_mode_correction,0.0
F1,v2e2_eefa2a6aa00281c6d0de,qwen37f1_bb3b8eb274674eb04b38,qwen37_plus_direct,C2,expanded_system,global_distance_optimum_lp_integral,588.8157945985199,0.0,1,0,True,647.9590759134833,0.035941541980719194,battery_action_and_mode_correction,0.0
F1,v2e2_eefa2a6aa00281c6d0de,qwen37f1_bb3b8eb274674eb04b38,qwen37_plus_direct,S1,battery_only,feasible_mode_library_upper_bound,700.0852052631578,0.0,9,0,True,599.8020946496171,0.015144665987463668,battery_action_and_mode_correction,0.0
F1,v2e2_eefa2a6aa00281c6d0de,qwen37f1_bb3b8eb274674eb04b38,qwen37_plus_direct,S1,expanded_system,feasible_mode_library_upper_bound,700.0852052631578,0.0,9,0,True,599.8020946496171,0.014532417000737041,battery_action_and_mode_correction,0.0
F1,v2e2_eefa2a6aa00281c6d0de,qwen37f1_bb3b8eb274674eb04b38,qwen37_plus_direct,S2,battery_only,feasible_mode_library_upper_bound,513.0922052631579,0.0,4,0,True,585.7729262669836,0.015830792021006346,battery_action_and_mode_correction,0.0
F1,v2e2_eefa2a6aa00281c6d0de,qwen37f1_bb3b8eb274674eb04b38,qwen37_plus_direct,S2,expanded_system,feasible_mode_library_upper_bound,513.0922052631579,0.0,4,0,True,585.7729262669836,0.014815291011473164,battery_action_and_mode_correction,0.0
F1,v2e2_f5ed58c9117bb14967a8,qwen37f1_e9279d3fb6c00b84b443,qwen37_plus_direct,C1,battery_only,feasible_mode_library_upper_bound,4354.5001,0.0,3,0,True,365.93510727649436,0.014153041993267834,battery_action_and_mode_correction,0.0
F1,v2e2_f5ed58c9117bb14967a8,qwen37f1_e9279d3fb6c00b84b443,qwen37_plus_direct,C1,expanded_system,feasible_mode_library_upper_bound,4354.5001,0.0,3,0,True,365.93510727649436,0.013687500002561137,battery_action_and_mode_correction,0.0
F1,v2e2_f5ed58c9117bb14967a8,qwen37f1_e9279d3fb6c00b84b443,qwen37_plus_direct,C2,battery_only,feasible_mode_library_upper_bound,4354.5001,0.0,3,0,True,365.93510727649436,0.014153041993267834,battery_action_and_mode_correction,0.0
F1,v2e2_f5ed58c9117bb14967a8,qwen37f1_e9279d3fb6c00b84b443,qwen37_plus_direct,C2,expanded_system,feasible_mode_library_upper_bound,4354.5001,0.0,3,0,True,365.93510727649436,0.013687500002561137,battery_action_and_mode_correction,0.0
F1,v2e2_f5ed58c9117bb14967a8,qwen37f1_e9279d3fb6c00b84b443,qwen37_plus_direct,S1,battery_only,global_distance_optimum_lp_integral,184.21062631578948,0.0,0,5,True,366.6098611590923,0.018326374993193895,battery_action_and_mode_correction,0.0
F1,v2e2_f5ed58c9117bb14967a8,qwen37f1_e9279d3fb6c00b84b443,qwen37_plus_direct,S1,expanded_system,global_distance_optimum_lp_integral,184.21062631578948,0.0,0,5,True,366.6098611590923,0.01901104100397788,battery_action_and_mode_correction,0.0
F1,v2e2_f5ed58c9117bb14967a8,qwen37f1_e9279d3fb6c00b84b443,qwen37_plus_direct,S2,battery_only,global_distance_optimum_lp_integral,119.21387631578907,0.0,0,0,True,367.8750923818376,0.01837529201293364,battery_magnitude_or_timing_correction,0.0
F1,v2e2_f5ed58c9117bb14967a8,qwen37f1_e9279d3fb6c00b84b443,qwen37_plus_direct,S2,expanded_system,global_distance_optimum_lp_integral,119.21387631578907,0.0,0,0,True,367.8750923818376,0.017254292004508898,battery_magnitude_or_timing_correction,0.0
F1,v2e2_f60d5d4b26a4ec302fa4,qwen37f1_bab7890ef7738048b0a9,qwen37_plus_direct,C1,battery_only,feasible_mode_library_upper_bound,388.0922052631579,0.0,2,0,True,231.4093557653606,0.015752916981000453,battery_action_and_mode_correction,0.0
F1,v2e2_f60d5d4b26a4ec302fa4,qwen37f1_bab7890ef7738048b0a9,qwen37_plus_direct,C1,expanded_system,feasible_mode_library_upper_bound,388.0922052631579,0.0,2,0,True,231.4093557653606,0.01508537499466911,battery_action_and_mode_correction,0.0
F1,v2e2_f60d5d4b26a4ec302fa4,qwen37f1_bab7890ef7738048b0a9,qwen37_plus_direct,C2,battery_only,feasible_mode_library_upper_bound,388.0922052631579,0.0,2,0,True,231.4093557653606,0.015752916981000453,battery_action_and_mode_correction,0.0
F1,v2e2_f60d5d4b26a4ec302fa4,qwen37f1_bab7890ef7738048b0a9,qwen37_plus_direct,C2,expanded_system,feasible_mode_library_upper_bound,388.0922052631579,0.0,2,0,True,231.4093557653606,0.01508537499466911,battery_action_and_mode_correction,0.0
F1,v2e2_f60d5d4b26a4ec302fa4,qwen37f1_bab7890ef7738048b0a9,qwen37_plus_direct,S1,battery_only,feasible_mode_library_upper_bound,388.0922052631579,0.0,2,0,True,231.4093557653606,0.015752916981000453,battery_action_and_mode_correction,0.0
F1,v2e2_f60d5d4b26a4ec302fa4,qwen37f1_bab7890ef7738048b0a9,qwen37_plus_direct,S1,expanded_system,feasible_mode_library_upper_bound,388.0922052631579,0.0,2,0,True,231.4093557653606,0.01508537499466911,battery_action_and_mode_correction,0.0
F1,v2e2_f60d5d4b26a4ec302fa4,qwen37f1_bab7890ef7738048b0a9,qwen37_plus_direct,S2,battery_only,feasible_mode_library_upper_bound,64.60536315789474,0.0,0,0,True,231.56781558815808,0.015273458004230633,battery_magnitude_or_timing_correction,0.0
F1,v2e2_f60d5d4b26a4ec302fa4,qwen37f1_bab7890ef7738048b0a9,qwen37_plus_direct,S2,expanded_system,feasible_mode_library_upper_bound,64.60536315789474,0.0,0,0,True,231.56781558815808,0.014815792004810646,battery_magnitude_or_timing_correction,0.0
F1,v2e2_ff7d4d179a2e6d483137,qwen37f1_fcd31e299a3d8c530bc7,qwen37_plus_direct,C1,battery_only,global_distance_optimum_lp_integral,545.0001,0.0,1,0,True,634.0075492734704,0.015861291001783684,battery_action_and_mode_correction,0.0
F1,v2e2_ff7d4d179a2e6d483137,qwen37f1_fcd31e299a3d8c530bc7,qwen37_plus_direct,C1,expanded_system,global_distance_optimum_lp_integral,545.0001,0.0,1,0,True,634.0075492734704,0.016098541993414983,battery_action_and_mode_correction,0.0
F1,v2e2_ff7d4d179a2e6d483137,qwen37f1_fcd31e299a3d8c530bc7,qwen37_plus_direct,C2,battery_only,global_distance_optimum_lp_integral,563.7460999999997,0.0,1,0,True,634.0075492734704,0.015864209010032937,battery_action_and_mode_correction,0.0
F1,v2e2_ff7d4d179a2e6d483137,qwen37f1_fcd31e299a3d8c530bc7,qwen37_plus_direct,C2,expanded_system,global_distance_optimum_lp_integral,563.7460999999997,0.0,1,0,True,634.0075492734704,0.015315874974476174,battery_action_and_mode_correction,0.0
F1,v2e2_ff7d4d179a2e6d483137,qwen37f1_fcd31e299a3d8c530bc7,qwen37_plus_direct,S1,battery_only,feasible_mode_library_upper_bound,566.8422052631579,0.0,5,0,True,636.0144263559062,0.014375124999787658,battery_action_and_mode_correction,0.0
F1,v2e2_ff7d4d179a2e6d483137,qwen37f1_fcd31e299a3d8c530bc7,qwen37_plus_direct,S1,expanded_system,feasible_mode_library_upper_bound,566.8422052631579,0.0,5,0,True,636.0144263559062,0.01500987500185147,battery_action_and_mode_correction,0.0
F1,v2e2_ff7d4d179a2e6d483137,qwen37f1_fcd31e299a3d8c530bc7,qwen37_plus_direct,S2,battery_only,feasible_mode_library_upper_bound,566.8422052631579,0.0,5,0,True,636.0144263559062,0.014375124999787658,battery_action_and_mode_correction,0.0
F1,v2e2_ff7d4d179a2e6d483137,qwen37f1_fcd31e299a3d8c530bc7,qwen37_plus_direct,S2,expanded_system,feasible_mode_library_upper_bound,566.8422052631579,0.0,5,0,True,636.0144263559062,0.01500987500185147,battery_action_and_mode_correction,0.0
